ISO-10303-21;
HEADER;
/* Generated by software containing ST-Developer
 * from STEP Tools, Inc. (www.steptools.com) 
 */

FILE_DESCRIPTION(
/* description */ (''),
/* implementation_level */ '2;1');

FILE_NAME(
/* name */ 'cone.step',
/* time_stamp */ '2026-01-22T12:02:54+08:00',
/* author */ (''),
/* organization */ (''),
/* preprocessor_version */ 'ST-DEVELOPER v20.1',
/* originating_system */ 'Autodesk Translation Framework v14.21.0.0',
/* authorisation */ '');

FILE_SCHEMA (('AUTOMOTIVE_DESIGN { 1 0 10303 214 3 1 1 }'));
ENDSEC;

DATA;
#10=MECHANICAL_DESIGN_GEOMETRIC_PRESENTATION_REPRESENTATION('',(#13),#3794);
#11=SHAPE_REPRESENTATION_RELATIONSHIP('SRR','None',#3801,#12);
#12=ADVANCED_BREP_SHAPE_REPRESENTATION('',(#14),#3793);
#13=STYLED_ITEM('',(#3810),#14);
#14=MANIFOLD_SOLID_BREP('MeshBody1',#571);
#15=FACE_BOUND('',#139,.T.);
#16=FACE_BOUND('',#140,.T.);
#17=FACE_BOUND('',#141,.T.);
#18=FACE_BOUND('',#142,.T.);
#19=B_SPLINE_SURFACE_WITH_KNOTS('',3,3,((#1167,#1168,#1169,#1170,#1171,
#1172,#1173,#1174,#1175,#1176,#1177,#1178,#1179,#1180,#1181,#1182,#1183,
#1184,#1185,#1186,#1187,#1188,#1189,#1190,#1191,#1192,#1193,#1194,#1195,
#1196,#1197,#1198,#1199,#1200,#1201,#1202,#1203,#1204,#1205,#1206,#1207,
#1208,#1209,#1210,#1211,#1212,#1213,#1214,#1215,#1216,#1217,#1218,#1219,
#1220,#1221,#1222,#1223,#1224,#1225,#1226,#1227,#1228,#1229,#1230,#1231,
#1232,#1233,#1234,#1235,#1236,#1237,#1238,#1239,#1240,#1241,#1242,#1243,
#1244,#1245,#1246,#1247,#1248,#1249,#1250,#1251,#1252,#1253,#1254,#1255,
#1256,#1257,#1258,#1259,#1260,#1261,#1262,#1263,#1264,#1265,#1266,#1267,
#1268,#1269,#1270,#1271,#1272,#1273,#1274,#1275,#1276,#1277,#1278,#1279,
#1280,#1281,#1282,#1283,#1284,#1285,#1286,#1287,#1288,#1289,#1290,#1291,
#1292,#1293,#1294,#1295,#1296,#1297,#1298,#1299,#1300,#1301,#1302,#1303,
#1304,#1305,#1306,#1307,#1308,#1309,#1310,#1311,#1312,#1313,#1314,#1315,
#1316,#1317,#1318,#1319,#1320,#1321,#1322,#1323,#1324,#1325,#1326,#1327,
#1328,#1329,#1330,#1331,#1332,#1333,#1334,#1335,#1336,#1337),(#1338,#1339,
#1340,#1341,#1342,#1343,#1344,#1345,#1346,#1347,#1348,#1349,#1350,#1351,
#1352,#1353,#1354,#1355,#1356,#1357,#1358,#1359,#1360,#1361,#1362,#1363,
#1364,#1365,#1366,#1367,#1368,#1369,#1370,#1371,#1372,#1373,#1374,#1375,
#1376,#1377,#1378,#1379,#1380,#1381,#1382,#1383,#1384,#1385,#1386,#1387,
#1388,#1389,#1390,#1391,#1392,#1393,#1394,#1395,#1396,#1397,#1398,#1399,
#1400,#1401,#1402,#1403,#1404,#1405,#1406,#1407,#1408,#1409,#1410,#1411,
#1412,#1413,#1414,#1415,#1416,#1417,#1418,#1419,#1420,#1421,#1422,#1423,
#1424,#1425,#1426,#1427,#1428,#1429,#1430,#1431,#1432,#1433,#1434,#1435,
#1436,#1437,#1438,#1439,#1440,#1441,#1442,#1443,#1444,#1445,#1446,#1447,
#1448,#1449,#1450,#1451,#1452,#1453,#1454,#1455,#1456,#1457,#1458,#1459,
#1460,#1461,#1462,#1463,#1464,#1465,#1466,#1467,#1468,#1469,#1470,#1471,
#1472,#1473,#1474,#1475,#1476,#1477,#1478,#1479,#1480,#1481,#1482,#1483,
#1484,#1485,#1486,#1487,#1488,#1489,#1490,#1491,#1492,#1493,#1494,#1495,
#1496,#1497,#1498,#1499,#1500,#1501,#1502,#1503,#1504,#1505,#1506,#1507,
#1508),(#1509,#1510,#1511,#1512,#1513,#1514,#1515,#1516,#1517,#1518,#1519,
#1520,#1521,#1522,#1523,#1524,#1525,#1526,#1527,#1528,#1529,#1530,#1531,
#1532,#1533,#1534,#1535,#1536,#1537,#1538,#1539,#1540,#1541,#1542,#1543,
#1544,#1545,#1546,#1547,#1548,#1549,#1550,#1551,#1552,#1553,#1554,#1555,
#1556,#1557,#1558,#1559,#1560,#1561,#1562,#1563,#1564,#1565,#1566,#1567,
#1568,#1569,#1570,#1571,#1572,#1573,#1574,#1575,#1576,#1577,#1578,#1579,
#1580,#1581,#1582,#1583,#1584,#1585,#1586,#1587,#1588,#1589,#1590,#1591,
#1592,#1593,#1594,#1595,#1596,#1597,#1598,#1599,#1600,#1601,#1602,#1603,
#1604,#1605,#1606,#1607,#1608,#1609,#1610,#1611,#1612,#1613,#1614,#1615,
#1616,#1617,#1618,#1619,#1620,#1621,#1622,#1623,#1624,#1625,#1626,#1627,
#1628,#1629,#1630,#1631,#1632,#1633,#1634,#1635,#1636,#1637,#1638,#1639,
#1640,#1641,#1642,#1643,#1644,#1645,#1646,#1647,#1648,#1649,#1650,#1651,
#1652,#1653,#1654,#1655,#1656,#1657,#1658,#1659,#1660,#1661,#1662,#1663,
#1664,#1665,#1666,#1667,#1668,#1669,#1670,#1671,#1672,#1673,#1674,#1675,
#1676,#1677,#1678,#1679),(#1680,#1681,#1682,#1683,#1684,#1685,#1686,#1687,
#1688,#1689,#1690,#1691,#1692,#1693,#1694,#1695,#1696,#1697,#1698,#1699,
#1700,#1701,#1702,#1703,#1704,#1705,#1706,#1707,#1708,#1709,#1710,#1711,
#1712,#1713,#1714,#1715,#1716,#1717,#1718,#1719,#1720,#1721,#1722,#1723,
#1724,#1725,#1726,#1727,#1728,#1729,#1730,#1731,#1732,#1733,#1734,#1735,
#1736,#1737,#1738,#1739,#1740,#1741,#1742,#1743,#1744,#1745,#1746,#1747,
#1748,#1749,#1750,#1751,#1752,#1753,#1754,#1755,#1756,#1757,#1758,#1759,
#1760,#1761,#1762,#1763,#1764,#1765,#1766,#1767,#1768,#1769,#1770,#1771,
#1772,#1773,#1774,#1775,#1776,#1777,#1778,#1779,#1780,#1781,#1782,#1783,
#1784,#1785,#1786,#1787,#1788,#1789,#1790,#1791,#1792,#1793,#1794,#1795,
#1796,#1797,#1798,#1799,#1800,#1801,#1802,#1803,#1804,#1805,#1806,#1807,
#1808,#1809,#1810,#1811,#1812,#1813,#1814,#1815,#1816,#1817,#1818,#1819,
#1820,#1821,#1822,#1823,#1824,#1825,#1826,#1827,#1828,#1829,#1830,#1831,
#1832,#1833,#1834,#1835,#1836,#1837,#1838,#1839,#1840,#1841,#1842,#1843,
#1844,#1845,#1846,#1847,#1848,#1849,#1850)),.UNSPECIFIED.,.F.,.T.,.F.,(4,
4),(4,2,2,2,2,2,2,1,2,2,2,2,1,2,2,1,2,2,1,2,2,1,2,2,2,2,1,2,2,2,2,1,1,2,
2,1,2,2,1,2,2,1,2,2,2,2,1,2,2,2,2,1,2,2,2,2,1,2,2,2,2,1,2,2,1,2,2,1,2,2,
1,2,2,2,2,1,2,2,2,2,1,2,2,2,2,1,2,2,1,2,2,2,2,1,2,2,4),(0.,1.),(1.97538668792281,
1.9847184765912,2.0149271021912,2.09262045196566,2.12367840331562,2.20147890288761,
2.21623535315851,2.2988015077384,2.38136766231829,2.38779297237038,2.46612925355152,
2.46922280432248,2.50941903536751,2.54961526641254,2.54988136129114,2.59017156214386,
2.63046176299658,2.6340373139154,2.6734773598081,2.7129174057008,2.71978302855258,
2.80429211308897,2.88880119762535,2.90410099461333,2.97281547354943,3.00405161038724,
3.05234901804397,3.1006464257007,3.13167792776656,3.19995036841805,3.21515601771118,
3.29957406681591,3.34178309136827,3.38399211592063,3.39094276149762,3.4302817391049,
3.46962071671219,3.47307224187923,3.51324353791194,3.55341483394465,3.55370127593596,
3.59375808594389,3.63381489595183,3.63692033162316,3.71487236072552,3.72130780466326,
3.80316836345291,3.88502892224256,3.89996282737329,3.97838720635209,4.00874612149032,
4.04819801705662,4.08764991262293,4.11869733771148,4.19664258596768,4.2115716532741,
4.29431580933625,4.37705996539841,4.38354489986948,4.46179930284004,4.46477348148787,
4.50495225345863,4.54513102542939,4.54533311147348,4.58561857952261,4.62590404757175,
4.62947374654373,4.6690302245423,4.70858670254087,4.71546793802996,4.79981694773323,
4.88416595743649,4.8997697044308,4.96718504521135,4.9983686124107,5.04727390143135,
5.096179190452,5.12750870247005,5.19420412266273,5.20970703202788,5.29391165956732,
5.37811628710676,5.38508141765668,5.46307557594823,5.46666318462011,5.50648237582564,
5.54630156703118,5.54659873592936,5.58641722512574,5.62623571432212,5.62930430865442,
5.70678052039926,5.7131238431105,5.79450808233008,5.87589232154966,5.89076038675316,
5.95975211422687),.UNSPECIFIED.);
#20=B_SPLINE_SURFACE_WITH_KNOTS('',3,1,((#2201,#2202),(#2203,#2204),(#2205,
#2206),(#2207,#2208),(#2209,#2210),(#2211,#2212),(#2213,#2214),(#2215,#2216),
(#2217,#2218),(#2219,#2220),(#2221,#2222),(#2223,#2224),(#2225,#2226),(#2227,
#2228),(#2229,#2230),(#2231,#2232),(#2233,#2234),(#2235,#2236),(#2237,#2238),
(#2239,#2240),(#2241,#2242),(#2243,#2244),(#2245,#2246),(#2247,#2248),(#2249,
#2250),(#2251,#2252),(#2253,#2254),(#2255,#2256),(#2257,#2258),(#2259,#2260),
(#2261,#2262),(#2263,#2264),(#2265,#2266),(#2267,#2268),(#2269,#2270),(#2271,
#2272),(#2273,#2274),(#2275,#2276),(#2277,#2278),(#2279,#2280),(#2281,#2282),
(#2283,#2284),(#2285,#2286),(#2287,#2288),(#2289,#2290),(#2291,#2292),(#2293,
#2294),(#2295,#2296),(#2297,#2298),(#2299,#2300),(#2301,#2302),(#2303,#2304),
(#2305,#2306),(#2307,#2308),(#2309,#2310),(#2311,#2312),(#2313,#2314),(#2315,
#2316),(#2317,#2318),(#2319,#2320),(#2321,#2322),(#2323,#2324),(#2325,#2326),
(#2327,#2328),(#2329,#2330),(#2331,#2332),(#2333,#2334),(#2335,#2336),(#2337,
#2338),(#2339,#2340),(#2341,#2342),(#2343,#2344),(#2345,#2346),(#2347,#2348),
(#2349,#2350),(#2351,#2352),(#2353,#2354),(#2355,#2356),(#2357,#2358),(#2359,
#2360),(#2361,#2362),(#2363,#2364),(#2365,#2366),(#2367,#2368),(#2369,#2370),
(#2371,#2372),(#2373,#2374),(#2375,#2376),(#2377,#2378),(#2379,#2380),(#2381,
#2382),(#2383,#2384),(#2385,#2386),(#2387,#2388),(#2389,#2390),(#2391,#2392),
(#2393,#2394),(#2395,#2396),(#2397,#2398),(#2399,#2400),(#2401,#2402),(#2403,
#2404),(#2405,#2406),(#2407,#2408),(#2409,#2410),(#2411,#2412),(#2413,#2414),
(#2415,#2416),(#2417,#2418),(#2419,#2420),(#2421,#2422),(#2423,#2424),(#2425,
#2426),(#2427,#2428),(#2429,#2430),(#2431,#2432),(#2433,#2434),(#2435,#2436),
(#2437,#2438),(#2439,#2440),(#2441,#2442),(#2443,#2444),(#2445,#2446),(#2447,
#2448),(#2449,#2450),(#2451,#2452),(#2453,#2454),(#2455,#2456),(#2457,#2458),
(#2459,#2460),(#2461,#2462),(#2463,#2464),(#2465,#2466),(#2467,#2468),(#2469,
#2470),(#2471,#2472),(#2473,#2474),(#2475,#2476),(#2477,#2478),(#2479,#2480),
(#2481,#2482),(#2483,#2484),(#2485,#2486),(#2487,#2488),(#2489,#2490),(#2491,
#2492),(#2493,#2494),(#2495,#2496),(#2497,#2498),(#2499,#2500),(#2501,#2502),
(#2503,#2504),(#2505,#2506),(#2507,#2508),(#2509,#2510),(#2511,#2512),(#2513,
#2514),(#2515,#2516),(#2517,#2518),(#2519,#2520),(#2521,#2522),(#2523,#2524),
(#2525,#2526),(#2527,#2528),(#2529,#2530),(#2531,#2532)),.UNSPECIFIED.,
 .T.,.F.,.F.,(4,3,3,3,3,3,3,3,3,3,3,3,3,3,3,3,3,3,3,3,3,3,3,3,3,3,3,3,3,
3,3,3,3,3,3,3,3,3,3,3,3,3,3,3,3,3,3,3,3,3,3,3,3,3,3,4),(2,2),(-5.95975211422687,
-5.87849302734026,-5.85635761845272,-5.81106403712803,-5.72999631950241,
-5.64416824802069,-5.5987461413334,-5.53757454643494,-5.42798212972937,
-5.32699330634936,-5.25227489871695,-5.14093298128917,-5.04145990627411,
-4.96531732409103,-4.88844852101916,-4.86739895696328,-4.82819209088871,
-4.77952146352309,-4.71646854267658,-4.68330699005214,-4.63499525017159,
-4.54154485162653,-4.4457483154867,-4.34085560838983,-4.23213018672538,
-4.03947549789593,-3.98436542630406,-3.89004833627164,-3.66295814340801,
-3.58430807750444,-3.49686833169873,-3.38378889198774,-3.27975373898581,
-3.18766552194241,-3.10403294054356,-3.02613034031966,-3.00906569428352,
-2.9590852105307,-2.88565207029424,-2.81852892845651,-2.76977200778187,
-2.71381825521419,-2.69839173377671,-2.66686708939545,-2.63011653983606,
-2.5822090719906,-2.56547622185089,-2.52375487533109,-2.45829574546473,
-2.39105290912645,-2.31909608080235,-2.24359839832011,-2.11382350881897,
-2.07563650873488,-2.0187205280163,-1.97538668792281),(0.,0.300000000000001),
 .UNSPECIFIED.);
#21=B_SPLINE_SURFACE_WITH_KNOTS('',5,5,((#2701,#2702,#2703,#2704,#2705,
#2706,#2707,#2708,#2709,#2710,#2711,#2712,#2713,#2714,#2715,#2716,#2717,
#2718,#2719,#2720,#2721,#2722,#2723,#2724,#2725,#2726,#2727,#2728,#2729,
#2730,#2731,#2732,#2733),(#2734,#2735,#2736,#2737,#2738,#2739,#2740,#2741,
#2742,#2743,#2744,#2745,#2746,#2747,#2748,#2749,#2750,#2751,#2752,#2753,
#2754,#2755,#2756,#2757,#2758,#2759,#2760,#2761,#2762,#2763,#2764,#2765,
#2766),(#2767,#2768,#2769,#2770,#2771,#2772,#2773,#2774,#2775,#2776,#2777,
#2778,#2779,#2780,#2781,#2782,#2783,#2784,#2785,#2786,#2787,#2788,#2789,
#2790,#2791,#2792,#2793,#2794,#2795,#2796,#2797,#2798,#2799),(#2800,#2801,
#2802,#2803,#2804,#2805,#2806,#2807,#2808,#2809,#2810,#2811,#2812,#2813,
#2814,#2815,#2816,#2817,#2818,#2819,#2820,#2821,#2822,#2823,#2824,#2825,
#2826,#2827,#2828,#2829,#2830,#2831,#2832),(#2833,#2834,#2835,#2836,#2837,
#2838,#2839,#2840,#2841,#2842,#2843,#2844,#2845,#2846,#2847,#2848,#2849,
#2850,#2851,#2852,#2853,#2854,#2855,#2856,#2857,#2858,#2859,#2860,#2861,
#2862,#2863,#2864,#2865),(#2866,#2867,#2868,#2869,#2870,#2871,#2872,#2873,
#2874,#2875,#2876,#2877,#2878,#2879,#2880,#2881,#2882,#2883,#2884,#2885,
#2886,#2887,#2888,#2889,#2890,#2891,#2892,#2893,#2894,#2895,#2896,#2897,
#2898),(#2899,#2900,#2901,#2902,#2903,#2904,#2905,#2906,#2907,#2908,#2909,
#2910,#2911,#2912,#2913,#2914,#2915,#2916,#2917,#2918,#2919,#2920,#2921,
#2922,#2923,#2924,#2925,#2926,#2927,#2928,#2929,#2930,#2931),(#2932,#2933,
#2934,#2935,#2936,#2937,#2938,#2939,#2940,#2941,#2942,#2943,#2944,#2945,
#2946,#2947,#2948,#2949,#2950,#2951,#2952,#2953,#2954,#2955,#2956,#2957,
#2958,#2959,#2960,#2961,#2962,#2963,#2964),(#2965,#2966,#2967,#2968,#2969,
#2970,#2971,#2972,#2973,#2974,#2975,#2976,#2977,#2978,#2979,#2980,#2981,
#2982,#2983,#2984,#2985,#2986,#2987,#2988,#2989,#2990,#2991,#2992,#2993,
#2994,#2995,#2996,#2997),(#2998,#2999,#3000,#3001,#3002,#3003,#3004,#3005,
#3006,#3007,#3008,#3009,#3010,#3011,#3012,#3013,#3014,#3015,#3016,#3017,
#3018,#3019,#3020,#3021,#3022,#3023,#3024,#3025,#3026,#3027,#3028,#3029,
#3030),(#3031,#3032,#3033,#3034,#3035,#3036,#3037,#3038,#3039,#3040,#3041,
#3042,#3043,#3044,#3045,#3046,#3047,#3048,#3049,#3050,#3051,#3052,#3053,
#3054,#3055,#3056,#3057,#3058,#3059,#3060,#3061,#3062,#3063),(#3064,#3065,
#3066,#3067,#3068,#3069,#3070,#3071,#3072,#3073,#3074,#3075,#3076,#3077,
#3078,#3079,#3080,#3081,#3082,#3083,#3084,#3085,#3086,#3087,#3088,#3089,
#3090,#3091,#3092,#3093,#3094,#3095,#3096),(#3097,#3098,#3099,#3100,#3101,
#3102,#3103,#3104,#3105,#3106,#3107,#3108,#3109,#3110,#3111,#3112,#3113,
#3114,#3115,#3116,#3117,#3118,#3119,#3120,#3121,#3122,#3123,#3124,#3125,
#3126,#3127,#3128,#3129),(#3130,#3131,#3132,#3133,#3134,#3135,#3136,#3137,
#3138,#3139,#3140,#3141,#3142,#3143,#3144,#3145,#3146,#3147,#3148,#3149,
#3150,#3151,#3152,#3153,#3154,#3155,#3156,#3157,#3158,#3159,#3160,#3161,
#3162),(#3163,#3164,#3165,#3166,#3167,#3168,#3169,#3170,#3171,#3172,#3173,
#3174,#3175,#3176,#3177,#3178,#3179,#3180,#3181,#3182,#3183,#3184,#3185,
#3186,#3187,#3188,#3189,#3190,#3191,#3192,#3193,#3194,#3195),(#3196,#3197,
#3198,#3199,#3200,#3201,#3202,#3203,#3204,#3205,#3206,#3207,#3208,#3209,
#3210,#3211,#3212,#3213,#3214,#3215,#3216,#3217,#3218,#3219,#3220,#3221,
#3222,#3223,#3224,#3225,#3226,#3227,#3228),(#3229,#3230,#3231,#3232,#3233,
#3234,#3235,#3236,#3237,#3238,#3239,#3240,#3241,#3242,#3243,#3244,#3245,
#3246,#3247,#3248,#3249,#3250,#3251,#3252,#3253,#3254,#3255,#3256,#3257,
#3258,#3259,#3260,#3261),(#3262,#3263,#3264,#3265,#3266,#3267,#3268,#3269,
#3270,#3271,#3272,#3273,#3274,#3275,#3276,#3277,#3278,#3279,#3280,#3281,
#3282,#3283,#3284,#3285,#3286,#3287,#3288,#3289,#3290,#3291,#3292,#3293,
#3294),(#3295,#3296,#3297,#3298,#3299,#3300,#3301,#3302,#3303,#3304,#3305,
#3306,#3307,#3308,#3309,#3310,#3311,#3312,#3313,#3314,#3315,#3316,#3317,
#3318,#3319,#3320,#3321,#3322,#3323,#3324,#3325,#3326,#3327),(#3328,#3329,
#3330,#3331,#3332,#3333,#3334,#3335,#3336,#3337,#3338,#3339,#3340,#3341,
#3342,#3343,#3344,#3345,#3346,#3347,#3348,#3349,#3350,#3351,#3352,#3353,
#3354,#3355,#3356,#3357,#3358,#3359,#3360),(#3361,#3362,#3363,#3364,#3365,
#3366,#3367,#3368,#3369,#3370,#3371,#3372,#3373,#3374,#3375,#3376,#3377,
#3378,#3379,#3380,#3381,#3382,#3383,#3384,#3385,#3386,#3387,#3388,#3389,
#3390,#3391,#3392,#3393),(#3394,#3395,#3396,#3397,#3398,#3399,#3400,#3401,
#3402,#3403,#3404,#3405,#3406,#3407,#3408,#3409,#3410,#3411,#3412,#3413,
#3414,#3415,#3416,#3417,#3418,#3419,#3420,#3421,#3422,#3423,#3424,#3425,
#3426),(#3427,#3428,#3429,#3430,#3431,#3432,#3433,#3434,#3435,#3436,#3437,
#3438,#3439,#3440,#3441,#3442,#3443,#3444,#3445,#3446,#3447,#3448,#3449,
#3450,#3451,#3452,#3453,#3454,#3455,#3456,#3457,#3458,#3459),(#3460,#3461,
#3462,#3463,#3464,#3465,#3466,#3467,#3468,#3469,#3470,#3471,#3472,#3473,
#3474,#3475,#3476,#3477,#3478,#3479,#3480,#3481,#3482,#3483,#3484,#3485,
#3486,#3487,#3488,#3489,#3490,#3491,#3492),(#3493,#3494,#3495,#3496,#3497,
#3498,#3499,#3500,#3501,#3502,#3503,#3504,#3505,#3506,#3507,#3508,#3509,
#3510,#3511,#3512,#3513,#3514,#3515,#3516,#3517,#3518,#3519,#3520,#3521,
#3522,#3523,#3524,#3525),(#3526,#3527,#3528,#3529,#3530,#3531,#3532,#3533,
#3534,#3535,#3536,#3537,#3538,#3539,#3540,#3541,#3542,#3543,#3544,#3545,
#3546,#3547,#3548,#3549,#3550,#3551,#3552,#3553,#3554,#3555,#3556,#3557,
#3558),(#3559,#3560,#3561,#3562,#3563,#3564,#3565,#3566,#3567,#3568,#3569,
#3570,#3571,#3572,#3573,#3574,#3575,#3576,#3577,#3578,#3579,#3580,#3581,
#3582,#3583,#3584,#3585,#3586,#3587,#3588,#3589,#3590,#3591),(#3592,#3593,
#3594,#3595,#3596,#3597,#3598,#3599,#3600,#3601,#3602,#3603,#3604,#3605,
#3606,#3607,#3608,#3609,#3610,#3611,#3612,#3613,#3614,#3615,#3616,#3617,
#3618,#3619,#3620,#3621,#3622,#3623,#3624),(#3625,#3626,#3627,#3628,#3629,
#3630,#3631,#3632,#3633,#3634,#3635,#3636,#3637,#3638,#3639,#3640,#3641,
#3642,#3643,#3644,#3645,#3646,#3647,#3648,#3649,#3650,#3651,#3652,#3653,
#3654,#3655,#3656,#3657),(#3658,#3659,#3660,#3661,#3662,#3663,#3664,#3665,
#3666,#3667,#3668,#3669,#3670,#3671,#3672,#3673,#3674,#3675,#3676,#3677,
#3678,#3679,#3680,#3681,#3682,#3683,#3684,#3685,#3686,#3687,#3688,#3689,
#3690),(#3691,#3692,#3693,#3694,#3695,#3696,#3697,#3698,#3699,#3700,#3701,
#3702,#3703,#3704,#3705,#3706,#3707,#3708,#3709,#3710,#3711,#3712,#3713,
#3714,#3715,#3716,#3717,#3718,#3719,#3720,#3721,#3722,#3723),(#3724,#3725,
#3726,#3727,#3728,#3729,#3730,#3731,#3732,#3733,#3734,#3735,#3736,#3737,
#3738,#3739,#3740,#3741,#3742,#3743,#3744,#3745,#3746,#3747,#3748,#3749,
#3750,#3751,#3752,#3753,#3754,#3755,#3756),(#3757,#3758,#3759,#3760,#3761,
#3762,#3763,#3764,#3765,#3766,#3767,#3768,#3769,#3770,#3771,#3772,#3773,
#3774,#3775,#3776,#3777,#3778,#3779,#3780,#3781,#3782,#3783,#3784,#3785,
#3786,#3787,#3788,#3789)),.UNSPECIFIED.,.F.,.F.,.F.,(6,3,3,3,3,3,3,3,3,
3,6),(6,3,3,3,3,3,3,3,3,3,6),(-0.114665281961299,0.0103937183468639,0.135452718655027,
0.26051171896319,0.323041219117272,0.385570719271353,0.448100219425435,
0.510629719579516,0.635688719887679,0.760747720195842,0.885806720504006),
(-0.180705610988696,-0.0558885108352672,0.0689285893181618,0.193745689471591,
0.256154239548305,0.31856278962502,0.380971339701734,0.443379889778449,
0.568196989931878,0.693014090085307,0.817831190238736),.UNSPECIFIED.);
#22=PLANE('',#599);
#23=PLANE('',#602);
#24=PLANE('',#610);
#25=PLANE('',#630);
#26=PLANE('',#633);
#27=PLANE('',#634);
#28=PLANE('',#638);
#29=(
BOUNDED_SURFACE()
B_SPLINE_SURFACE(2,2,((#812,#813,#814,#815,#816,#817,#818,#819,#820,#821,
#822),(#823,#824,#825,#826,#827,#828,#829,#830,#831,#832,#833),(#834,#835,
#836,#837,#838,#839,#840,#841,#842,#843,#844)),.UNSPECIFIED.,.F.,.T.,.F.)
B_SPLINE_SURFACE_WITH_KNOTS((3,3),(3,2,2,2,2,3),(0.,1.16619037896906),(4.89398764261361,
6.28318530717959,7.85398163397448,9.42477796076938,10.9955742875643,11.1771729497932),
 .UNSPECIFIED.)
GEOMETRIC_REPRESENTATION_ITEM()
RATIONAL_B_SPLINE_SURFACE(((0.94010697507646,0.740967960898481,1.,0.707106781186548,
1.,0.707106781186548,1.,0.707106781186548,1.,0.966138820288067,0.94010697507646),
(1.88021395015292,1.48193592179696,2.,1.4142135623731,2.,1.4142135623731,
2.,1.4142135623731,2.,1.93227764057613,1.88021395015292),(1.88021395015292,
1.48193592179696,2.,1.4142135623731,2.,1.4142135623731,2.,1.4142135623731,
2.,1.93227764057613,1.88021395015292)))
REPRESENTATION_ITEM('')
SURFACE()
);
#30=(
BOUNDED_SURFACE()
B_SPLINE_SURFACE(2,2,((#919,#920,#921,#922,#923,#924,#925,#926,#927),(#928,
#929,#930,#931,#932,#933,#934,#935,#936),(#937,#938,#939,#940,#941,#942,
#943,#944,#945)),.UNSPECIFIED.,.F.,.T.,.F.)
B_SPLINE_SURFACE_WITH_KNOTS((3,3),(3,2,2,2,3),(0.,1.16619037896906),(0.,
1.5707963267949,3.14159265358979,4.71238898038469,6.28318530717959),
 .UNSPECIFIED.)
GEOMETRIC_REPRESENTATION_ITEM()
RATIONAL_B_SPLINE_SURFACE(((1.,0.707106781186548,1.,0.707106781186548,1.,
0.707106781186548,1.,0.707106781186548,1.),(2.,1.4142135623731,2.,1.4142135623731,
2.,1.4142135623731,2.,1.4142135623731,2.),(2.,1.4142135623731,2.,1.4142135623731,
2.,1.4142135623731,2.,1.4142135623731,2.)))
REPRESENTATION_ITEM('')
SURFACE()
);
#31=(
BOUNDED_SURFACE()
B_SPLINE_SURFACE(2,2,((#1102,#1103,#1104,#1105,#1106,#1107,#1108,#1109,
#1110),(#1111,#1112,#1113,#1114,#1115,#1116,#1117,#1118,#1119),(#1120,#1121,
#1122,#1123,#1124,#1125,#1126,#1127,#1128)),.UNSPECIFIED.,.F.,.T.,.F.)
B_SPLINE_SURFACE_WITH_KNOTS((3,3),(3,2,2,2,3),(0.,1.16619037896906),(0.,
1.5707963267949,3.14159265358979,4.71238898038469,6.28318530717959),
 .UNSPECIFIED.)
GEOMETRIC_REPRESENTATION_ITEM()
RATIONAL_B_SPLINE_SURFACE(((1.,0.707106781186548,1.,0.707106781186548,1.,
0.707106781186548,1.,0.707106781186548,1.),(2.,1.4142135623731,2.,1.4142135623731,
2.,1.4142135623731,2.,1.4142135623731,2.),(2.,1.4142135623731,2.,1.4142135623731,
2.,1.4142135623731,2.,1.4142135623731,2.)))
REPRESENTATION_ITEM('')
SURFACE()
);
#32=B_SPLINE_CURVE_WITH_KNOTS('',3,(#795,#796,#797,#798,#799,#800,#801,
#802,#803,#804,#805,#806),.UNSPECIFIED.,.F.,.F.,(4,2,2,2,2,4),(-0.215876437010736,
-0.15700388039094,-0.106906260993988,-0.0663018340469591,-0.0320089159210462,
0.),.UNSPECIFIED.);
#33=B_SPLINE_CURVE_WITH_KNOTS('',3,(#848,#849,#850,#851,#852,#853,#854,
#855,#856,#857,#858,#859),.UNSPECIFIED.,.F.,.F.,(4,2,2,2,2,4),(0.,0.0286442040820303,
0.0653211523428459,0.111273632928267,0.168634828058201,0.210337457593786),
 .UNSPECIFIED.);
#34=B_SPLINE_CURVE_WITH_KNOTS('',3,(#861,#862,#863,#864,#865,#866),
 .UNSPECIFIED.,.F.,.F.,(4,2,4),(-0.587680300218649,-0.269163642585476,-0.107719695527256),
 .UNSPECIFIED.);
#35=B_SPLINE_CURVE_WITH_KNOTS('',3,(#868,#869,#870,#871,#872,#873,#874,
#875,#876,#877),.UNSPECIFIED.,.F.,.F.,(4,2,2,2,4),(-0.0944802736857735,
-0.0856900680613404,-0.0469388118750793,-0.0210790071075692,0.),
 .UNSPECIFIED.);
#36=B_SPLINE_CURVE_WITH_KNOTS('',3,(#881,#882,#883,#884,#885,#886,#887,
#888,#889,#890),.UNSPECIFIED.,.F.,.F.,(4,2,2,2,4),(0.,0.0189554170138105,
0.0440987478406262,0.0796298882915583,0.0944882155766511),.UNSPECIFIED.);
#37=B_SPLINE_CURVE_WITH_KNOTS('',3,(#891,#892,#893,#894),.UNSPECIFIED.,
 .F.,.F.,(4,4),(-1.22031059727596,-0.166149809086392),.UNSPECIFIED.);
#38=B_SPLINE_CURVE_WITH_KNOTS('',3,(#902,#903,#904,#905,#906,#907,#908,
#909,#910,#911,#912,#913),.UNSPECIFIED.,.F.,.F.,(4,2,2,2,2,4),(0.,0.0286442040820629,
0.065321152342949,0.111273632928334,0.168634828058261,0.210337457593818),
 .UNSPECIFIED.);
#39=B_SPLINE_CURVE_WITH_KNOTS('',3,(#947,#948,#949,#950,#951,#952),
 .UNSPECIFIED.,.F.,.F.,(4,2,4),(-0.587688858043623,-0.269200221128422,-0.107711048709386),
 .UNSPECIFIED.);
#40=B_SPLINE_CURVE_WITH_KNOTS('',3,(#954,#955,#956,#957,#958,#959,#960,
#961,#962,#963),.UNSPECIFIED.,.F.,.F.,(4,2,2,2,4),(-0.0944802736854506,
-0.0856900680610418,-0.0469388118749514,-0.0210790071075455,0.),
 .UNSPECIFIED.);
#41=B_SPLINE_CURVE_WITH_KNOTS('',3,(#967,#968,#969,#970,#971,#972,#973,
#974,#975,#976),.UNSPECIFIED.,.F.,.F.,(4,2,2,2,4),(0.,0.018955417013812,
0.0440987478406293,0.0796298882915598,0.0944882155766519),.UNSPECIFIED.);
#42=B_SPLINE_CURVE_WITH_KNOTS('',3,(#978,#979,#980,#981),.UNSPECIFIED.,
 .F.,.F.,(4,4),(-1.22030761367585,-0.166149764668718),.UNSPECIFIED.);
#43=B_SPLINE_CURVE_WITH_KNOTS('',3,(#983,#984,#985,#986,#987,#988,#989,
#990,#991,#992,#993,#994),.UNSPECIFIED.,.F.,.F.,(4,2,2,2,2,4),(-0.215876437010778,
-0.157003880390991,-0.106906260994054,-0.0663018340470177,-0.0320089159210629,
0.),.UNSPECIFIED.);
#44=B_SPLINE_CURVE_WITH_KNOTS('',3,(#1013,#1014,#1015,#1016,#1017,#1018,
#1019,#1020,#1021,#1022,#1023,#1024),.UNSPECIFIED.,.F.,.F.,(4,2,2,2,2,4),
(0.,0.0286442040820641,0.0653211523429927,0.111273632928513,0.168634828058607,
0.210337457594332),.UNSPECIFIED.);
#45=B_SPLINE_CURVE_WITH_KNOTS('',3,(#1038,#1039,#1040,#1041,#1042,#1043,
#1044,#1045,#1046,#1047,#1048,#1049),.UNSPECIFIED.,.F.,.F.,(4,2,2,2,2,4),
(-0.215876437010083,-0.157003880390593,-0.106906260993859,-0.0663018340469415,
-0.0320089159210452,0.),.UNSPECIFIED.);
#46=B_SPLINE_CURVE_WITH_KNOTS('',3,(#1055,#1056,#1057,#1058),
 .UNSPECIFIED.,.F.,.F.,(4,4),(-1.22030761367567,-0.166149764668722),
 .UNSPECIFIED.);
#47=B_SPLINE_CURVE_WITH_KNOTS('',3,(#1087,#1088,#1089,#1090,#1091,#1092,
#1093,#1094,#1095,#1096),.UNSPECIFIED.,.F.,.F.,(4,2,2,2,4),(-0.0944802736855656,
-0.0856900680611449,-0.0469388118749772,-0.0210790071075472,0.),
 .UNSPECIFIED.);
#48=B_SPLINE_CURVE_WITH_KNOTS('',3,(#1129,#1130,#1131,#1132,#1133,#1134),
 .UNSPECIFIED.,.F.,.F.,(4,2,4),(-0.587680300218863,-0.26916364258555,-0.107719695527245),
 .UNSPECIFIED.);
#49=B_SPLINE_CURVE_WITH_KNOTS('',3,(#1137,#1138,#1139,#1140,#1141,#1142,
#1143,#1144,#1145,#1146),.UNSPECIFIED.,.F.,.F.,(4,2,2,2,4),(0.,0.0189554170137857,
0.0440987478405156,0.079629888291374,0.0944882155764369),.UNSPECIFIED.);
#50=B_SPLINE_CURVE_WITH_KNOTS('',3,(#1855,#1856,#1857,#1858),
 .UNSPECIFIED.,.F.,.F.,(4,4),(1.97538668792281,1.97539165322483),
 .UNSPECIFIED.);
#51=B_SPLINE_CURVE_WITH_KNOTS('',3,(#1859,#1860,#1861,#1862,#1863,#1864,
#1865,#1866,#1867,#1868,#1869,#1870,#1871,#1872,#1873,#1874,#1875,#1876,
#1877,#1878,#1879,#1880,#1881,#1882,#1883,#1884,#1885,#1886,#1887,#1888,
#1889,#1890,#1891,#1892,#1893,#1894,#1895,#1896,#1897,#1898,#1899,#1900,
#1901,#1902,#1903,#1904,#1905,#1906,#1907,#1908,#1909,#1910,#1911,#1912,
#1913,#1914,#1915,#1916,#1917,#1918,#1919,#1920,#1921,#1922,#1923,#1924,
#1925,#1926,#1927,#1928,#1929,#1930,#1931,#1932,#1933,#1934,#1935,#1936,
#1937,#1938,#1939,#1940,#1941,#1942,#1943,#1944,#1945,#1946,#1947,#1948,
#1949,#1950,#1951,#1952,#1953,#1954,#1955,#1956,#1957,#1958,#1959,#1960,
#1961,#1962,#1963,#1964,#1965,#1966,#1967,#1968,#1969,#1970,#1971,#1972,
#1973,#1974,#1975,#1976,#1977,#1978,#1979,#1980,#1981,#1982,#1983,#1984,
#1985,#1986,#1987,#1988,#1989,#1990,#1991,#1992,#1993,#1994,#1995,#1996,
#1997,#1998,#1999,#2000,#2001,#2002,#2003,#2004,#2005,#2006,#2007,#2008,
#2009,#2010,#2011,#2012,#2013,#2014,#2015,#2016,#2017,#2018,#2019,#2020,
#2021,#2022,#2023,#2024,#2025,#2026,#2027,#2028,#2029),.UNSPECIFIED.,.F.,
 .F.,(4,2,2,2,2,2,2,1,2,2,2,2,1,2,2,1,2,2,1,2,2,1,2,2,2,2,1,2,2,2,2,1,1,
2,2,1,2,2,1,2,2,1,2,2,2,2,1,2,2,2,2,1,2,2,2,2,1,2,2,2,2,1,2,2,1,2,2,1,2,
2,1,2,2,2,2,1,2,2,2,2,1,2,2,2,2,1,2,2,1,2,2,2,2,1,2,2,4),(1.97539165322483,
1.9847184765912,2.0149271021912,2.09262045196566,2.12367840331562,2.20147890288761,
2.21623535315851,2.2988015077384,2.38136766231829,2.38779297237038,2.46612925355152,
2.46922280432248,2.50941903536751,2.54961526641254,2.54988136129114,2.59017156214386,
2.63046176299658,2.6340373139154,2.6734773598081,2.7129174057008,2.71978302855258,
2.80429211308897,2.88880119762535,2.90410099461333,2.97281547354943,3.00405161038724,
3.05234901804397,3.1006464257007,3.13167792776656,3.19995036841805,3.21515601771118,
3.29957406681591,3.34178309136827,3.38399211592063,3.39094276149762,3.4302817391049,
3.46962071671219,3.47307224187923,3.51324353791194,3.55341483394465,3.55370127593596,
3.59375808594389,3.63381489595183,3.63692033162316,3.71487236072552,3.72130780466326,
3.80316836345291,3.88502892224256,3.89996282737329,3.97838720635209,4.00874612149032,
4.04819801705662,4.08764991262293,4.11869733771148,4.19664258596768,4.2115716532741,
4.29431580933625,4.37705996539841,4.38354489986948,4.46179930284004,4.46477348148787,
4.50495225345863,4.54513102542939,4.54533311147348,4.58561857952261,4.62590404757175,
4.62947374654373,4.6690302245423,4.70858670254087,4.71546793802996,4.79981694773323,
4.88416595743649,4.8997697044308,4.96718504521135,4.9983686124107,5.04727390143135,
5.096179190452,5.12750870247005,5.19420412266273,5.20970703202788,5.29391165956732,
5.37811628710676,5.38508141765668,5.46307557594823,5.46666318462011,5.50648237582564,
5.54630156703118,5.54659873592936,5.58641722512574,5.62623571432212,5.62930430865442,
5.70678052039926,5.7131238431105,5.79450808233008,5.87589232154966,5.89076038675316,
5.95975211422687),.UNSPECIFIED.);
#52=B_SPLINE_CURVE_WITH_KNOTS('',3,(#2030,#2031,#2032,#2033,#2034,#2035,
#2036,#2037,#2038,#2039,#2040,#2041,#2042,#2043,#2044,#2045,#2046,#2047,
#2048,#2049,#2050,#2051,#2052,#2053,#2054,#2055,#2056,#2057,#2058,#2059,
#2060,#2061,#2062,#2063,#2064,#2065,#2066,#2067,#2068,#2069,#2070,#2071,
#2072,#2073,#2074,#2075,#2076,#2077,#2078,#2079,#2080,#2081,#2082,#2083,
#2084,#2085,#2086,#2087,#2088,#2089,#2090,#2091,#2092,#2093,#2094,#2095,
#2096,#2097,#2098,#2099,#2100,#2101,#2102,#2103,#2104,#2105,#2106,#2107,
#2108,#2109,#2110,#2111,#2112,#2113,#2114,#2115,#2116,#2117,#2118,#2119,
#2120,#2121,#2122,#2123,#2124,#2125,#2126,#2127,#2128,#2129,#2130,#2131,
#2132,#2133,#2134,#2135,#2136,#2137,#2138,#2139,#2140,#2141,#2142,#2143,
#2144,#2145,#2146,#2147,#2148,#2149,#2150,#2151,#2152,#2153,#2154,#2155,
#2156,#2157,#2158,#2159,#2160,#2161,#2162,#2163,#2164,#2165,#2166,#2167,
#2168,#2169,#2170,#2171,#2172,#2173,#2174,#2175,#2176,#2177,#2178,#2179,
#2180,#2181,#2182,#2183,#2184,#2185,#2186,#2187,#2188,#2189,#2190,#2191,
#2192,#2193,#2194,#2195,#2196,#2197,#2198,#2199,#2200),.UNSPECIFIED.,.T.,
 .F.,(4,2,2,1,2,2,2,2,1,2,2,1,2,2,2,2,1,2,2,2,2,1,2,2,2,2,1,2,2,1,2,2,1,
2,2,1,2,2,2,2,1,2,2,2,2,1,2,2,2,2,1,2,2,2,2,1,2,2,1,2,2,1,2,2,1,1,2,2,2,
2,1,2,2,2,2,1,2,2,1,2,2,1,2,2,1,2,2,2,2,1,2,2,2,2,2,2,4),(-5.95975211422687,
-5.89076038675316,-5.87589232154966,-5.79450808233008,-5.7131238431105,
-5.70678052039926,-5.62930430865442,-5.62623571432212,-5.58641722512574,
-5.54659873592936,-5.54630156703118,-5.50648237582564,-5.46666318462011,
-5.46307557594823,-5.38508141765668,-5.37811628710676,-5.29391165956732,
-5.20970703202788,-5.19420412266273,-5.12750870247005,-5.096179190452,-5.04727390143135,
-4.9983686124107,-4.96718504521135,-4.8997697044308,-4.88416595743649,-4.79981694773323,
-4.71546793802996,-4.70858670254087,-4.6690302245423,-4.62947374654373,
-4.62590404757175,-4.58561857952261,-4.54533311147348,-4.54513102542939,
-4.50495225345863,-4.46477348148787,-4.46179930284004,-4.38354489986948,
-4.37705996539841,-4.29431580933625,-4.2115716532741,-4.19664258596768,
-4.11869733771148,-4.08764991262293,-4.04819801705662,-4.00874612149032,
-3.97838720635209,-3.89996282737329,-3.88502892224256,-3.80316836345291,
-3.72130780466326,-3.71487236072552,-3.63692033162316,-3.63381489595183,
-3.59375808594389,-3.55370127593596,-3.55341483394465,-3.51324353791194,
-3.47307224187923,-3.46962071671219,-3.4302817391049,-3.39094276149762,
-3.38399211592063,-3.34178309136827,-3.29957406681591,-3.21515601771118,
-3.19995036841805,-3.13167792776656,-3.1006464257007,-3.05234901804397,
-3.00405161038724,-2.97281547354943,-2.90410099461333,-2.88880119762535,
-2.80429211308897,-2.71978302855258,-2.7129174057008,-2.6734773598081,-2.6340373139154,
-2.63046176299658,-2.59017156214386,-2.54988136129114,-2.54961526641254,
-2.50941903536751,-2.46922280432248,-2.46612925355152,-2.38779297237038,
-2.38136766231829,-2.2988015077384,-2.21623535315851,-2.20147890288761,
-2.12367840331562,-2.09262045196566,-2.0149271021912,-1.9847184765912,-1.97538668792281),
 .UNSPECIFIED.);
#53=B_SPLINE_CURVE_WITH_KNOTS('',3,(#2535,#2536,#2537,#2538,#2539,#2540,
#2541,#2542,#2543,#2544,#2545,#2546,#2547,#2548,#2549,#2550,#2551,#2552,
#2553,#2554,#2555,#2556,#2557,#2558,#2559,#2560,#2561,#2562,#2563,#2564,
#2565,#2566,#2567,#2568,#2569,#2570,#2571,#2572,#2573,#2574,#2575,#2576,
#2577,#2578,#2579,#2580,#2581,#2582,#2583,#2584,#2585,#2586,#2587,#2588,
#2589,#2590,#2591,#2592,#2593,#2594,#2595,#2596,#2597,#2598,#2599,#2600,
#2601,#2602,#2603,#2604,#2605,#2606,#2607,#2608,#2609,#2610,#2611,#2612,
#2613,#2614,#2615,#2616,#2617,#2618,#2619,#2620,#2621,#2622,#2623,#2624,
#2625,#2626,#2627,#2628,#2629,#2630,#2631,#2632,#2633,#2634,#2635,#2636,
#2637,#2638,#2639,#2640,#2641,#2642,#2643,#2644,#2645,#2646,#2647,#2648,
#2649,#2650,#2651,#2652,#2653,#2654,#2655,#2656,#2657,#2658,#2659,#2660,
#2661,#2662,#2663,#2664,#2665,#2666,#2667,#2668,#2669,#2670,#2671,#2672,
#2673,#2674,#2675,#2676,#2677,#2678,#2679,#2680,#2681,#2682,#2683,#2684,
#2685,#2686,#2687,#2688,#2689,#2690,#2691,#2692,#2693,#2694,#2695,#2696,
#2697,#2698,#2699,#2700),.UNSPECIFIED.,.T.,.F.,(4,3,3,3,3,3,3,3,3,3,3,3,
3,3,3,3,3,3,3,3,3,3,3,3,3,3,3,3,3,3,3,3,3,3,3,3,3,3,3,3,3,3,3,3,3,3,3,3,
3,3,3,3,3,3,3,4),(-5.95975211422687,-5.87849302734026,-5.85635761845272,
-5.81106403712803,-5.72999631950241,-5.64416824802069,-5.5987461413334,
-5.53757454643494,-5.42798212972937,-5.32699330634936,-5.25227489871695,
-5.14093298128917,-5.04145990627411,-4.96531732409103,-4.88844852101916,
-4.86739895696328,-4.82819209088871,-4.77952146352309,-4.71646854267658,
-4.68330699005214,-4.63499525017159,-4.54154485162653,-4.4457483154867,
-4.34085560838983,-4.23213018672538,-4.03947549789593,-3.98436542630406,
-3.89004833627165,-3.66295814340801,-3.58430807750444,-3.49686833169873,
-3.38378889198774,-3.27975373898581,-3.18766552194241,-3.10403294054356,
-3.02613034031966,-3.00906569428352,-2.9590852105307,-2.88565207029424,
-2.81852892845651,-2.76977200778187,-2.71381825521419,-2.69839173377671,
-2.66686708939545,-2.63011653983606,-2.5822090719906,-2.56547622185089,
-2.52375487533109,-2.45829574546473,-2.39105290912645,-2.31909608080235,
-2.24359839832011,-2.11382350881897,-2.07563650873488,-2.0187205280163,
-1.97538668792281),.UNSPECIFIED.);
#54=CYLINDRICAL_SURFACE('',#587,1.2645);
#55=CYLINDRICAL_SURFACE('',#589,1.);
#56=CYLINDRICAL_SURFACE('',#593,10.);
#57=CYLINDRICAL_SURFACE('',#595,1.);
#58=CYLINDRICAL_SURFACE('',#600,1.);
#59=CYLINDRICAL_SURFACE('',#603,1.);
#60=CYLINDRICAL_SURFACE('',#605,10.);
#61=CYLINDRICAL_SURFACE('',#608,1.);
#62=CYLINDRICAL_SURFACE('',#611,1.);
#63=CYLINDRICAL_SURFACE('',#613,1.);
#64=CYLINDRICAL_SURFACE('',#615,3.);
#65=CYLINDRICAL_SURFACE('',#617,1.);
#66=CYLINDRICAL_SURFACE('',#619,1.);
#67=CYLINDRICAL_SURFACE('',#621,1.);
#68=CYLINDRICAL_SURFACE('',#624,3.);
#69=CYLINDRICAL_SURFACE('',#626,1.);
#70=CYLINDRICAL_SURFACE('',#628,1.);
#71=CYLINDRICAL_SURFACE('',#631,3.);
#72=CYLINDRICAL_SURFACE('',#635,10.);
#73=FACE_OUTER_BOUND('',#106,.T.);
#74=FACE_OUTER_BOUND('',#107,.T.);
#75=FACE_OUTER_BOUND('',#108,.T.);
#76=FACE_OUTER_BOUND('',#109,.T.);
#77=FACE_OUTER_BOUND('',#110,.T.);
#78=FACE_OUTER_BOUND('',#111,.T.);
#79=FACE_OUTER_BOUND('',#112,.T.);
#80=FACE_OUTER_BOUND('',#113,.T.);
#81=FACE_OUTER_BOUND('',#114,.T.);
#82=FACE_OUTER_BOUND('',#115,.T.);
#83=FACE_OUTER_BOUND('',#116,.T.);
#84=FACE_OUTER_BOUND('',#117,.T.);
#85=FACE_OUTER_BOUND('',#118,.T.);
#86=FACE_OUTER_BOUND('',#119,.T.);
#87=FACE_OUTER_BOUND('',#120,.T.);
#88=FACE_OUTER_BOUND('',#121,.T.);
#89=FACE_OUTER_BOUND('',#122,.T.);
#90=FACE_OUTER_BOUND('',#123,.T.);
#91=FACE_OUTER_BOUND('',#124,.T.);
#92=FACE_OUTER_BOUND('',#125,.T.);
#93=FACE_OUTER_BOUND('',#126,.T.);
#94=FACE_OUTER_BOUND('',#127,.T.);
#95=FACE_OUTER_BOUND('',#128,.T.);
#96=FACE_OUTER_BOUND('',#129,.T.);
#97=FACE_OUTER_BOUND('',#130,.T.);
#98=FACE_OUTER_BOUND('',#131,.T.);
#99=FACE_OUTER_BOUND('',#132,.T.);
#100=FACE_OUTER_BOUND('',#133,.T.);
#101=FACE_OUTER_BOUND('',#134,.T.);
#102=FACE_OUTER_BOUND('',#135,.T.);
#103=FACE_OUTER_BOUND('',#136,.T.);
#104=FACE_OUTER_BOUND('',#137,.T.);
#105=FACE_OUTER_BOUND('',#138,.T.);
#106=EDGE_LOOP('',(#373,#374,#375));
#107=EDGE_LOOP('',(#376,#377,#378,#379));
#108=EDGE_LOOP('',(#380,#381,#382,#383));
#109=EDGE_LOOP('',(#384,#385,#386,#387,#388,#389,#390,#391));
#110=EDGE_LOOP('',(#392,#393,#394,#395));
#111=EDGE_LOOP('',(#396,#397,#398,#399));
#112=EDGE_LOOP('',(#400,#401,#402,#403,#404,#405,#406,#407));
#113=EDGE_LOOP('',(#408,#409,#410,#411));
#114=EDGE_LOOP('',(#412,#413,#414,#415));
#115=EDGE_LOOP('',(#416,#417,#418,#419));
#116=EDGE_LOOP('',(#420,#421,#422,#423));
#117=EDGE_LOOP('',(#424,#425,#426,#427));
#118=EDGE_LOOP('',(#428,#429,#430,#431));
#119=EDGE_LOOP('',(#432,#433,#434,#435));
#120=EDGE_LOOP('',(#436,#437,#438,#439));
#121=EDGE_LOOP('',(#440,#441,#442,#443));
#122=EDGE_LOOP('',(#444,#445,#446,#447));
#123=EDGE_LOOP('',(#448,#449,#450,#451));
#124=EDGE_LOOP('',(#452,#453,#454,#455));
#125=EDGE_LOOP('',(#456,#457,#458,#459));
#126=EDGE_LOOP('',(#460,#461,#462,#463,#464,#465,#466,#467));
#127=EDGE_LOOP('',(#468,#469,#470,#471));
#128=EDGE_LOOP('',(#472,#473,#474,#475));
#129=EDGE_LOOP('',(#476,#477,#478,#479));
#130=EDGE_LOOP('',(#480,#481,#482,#483));
#131=EDGE_LOOP('',(#484,#485,#486,#487));
#132=EDGE_LOOP('',(#488,#489,#490,#491));
#133=EDGE_LOOP('',(#492,#493,#494,#495));
#134=EDGE_LOOP('',(#496,#497,#498,#499));
#135=EDGE_LOOP('',(#500,#501,#502,#503,#504));
#136=EDGE_LOOP('',(#505,#506,#507,#508,#509));
#137=EDGE_LOOP('',(#510));
#138=EDGE_LOOP('',(#511));
#139=EDGE_LOOP('',(#512));
#140=EDGE_LOOP('',(#513,#514,#515,#516,#517,#518,#519,#520));
#141=EDGE_LOOP('',(#521,#522,#523,#524,#525,#526,#527,#528));
#142=EDGE_LOOP('',(#529,#530,#531,#532,#533,#534,#535,#536));
#143=LINE('',#787,#176);
#144=LINE('',#791,#177);
#145=LINE('',#808,#178);
#146=LINE('',#811,#179);
#147=LINE('',#898,#180);
#148=LINE('',#915,#181);
#149=LINE('',#918,#182);
#150=LINE('',#998,#183);
#151=LINE('',#999,#184);
#152=LINE('',#1002,#185);
#153=LINE('',#1005,#186);
#154=LINE('',#1008,#187);
#155=LINE('',#1009,#188);
#156=LINE('',#1026,#189);
#157=LINE('',#1029,#190);
#158=LINE('',#1034,#191);
#159=LINE('',#1051,#192);
#160=LINE('',#1060,#193);
#161=LINE('',#1061,#194);
#162=LINE('',#1065,#195);
#163=LINE('',#1068,#196);
#164=LINE('',#1071,#197);
#165=LINE('',#1074,#198);
#166=LINE('',#1079,#199);
#167=LINE('',#1082,#200);
#168=LINE('',#1098,#201);
#169=LINE('',#1101,#202);
#170=LINE('',#1150,#203);
#171=LINE('',#1155,#204);
#172=LINE('',#1158,#205);
#173=LINE('',#1162,#206);
#174=LINE('',#1164,#207);
#175=LINE('',#2534,#208);
#176=VECTOR('',#645,0.63225);
#177=VECTOR('',#650,1.2645);
#178=VECTOR('',#653,10.);
#179=VECTOR('',#656,10.);
#180=VECTOR('',#665,10.);
#181=VECTOR('',#668,10.);
#182=VECTOR('',#671,10.);
#183=VECTOR('',#678,10.);
#184=VECTOR('',#679,10.);
#185=VECTOR('',#682,10.);
#186=VECTOR('',#685,10.);
#187=VECTOR('',#688,10.);
#188=VECTOR('',#689,10.);
#189=VECTOR('',#692,10.);
#190=VECTOR('',#695,10.);
#191=VECTOR('',#700,10.);
#192=VECTOR('',#705,10.);
#193=VECTOR('',#710,10.);
#194=VECTOR('',#711,10.);
#195=VECTOR('',#716,10.);
#196=VECTOR('',#719,10.);
#197=VECTOR('',#722,10.);
#198=VECTOR('',#725,10.);
#199=VECTOR('',#732,10.);
#200=VECTOR('',#735,10.);
#201=VECTOR('',#740,10.);
#202=VECTOR('',#743,10.);
#203=VECTOR('',#750,10.);
#204=VECTOR('',#757,10.);
#205=VECTOR('',#762,10.);
#206=VECTOR('',#769,10.);
#207=VECTOR('',#772,10.);
#208=VECTOR('',#779,10.);
#209=CIRCLE('',#586,1.2645);
#210=CIRCLE('',#588,1.2645);
#211=CIRCLE('',#590,1.);
#212=CIRCLE('',#591,10.);
#213=CIRCLE('',#592,3.);
#214=CIRCLE('',#594,10.);
#215=CIRCLE('',#596,1.);
#216=CIRCLE('',#597,3.);
#217=CIRCLE('',#598,10.);
#218=CIRCLE('',#601,1.);
#219=CIRCLE('',#604,1.);
#220=CIRCLE('',#606,10.);
#221=CIRCLE('',#607,10.);
#222=CIRCLE('',#609,1.);
#223=CIRCLE('',#612,1.);
#224=CIRCLE('',#614,1.);
#225=CIRCLE('',#616,3.);
#226=CIRCLE('',#618,1.);
#227=CIRCLE('',#620,1.);
#228=CIRCLE('',#622,1.);
#229=CIRCLE('',#623,3.);
#230=CIRCLE('',#625,3.);
#231=CIRCLE('',#627,1.);
#232=CIRCLE('',#629,1.);
#233=CIRCLE('',#632,3.);
#234=CIRCLE('',#636,10.);
#235=CIRCLE('',#637,1.);
#236=VERTEX_POINT('',#784);
#237=VERTEX_POINT('',#786);
#238=VERTEX_POINT('',#789);
#239=VERTEX_POINT('',#793);
#240=VERTEX_POINT('',#794);
#241=VERTEX_POINT('',#807);
#242=VERTEX_POINT('',#809);
#243=VERTEX_POINT('',#845);
#244=VERTEX_POINT('',#847);
#245=VERTEX_POINT('',#860);
#246=VERTEX_POINT('',#867);
#247=VERTEX_POINT('',#878);
#248=VERTEX_POINT('',#880);
#249=VERTEX_POINT('',#896);
#250=VERTEX_POINT('',#900);
#251=VERTEX_POINT('',#901);
#252=VERTEX_POINT('',#914);
#253=VERTEX_POINT('',#916);
#254=VERTEX_POINT('',#946);
#255=VERTEX_POINT('',#953);
#256=VERTEX_POINT('',#964);
#257=VERTEX_POINT('',#966);
#258=VERTEX_POINT('',#977);
#259=VERTEX_POINT('',#982);
#260=VERTEX_POINT('',#997);
#261=VERTEX_POINT('',#1001);
#262=VERTEX_POINT('',#1003);
#263=VERTEX_POINT('',#1007);
#264=VERTEX_POINT('',#1011);
#265=VERTEX_POINT('',#1012);
#266=VERTEX_POINT('',#1025);
#267=VERTEX_POINT('',#1027);
#268=VERTEX_POINT('',#1031);
#269=VERTEX_POINT('',#1033);
#270=VERTEX_POINT('',#1037);
#271=VERTEX_POINT('',#1050);
#272=VERTEX_POINT('',#1054);
#273=VERTEX_POINT('',#1059);
#274=VERTEX_POINT('',#1063);
#275=VERTEX_POINT('',#1067);
#276=VERTEX_POINT('',#1069);
#277=VERTEX_POINT('',#1073);
#278=VERTEX_POINT('',#1077);
#279=VERTEX_POINT('',#1081);
#280=VERTEX_POINT('',#1085);
#281=VERTEX_POINT('',#1086);
#282=VERTEX_POINT('',#1097);
#283=VERTEX_POINT('',#1099);
#284=VERTEX_POINT('',#1135);
#285=VERTEX_POINT('',#1148);
#286=VERTEX_POINT('',#1154);
#287=VERTEX_POINT('',#1851);
#288=VERTEX_POINT('',#1852);
#289=VERTEX_POINT('',#1854);
#290=VERTEX_POINT('',#2533);
#291=EDGE_CURVE('',#236,#236,#209,.T.);
#292=EDGE_CURVE('',#236,#237,#143,.T.);
#293=EDGE_CURVE('',#238,#238,#210,.T.);
#294=EDGE_CURVE('',#238,#236,#144,.T.);
#295=EDGE_CURVE('',#239,#240,#32,.T.);
#296=EDGE_CURVE('',#239,#241,#145,.T.);
#297=EDGE_CURVE('',#241,#242,#211,.T.);
#298=EDGE_CURVE('',#242,#240,#146,.T.);
#299=EDGE_CURVE('',#243,#240,#212,.T.);
#300=EDGE_CURVE('',#243,#244,#33,.T.);
#301=EDGE_CURVE('',#244,#245,#34,.T.);
#302=EDGE_CURVE('',#245,#246,#35,.T.);
#303=EDGE_CURVE('',#246,#247,#213,.T.);
#304=EDGE_CURVE('',#247,#248,#36,.T.);
#305=EDGE_CURVE('',#248,#239,#37,.T.);
#306=EDGE_CURVE('',#249,#242,#214,.T.);
#307=EDGE_CURVE('',#243,#249,#147,.T.);
#308=EDGE_CURVE('',#250,#251,#38,.T.);
#309=EDGE_CURVE('',#250,#252,#148,.T.);
#310=EDGE_CURVE('',#252,#253,#215,.T.);
#311=EDGE_CURVE('',#253,#251,#149,.T.);
#312=EDGE_CURVE('',#251,#254,#39,.T.);
#313=EDGE_CURVE('',#254,#255,#40,.T.);
#314=EDGE_CURVE('',#255,#256,#216,.T.);
#315=EDGE_CURVE('',#256,#257,#41,.T.);
#316=EDGE_CURVE('',#257,#258,#42,.T.);
#317=EDGE_CURVE('',#258,#259,#43,.T.);
#318=EDGE_CURVE('',#250,#259,#217,.T.);
#319=EDGE_CURVE('',#253,#260,#150,.T.);
#320=EDGE_CURVE('',#254,#260,#151,.T.);
#321=EDGE_CURVE('',#258,#261,#152,.T.);
#322=EDGE_CURVE('',#261,#262,#218,.T.);
#323=EDGE_CURVE('',#262,#259,#153,.T.);
#324=EDGE_CURVE('',#263,#257,#154,.T.);
#325=EDGE_CURVE('',#263,#261,#155,.T.);
#326=EDGE_CURVE('',#264,#265,#44,.T.);
#327=EDGE_CURVE('',#264,#266,#156,.T.);
#328=EDGE_CURVE('',#266,#267,#219,.T.);
#329=EDGE_CURVE('',#267,#265,#157,.T.);
#330=EDGE_CURVE('',#264,#268,#220,.T.);
#331=EDGE_CURVE('',#269,#268,#158,.T.);
#332=EDGE_CURVE('',#266,#269,#221,.T.);
#333=EDGE_CURVE('',#270,#268,#45,.T.);
#334=EDGE_CURVE('',#270,#271,#159,.T.);
#335=EDGE_CURVE('',#271,#269,#222,.T.);
#336=EDGE_CURVE('',#272,#270,#46,.T.);
#337=EDGE_CURVE('',#273,#272,#160,.T.);
#338=EDGE_CURVE('',#273,#271,#161,.T.);
#339=EDGE_CURVE('',#249,#274,#223,.T.);
#340=EDGE_CURVE('',#274,#244,#162,.T.);
#341=EDGE_CURVE('',#247,#275,#163,.T.);
#342=EDGE_CURVE('',#275,#276,#224,.T.);
#343=EDGE_CURVE('',#276,#248,#164,.T.);
#344=EDGE_CURVE('',#277,#246,#165,.T.);
#345=EDGE_CURVE('',#275,#277,#225,.T.);
#346=EDGE_CURVE('',#260,#278,#226,.T.);
#347=EDGE_CURVE('',#278,#255,#166,.T.);
#348=EDGE_CURVE('',#256,#279,#167,.T.);
#349=EDGE_CURVE('',#279,#263,#227,.T.);
#350=EDGE_CURVE('',#280,#281,#47,.T.);
#351=EDGE_CURVE('',#280,#282,#168,.T.);
#352=EDGE_CURVE('',#282,#283,#228,.T.);
#353=EDGE_CURVE('',#283,#281,#169,.T.);
#354=EDGE_CURVE('',#265,#280,#48,.T.);
#355=EDGE_CURVE('',#281,#284,#229,.T.);
#356=EDGE_CURVE('',#284,#272,#49,.T.);
#357=EDGE_CURVE('',#285,#283,#230,.T.);
#358=EDGE_CURVE('',#284,#285,#170,.T.);
#359=EDGE_CURVE('',#285,#273,#231,.T.);
#360=EDGE_CURVE('',#245,#286,#171,.T.);
#361=EDGE_CURVE('',#286,#277,#232,.T.);
#362=EDGE_CURVE('',#267,#282,#172,.T.);
#363=EDGE_CURVE('',#279,#278,#233,.T.);
#364=EDGE_CURVE('',#276,#241,#173,.T.);
#365=EDGE_CURVE('',#274,#286,#174,.T.);
#366=EDGE_CURVE('',#252,#262,#234,.T.);
#367=EDGE_CURVE('',#287,#288,#235,.T.);
#368=EDGE_CURVE('',#288,#289,#50,.T.);
#369=EDGE_CURVE('',#289,#288,#51,.T.);
#370=EDGE_CURVE('',#287,#287,#52,.T.);
#371=EDGE_CURVE('',#289,#290,#175,.T.);
#372=EDGE_CURVE('',#290,#290,#53,.T.);
#373=ORIENTED_EDGE('',*,*,#291,.F.);
#374=ORIENTED_EDGE('',*,*,#292,.T.);
#375=ORIENTED_EDGE('',*,*,#292,.F.);
#376=ORIENTED_EDGE('',*,*,#293,.F.);
#377=ORIENTED_EDGE('',*,*,#294,.T.);
#378=ORIENTED_EDGE('',*,*,#291,.T.);
#379=ORIENTED_EDGE('',*,*,#294,.F.);
#380=ORIENTED_EDGE('',*,*,#295,.F.);
#381=ORIENTED_EDGE('',*,*,#296,.T.);
#382=ORIENTED_EDGE('',*,*,#297,.T.);
#383=ORIENTED_EDGE('',*,*,#298,.T.);
#384=ORIENTED_EDGE('',*,*,#295,.T.);
#385=ORIENTED_EDGE('',*,*,#299,.F.);
#386=ORIENTED_EDGE('',*,*,#300,.T.);
#387=ORIENTED_EDGE('',*,*,#301,.T.);
#388=ORIENTED_EDGE('',*,*,#302,.T.);
#389=ORIENTED_EDGE('',*,*,#303,.T.);
#390=ORIENTED_EDGE('',*,*,#304,.T.);
#391=ORIENTED_EDGE('',*,*,#305,.T.);
#392=ORIENTED_EDGE('',*,*,#298,.F.);
#393=ORIENTED_EDGE('',*,*,#306,.F.);
#394=ORIENTED_EDGE('',*,*,#307,.F.);
#395=ORIENTED_EDGE('',*,*,#299,.T.);
#396=ORIENTED_EDGE('',*,*,#308,.F.);
#397=ORIENTED_EDGE('',*,*,#309,.T.);
#398=ORIENTED_EDGE('',*,*,#310,.T.);
#399=ORIENTED_EDGE('',*,*,#311,.T.);
#400=ORIENTED_EDGE('',*,*,#308,.T.);
#401=ORIENTED_EDGE('',*,*,#312,.T.);
#402=ORIENTED_EDGE('',*,*,#313,.T.);
#403=ORIENTED_EDGE('',*,*,#314,.T.);
#404=ORIENTED_EDGE('',*,*,#315,.T.);
#405=ORIENTED_EDGE('',*,*,#316,.T.);
#406=ORIENTED_EDGE('',*,*,#317,.T.);
#407=ORIENTED_EDGE('',*,*,#318,.F.);
#408=ORIENTED_EDGE('',*,*,#311,.F.);
#409=ORIENTED_EDGE('',*,*,#319,.T.);
#410=ORIENTED_EDGE('',*,*,#320,.F.);
#411=ORIENTED_EDGE('',*,*,#312,.F.);
#412=ORIENTED_EDGE('',*,*,#317,.F.);
#413=ORIENTED_EDGE('',*,*,#321,.T.);
#414=ORIENTED_EDGE('',*,*,#322,.T.);
#415=ORIENTED_EDGE('',*,*,#323,.T.);
#416=ORIENTED_EDGE('',*,*,#321,.F.);
#417=ORIENTED_EDGE('',*,*,#316,.F.);
#418=ORIENTED_EDGE('',*,*,#324,.F.);
#419=ORIENTED_EDGE('',*,*,#325,.T.);
#420=ORIENTED_EDGE('',*,*,#326,.F.);
#421=ORIENTED_EDGE('',*,*,#327,.T.);
#422=ORIENTED_EDGE('',*,*,#328,.T.);
#423=ORIENTED_EDGE('',*,*,#329,.T.);
#424=ORIENTED_EDGE('',*,*,#327,.F.);
#425=ORIENTED_EDGE('',*,*,#330,.T.);
#426=ORIENTED_EDGE('',*,*,#331,.F.);
#427=ORIENTED_EDGE('',*,*,#332,.F.);
#428=ORIENTED_EDGE('',*,*,#333,.F.);
#429=ORIENTED_EDGE('',*,*,#334,.T.);
#430=ORIENTED_EDGE('',*,*,#335,.T.);
#431=ORIENTED_EDGE('',*,*,#331,.T.);
#432=ORIENTED_EDGE('',*,*,#334,.F.);
#433=ORIENTED_EDGE('',*,*,#336,.F.);
#434=ORIENTED_EDGE('',*,*,#337,.F.);
#435=ORIENTED_EDGE('',*,*,#338,.T.);
#436=ORIENTED_EDGE('',*,*,#300,.F.);
#437=ORIENTED_EDGE('',*,*,#307,.T.);
#438=ORIENTED_EDGE('',*,*,#339,.T.);
#439=ORIENTED_EDGE('',*,*,#340,.T.);
#440=ORIENTED_EDGE('',*,*,#304,.F.);
#441=ORIENTED_EDGE('',*,*,#341,.T.);
#442=ORIENTED_EDGE('',*,*,#342,.T.);
#443=ORIENTED_EDGE('',*,*,#343,.T.);
#444=ORIENTED_EDGE('',*,*,#341,.F.);
#445=ORIENTED_EDGE('',*,*,#303,.F.);
#446=ORIENTED_EDGE('',*,*,#344,.F.);
#447=ORIENTED_EDGE('',*,*,#345,.F.);
#448=ORIENTED_EDGE('',*,*,#313,.F.);
#449=ORIENTED_EDGE('',*,*,#320,.T.);
#450=ORIENTED_EDGE('',*,*,#346,.T.);
#451=ORIENTED_EDGE('',*,*,#347,.T.);
#452=ORIENTED_EDGE('',*,*,#315,.F.);
#453=ORIENTED_EDGE('',*,*,#348,.T.);
#454=ORIENTED_EDGE('',*,*,#349,.T.);
#455=ORIENTED_EDGE('',*,*,#324,.T.);
#456=ORIENTED_EDGE('',*,*,#350,.F.);
#457=ORIENTED_EDGE('',*,*,#351,.T.);
#458=ORIENTED_EDGE('',*,*,#352,.T.);
#459=ORIENTED_EDGE('',*,*,#353,.T.);
#460=ORIENTED_EDGE('',*,*,#326,.T.);
#461=ORIENTED_EDGE('',*,*,#354,.T.);
#462=ORIENTED_EDGE('',*,*,#350,.T.);
#463=ORIENTED_EDGE('',*,*,#355,.T.);
#464=ORIENTED_EDGE('',*,*,#356,.T.);
#465=ORIENTED_EDGE('',*,*,#336,.T.);
#466=ORIENTED_EDGE('',*,*,#333,.T.);
#467=ORIENTED_EDGE('',*,*,#330,.F.);
#468=ORIENTED_EDGE('',*,*,#353,.F.);
#469=ORIENTED_EDGE('',*,*,#357,.F.);
#470=ORIENTED_EDGE('',*,*,#358,.F.);
#471=ORIENTED_EDGE('',*,*,#355,.F.);
#472=ORIENTED_EDGE('',*,*,#356,.F.);
#473=ORIENTED_EDGE('',*,*,#358,.T.);
#474=ORIENTED_EDGE('',*,*,#359,.T.);
#475=ORIENTED_EDGE('',*,*,#337,.T.);
#476=ORIENTED_EDGE('',*,*,#302,.F.);
#477=ORIENTED_EDGE('',*,*,#360,.T.);
#478=ORIENTED_EDGE('',*,*,#361,.T.);
#479=ORIENTED_EDGE('',*,*,#344,.T.);
#480=ORIENTED_EDGE('',*,*,#329,.F.);
#481=ORIENTED_EDGE('',*,*,#362,.T.);
#482=ORIENTED_EDGE('',*,*,#351,.F.);
#483=ORIENTED_EDGE('',*,*,#354,.F.);
#484=ORIENTED_EDGE('',*,*,#347,.F.);
#485=ORIENTED_EDGE('',*,*,#363,.F.);
#486=ORIENTED_EDGE('',*,*,#348,.F.);
#487=ORIENTED_EDGE('',*,*,#314,.F.);
#488=ORIENTED_EDGE('',*,*,#296,.F.);
#489=ORIENTED_EDGE('',*,*,#305,.F.);
#490=ORIENTED_EDGE('',*,*,#343,.F.);
#491=ORIENTED_EDGE('',*,*,#364,.T.);
#492=ORIENTED_EDGE('',*,*,#340,.F.);
#493=ORIENTED_EDGE('',*,*,#365,.T.);
#494=ORIENTED_EDGE('',*,*,#360,.F.);
#495=ORIENTED_EDGE('',*,*,#301,.F.);
#496=ORIENTED_EDGE('',*,*,#309,.F.);
#497=ORIENTED_EDGE('',*,*,#318,.T.);
#498=ORIENTED_EDGE('',*,*,#323,.F.);
#499=ORIENTED_EDGE('',*,*,#366,.F.);
#500=ORIENTED_EDGE('',*,*,#367,.T.);
#501=ORIENTED_EDGE('',*,*,#368,.T.);
#502=ORIENTED_EDGE('',*,*,#369,.T.);
#503=ORIENTED_EDGE('',*,*,#367,.F.);
#504=ORIENTED_EDGE('',*,*,#370,.T.);
#505=ORIENTED_EDGE('',*,*,#368,.F.);
#506=ORIENTED_EDGE('',*,*,#369,.F.);
#507=ORIENTED_EDGE('',*,*,#371,.T.);
#508=ORIENTED_EDGE('',*,*,#372,.F.);
#509=ORIENTED_EDGE('',*,*,#371,.F.);
#510=ORIENTED_EDGE('',*,*,#370,.F.);
#511=ORIENTED_EDGE('',*,*,#372,.T.);
#512=ORIENTED_EDGE('',*,*,#293,.T.);
#513=ORIENTED_EDGE('',*,*,#366,.T.);
#514=ORIENTED_EDGE('',*,*,#322,.F.);
#515=ORIENTED_EDGE('',*,*,#325,.F.);
#516=ORIENTED_EDGE('',*,*,#349,.F.);
#517=ORIENTED_EDGE('',*,*,#363,.T.);
#518=ORIENTED_EDGE('',*,*,#346,.F.);
#519=ORIENTED_EDGE('',*,*,#319,.F.);
#520=ORIENTED_EDGE('',*,*,#310,.F.);
#521=ORIENTED_EDGE('',*,*,#342,.F.);
#522=ORIENTED_EDGE('',*,*,#345,.T.);
#523=ORIENTED_EDGE('',*,*,#361,.F.);
#524=ORIENTED_EDGE('',*,*,#365,.F.);
#525=ORIENTED_EDGE('',*,*,#339,.F.);
#526=ORIENTED_EDGE('',*,*,#306,.T.);
#527=ORIENTED_EDGE('',*,*,#297,.F.);
#528=ORIENTED_EDGE('',*,*,#364,.F.);
#529=ORIENTED_EDGE('',*,*,#359,.F.);
#530=ORIENTED_EDGE('',*,*,#357,.T.);
#531=ORIENTED_EDGE('',*,*,#352,.F.);
#532=ORIENTED_EDGE('',*,*,#362,.F.);
#533=ORIENTED_EDGE('',*,*,#328,.F.);
#534=ORIENTED_EDGE('',*,*,#332,.T.);
#535=ORIENTED_EDGE('',*,*,#335,.F.);
#536=ORIENTED_EDGE('',*,*,#338,.F.);
#537=CONICAL_SURFACE('',#585,0.63225,1.02974425867665);
#538=ADVANCED_FACE('',(#73),#537,.F.);
#539=ADVANCED_FACE('',(#74),#54,.F.);
#540=ADVANCED_FACE('',(#75),#55,.F.);
#541=ADVANCED_FACE('',(#76),#29,.F.);
#542=ADVANCED_FACE('',(#77),#56,.F.);
#543=ADVANCED_FACE('',(#78),#57,.F.);
#544=ADVANCED_FACE('',(#79),#30,.F.);
#545=ADVANCED_FACE('',(#80),#22,.T.);
#546=ADVANCED_FACE('',(#81),#58,.F.);
#547=ADVANCED_FACE('',(#82),#23,.T.);
#548=ADVANCED_FACE('',(#83),#59,.F.);
#549=ADVANCED_FACE('',(#84),#60,.F.);
#550=ADVANCED_FACE('',(#85),#61,.F.);
#551=ADVANCED_FACE('',(#86),#24,.T.);
#552=ADVANCED_FACE('',(#87),#62,.F.);
#553=ADVANCED_FACE('',(#88),#63,.F.);
#554=ADVANCED_FACE('',(#89),#64,.T.);
#555=ADVANCED_FACE('',(#90),#65,.F.);
#556=ADVANCED_FACE('',(#91),#66,.F.);
#557=ADVANCED_FACE('',(#92),#67,.F.);
#558=ADVANCED_FACE('',(#93),#31,.F.);
#559=ADVANCED_FACE('',(#94),#68,.T.);
#560=ADVANCED_FACE('',(#95),#69,.F.);
#561=ADVANCED_FACE('',(#96),#70,.F.);
#562=ADVANCED_FACE('',(#97),#25,.T.);
#563=ADVANCED_FACE('',(#98),#71,.T.);
#564=ADVANCED_FACE('',(#99),#26,.T.);
#565=ADVANCED_FACE('',(#100),#27,.T.);
#566=ADVANCED_FACE('',(#101),#72,.F.);
#567=ADVANCED_FACE('',(#102),#19,.F.);
#568=ADVANCED_FACE('',(#103),#20,.T.);
#569=ADVANCED_FACE('',(#104),#21,.T.);
#570=ADVANCED_FACE('',(#105,#15,#16,#17,#18),#28,.T.);
#571=CLOSED_SHELL('',(#538,#539,#540,#541,#542,#543,#544,#545,#546,#547,
#548,#549,#550,#551,#552,#553,#554,#555,#556,#557,#558,#559,#560,#561,#562,
#563,#564,#565,#566,#567,#568,#569,#570));
#572=DERIVED_UNIT_ELEMENT(#574,1.);
#573=DERIVED_UNIT_ELEMENT(#3796,-3.);
#574=(
MASS_UNIT()
NAMED_UNIT(*)
SI_UNIT(.KILO.,.GRAM.)
);
#575=DERIVED_UNIT((#572,#573));
#576=MEASURE_REPRESENTATION_ITEM('density measure',
POSITIVE_RATIO_MEASURE(7850.),#575);
#577=PROPERTY_DEFINITION_REPRESENTATION(#582,#579);
#578=PROPERTY_DEFINITION_REPRESENTATION(#583,#580);
#579=REPRESENTATION('material name',(#581),#3793);
#580=REPRESENTATION('density',(#576),#3793);
#581=DESCRIPTIVE_REPRESENTATION_ITEM('Steel','Steel');
#582=PROPERTY_DEFINITION('material property','material name',#3803);
#583=PROPERTY_DEFINITION('material property','density of part',#3803);
#584=AXIS2_PLACEMENT_3D('',#782,#639,#640);
#585=AXIS2_PLACEMENT_3D('',#783,#641,#642);
#586=AXIS2_PLACEMENT_3D('',#785,#643,#644);
#587=AXIS2_PLACEMENT_3D('',#788,#646,#647);
#588=AXIS2_PLACEMENT_3D('',#790,#648,#649);
#589=AXIS2_PLACEMENT_3D('',#792,#651,#652);
#590=AXIS2_PLACEMENT_3D('',#810,#654,#655);
#591=AXIS2_PLACEMENT_3D('',#846,#657,#658);
#592=AXIS2_PLACEMENT_3D('',#879,#659,#660);
#593=AXIS2_PLACEMENT_3D('',#895,#661,#662);
#594=AXIS2_PLACEMENT_3D('',#897,#663,#664);
#595=AXIS2_PLACEMENT_3D('',#899,#666,#667);
#596=AXIS2_PLACEMENT_3D('',#917,#669,#670);
#597=AXIS2_PLACEMENT_3D('',#965,#672,#673);
#598=AXIS2_PLACEMENT_3D('',#995,#674,#675);
#599=AXIS2_PLACEMENT_3D('',#996,#676,#677);
#600=AXIS2_PLACEMENT_3D('',#1000,#680,#681);
#601=AXIS2_PLACEMENT_3D('',#1004,#683,#684);
#602=AXIS2_PLACEMENT_3D('',#1006,#686,#687);
#603=AXIS2_PLACEMENT_3D('',#1010,#690,#691);
#604=AXIS2_PLACEMENT_3D('',#1028,#693,#694);
#605=AXIS2_PLACEMENT_3D('',#1030,#696,#697);
#606=AXIS2_PLACEMENT_3D('',#1032,#698,#699);
#607=AXIS2_PLACEMENT_3D('',#1035,#701,#702);
#608=AXIS2_PLACEMENT_3D('',#1036,#703,#704);
#609=AXIS2_PLACEMENT_3D('',#1052,#706,#707);
#610=AXIS2_PLACEMENT_3D('',#1053,#708,#709);
#611=AXIS2_PLACEMENT_3D('',#1062,#712,#713);
#612=AXIS2_PLACEMENT_3D('',#1064,#714,#715);
#613=AXIS2_PLACEMENT_3D('',#1066,#717,#718);
#614=AXIS2_PLACEMENT_3D('',#1070,#720,#721);
#615=AXIS2_PLACEMENT_3D('',#1072,#723,#724);
#616=AXIS2_PLACEMENT_3D('',#1075,#726,#727);
#617=AXIS2_PLACEMENT_3D('',#1076,#728,#729);
#618=AXIS2_PLACEMENT_3D('',#1078,#730,#731);
#619=AXIS2_PLACEMENT_3D('',#1080,#733,#734);
#620=AXIS2_PLACEMENT_3D('',#1083,#736,#737);
#621=AXIS2_PLACEMENT_3D('',#1084,#738,#739);
#622=AXIS2_PLACEMENT_3D('',#1100,#741,#742);
#623=AXIS2_PLACEMENT_3D('',#1136,#744,#745);
#624=AXIS2_PLACEMENT_3D('',#1147,#746,#747);
#625=AXIS2_PLACEMENT_3D('',#1149,#748,#749);
#626=AXIS2_PLACEMENT_3D('',#1151,#751,#752);
#627=AXIS2_PLACEMENT_3D('',#1152,#753,#754);
#628=AXIS2_PLACEMENT_3D('',#1153,#755,#756);
#629=AXIS2_PLACEMENT_3D('',#1156,#758,#759);
#630=AXIS2_PLACEMENT_3D('',#1157,#760,#761);
#631=AXIS2_PLACEMENT_3D('',#1159,#763,#764);
#632=AXIS2_PLACEMENT_3D('',#1160,#765,#766);
#633=AXIS2_PLACEMENT_3D('',#1161,#767,#768);
#634=AXIS2_PLACEMENT_3D('',#1163,#770,#771);
#635=AXIS2_PLACEMENT_3D('',#1165,#773,#774);
#636=AXIS2_PLACEMENT_3D('',#1166,#775,#776);
#637=AXIS2_PLACEMENT_3D('',#1853,#777,#778);
#638=AXIS2_PLACEMENT_3D('',#3790,#780,#781);
#639=DIRECTION('axis',(0.,0.,1.));
#640=DIRECTION('refdir',(1.,0.,0.));
#641=DIRECTION('center_axis',(0.,0.,1.));
#642=DIRECTION('ref_axis',(1.,0.,0.));
#643=DIRECTION('center_axis',(0.,0.,-1.));
#644=DIRECTION('ref_axis',(1.,0.,0.));
#645=DIRECTION('',(0.857167300702112,-1.04972719113862E-16,-0.515038074910054));
#646=DIRECTION('center_axis',(0.,0.,-1.));
#647=DIRECTION('ref_axis',(1.,0.,0.));
#648=DIRECTION('center_axis',(0.,0.,-1.));
#649=DIRECTION('ref_axis',(1.,0.,0.));
#650=DIRECTION('',(0.,0.,-1.));
#651=DIRECTION('center_axis',(0.,0.,1.));
#652=DIRECTION('ref_axis',(0.600925212577333,0.799305253885453,0.));
#653=DIRECTION('',(0.,0.,1.));
#654=DIRECTION('center_axis',(0.,0.,1.));
#655=DIRECTION('ref_axis',(0.600925212577333,0.799305253885453,0.));
#656=DIRECTION('',(0.,0.,-1.));
#657=DIRECTION('center_axis',(0.,0.,-1.));
#658=DIRECTION('ref_axis',(-1.,0.,0.));
#659=DIRECTION('center_axis',(0.,0.,-1.));
#660=DIRECTION('ref_axis',(-1.,0.,0.));
#661=DIRECTION('center_axis',(0.,0.,-1.));
#662=DIRECTION('ref_axis',(-1.,0.,0.));
#663=DIRECTION('center_axis',(0.,0.,-1.));
#664=DIRECTION('ref_axis',(-1.,0.,0.));
#665=DIRECTION('',(0.,0.,1.));
#666=DIRECTION('center_axis',(0.,0.,-1.));
#667=DIRECTION('ref_axis',(-0.600925212577331,0.799305253885453,0.));
#668=DIRECTION('',(0.,0.,1.));
#669=DIRECTION('center_axis',(0.,0.,1.));
#670=DIRECTION('ref_axis',(-0.600925212577331,0.799305253885453,0.));
#671=DIRECTION('',(0.,0.,-1.));
#672=DIRECTION('center_axis',(0.,0.,-1.));
#673=DIRECTION('ref_axis',(-1.,0.,0.));
#674=DIRECTION('center_axis',(0.,0.,-1.));
#675=DIRECTION('ref_axis',(-1.,0.,0.));
#676=DIRECTION('center_axis',(1.,0.,0.));
#677=DIRECTION('ref_axis',(0.,-1.,0.));
#678=DIRECTION('',(0.,-1.,0.));
#679=DIRECTION('',(0.,0.,1.));
#680=DIRECTION('center_axis',(0.,0.,1.));
#681=DIRECTION('ref_axis',(0.391756048954506,-0.920069126809261,0.));
#682=DIRECTION('',(0.,0.,1.));
#683=DIRECTION('center_axis',(0.,0.,1.));
#684=DIRECTION('ref_axis',(0.391756048954506,-0.920069126809261,0.));
#685=DIRECTION('',(0.,0.,-1.));
#686=DIRECTION('center_axis',(0.5,0.866025403784439,0.));
#687=DIRECTION('ref_axis',(0.866025403784438,-0.5,0.));
#688=DIRECTION('',(0.,0.,-1.));
#689=DIRECTION('',(0.866025403784439,-0.5,0.));
#690=DIRECTION('center_axis',(0.,0.,-1.));
#691=DIRECTION('ref_axis',(0.992681261531839,0.120763872923807,0.));
#692=DIRECTION('',(0.,0.,1.));
#693=DIRECTION('center_axis',(0.,0.,1.));
#694=DIRECTION('ref_axis',(0.992681261531839,0.120763872923807,0.));
#695=DIRECTION('',(0.,0.,-1.));
#696=DIRECTION('center_axis',(0.,0.,-1.));
#697=DIRECTION('ref_axis',(-1.,0.,0.));
#698=DIRECTION('center_axis',(0.,0.,-1.));
#699=DIRECTION('ref_axis',(-1.,0.,0.));
#700=DIRECTION('',(0.,0.,-1.));
#701=DIRECTION('center_axis',(0.,0.,-1.));
#702=DIRECTION('ref_axis',(-1.,0.,0.));
#703=DIRECTION('center_axis',(0.,0.,1.));
#704=DIRECTION('ref_axis',(-0.992681261531838,0.120763872923809,0.));
#705=DIRECTION('',(0.,0.,1.));
#706=DIRECTION('center_axis',(0.,0.,1.));
#707=DIRECTION('ref_axis',(-0.992681261531838,0.120763872923809,0.));
#708=DIRECTION('center_axis',(0.5,-0.866025403784439,0.));
#709=DIRECTION('ref_axis',(-0.866025403784439,-0.5,0.));
#710=DIRECTION('',(0.,0.,-1.));
#711=DIRECTION('',(-0.866025403784439,-0.5,0.));
#712=DIRECTION('center_axis',(0.,0.,-1.));
#713=DIRECTION('ref_axis',(-0.391756048954507,-0.92006912680926,0.));
#714=DIRECTION('center_axis',(0.,0.,1.));
#715=DIRECTION('ref_axis',(-0.391756048954507,-0.92006912680926,0.));
#716=DIRECTION('',(0.,0.,-1.));
#717=DIRECTION('center_axis',(0.,0.,-1.));
#718=DIRECTION('ref_axis',(0.901387818865997,-0.43301270189222,0.));
#719=DIRECTION('',(0.,0.,1.));
#720=DIRECTION('center_axis',(0.,0.,1.));
#721=DIRECTION('ref_axis',(0.901387818865997,-0.43301270189222,0.));
#722=DIRECTION('',(0.,0.,-1.));
#723=DIRECTION('center_axis',(0.,0.,-1.));
#724=DIRECTION('ref_axis',(-1.,0.,0.));
#725=DIRECTION('',(0.,0.,-1.));
#726=DIRECTION('center_axis',(0.,0.,1.));
#727=DIRECTION('ref_axis',(-1.,0.,0.));
#728=DIRECTION('center_axis',(0.,0.,-1.));
#729=DIRECTION('ref_axis',(-0.901387818865997,-0.433012701892219,0.));
#730=DIRECTION('center_axis',(0.,0.,1.));
#731=DIRECTION('ref_axis',(-0.901387818865997,-0.433012701892219,0.));
#732=DIRECTION('',(0.,0.,-1.));
#733=DIRECTION('center_axis',(0.,0.,-1.));
#734=DIRECTION('ref_axis',(-0.825693909432999,-0.564118398853689,0.));
#735=DIRECTION('',(0.,0.,1.));
#736=DIRECTION('center_axis',(0.,0.,1.));
#737=DIRECTION('ref_axis',(-0.825693909432999,-0.564118398853689,0.));
#738=DIRECTION('center_axis',(0.,0.,-1.));
#739=DIRECTION('ref_axis',(0.0756939094329995,0.997131100745909,0.));
#740=DIRECTION('',(0.,0.,1.));
#741=DIRECTION('center_axis',(0.,0.,1.));
#742=DIRECTION('ref_axis',(0.0756939094329995,0.997131100745909,0.));
#743=DIRECTION('',(0.,0.,-1.));
#744=DIRECTION('center_axis',(0.,0.,-1.));
#745=DIRECTION('ref_axis',(-1.,0.,0.));
#746=DIRECTION('center_axis',(0.,0.,-1.));
#747=DIRECTION('ref_axis',(-1.,0.,0.));
#748=DIRECTION('center_axis',(0.,0.,1.));
#749=DIRECTION('ref_axis',(-1.,0.,0.));
#750=DIRECTION('',(0.,0.,1.));
#751=DIRECTION('center_axis',(0.,0.,-1.));
#752=DIRECTION('ref_axis',(-0.075693909432998,0.997131100745909,0.));
#753=DIRECTION('center_axis',(0.,0.,1.));
#754=DIRECTION('ref_axis',(-0.075693909432998,0.997131100745909,0.));
#755=DIRECTION('center_axis',(0.,0.,-1.));
#756=DIRECTION('ref_axis',(0.825693909432998,-0.564118398853691,0.));
#757=DIRECTION('',(0.,0.,1.));
#758=DIRECTION('center_axis',(0.,0.,1.));
#759=DIRECTION('ref_axis',(0.825693909432998,-0.564118398853691,0.));
#760=DIRECTION('center_axis',(-0.5,-0.866025403784438,0.));
#761=DIRECTION('ref_axis',(-0.866025403784438,0.5,0.));
#762=DIRECTION('',(-0.866025403784438,0.5,0.));
#763=DIRECTION('center_axis',(0.,0.,-1.));
#764=DIRECTION('ref_axis',(-1.,0.,0.));
#765=DIRECTION('center_axis',(0.,0.,1.));
#766=DIRECTION('ref_axis',(-1.,0.,0.));
#767=DIRECTION('center_axis',(-1.,-3.80798450708447E-17,0.));
#768=DIRECTION('ref_axis',(-3.80798450708447E-17,1.,0.));
#769=DIRECTION('',(-3.80798450708447E-17,1.,0.));
#770=DIRECTION('center_axis',(-0.5,0.866025403784439,0.));
#771=DIRECTION('ref_axis',(0.866025403784439,0.5,0.));
#772=DIRECTION('',(0.866025403784439,0.5,0.));
#773=DIRECTION('center_axis',(0.,0.,-1.));
#774=DIRECTION('ref_axis',(0.866025403784439,0.5,0.));
#775=DIRECTION('center_axis',(0.,0.,-1.));
#776=DIRECTION('ref_axis',(-1.,0.,0.));
#777=DIRECTION('center_axis',(0.0607543789024269,0.998152664206967,-0.000405438916010335));
#778=DIRECTION('ref_axis',(-0.61886746687592,0.0373497960005025,-0.784606940564066));
#779=DIRECTION('',(0.,0.,1.));
#780=DIRECTION('center_axis',(0.,0.,1.));
#781=DIRECTION('ref_axis',(-1.,0.,0.));
#782=CARTESIAN_POINT('',(0.,0.,0.));
#783=CARTESIAN_POINT('Origin',(0.,0.,171.728931598901));
#784=CARTESIAN_POINT('',(-1.26450000000001,1.54856587752184E-16,172.108825725281));
#785=CARTESIAN_POINT('Origin',(0.,0.,172.108825725281));
#786=CARTESIAN_POINT('',(0.,0.,171.349037472521));
#787=CARTESIAN_POINT('',(-0.63225,7.74282938760914E-17,171.728931598901));
#788=CARTESIAN_POINT('Origin',(0.,0.,175.358825725281));
#789=CARTESIAN_POINT('',(-1.2645,1.54856587752183E-16,178.608825725281));
#790=CARTESIAN_POINT('Origin',(0.,0.,178.608825725281));
#791=CARTESIAN_POINT('',(-1.2645,1.54856587752183E-16,175.358825725281));
#792=CARTESIAN_POINT('Origin',(-2.5,8.64580823289529,178.608825725281));
#793=CARTESIAN_POINT('',(-1.5,8.64580823289629,174.636278621439));
#794=CARTESIAN_POINT('',(-2.77777777777777,9.60645359210588,175.608825725281));
#795=CARTESIAN_POINT('Ctrl Pts',(-1.5,8.64580823289667,174.636278621438));
#796=CARTESIAN_POINT('Ctrl Pts',(-1.50000000000021,8.79783563727808,174.754170044413));
#797=CARTESIAN_POINT('Ctrl Pts',(-1.53468666601985,8.94890476845926,174.876360747785));
#798=CARTESIAN_POINT('Ctrl Pts',(-1.66041105689816,9.2046016125507,175.093186268466));
#799=CARTESIAN_POINT('Ctrl Pts',(-1.74275126416913,9.31377090245656,175.190065369957));
#800=CARTESIAN_POINT('Ctrl Pts',(-1.93515956691038,9.47877328205953,175.348504782252));
#801=CARTESIAN_POINT('Ctrl Pts',(-2.0369470211451,9.54064289745985,175.413173105604));
#802=CARTESIAN_POINT('Ctrl Pts',(-2.24980313548728,9.61956679183068,175.51189223063));
#803=CARTESIAN_POINT('Ctrl Pts',(-2.35568834578011,9.64154876051224,175.548514152103));
#804=CARTESIAN_POINT('Ctrl Pts',(-2.57021129156309,9.64870819552538,175.596559975888));
#805=CARTESIAN_POINT('Ctrl Pts',(-2.67528038933472,9.63609147721796,175.608825725281));
#806=CARTESIAN_POINT('Ctrl Pts',(-2.77777777777777,9.60645359210588,175.608825725281));
#807=CARTESIAN_POINT('',(-1.5,8.64580823289529,178.608825725281));
#808=CARTESIAN_POINT('',(-1.5,8.64580823289529,178.608825725281));
#809=CARTESIAN_POINT('',(-2.77777777777777,9.60645359210588,178.608825725281));
#810=CARTESIAN_POINT('Origin',(-2.5,8.64580823289529,178.608825725281));
#811=CARTESIAN_POINT('',(-2.77777777777777,9.60645359210588,178.608825725281));
#812=CARTESIAN_POINT('Ctrl Pts',(-1.68023498673434,9.85782990263851,175.608825725281));
#813=CARTESIAN_POINT('Ctrl Pts',(-10.,8.43975306475802,175.608825725281));
#814=CARTESIAN_POINT('Ctrl Pts',(-10.,-1.22464679914735E-15,175.608825725281));
#815=CARTESIAN_POINT('Ctrl Pts',(-10.,-10.,175.608825725281));
#816=CARTESIAN_POINT('Ctrl Pts',(1.22464679914735E-15,-10.,175.608825725281));
#817=CARTESIAN_POINT('Ctrl Pts',(10.,-10.,175.608825725281));
#818=CARTESIAN_POINT('Ctrl Pts',(10.,1.22464679914735E-15,175.608825725281));
#819=CARTESIAN_POINT('Ctrl Pts',(10.,10.,175.608825725281));
#820=CARTESIAN_POINT('Ctrl Pts',(-1.22464679914735E-15,10.,175.608825725281));
#821=CARTESIAN_POINT('Ctrl Pts',(-0.846132228432015,10.,175.608825725281));
#822=CARTESIAN_POINT('Ctrl Pts',(-1.68023498673434,9.85782990263851,175.608825725281));
#823=CARTESIAN_POINT('Ctrl Pts',(-0.420058746683585,2.46445747565963,169.608825725281));
#824=CARTESIAN_POINT('Ctrl Pts',(-2.5,2.10993826618951,169.608825725281));
#825=CARTESIAN_POINT('Ctrl Pts',(-2.5,-3.06161699786838E-16,169.608825725281));
#826=CARTESIAN_POINT('Ctrl Pts',(-2.5,-2.5,169.608825725281));
#827=CARTESIAN_POINT('Ctrl Pts',(3.06161699786838E-16,-2.5,169.608825725281));
#828=CARTESIAN_POINT('Ctrl Pts',(2.5,-2.5,169.608825725281));
#829=CARTESIAN_POINT('Ctrl Pts',(2.5,3.06161699786838E-16,169.608825725281));
#830=CARTESIAN_POINT('Ctrl Pts',(2.5,2.5,169.608825725281));
#831=CARTESIAN_POINT('Ctrl Pts',(-3.06161699786838E-16,2.5,169.608825725281));
#832=CARTESIAN_POINT('Ctrl Pts',(-0.211533057108004,2.5,169.608825725281));
#833=CARTESIAN_POINT('Ctrl Pts',(-0.420058746683585,2.46445747565963,169.608825725281));
#834=CARTESIAN_POINT('Ctrl Pts',(0.,0.,169.608825725281));
#835=CARTESIAN_POINT('Ctrl Pts',(0.,0.,169.608825725281));
#836=CARTESIAN_POINT('Ctrl Pts',(0.,0.,169.608825725281));
#837=CARTESIAN_POINT('Ctrl Pts',(0.,0.,169.608825725281));
#838=CARTESIAN_POINT('Ctrl Pts',(0.,0.,169.608825725281));
#839=CARTESIAN_POINT('Ctrl Pts',(0.,0.,169.608825725281));
#840=CARTESIAN_POINT('Ctrl Pts',(0.,0.,169.608825725281));
#841=CARTESIAN_POINT('Ctrl Pts',(0.,0.,169.608825725281));
#842=CARTESIAN_POINT('Ctrl Pts',(0.,0.,169.608825725281));
#843=CARTESIAN_POINT('Ctrl Pts',(0.,0.,169.608825725281));
#844=CARTESIAN_POINT('Ctrl Pts',(0.,0.,169.608825725281));
#845=CARTESIAN_POINT('',(-9.70832173992886,-2.3976006744295,175.608825725281));
#846=CARTESIAN_POINT('Origin',(0.,0.,175.608825725281));
#847=CARTESIAN_POINT('',(-8.23748956598749,-3.02386601080073,174.636278621529));
#848=CARTESIAN_POINT('Ctrl Pts',(-9.70832173992886,-2.39760067442949,175.608825725281));
#849=CARTESIAN_POINT('Ctrl Pts',(-9.685429285587,-2.49029639083367,175.608825725281));
#850=CARTESIAN_POINT('Ctrl Pts',(-9.64960171937067,-2.57833948950421,175.59899540198));
#851=CARTESIAN_POINT('Ctrl Pts',(-9.54251305195423,-2.76307790880908,175.555893803423));
#852=CARTESIAN_POINT('Ctrl Pts',(-9.46600566539903,-2.85215115765681,175.517585052701));
#853=CARTESIAN_POINT('Ctrl Pts',(-9.27050570430834,-3.01573985228895,175.407455973418));
#854=CARTESIAN_POINT('Ctrl Pts',(-9.14819660302584,-3.07895394235119,175.331029682163));
#855=CARTESIAN_POINT('Ctrl Pts',(-8.86616537472351,-3.16289497572941,175.140716369688));
#856=CARTESIAN_POINT('Ctrl Pts',(-8.70514576087043,-3.16922750966222,175.022522863191));
#857=CARTESIAN_POINT('Ctrl Pts',(-8.44246395564021,-3.11993133720786,174.814018699285));
#858=CARTESIAN_POINT('Ctrl Pts',(-8.33568984084691,-3.0805619659146,174.72420970014));
#859=CARTESIAN_POINT('Ctrl Pts',(-8.23748956600679,-3.02386601081187,174.636278621501));
#860=CARTESIAN_POINT('',(-3.45416345660972,-0.262211393929706,170.808825725296));
#861=CARTESIAN_POINT('Ctrl Pts',(-8.23748956600684,-3.0238660108119,174.636278621501));
#862=CARTESIAN_POINT('Ctrl Pts',(-6.95554103843439,-2.2837326833307,173.488388587824));
#863=CARTESIAN_POINT('Ctrl Pts',(-5.82797209238332,-1.632730448729,172.52699194969));
#864=CARTESIAN_POINT('Ctrl Pts',(-4.38069663442643,-0.797145573486058,171.423890060835));
#865=CARTESIAN_POINT('Ctrl Pts',(-3.9089561377865,-0.524786070832593,171.08993058215));
#866=CARTESIAN_POINT('Ctrl Pts',(-3.45416345661236,-0.262211393931236,170.80882572529));
#867=CARTESIAN_POINT('',(-2.96562259244849,0.452860507396125,170.543287427342));
#868=CARTESIAN_POINT('Ctrl Pts',(-3.45416345661233,-0.262211393931214,170.80882572529));
#869=CARTESIAN_POINT('Ctrl Pts',(-3.43171377539119,-0.249250064435466,170.794949700703));
#870=CARTESIAN_POINT('Ctrl Pts',(-3.40964595499207,-0.235345647075211,170.781361245265));
#871=CARTESIAN_POINT('Ctrl Pts',(-3.29268729082663,-0.155017245729444,170.709700241766));
#872=CARTESIAN_POINT('Ctrl Pts',(-3.20621883074232,-0.0712756198281613,
170.657994123569));
#873=CARTESIAN_POINT('Ctrl Pts',(-3.08829900304049,0.0968296932767544,170.59249741061));
#874=CARTESIAN_POINT('Ctrl Pts',(-3.04869388087582,0.170927446893178,170.572162173342));
#875=CARTESIAN_POINT('Ctrl Pts',(-2.99405560619822,0.315681014065108,170.548715548429));
#876=CARTESIAN_POINT('Ctrl Pts',(-2.97622909228643,0.383402307724359,170.543288839862));
#877=CARTESIAN_POINT('Ctrl Pts',(-2.96562259244849,0.452860507396125,170.543288839862));
#878=CARTESIAN_POINT('',(-1.875,2.3418742493994,170.543287427342));
#879=CARTESIAN_POINT('Origin',(0.,0.,170.543287427341));
#880=CARTESIAN_POINT('',(-1.5,3.12249899922587,170.80882572531));
#881=CARTESIAN_POINT('Ctrl Pts',(-1.875,2.3418742493994,170.543288839862));
#882=CARTESIAN_POINT('Ctrl Pts',(-1.82567644112081,2.38136470151151,170.543288839862));
#883=CARTESIAN_POINT('Ctrl Pts',(-1.78045277641262,2.42523909307479,170.547676425065));
#884=CARTESIAN_POINT('Ctrl Pts',(-1.68582853276778,2.53596582432368,170.567591280829));
#885=CARTESIAN_POINT('Ctrl Pts',(-1.64087886319418,2.60447027954109,170.586072048822));
#886=CARTESIAN_POINT('Ctrl Pts',(-1.55445227316341,2.77781686715852,170.644587631206));
#887=CARTESIAN_POINT('Ctrl Pts',(-1.52294016108948,2.88419414310618,170.689723116345));
#888=CARTESIAN_POINT('Ctrl Pts',(-1.50287497168936,3.03451395285213,170.762763365667));
#889=CARTESIAN_POINT('Ctrl Pts',(-1.49999999999857,3.07870117778762,170.785381384677));
#890=CARTESIAN_POINT('Ctrl Pts',(-1.5,3.12249899923182,170.808825725299));
#891=CARTESIAN_POINT('Ctrl Pts',(-1.5,3.12249899923179,170.808825725299));
#892=CARTESIAN_POINT('Ctrl Pts',(-1.5,4.44314009859297,171.515745812913));
#893=CARTESIAN_POINT('Ctrl Pts',(-1.5,6.14911921979268,172.700192021283));
#894=CARTESIAN_POINT('Ctrl Pts',(-1.5,8.64580823289666,174.636278621438));
#895=CARTESIAN_POINT('Origin',(0.,0.,178.608825725281));
#896=CARTESIAN_POINT('',(-9.70832173992886,-2.3976006744295,178.608825725281));
#897=CARTESIAN_POINT('Origin',(0.,0.,178.608825725281));
#898=CARTESIAN_POINT('',(-9.70832173992886,-2.3976006744295,178.608825725281));
#899=CARTESIAN_POINT('Origin',(2.5,8.64580823289529,178.608825725281));
#900=CARTESIAN_POINT('',(2.77777777777778,9.60645359210588,175.608825725281));
#901=CARTESIAN_POINT('',(1.5,8.6458082329548,174.636278621529));
#902=CARTESIAN_POINT('Ctrl Pts',(2.77777777777779,9.60645359210588,175.608825725281));
#903=CARTESIAN_POINT('Ctrl Pts',(2.68605470537874,9.63297600329297,175.608825725281));
#904=CARTESIAN_POINT('Ctrl Pts',(2.59189336219387,9.6459699701291,175.59899540198));
#905=CARTESIAN_POINT('Ctrl Pts',(2.37836086431306,9.64559767334148,175.555893803423));
#906=CARTESIAN_POINT('Ctrl Pts',(2.26296747473585,9.6238769574315,175.517585052701));
#907=CARTESIAN_POINT('Ctrl Pts',(2.02354552886678,9.53636337200405,175.407455973418));
#908=CARTESIAN_POINT('Ctrl Pts',(1.90764597035448,9.46204762821042,175.331029682163));
#909=CARTESIAN_POINT('Ctrl Pts',(1.69393528887795,9.25977193652926,175.140716369688));
#910=CARTESIAN_POINT('Ctrl Pts',(1.60794134669525,9.12349112739134,175.022522863191));
#911=CARTESIAN_POINT('Ctrl Pts',(1.51929218173496,8.87135392472286,174.814018699285));
#912=CARTESIAN_POINT('Ctrl Pts',(1.50000000000928,8.75920014319866,174.72420970014));
#913=CARTESIAN_POINT('Ctrl Pts',(1.5,8.64580823297714,174.636278621501));
#914=CARTESIAN_POINT('',(2.77777777777778,9.60645359210588,178.608825725281));
#915=CARTESIAN_POINT('',(2.77777777777778,9.60645359210588,178.608825725281));
#916=CARTESIAN_POINT('',(1.5,8.64580823289529,178.608825725281));
#917=CARTESIAN_POINT('Origin',(2.5,8.64580823289529,178.608825725281));
#918=CARTESIAN_POINT('',(1.5,8.64580823289529,178.608825725281));
#919=CARTESIAN_POINT('Ctrl Pts',(-10.,-1.22464679914735E-15,175.608825725281));
#920=CARTESIAN_POINT('Ctrl Pts',(-10.,-10.,175.608825725281));
#921=CARTESIAN_POINT('Ctrl Pts',(1.22464679914735E-15,-10.,175.608825725281));
#922=CARTESIAN_POINT('Ctrl Pts',(10.,-10.,175.608825725281));
#923=CARTESIAN_POINT('Ctrl Pts',(10.,1.22464679914735E-15,175.608825725281));
#924=CARTESIAN_POINT('Ctrl Pts',(10.,10.,175.608825725281));
#925=CARTESIAN_POINT('Ctrl Pts',(-1.22464679914735E-15,10.,175.608825725281));
#926=CARTESIAN_POINT('Ctrl Pts',(-10.,10.,175.608825725281));
#927=CARTESIAN_POINT('Ctrl Pts',(-10.,-1.22464679914735E-15,175.608825725281));
#928=CARTESIAN_POINT('Ctrl Pts',(-2.5,-3.06161699786838E-16,169.608825725281));
#929=CARTESIAN_POINT('Ctrl Pts',(-2.5,-2.5,169.608825725281));
#930=CARTESIAN_POINT('Ctrl Pts',(3.06161699786838E-16,-2.5,169.608825725281));
#931=CARTESIAN_POINT('Ctrl Pts',(2.5,-2.5,169.608825725281));
#932=CARTESIAN_POINT('Ctrl Pts',(2.5,3.06161699786838E-16,169.608825725281));
#933=CARTESIAN_POINT('Ctrl Pts',(2.5,2.5,169.608825725281));
#934=CARTESIAN_POINT('Ctrl Pts',(-3.06161699786838E-16,2.5,169.608825725281));
#935=CARTESIAN_POINT('Ctrl Pts',(-2.5,2.5,169.608825725281));
#936=CARTESIAN_POINT('Ctrl Pts',(-2.5,-3.06161699786838E-16,169.608825725281));
#937=CARTESIAN_POINT('Ctrl Pts',(0.,0.,169.608825725281));
#938=CARTESIAN_POINT('Ctrl Pts',(0.,0.,169.608825725281));
#939=CARTESIAN_POINT('Ctrl Pts',(0.,0.,169.608825725281));
#940=CARTESIAN_POINT('Ctrl Pts',(0.,0.,169.608825725281));
#941=CARTESIAN_POINT('Ctrl Pts',(0.,0.,169.608825725281));
#942=CARTESIAN_POINT('Ctrl Pts',(0.,0.,169.608825725281));
#943=CARTESIAN_POINT('Ctrl Pts',(0.,0.,169.608825725281));
#944=CARTESIAN_POINT('Ctrl Pts',(0.,0.,169.608825725281));
#945=CARTESIAN_POINT('Ctrl Pts',(0.,0.,169.608825725281));
#946=CARTESIAN_POINT('',(1.5,3.12249899921273,170.808825725296));
#947=CARTESIAN_POINT('Ctrl Pts',(1.5,8.64580823297712,174.636278621501));
#948=CARTESIAN_POINT('Ctrl Pts',(1.5,7.1656682025676,173.488486780309));
#949=CARTESIAN_POINT('Ctrl Pts',(1.50000000006005,5.86383760762094,172.527216352942));
#950=CARTESIAN_POINT('Ctrl Pts',(1.50000000006005,4.19265381134753,171.424065940607));
#951=CARTESIAN_POINT('Ctrl Pts',(1.5,3.64778850961871,171.090005605952));
#952=CARTESIAN_POINT('Ctrl Pts',(1.5,3.12249899921572,170.80882572529));
#953=CARTESIAN_POINT('',(1.875,2.3418742493994,170.543287427342));
#954=CARTESIAN_POINT('Ctrl Pts',(1.5,3.12249899921574,170.80882572529));
#955=CARTESIAN_POINT('Ctrl Pts',(1.49999999999957,3.0965763402235,170.794949700703));
#956=CARTESIAN_POINT('Ctrl Pts',(1.50100766845882,3.07051283847159,170.781361245265));
#957=CARTESIAN_POINT('Ctrl Pts',(1.51209477258691,2.92905946343895,170.709700241766));
#958=CARTESIAN_POINT('Ctrl Pts',(1.54138291792944,2.81230476742907,170.657994123569));
#959=CARTESIAN_POINT('Ctrl Pts',(1.62800647573861,2.62613054447674,170.59249741061));
#960=CARTESIAN_POINT('Ctrl Pts',(1.67237445165145,2.554782625754,170.572162173342));
#961=CARTESIAN_POINT('Ctrl Pts',(1.77041558077203,2.4350877082782,170.548715548429));
#962=CARTESIAN_POINT('Ctrl Pts',(1.82015068450215,2.38578884754012,170.543288839862));
#963=CARTESIAN_POINT('Ctrl Pts',(1.875,2.3418742493994,170.543288839862));
#964=CARTESIAN_POINT('',(2.96562259244849,0.452860507396119,170.543287427342));
#965=CARTESIAN_POINT('Origin',(0.,0.,170.543287427342));
#966=CARTESIAN_POINT('',(3.4541634566211,-0.262211393936285,170.80882572531));
#967=CARTESIAN_POINT('Ctrl Pts',(2.9656225924485,0.452860507396118,170.543288839862));
#968=CARTESIAN_POINT('Ctrl Pts',(2.97516054774492,0.390399826345626,170.543288839862));
#969=CARTESIAN_POINT('Ctrl Pts',(2.99054505306021,0.329297788074464,170.547676425065));
#970=CARTESIAN_POINT('Ctrl Pts',(3.03912509337734,0.191987423639696,170.567591280829));
#971=CARTESIAN_POINT('Ctrl Pts',(3.07597685708123,0.118807640288545,170.586072048822));
#972=CARTESIAN_POINT('Ctrl Pts',(3.1828861106019,-0.0427132760492941,170.644587631206));
#973=CARTESIAN_POINT('Ctrl Pts',(3.25925547792099,-0.123192203606048,170.689723116345));
#974=CARTESIAN_POINT('Ctrl Pts',(3.37940365715298,-0.215729072231272,170.762763365667));
#975=CARTESIAN_POINT('Ctrl Pts',(3.41623343062443,-0.240312483218393,170.785381384677));
#976=CARTESIAN_POINT('Ctrl Pts',(3.45416345662625,-0.262211393939263,170.808825725299));
#977=CARTESIAN_POINT('',(8.23748956593683,-3.02386601077149,174.636278621439));
#978=CARTESIAN_POINT('Ctrl Pts',(3.45416345662623,-0.262211393939249,170.808825725299));
#979=CARTESIAN_POINT('Ctrl Pts',(4.59787489513507,-0.922533500837585,171.515747480025));
#980=CARTESIAN_POINT('Ctrl Pts',(6.07529830323339,-1.7755243032102,172.700196362303));
#981=CARTESIAN_POINT('Ctrl Pts',(8.23748956593716,-3.02386601077168,174.636278621438));
#982=CARTESIAN_POINT('',(9.70832173992885,-2.39760067442951,175.608825725281));
#983=CARTESIAN_POINT('Ctrl Pts',(8.23748956593715,-3.02386601077168,174.636278621438));
#984=CARTESIAN_POINT('Ctrl Pts',(8.36914916020292,-3.09987971296218,174.754170044412));
#985=CARTESIAN_POINT('Ctrl Pts',(8.51732219854333,-3.1453747446072,174.876360747785));
#986=CARTESIAN_POINT('Ctrl Pts',(8.80162435663319,-3.16434265027697,175.093186268466));
#987=CARTESIAN_POINT('Ctrl Pts',(8.93733783864026,-3.14761858398038,175.190065369957));
#988=CARTESIAN_POINT('Ctrl Pts',(9.17643824243201,-3.06348929570887,175.348504782252));
#989=CARTESIAN_POINT('Ctrl Pts',(9.28091262820838,-3.00627358225522,175.413173105604));
#990=CARTESIAN_POINT('Ctrl Pts',(9.45569078287024,-2.86139672706942,175.51189223063));
#991=CARTESIAN_POINT('Ctrl Pts',(9.52767033132004,-2.78068842941157,175.548514152103));
#992=CARTESIAN_POINT('Ctrl Pts',(9.64113205680958,-2.59848582617553,175.596559975888));
#993=CARTESIAN_POINT('Ctrl Pts',(9.68274020712883,-2.50118495919884,175.608825725281));
#994=CARTESIAN_POINT('Ctrl Pts',(9.70832173992886,-2.3976006744295,175.608825725281));
#995=CARTESIAN_POINT('Origin',(0.,0.,175.608825725281));
#996=CARTESIAN_POINT('Origin',(1.5,9.8868599666426,178.608825725281));
#997=CARTESIAN_POINT('',(1.5,3.1224989991992,178.608825725281));
#998=CARTESIAN_POINT('',(1.5,9.8868599666426,178.608825725281));
#999=CARTESIAN_POINT('',(1.5,3.1224989991992,178.608825725281));
#1000=CARTESIAN_POINT('Origin',(8.73748956593597,-2.15784060698656,178.608825725281));
#1001=CARTESIAN_POINT('',(8.23748956593597,-3.02386601077099,178.608825725281));
#1002=CARTESIAN_POINT('',(8.23748956593597,-3.02386601077099,178.608825725281));
#1003=CARTESIAN_POINT('',(9.70832173992885,-2.39760067442951,178.608825725281));
#1004=CARTESIAN_POINT('Origin',(8.73748956593597,-2.15784060698656,178.608825725281));
#1005=CARTESIAN_POINT('',(9.70832173992885,-2.39760067442951,178.608825725281));
#1006=CARTESIAN_POINT('Origin',(3.00000000000037,-2.15938378289593E-13,
178.608825725281));
#1007=CARTESIAN_POINT('',(3.45416345659799,-0.262211393922946,178.608825725281));
#1008=CARTESIAN_POINT('',(3.45416345659799,-0.262211393922946,178.608825725281));
#1009=CARTESIAN_POINT('',(3.00000000000037,-2.15938378289593E-13,178.608825725281));
#1010=CARTESIAN_POINT('Origin',(6.23748956593597,-6.48796762590875,178.608825725281));
#1011=CARTESIAN_POINT('',(6.93054396215107,-7.20885291767639,175.608825725281));
#1012=CARTESIAN_POINT('',(6.73748956598748,-5.62194222215405,174.636278621529));
#1013=CARTESIAN_POINT('Ctrl Pts',(6.93054396215107,-7.20885291767638,175.608825725281));
#1014=CARTESIAN_POINT('Ctrl Pts',(6.99937458020824,-7.14267961245919,175.608825725281));
#1015=CARTESIAN_POINT('Ctrl Pts',(7.0577083571767,-7.0676304806247,175.59899540198));
#1016=CARTESIAN_POINT('Ctrl Pts',(7.16415218764134,-6.88251976453242,175.555893803423));
#1017=CARTESIAN_POINT('Ctrl Pts',(7.20303819066348,-6.77172579977468,175.517585052701));
#1018=CARTESIAN_POINT('Ctrl Pts',(7.24696017544154,-6.52062351971504,175.407455973418));
#1019=CARTESIAN_POINT('Ctrl Pts',(7.24055063267129,-6.38309368585925,175.331029682163));
#1020=CARTESIAN_POINT('Ctrl Pts',(7.17223008584556,-6.09687696079975,175.140716369688));
#1021=CARTESIAN_POINT('Ctrl Pts',(7.09720441417513,-5.95426361772902,175.022522863191));
#1022=CARTESIAN_POINT('Ctrl Pts',(6.92317177390524,-5.75142258751493,174.814018699285));
#1023=CARTESIAN_POINT('Ctrl Pts',(6.83568984083765,-5.67863817728401,174.72420970014));
#1024=CARTESIAN_POINT('Ctrl Pts',(6.73748956600686,-5.62194222216524,174.636278621501));
#1025=CARTESIAN_POINT('',(6.93054396215107,-7.20885291767639,178.608825725281));
#1026=CARTESIAN_POINT('',(6.93054396215107,-7.20885291767639,178.608825725281));
#1027=CARTESIAN_POINT('',(6.73748956593597,-5.62194222212431,178.608825725281));
#1028=CARTESIAN_POINT('Origin',(6.23748956593597,-6.48796762590875,178.608825725281));
#1029=CARTESIAN_POINT('',(6.73748956593597,-5.62194222212431,178.608825725281));
#1030=CARTESIAN_POINT('Origin',(0.,0.,178.608825725281));
#1031=CARTESIAN_POINT('',(-6.93054396215108,-7.20885291767638,175.608825725281));
#1032=CARTESIAN_POINT('Origin',(0.,0.,175.608825725281));
#1033=CARTESIAN_POINT('',(-6.93054396215108,-7.20885291767638,178.608825725281));
#1034=CARTESIAN_POINT('',(-6.93054396215108,-7.20885291767638,178.608825725281));
#1035=CARTESIAN_POINT('Origin',(0.,0.,178.608825725281));
#1036=CARTESIAN_POINT('Origin',(-6.23748956593597,-6.48796762590874,178.608825725281));
#1037=CARTESIAN_POINT('',(-6.73748956593683,-5.6219422221248,174.636278621439));
#1038=CARTESIAN_POINT('Ctrl Pts',(-6.73748956593716,-5.62194222212499,174.636278621438));
#1039=CARTESIAN_POINT('Ctrl Pts',(-6.86914916020281,-5.6979559243159,174.754170044413));
#1040=CARTESIAN_POINT('Ctrl Pts',(-6.98263553252354,-5.80353002385212,174.876360747785));
#1041=CARTESIAN_POINT('Ctrl Pts',(-7.14121329973506,-6.04025896227376,175.093186268466));
#1042=CARTESIAN_POINT('Ctrl Pts',(-7.19458657447115,-6.16615231847625,175.190065369957));
#1043=CARTESIAN_POINT('Ctrl Pts',(-7.24127867552159,-6.41528398635077,175.348504782252));
#1044=CARTESIAN_POINT('Ctrl Pts',(-7.24396560706324,-6.53436931520471,175.413173105604));
#1045=CARTESIAN_POINT('Ctrl Pts',(-7.20588764738288,-6.75817006476135,175.51189223063));
#1046=CARTESIAN_POINT('Ctrl Pts',(-7.17198198553986,-6.86086033110073,175.548514152103));
#1047=CARTESIAN_POINT('Ctrl Pts',(-7.07092076524657,-7.0502223693499,175.596559975888));
#1048=CARTESIAN_POINT('Ctrl Pts',(-7.00745981779411,-7.13490651801918,175.608825725281));
#1049=CARTESIAN_POINT('Ctrl Pts',(-6.93054396215108,-7.20885291767638,175.608825725281));
#1050=CARTESIAN_POINT('',(-6.73748956593597,-5.6219422221243,178.608825725281));
#1051=CARTESIAN_POINT('',(-6.73748956593597,-5.6219422221243,178.608825725281));
#1052=CARTESIAN_POINT('Origin',(-6.23748956593597,-6.48796762590874,178.608825725281));
#1053=CARTESIAN_POINT('Origin',(-1.50000000000037,-2.59807621135353,178.608825725281));
#1054=CARTESIAN_POINT('',(-1.95416345662111,-2.8602876052896,170.80882572531));
#1055=CARTESIAN_POINT('Ctrl Pts',(-1.95416345662629,-2.86028760529259,170.808825725299));
#1056=CARTESIAN_POINT('Ctrl Pts',(-3.09787489513531,-3.52060971219103,171.515747480025));
#1057=CARTESIAN_POINT('Ctrl Pts',(-4.57529830323372,-4.3736005145637,172.700196362303));
#1058=CARTESIAN_POINT('Ctrl Pts',(-6.73748956593716,-5.62194222212498,174.636278621438));
#1059=CARTESIAN_POINT('',(-1.954163456598,-2.86028760527626,178.608825725281));
#1060=CARTESIAN_POINT('',(-1.954163456598,-2.86028760527626,178.608825725281));
#1061=CARTESIAN_POINT('',(-1.50000000000037,-2.59807621135353,178.608825725281));
#1062=CARTESIAN_POINT('Origin',(-8.73748956593597,-2.15784060698655,178.608825725281));
#1063=CARTESIAN_POINT('',(-8.23748956593597,-3.02386601077098,178.608825725281));
#1064=CARTESIAN_POINT('Origin',(-8.73748956593597,-2.15784060698655,178.608825725281));
#1065=CARTESIAN_POINT('',(-8.23748956593597,-3.02386601077098,178.608825725281));
#1066=CARTESIAN_POINT('Origin',(-2.5,3.1224989991992,178.608825725281));
#1067=CARTESIAN_POINT('',(-1.875,2.3418742493994,178.608825725281));
#1068=CARTESIAN_POINT('',(-1.875,2.3418742493994,178.608825725281));
#1069=CARTESIAN_POINT('',(-1.5,3.1224989991992,178.608825725281));
#1070=CARTESIAN_POINT('Origin',(-2.5,3.1224989991992,178.608825725281));
#1071=CARTESIAN_POINT('',(-1.5,3.1224989991992,178.608825725281));
#1072=CARTESIAN_POINT('Origin',(0.,0.,178.608825725281));
#1073=CARTESIAN_POINT('',(-2.96562259244849,0.452860507396125,178.608825725281));
#1074=CARTESIAN_POINT('',(-2.96562259244849,0.452860507396125,178.608825725281));
#1075=CARTESIAN_POINT('Origin',(0.,0.,178.608825725281));
#1076=CARTESIAN_POINT('Origin',(2.5,3.1224989991992,178.608825725281));
#1077=CARTESIAN_POINT('',(1.875,2.3418742493994,178.608825725281));
#1078=CARTESIAN_POINT('Origin',(2.5,3.1224989991992,178.608825725281));
#1079=CARTESIAN_POINT('',(1.875,2.3418742493994,178.608825725281));
#1080=CARTESIAN_POINT('Origin',(3.95416345659799,0.603814009861492,178.608825725281));
#1081=CARTESIAN_POINT('',(2.96562259244849,0.452860507396119,178.608825725281));
#1082=CARTESIAN_POINT('',(2.9656225924485,0.452860507396119,178.608825725281));
#1083=CARTESIAN_POINT('Origin',(3.95416345659799,0.603814009861492,178.608825725281));
#1084=CARTESIAN_POINT('Origin',(1.45416345659799,-3.7263130090607,178.608825725281));
#1085=CARTESIAN_POINT('',(1.95416345660971,-2.86028760528303,170.808825725296));
#1086=CARTESIAN_POINT('',(1.09062259244849,-2.79473475679552,170.543287427342));
#1087=CARTESIAN_POINT('Ctrl Pts',(1.95416345661233,-2.86028760528454,170.80882572529));
#1088=CARTESIAN_POINT('Ctrl Pts',(1.93171377539163,-2.84732627578805,170.794949700703));
#1089=CARTESIAN_POINT('Ctrl Pts',(1.90863828653325,-2.83516719139638,170.781361245265));
#1090=CARTESIAN_POINT('Ctrl Pts',(1.78059251823982,-2.77404221770936,170.709700241766));
#1091=CARTESIAN_POINT('Ctrl Pts',(1.6648359128129,-2.74102914760081,170.657994123569));
#1092=CARTESIAN_POINT('Ctrl Pts',(1.46029252730192,-2.72296023775359,170.59249741061));
#1093=CARTESIAN_POINT('Ctrl Pts',(1.3763194292244,-2.72571007264722,170.572162173342));
#1094=CARTESIAN_POINT('Ctrl Pts',(1.22364002542615,-2.75076872234346,170.548715548429));
#1095=CARTESIAN_POINT('Ctrl Pts',(1.15607840778427,-2.76919115526455,170.543288839862));
#1096=CARTESIAN_POINT('Ctrl Pts',(1.09062259244849,-2.79473475679552,170.543288839862));
#1097=CARTESIAN_POINT('',(1.95416345659799,-2.86028760527626,178.608825725281));
#1098=CARTESIAN_POINT('',(1.95416345659799,-2.86028760527626,178.608825725281));
#1099=CARTESIAN_POINT('',(1.09062259244849,-2.79473475679552,178.608825725281));
#1100=CARTESIAN_POINT('Origin',(1.45416345659799,-3.7263130090607,178.608825725281));
#1101=CARTESIAN_POINT('',(1.09062259244849,-2.79473475679552,178.608825725281));
#1102=CARTESIAN_POINT('Ctrl Pts',(-10.,-1.22464679914735E-15,175.608825725281));
#1103=CARTESIAN_POINT('Ctrl Pts',(-10.,-10.,175.608825725281));
#1104=CARTESIAN_POINT('Ctrl Pts',(1.22464679914735E-15,-10.,175.608825725281));
#1105=CARTESIAN_POINT('Ctrl Pts',(10.,-10.,175.608825725281));
#1106=CARTESIAN_POINT('Ctrl Pts',(10.,1.22464679914735E-15,175.608825725281));
#1107=CARTESIAN_POINT('Ctrl Pts',(10.,10.,175.608825725281));
#1108=CARTESIAN_POINT('Ctrl Pts',(-1.22464679914735E-15,10.,175.608825725281));
#1109=CARTESIAN_POINT('Ctrl Pts',(-10.,10.,175.608825725281));
#1110=CARTESIAN_POINT('Ctrl Pts',(-10.,-1.22464679914735E-15,175.608825725281));
#1111=CARTESIAN_POINT('Ctrl Pts',(-2.5,-3.06161699786838E-16,169.608825725281));
#1112=CARTESIAN_POINT('Ctrl Pts',(-2.5,-2.5,169.608825725281));
#1113=CARTESIAN_POINT('Ctrl Pts',(3.06161699786838E-16,-2.5,169.608825725281));
#1114=CARTESIAN_POINT('Ctrl Pts',(2.5,-2.5,169.608825725281));
#1115=CARTESIAN_POINT('Ctrl Pts',(2.5,3.06161699786838E-16,169.608825725281));
#1116=CARTESIAN_POINT('Ctrl Pts',(2.5,2.5,169.608825725281));
#1117=CARTESIAN_POINT('Ctrl Pts',(-3.06161699786838E-16,2.5,169.608825725281));
#1118=CARTESIAN_POINT('Ctrl Pts',(-2.5,2.5,169.608825725281));
#1119=CARTESIAN_POINT('Ctrl Pts',(-2.5,-3.06161699786838E-16,169.608825725281));
#1120=CARTESIAN_POINT('Ctrl Pts',(0.,0.,169.608825725281));
#1121=CARTESIAN_POINT('Ctrl Pts',(0.,0.,169.608825725281));
#1122=CARTESIAN_POINT('Ctrl Pts',(0.,0.,169.608825725281));
#1123=CARTESIAN_POINT('Ctrl Pts',(0.,0.,169.608825725281));
#1124=CARTESIAN_POINT('Ctrl Pts',(0.,0.,169.608825725281));
#1125=CARTESIAN_POINT('Ctrl Pts',(0.,0.,169.608825725281));
#1126=CARTESIAN_POINT('Ctrl Pts',(0.,0.,169.608825725281));
#1127=CARTESIAN_POINT('Ctrl Pts',(0.,0.,169.608825725281));
#1128=CARTESIAN_POINT('Ctrl Pts',(0.,0.,169.608825725281));
#1129=CARTESIAN_POINT('Ctrl Pts',(6.73748956600683,-5.62194222216522,174.636278621501));
#1130=CARTESIAN_POINT('Ctrl Pts',(5.45554103843451,-4.88180889468409,173.488388587824));
#1131=CARTESIAN_POINT('Ctrl Pts',(4.3279720923236,-4.23080666018635,172.526991949691));
#1132=CARTESIAN_POINT('Ctrl Pts',(2.88069663436686,-3.39522178494349,171.423890060835));
#1133=CARTESIAN_POINT('Ctrl Pts',(2.40895613778671,-3.12286228218604,171.08993058215));
#1134=CARTESIAN_POINT('Ctrl Pts',(1.95416345661233,-2.86028760528454,170.80882572529));
#1135=CARTESIAN_POINT('',(-1.0906225924485,-2.79473475679552,170.543287427342));
#1136=CARTESIAN_POINT('Origin',(0.,0.,170.543287427342));
#1137=CARTESIAN_POINT('Ctrl Pts',(-1.0906225924485,-2.79473475679552,170.543288839862));
#1138=CARTESIAN_POINT('Ctrl Pts',(-1.14948410662403,-2.77176452785717,170.543288839862));
#1139=CARTESIAN_POINT('Ctrl Pts',(-1.21009227664742,-2.75453688114929,170.547676425065));
#1140=CARTESIAN_POINT('Ctrl Pts',(-1.35329656060962,-2.72795324796337,170.567591280829));
#1141=CARTESIAN_POINT('Ctrl Pts',(-1.43509799388717,-2.72327791982964,170.586072048822));
#1142=CARTESIAN_POINT('Ctrl Pts',(-1.62843383743849,-2.73510359110924,170.644587631206));
#1143=CARTESIAN_POINT('Ctrl Pts',(-1.73631531683151,-2.76100193950014,170.689723116345));
#1144=CARTESIAN_POINT('Ctrl Pts',(-1.87652868546362,-2.81878488062088,170.762763365667));
#1145=CARTESIAN_POINT('Ctrl Pts',(-1.91623343062585,-2.83838869456922,170.785381384677));
#1146=CARTESIAN_POINT('Ctrl Pts',(-1.95416345662625,-2.86028760529257,170.808825725299));
#1147=CARTESIAN_POINT('Origin',(0.,0.,178.608825725281));
#1148=CARTESIAN_POINT('',(-1.0906225924485,-2.79473475679552,178.608825725281));
#1149=CARTESIAN_POINT('Origin',(0.,0.,178.608825725281));
#1150=CARTESIAN_POINT('',(-1.0906225924485,-2.79473475679552,178.608825725281));
#1151=CARTESIAN_POINT('Origin',(-1.454163456598,-3.7263130090607,178.608825725281));
#1152=CARTESIAN_POINT('Origin',(-1.454163456598,-3.7263130090607,178.608825725281));
#1153=CARTESIAN_POINT('Origin',(-3.95416345659799,0.6038140098615,178.608825725281));
#1154=CARTESIAN_POINT('',(-3.45416345659799,-0.262211393922938,178.608825725281));
#1155=CARTESIAN_POINT('',(-3.45416345659799,-0.262211393922938,178.608825725281));
#1156=CARTESIAN_POINT('Origin',(-3.95416345659799,0.6038140098615,178.608825725281));
#1157=CARTESIAN_POINT('Origin',(7.81227189477185,-6.24246808899796,178.608825725281));
#1158=CARTESIAN_POINT('',(7.81227189477185,-6.24246808899796,178.608825725281));
#1159=CARTESIAN_POINT('Origin',(0.,0.,178.608825725281));
#1160=CARTESIAN_POINT('Origin',(0.,0.,178.608825725281));
#1161=CARTESIAN_POINT('Origin',(-1.5,2.59807621135374,178.608825725281));
#1162=CARTESIAN_POINT('',(-1.5,2.59807621135374,178.608825725281));
#1163=CARTESIAN_POINT('Origin',(-9.31227189477186,-3.64439187764464,178.608825725281));
#1164=CARTESIAN_POINT('',(-9.31227189477186,-3.64439187764464,178.608825725281));
#1165=CARTESIAN_POINT('Origin',(0.,0.,178.608825725281));
#1166=CARTESIAN_POINT('Origin',(0.,0.,178.608825725281));
#1167=CARTESIAN_POINT('Ctrl Pts',(-12.2300940545378,0.769357923521731,176.093724267817));
#1168=CARTESIAN_POINT('Ctrl Pts',(-12.2264452312886,0.829305580187928,176.093701884316));
#1169=CARTESIAN_POINT('Ctrl Pts',(-12.2223578852264,0.889264887753616,176.093684259492));
#1170=CARTESIAN_POINT('Ctrl Pts',(-12.2031489180746,1.14336722460543,176.093633513698));
#1171=CARTESIAN_POINT('Ctrl Pts',(-12.1837841229635,1.33751134131336,176.093656374809));
#1172=CARTESIAN_POINT('Ctrl Pts',(-12.0972084413183,2.03006747974684,176.094189236299));
#1173=CARTESIAN_POINT('Ctrl Pts',(-12.0023442625532,2.52326766624316,176.095093490804));
#1174=CARTESIAN_POINT('Ctrl Pts',(-11.8312107927513,3.19975761975987,176.095644961632));
#1175=CARTESIAN_POINT('Ctrl Pts',(-11.7777936181133,3.39190434106249,176.095741854369));
#1176=CARTESIAN_POINT('Ctrl Pts',(-11.5745764231045,4.06148625380957,176.096004560646));
#1177=CARTESIAN_POINT('Ctrl Pts',(-11.3982510917597,4.53562981211271,176.096139290944));
#1178=CARTESIAN_POINT('Ctrl Pts',(-11.1543009504709,5.08058539085302,176.095706609949));
#1179=CARTESIAN_POINT('Ctrl Pts',(-11.1144906075132,5.16681630222353,176.095609847044));
#1180=CARTESIAN_POINT('Ctrl Pts',(-10.8460050873243,5.73164608464567,176.094987823907));
#1181=CARTESIAN_POINT('Ctrl Pts',(-10.3257591673024,6.66398806548972,176.094893435222));
#1182=CARTESIAN_POINT('Ctrl Pts',(-9.69251875114106,7.51870513727027,176.095957972074));
#1183=CARTESIAN_POINT('Ctrl Pts',(-9.3211823448593,7.95650473501471,176.095081434177));
#1184=CARTESIAN_POINT('Ctrl Pts',(-9.29421152184957,7.98796430731863,176.095015337605));
#1185=CARTESIAN_POINT('Ctrl Pts',(-8.93655450336202,8.40080594933056,176.094285353732));
#1186=CARTESIAN_POINT('Ctrl Pts',(-8.58364212348095,8.76146716803071,176.09484358411));
#1187=CARTESIAN_POINT('Ctrl Pts',(-8.19401490909669,9.11297000085529,176.09486813185));
#1188=CARTESIAN_POINT('Ctrl Pts',(-8.17920256880261,9.12625938776334,176.094880951664));
#1189=CARTESIAN_POINT('Ctrl Pts',(-7.97154237019917,9.31175421199779,176.095058177416));
#1190=CARTESIAN_POINT('Ctrl Pts',(-7.57389695889926,9.64509134505774,176.096083446316));
#1191=CARTESIAN_POINT('Ctrl Pts',(-7.15667714366341,9.9516887941169,176.095880670161));
#1192=CARTESIAN_POINT('Ctrl Pts',(-6.94189352532991,10.0993915084264,176.095729435128));
#1193=CARTESIAN_POINT('Ctrl Pts',(-6.94048040726606,10.1003626425447,176.09572863604));
#1194=CARTESIAN_POINT('Ctrl Pts',(-6.72516890704542,10.2482902241135,176.095553040081));
#1195=CARTESIAN_POINT('Ctrl Pts',(-6.28837425702928,10.5288582809103,176.096320084629));
#1196=CARTESIAN_POINT('Ctrl Pts',(-5.83303816244732,10.7811583011916,176.095788658089));
#1197=CARTESIAN_POINT('Ctrl Pts',(-5.58197145725454,10.910158749735,176.095060157165));
#1198=CARTESIAN_POINT('Ctrl Pts',(-5.56146988958286,10.9206188539608,176.095008523964));
#1199=CARTESIAN_POINT('Ctrl Pts',(-5.31456843274486,11.0457579131967,176.094428851069));
#1200=CARTESIAN_POINT('Ctrl Pts',(-4.85420207575327,11.2615492804301,176.094822950057));
#1201=CARTESIAN_POINT('Ctrl Pts',(-4.38175139740219,11.4482005944232,176.095297277139));
#1202=CARTESIAN_POINT('Ctrl Pts',(-4.10092910148054,11.5492167854217,176.095494032345));
#1203=CARTESIAN_POINT('Ctrl Pts',(-4.05917287247644,11.5639621680914,176.095523765609));
#1204=CARTESIAN_POINT('Ctrl Pts',(-3.50229979961032,11.7575623010836,176.095816095758));
#1205=CARTESIAN_POINT('Ctrl Pts',(-2.44328357348012,12.0421451044843,176.096059374405));
#1206=CARTESIAN_POINT('Ctrl Pts',(-1.3752633958012,12.1887904406007,176.095810226787));
#1207=CARTESIAN_POINT('Ctrl Pts',(-0.729309977907727,12.234549813281,176.095560409158));
#1208=CARTESIAN_POINT('Ctrl Pts',(-0.630126813120892,12.240195635565,176.095511280102));
#1209=CARTESIAN_POINT('Ctrl Pts',(-0.0852922633261497,12.2641990819527,
176.095464765772));
#1210=CARTESIAN_POINT('Ctrl Pts',(0.358671909771819,12.2571247944675,176.096009829559));
#1211=CARTESIAN_POINT('Ctrl Pts',(0.997920875478898,12.2145964456575,176.095508617116));
#1212=CARTESIAN_POINT('Ctrl Pts',(1.19728505617201,12.196702914121,176.095238157271));
#1213=CARTESIAN_POINT('Ctrl Pts',(1.70494933982037,12.1391188198167,176.095164958932));
#1214=CARTESIAN_POINT('Ctrl Pts',(2.3246475123405,12.0437946595013,176.095774995048));
#1215=CARTESIAN_POINT('Ctrl Pts',(2.92567977814537,11.9044421809701,176.096694481941));
#1216=CARTESIAN_POINT('Ctrl Pts',(3.41980015735101,11.77094381914,176.096657182753));
#1217=CARTESIAN_POINT('Ctrl Pts',(3.61198157476851,11.7137866501416,176.096307679855));
#1218=CARTESIAN_POINT('Ctrl Pts',(4.22113779934734,11.5157667917358,176.095548040882));
#1219=CARTESIAN_POINT('Ctrl Pts',(4.63178431528239,11.3578032783009,176.095236938112));
#1220=CARTESIAN_POINT('Ctrl Pts',(5.12669770185559,11.1325198268919,176.096016837978));
#1221=CARTESIAN_POINT('Ctrl Pts',(5.21656971875771,11.0901512357199,176.096251402275));
#1222=CARTESIAN_POINT('Ctrl Pts',(5.80106312814262,10.8036543213621,176.097088293418));
#1223=CARTESIAN_POINT('Ctrl Pts',(6.48912955295112,10.4135660516048,176.09701085339));
#1224=CARTESIAN_POINT('Ctrl Pts',(7.39255326123345,9.78758913542044,176.095387420825));
#1225=CARTESIAN_POINT('Ctrl Pts',(7.81550287157408,9.44375541444481,176.095197259849));
#1226=CARTESIAN_POINT('Ctrl Pts',(8.05503194309832,9.23639335009438,176.09527829936));
#1227=CARTESIAN_POINT('Ctrl Pts',(8.08870930413414,9.20690591426183,176.095292382536));
#1228=CARTESIAN_POINT('Ctrl Pts',(8.31184515527354,9.00936347521226,176.09540186618));
#1229=CARTESIAN_POINT('Ctrl Pts',(8.68065395583273,8.66180293831805,176.095739215634));
#1230=CARTESIAN_POINT('Ctrl Pts',(9.02758508608653,8.29205032439709,176.09580881646));
#1231=CARTESIAN_POINT('Ctrl Pts',(9.20984795960479,8.08515154737285,176.095462804315));
#1232=CARTESIAN_POINT('Ctrl Pts',(9.22450117115876,8.06843048841433,176.095434171504));
#1233=CARTESIAN_POINT('Ctrl Pts',(9.40905756856917,7.85661883841128,176.095030445477));
#1234=CARTESIAN_POINT('Ctrl Pts',(9.73657048534191,7.45573247960602,176.09497097244));
#1235=CARTESIAN_POINT('Ctrl Pts',(10.0382283143054,7.03487855991452,176.095408914076));
#1236=CARTESIAN_POINT('Ctrl Pts',(10.1832495267525,6.81833435548774,176.095550941587));
#1237=CARTESIAN_POINT('Ctrl Pts',(10.1842761584576,6.81680097958908,176.095552171765));
#1238=CARTESIAN_POINT('Ctrl Pts',(10.3287740191213,6.60083098091376,176.095711522585));
#1239=CARTESIAN_POINT('Ctrl Pts',(10.6023887502528,6.16279447552861,176.096375415193));
#1240=CARTESIAN_POINT('Ctrl Pts',(10.8475637903511,5.70817672193166,176.095647434924));
#1241=CARTESIAN_POINT('Ctrl Pts',(10.971780066715,5.45952253132312,176.095318494523));
#1242=CARTESIAN_POINT('Ctrl Pts',(10.9806768166187,5.44160577951136,176.09529528311));
#1243=CARTESIAN_POINT('Ctrl Pts',(11.2115551930003,4.97382962926027,176.094707289258));
#1244=CARTESIAN_POINT('Ctrl Pts',(11.4066511166306,4.5091279170187,176.094488586696));
#1245=CARTESIAN_POINT('Ctrl Pts',(11.585287403154,3.99542082443874,176.094347973136));
#1246=CARTESIAN_POINT('Ctrl Pts',(11.5987189402798,3.9562123936569,176.094344082396));
#1247=CARTESIAN_POINT('Ctrl Pts',(11.7798489393463,3.41740277280933,176.094199569697));
#1248=CARTESIAN_POINT('Ctrl Pts',(12.0548767382798,2.40149600856429,176.094398640411));
#1249=CARTESIAN_POINT('Ctrl Pts',(12.1906514081646,1.34193741656488,176.095278211095));
#1250=CARTESIAN_POINT('Ctrl Pts',(12.2322318755978,0.728596717248001,176.09546833104));
#1251=CARTESIAN_POINT('Ctrl Pts',(12.2377850099846,0.633517444867642,176.095563601032));
#1252=CARTESIAN_POINT('Ctrl Pts',(12.2663899585805,0.0359724094800559,176.095817245893));
#1253=CARTESIAN_POINT('Ctrl Pts',(12.2579136829387,-0.479981651758119,176.096427239044));
#1254=CARTESIAN_POINT('Ctrl Pts',(12.199733734806,-1.17749543589699,176.095962478067));
#1255=CARTESIAN_POINT('Ctrl Pts',(12.1792316326785,-1.37082559356025,176.095603333845));
#1256=CARTESIAN_POINT('Ctrl Pts',(12.1221535547432,-1.81437914373246,176.095272683368));
#1257=CARTESIAN_POINT('Ctrl Pts',(12.04194841869,-2.31855111323494,176.095365632902));
#1258=CARTESIAN_POINT('Ctrl Pts',(11.9294536902042,-2.81512129950265,176.095367428513));
#1259=CARTESIAN_POINT('Ctrl Pts',(11.8165444871043,-3.25320132079803,176.095515199794));
#1260=CARTESIAN_POINT('Ctrl Pts',(11.7622404239458,-3.44516347782112,176.095641562064));
#1261=CARTESIAN_POINT('Ctrl Pts',(11.5543465729198,-4.1177127157571,176.095314983363));
#1262=CARTESIAN_POINT('Ctrl Pts',(11.3696155630301,-4.59491681802634,176.094939718948));
#1263=CARTESIAN_POINT('Ctrl Pts',(11.1254463515256,-5.13252755948939,176.094214747547));
#1264=CARTESIAN_POINT('Ctrl Pts',(11.0855839096463,-5.21807192615633,176.094012338019));
#1265=CARTESIAN_POINT('Ctrl Pts',(10.8209822553796,-5.77490408452166,176.093473407027));
#1266=CARTESIAN_POINT('Ctrl Pts',(10.2861318428754,-6.72922552622448,176.095490349968));
#1267=CARTESIAN_POINT('Ctrl Pts',(9.65079829045336,-7.56884771462096,176.096056465245));
#1268=CARTESIAN_POINT('Ctrl Pts',(9.2767259599094,-8.00697514501511,176.095292100734));
#1269=CARTESIAN_POINT('Ctrl Pts',(9.24935858273684,-8.03859568337951,176.095230734744));
#1270=CARTESIAN_POINT('Ctrl Pts',(8.88926671934881,-8.45086022226514,176.09494907433));
#1271=CARTESIAN_POINT('Ctrl Pts',(8.53373111465962,-8.80937851434822,176.096472578973));
#1272=CARTESIAN_POINT('Ctrl Pts',(8.14341993912878,-9.15765824523131,176.095489952982));
#1273=CARTESIAN_POINT('Ctrl Pts',(8.12909740867281,-9.17036870636197,176.095472288951));
#1274=CARTESIAN_POINT('Ctrl Pts',(7.92090205787967,-9.35437223612539,176.09514995207));
#1275=CARTESIAN_POINT('Ctrl Pts',(7.52210819061813,-9.68517406057002,176.095566532847));
#1276=CARTESIAN_POINT('Ctrl Pts',(7.10291055786437,-9.98982676333519,176.094715510961));
#1277=CARTESIAN_POINT('Ctrl Pts',(6.88787464544893,-10.1360157905868,176.095133991439));
#1278=CARTESIAN_POINT('Ctrl Pts',(6.88679838723337,-10.1367469959716,176.095136012001));
#1279=CARTESIAN_POINT('Ctrl Pts',(6.67112690342112,-10.2832654620057,176.095599645499));
#1280=CARTESIAN_POINT('Ctrl Pts',(6.23206220312078,-10.561467965918,176.096790952276));
#1281=CARTESIAN_POINT('Ctrl Pts',(5.77722524167655,-10.8108320074067,176.094898797703));
#1282=CARTESIAN_POINT('Ctrl Pts',(5.52513128204081,-10.9387782008549,176.094745535541));
#1283=CARTESIAN_POINT('Ctrl Pts',(5.50458532801661,-10.9491306386303,176.094730417702));
#1284=CARTESIAN_POINT('Ctrl Pts',(5.25593853239785,-11.0735507950314,176.094596861458));
#1285=CARTESIAN_POINT('Ctrl Pts',(4.79243954610683,-11.2873411540746,176.0943913856));
#1286=CARTESIAN_POINT('Ctrl Pts',(4.31834855781307,-11.471518687331,176.09452221333));
#1287=CARTESIAN_POINT('Ctrl Pts',(4.03634885860464,-11.5712670133328,176.09484614867));
#1288=CARTESIAN_POINT('Ctrl Pts',(3.99449177453331,-11.585819814453,176.094891402718));
#1289=CARTESIAN_POINT('Ctrl Pts',(3.43751393382297,-11.7759927623435,176.095709126701));
#1290=CARTESIAN_POINT('Ctrl Pts',(2.38722639910805,-12.0557068287203,176.096452876588));
#1291=CARTESIAN_POINT('Ctrl Pts',(1.30661834093132,-12.1996325832885,176.095403769426));
#1292=CARTESIAN_POINT('Ctrl Pts',(0.6599382972182,-12.2377278163996,176.094838490339));
#1293=CARTESIAN_POINT('Ctrl Pts',(0.55951213960541,-12.2423357254633,176.094707749163));
#1294=CARTESIAN_POINT('Ctrl Pts',(0.0266691809450043,-12.2602765036144,
176.094192217064));
#1295=CARTESIAN_POINT('Ctrl Pts',(-0.401442859741393,-12.2545481457922,
176.09369888325));
#1296=CARTESIAN_POINT('Ctrl Pts',(-1.03666805293822,-12.2133765906254,176.094529469222));
#1297=CARTESIAN_POINT('Ctrl Pts',(-1.23835696662833,-12.1950692312583,176.095067341387));
#1298=CARTESIAN_POINT('Ctrl Pts',(-1.75484567585635,-12.1339174774295,176.095819907908));
#1299=CARTESIAN_POINT('Ctrl Pts',(-2.37309629119249,-12.0352595678375,176.095701799776));
#1300=CARTESIAN_POINT('Ctrl Pts',(-2.9886878360551,-11.8901897783878,176.094742615857));
#1301=CARTESIAN_POINT('Ctrl Pts',(-3.48785798559699,-11.7501856903142,176.094283078965));
#1302=CARTESIAN_POINT('Ctrl Pts',(-3.68076629375745,-11.6907660280278,176.094329170433));
#1303=CARTESIAN_POINT('Ctrl Pts',(-4.27806965453358,-11.4908853433545,176.094770668362));
#1304=CARTESIAN_POINT('Ctrl Pts',(-4.67630217549803,-11.3355487545486,176.094972898918));
#1305=CARTESIAN_POINT('Ctrl Pts',(-5.16054992527434,-11.1160367810488,176.095353570808));
#1306=CARTESIAN_POINT('Ctrl Pts',(-5.25150717004431,-11.0733968075068,176.095461675568));
#1307=CARTESIAN_POINT('Ctrl Pts',(-5.83382990143606,-10.79053542842,176.095929441751));
#1308=CARTESIAN_POINT('Ctrl Pts',(-6.76863034141811,-10.2542329749569,176.097180711476));
#1309=CARTESIAN_POINT('Ctrl Pts',(-7.63899772223714,-9.59917211741592,176.095350728899));
#1310=CARTESIAN_POINT('Ctrl Pts',(-8.08332818718715,-9.21199496333692,176.094843215572));
#1311=CARTESIAN_POINT('Ctrl Pts',(-8.11711528700064,-9.18224395712578,176.094814778367));
#1312=CARTESIAN_POINT('Ctrl Pts',(-8.52684108116348,-8.81688771356366,176.094656163005));
#1313=CARTESIAN_POINT('Ctrl Pts',(-8.87941754298651,-8.4612279632363,176.096426325824));
#1314=CARTESIAN_POINT('Ctrl Pts',(-9.22647594878695,-8.06591863459226,176.096598592016));
#1315=CARTESIAN_POINT('Ctrl Pts',(-9.24166813719115,-8.04850388501198,176.096608364368));
#1316=CARTESIAN_POINT('Ctrl Pts',(-9.4249272584883,-7.83728086324407,176.096693168856));
#1317=CARTESIAN_POINT('Ctrl Pts',(-9.74901538929364,-7.43923466743111,176.095957139411));
#1318=CARTESIAN_POINT('Ctrl Pts',(-10.0475058447199,-7.02137826256576,176.094897325432));
#1319=CARTESIAN_POINT('Ctrl Pts',(-10.1910207318328,-6.80655628264615,176.095172039518));
#1320=CARTESIAN_POINT('Ctrl Pts',(-10.192083520889,-6.80496483058955,176.095173949837));
#1321=CARTESIAN_POINT('Ctrl Pts',(-10.3354896898985,-6.5900894729067,176.095464219246));
#1322=CARTESIAN_POINT('Ctrl Pts',(-10.6071268629558,-6.15432463161864,176.096617120106));
#1323=CARTESIAN_POINT('Ctrl Pts',(-10.8506241213583,-5.70221905244908,176.095636239579));
#1324=CARTESIAN_POINT('Ctrl Pts',(-10.9739740979627,-5.45506209803126,176.095371815981));
#1325=CARTESIAN_POINT('Ctrl Pts',(-10.9827574882582,-5.43736442859493,176.095351817473));
#1326=CARTESIAN_POINT('Ctrl Pts',(-11.2123576610322,-4.97152957929761,176.094899925163));
#1327=CARTESIAN_POINT('Ctrl Pts',(-11.404915292607,-4.51223083025254,176.094864967146));
#1328=CARTESIAN_POINT('Ctrl Pts',(-11.5836689887572,-4.00090430882278,176.095098128794));
#1329=CARTESIAN_POINT('Ctrl Pts',(-11.5969962912648,-3.96212326747286,176.095116287485));
#1330=CARTESIAN_POINT('Ctrl Pts',(-11.7786184284854,-3.42426766759995,176.095687287935));
#1331=CARTESIAN_POINT('Ctrl Pts',(-12.0451235302255,-2.41159500805782,176.098597352589));
#1332=CARTESIAN_POINT('Ctrl Pts',(-12.1890970378571,-1.37191847052533,176.095769244907));
#1333=CARTESIAN_POINT('Ctrl Pts',(-12.2313868340154,-0.751405938784206,
176.094938282709));
#1334=CARTESIAN_POINT('Ctrl Pts',(-12.2367493676067,-0.655782518977168,
176.094801496577));
#1335=CARTESIAN_POINT('Ctrl Pts',(-12.2606467209783,-0.116328702165118,
176.094192435814));
#1336=CARTESIAN_POINT('Ctrl Pts',(-12.2570705140521,0.326153245579459,176.093889753386));
#1337=CARTESIAN_POINT('Ctrl Pts',(-12.2300940545378,0.769357923521729,176.093724267817));
#1338=CARTESIAN_POINT('Ctrl Pts',(-12.2301014611258,0.769236238374185,175.793036958192));
#1339=CARTESIAN_POINT('Ctrl Pts',(-12.2264524071273,0.829198907369355,175.793021348719));
#1340=CARTESIAN_POINT('Ctrl Pts',(-12.2223636857723,0.889182935242114,175.793007254166));
#1341=CARTESIAN_POINT('Ctrl Pts',(-12.2031508686424,1.14335886262687,175.792949942111));
#1342=CARTESIAN_POINT('Ctrl Pts',(-12.1837724771467,1.33764224000222,175.792906933869));
#1343=CARTESIAN_POINT('Ctrl Pts',(-12.0971301346801,2.03059258984672,175.793051443015));
#1344=CARTESIAN_POINT('Ctrl Pts',(-12.002241682938,2.52369938713119,175.793574251442));
#1345=CARTESIAN_POINT('Ctrl Pts',(-11.8311616128071,3.19994140449107,175.793793620177));
#1346=CARTESIAN_POINT('Ctrl Pts',(-11.7777488529856,3.39205372122266,175.793815801269));
#1347=CARTESIAN_POINT('Ctrl Pts',(-11.5745592177409,4.06153973039823,175.793929186672));
#1348=CARTESIAN_POINT('Ctrl Pts',(-11.3982241165481,4.53566759463827,175.793996731111));
#1349=CARTESIAN_POINT('Ctrl Pts',(-11.1544266022889,5.08031097535739,175.793804420475));
#1350=CARTESIAN_POINT('Ctrl Pts',(-11.114620055858,5.16653047363777,175.793741532413));
#1351=CARTESIAN_POINT('Ctrl Pts',(-10.8461840298071,5.73136199824528,175.793394351744));
#1352=CARTESIAN_POINT('Ctrl Pts',(-10.3254504997697,6.66449185343036,175.79346641706));
#1353=CARTESIAN_POINT('Ctrl Pts',(-9.69251423016844,7.51866561143343,175.793877243824));
#1354=CARTESIAN_POINT('Ctrl Pts',(-9.32151011098401,7.95612054814931,175.793618837636));
#1355=CARTESIAN_POINT('Ctrl Pts',(-9.29457031764212,7.98755192335744,175.793583011002));
#1356=CARTESIAN_POINT('Ctrl Pts',(-8.93615702430489,8.40124230618621,175.793231704306));
#1357=CARTESIAN_POINT('Ctrl Pts',(-8.58379450032397,8.7613093122892,175.793315672997));
#1358=CARTESIAN_POINT('Ctrl Pts',(-8.19393955886538,9.11303799388649,175.79349314107));
#1359=CARTESIAN_POINT('Ctrl Pts',(-8.17906464678965,9.12638382533063,175.793488609216));
#1360=CARTESIAN_POINT('Ctrl Pts',(-7.9710107273237,9.31220966551141,175.793494969815));
#1361=CARTESIAN_POINT('Ctrl Pts',(-7.57373026269675,9.64519985135412,175.794228264221));
#1362=CARTESIAN_POINT('Ctrl Pts',(-7.15676474208277,9.95162584902869,175.794071237968));
#1363=CARTESIAN_POINT('Ctrl Pts',(-6.94204381848206,10.0992882150003,175.793906280051));
#1364=CARTESIAN_POINT('Ctrl Pts',(-6.94063276633412,10.1002577395679,175.793905076294));
#1365=CARTESIAN_POINT('Ctrl Pts',(-6.72528134248453,10.2482440810909,175.79385924964));
#1366=CARTESIAN_POINT('Ctrl Pts',(-6.28752240414282,10.5293447601941,175.794270310125));
#1367=CARTESIAN_POINT('Ctrl Pts',(-5.83392340732602,10.780652272055,175.793858928197));
#1368=CARTESIAN_POINT('Ctrl Pts',(-5.58267233554334,10.9098024398159,175.793528545729));
#1369=CARTESIAN_POINT('Ctrl Pts',(-5.56212713948928,10.9202842678884,175.793497007502));
#1370=CARTESIAN_POINT('Ctrl Pts',(-5.31454842215101,11.0457795043425,175.793173734051));
#1371=CARTESIAN_POINT('Ctrl Pts',(-4.85380031254086,11.2617226754169,175.793468687445));
#1372=CARTESIAN_POINT('Ctrl Pts',(-4.38152040648692,11.4482864853449,175.79382970216));
#1373=CARTESIAN_POINT('Ctrl Pts',(-4.10072194721991,11.5492907476111,175.793915226851));
#1374=CARTESIAN_POINT('Ctrl Pts',(-4.05899234003891,11.5640250454512,175.79392443349));
#1375=CARTESIAN_POINT('Ctrl Pts',(-3.50226430362655,11.7575739793364,175.794080169041));
#1376=CARTESIAN_POINT('Ctrl Pts',(-2.44316227221331,12.0421649634237,175.794029132867));
#1377=CARTESIAN_POINT('Ctrl Pts',(-1.375429421822,12.188763036324,175.794063075784));
#1378=CARTESIAN_POINT('Ctrl Pts',(-0.729431515249579,12.234543462277,175.793816717418));
#1379=CARTESIAN_POINT('Ctrl Pts',(-0.630254310048194,12.2401900899674,175.793781024881));
#1380=CARTESIAN_POINT('Ctrl Pts',(-0.0849355544727086,12.2642113961999,
175.793800997752));
#1381=CARTESIAN_POINT('Ctrl Pts',(0.358768847887852,12.2571053276192,175.794070972202));
#1382=CARTESIAN_POINT('Ctrl Pts',(0.997520750403338,12.2146282646881,175.794115257892));
#1383=CARTESIAN_POINT('Ctrl Pts',(1.19700649148573,12.1967350534022,175.79388450094));
#1384=CARTESIAN_POINT('Ctrl Pts',(1.70523532762459,12.1390837772849,175.79368574686));
#1385=CARTESIAN_POINT('Ctrl Pts',(2.32503230174436,12.0437224891977,175.793937393815));
#1386=CARTESIAN_POINT('Ctrl Pts',(2.92611395267809,11.9043336778162,175.794319857824));
#1387=CARTESIAN_POINT('Ctrl Pts',(3.41946806256403,11.7710287869012,175.794002707856));
#1388=CARTESIAN_POINT('Ctrl Pts',(3.61145883765023,11.7139536520397,175.793677302425));
#1389=CARTESIAN_POINT('Ctrl Pts',(4.22106463098572,11.5157941271858,175.793527956698));
#1390=CARTESIAN_POINT('Ctrl Pts',(4.63160544977805,11.357897363364,175.793380025747));
#1391=CARTESIAN_POINT('Ctrl Pts',(5.12732037910773,11.1322324976754,175.79393399345));
#1392=CARTESIAN_POINT('Ctrl Pts',(5.21707632218641,11.0899071073697,175.794130420353));
#1393=CARTESIAN_POINT('Ctrl Pts',(5.80113837989488,10.8035975487807,175.795407834587));
#1394=CARTESIAN_POINT('Ctrl Pts',(6.48892481758966,10.4136786362953,175.795095611163));
#1395=CARTESIAN_POINT('Ctrl Pts',(7.39213896893312,9.78789892525443,175.793918946262));
#1396=CARTESIAN_POINT('Ctrl Pts',(7.81558603540557,9.44370416387672,175.793709946382));
#1397=CARTESIAN_POINT('Ctrl Pts',(8.05509567235432,9.23633550621751,175.793666520782));
#1398=CARTESIAN_POINT('Ctrl Pts',(8.08879730887955,9.20682904242863,175.793669521579));
#1399=CARTESIAN_POINT('Ctrl Pts',(8.31197810571625,9.00924291421905,175.793663510105));
#1400=CARTESIAN_POINT('Ctrl Pts',(8.68081836522374,8.66163379127406,175.793857688721));
#1401=CARTESIAN_POINT('Ctrl Pts',(9.02752161018544,8.29211038328068,175.793792686881));
#1402=CARTESIAN_POINT('Ctrl Pts',(9.20956439388614,8.08547468907537,175.79362790583));
#1403=CARTESIAN_POINT('Ctrl Pts',(9.22420378888627,8.06876922849942,175.793612342387));
#1404=CARTESIAN_POINT('Ctrl Pts',(9.4088019511474,7.85694649387395,175.793512625407));
#1405=CARTESIAN_POINT('Ctrl Pts',(9.73693231419336,7.45527138564158,175.793524480474));
#1406=CARTESIAN_POINT('Ctrl Pts',(10.038225933016,7.03486525159831,175.793682115679));
#1407=CARTESIAN_POINT('Ctrl Pts',(10.1833615212863,6.81816726931052,175.793833987372));
#1408=CARTESIAN_POINT('Ctrl Pts',(10.1843893348856,6.81663194392497,175.79383426589));
#1409=CARTESIAN_POINT('Ctrl Pts',(10.3290353852192,6.60042017084816,175.793907782967));
#1410=CARTESIAN_POINT('Ctrl Pts',(10.6023421564473,6.16283492424855,175.794288233611));
#1411=CARTESIAN_POINT('Ctrl Pts',(10.8473461201124,5.708590411521,175.793845940992));
#1412=CARTESIAN_POINT('Ctrl Pts',(10.9716112770095,5.45986191863321,175.793664463105));
#1413=CARTESIAN_POINT('Ctrl Pts',(10.9805077669724,5.44194725717742,175.793652390506));
#1414=CARTESIAN_POINT('Ctrl Pts',(11.2115047434351,4.97395781828117,175.793305137559));
#1415=CARTESIAN_POINT('Ctrl Pts',(11.4065887134108,4.50928662831219,175.793221414222));
#1416=CARTESIAN_POINT('Ctrl Pts',(11.5852671951702,3.99548184953657,175.793078801666));
#1417=CARTESIAN_POINT('Ctrl Pts',(11.5987030313153,3.95625146674452,175.793062446105));
#1418=CARTESIAN_POINT('Ctrl Pts',(11.7798027130798,3.41766601627522,175.793006849342));
#1419=CARTESIAN_POINT('Ctrl Pts',(12.0550107445135,2.4008357100763,175.792892867499));
#1420=CARTESIAN_POINT('Ctrl Pts',(12.190629288659,1.34196864998868,175.793400546308));
#1421=CARTESIAN_POINT('Ctrl Pts',(12.2322478018958,0.728400641447358,175.794094114115));
#1422=CARTESIAN_POINT('Ctrl Pts',(12.2377945711323,0.633292536938996,175.794135555884));
#1423=CARTESIAN_POINT('Ctrl Pts',(12.2663991458561,0.0359334633447564,175.794358593842));
#1424=CARTESIAN_POINT('Ctrl Pts',(12.2578803395706,-0.480455980401706,175.794298712457));
#1425=CARTESIAN_POINT('Ctrl Pts',(12.199774672326,-1.17699083425811,175.794251597644));
#1426=CARTESIAN_POINT('Ctrl Pts',(12.1792883646011,-1.37038792892297,175.79395557646));
#1427=CARTESIAN_POINT('Ctrl Pts',(12.1221513678807,-1.81439398361974,175.793581440576));
#1428=CARTESIAN_POINT('Ctrl Pts',(12.0419441295645,-2.31858468813756,175.793586223595));
#1429=CARTESIAN_POINT('Ctrl Pts',(11.9294455810069,-2.81514763752438,175.793626487814));
#1430=CARTESIAN_POINT('Ctrl Pts',(11.8165044994188,-3.25336433950609,175.793835226602));
#1431=CARTESIAN_POINT('Ctrl Pts',(11.7622070429039,-3.44524032121167,175.793925057225));
#1432=CARTESIAN_POINT('Ctrl Pts',(11.5545576191822,-4.1171287351037,175.793855012176));
#1433=CARTESIAN_POINT('Ctrl Pts',(11.3695665672145,-4.59503166482125,175.794004915859));
#1434=CARTESIAN_POINT('Ctrl Pts',(11.1256875165417,-5.13199924994747,175.793491312221));
#1435=CARTESIAN_POINT('Ctrl Pts',(11.085769265962,-5.21767359032727,175.793334734378));
#1436=CARTESIAN_POINT('Ctrl Pts',(10.8208886844416,-5.77516762578243,175.792194972674));
#1437=CARTESIAN_POINT('Ctrl Pts',(10.2856648231626,-6.72987035299761,175.793413049782));
#1438=CARTESIAN_POINT('Ctrl Pts',(9.65089402584809,-7.56869880636716,175.793776000529));
#1439=CARTESIAN_POINT('Ctrl Pts',(9.27700566069139,-8.00664862115031,175.793942441092));
#1440=CARTESIAN_POINT('Ctrl Pts',(9.24964593464895,-8.03827419435523,175.79392411864));
#1441=CARTESIAN_POINT('Ctrl Pts',(8.88804676354286,-8.45216007940375,175.793848706268));
#1442=CARTESIAN_POINT('Ctrl Pts',(8.53422158648586,-8.8088382361349,175.793883705565));
#1443=CARTESIAN_POINT('Ctrl Pts',(8.14376584991098,-9.15735293018011,175.793855962061));
#1444=CARTESIAN_POINT('Ctrl Pts',(8.12939164784114,-9.17010781785084,175.793824180586));
#1445=CARTESIAN_POINT('Ctrl Pts',(7.92081207723585,-9.35445733712681,175.793632915346));
#1446=CARTESIAN_POINT('Ctrl Pts',(7.52214321177684,-9.6851217521423,175.794032622726));
#1447=CARTESIAN_POINT('Ctrl Pts',(7.10329569394311,-9.98956054640621,175.793652640791));
#1448=CARTESIAN_POINT('Ctrl Pts',(6.88743391518567,-10.1363153475441,175.793867589497));
#1449=CARTESIAN_POINT('Ctrl Pts',(6.88635257278271,-10.1370501506404,175.79386924351));
#1450=CARTESIAN_POINT('Ctrl Pts',(6.66995127362336,-10.2840035878863,175.793848229518));
#1451=CARTESIAN_POINT('Ctrl Pts',(6.23299110558845,-10.5608681764121,175.794359293518));
#1452=CARTESIAN_POINT('Ctrl Pts',(5.77777435919036,-10.8105645863615,175.793522001852));
#1453=CARTESIAN_POINT('Ctrl Pts',(5.52529389176339,-10.9386949904869,175.793387147543));
#1454=CARTESIAN_POINT('Ctrl Pts',(5.50474760936385,-10.9490493882312,175.793383839387));
#1455=CARTESIAN_POINT('Ctrl Pts',(5.25604810726655,-11.0734982144636,175.793259278209));
#1456=CARTESIAN_POINT('Ctrl Pts',(4.79255642542755,-11.2872958717731,175.792973569929));
#1457=CARTESIAN_POINT('Ctrl Pts',(4.31817879396508,-11.4715878718343,175.793185001532));
#1458=CARTESIAN_POINT('Ctrl Pts',(4.03600562312988,-11.5713862896304,175.793435553316));
#1459=CARTESIAN_POINT('Ctrl Pts',(3.99412781042225,-11.5859488308082,175.79349081313));
#1460=CARTESIAN_POINT('Ctrl Pts',(3.43685351582861,-11.7761488882927,175.793790207881));
#1461=CARTESIAN_POINT('Ctrl Pts',(2.3879074452925,-12.0555480580789,175.794388764757));
#1462=CARTESIAN_POINT('Ctrl Pts',(1.30659157805839,-12.1996596811974,175.793678005629));
#1463=CARTESIAN_POINT('Ctrl Pts',(0.660332666336953,-12.2377019398277,175.793171419858));
#1464=CARTESIAN_POINT('Ctrl Pts',(0.559863951691265,-12.2423232160997,175.793131292468));
#1465=CARTESIAN_POINT('Ctrl Pts',(0.0269495683642879,-12.2602733866871,
175.792916180006));
#1466=CARTESIAN_POINT('Ctrl Pts',(-0.401245886011929,-12.2545716543,175.792788271275));
#1467=CARTESIAN_POINT('Ctrl Pts',(-1.03738941838218,-12.2133247465539,175.792815569936));
#1468=CARTESIAN_POINT('Ctrl Pts',(-1.23910348369176,-12.194986710599,175.793142290215));
#1469=CARTESIAN_POINT('Ctrl Pts',(-1.75489548113947,-12.1339045086688,175.793668407887));
#1470=CARTESIAN_POINT('Ctrl Pts',(-2.3728075684191,-12.0353028906915,175.793676806475));
#1471=CARTESIAN_POINT('Ctrl Pts',(-2.98818664256267,-11.8903175990257,175.793270947051));
#1472=CARTESIAN_POINT('Ctrl Pts',(-3.4877495078791,-11.7502231379308,175.793204656559));
#1473=CARTESIAN_POINT('Ctrl Pts',(-3.68094252204526,-11.6907128805406,175.793341122332));
#1474=CARTESIAN_POINT('Ctrl Pts',(-4.27834638688075,-11.4907794706562,175.793373687663));
#1475=CARTESIAN_POINT('Ctrl Pts',(-4.676371923164,-11.3355220857086,175.793315689311));
#1476=CARTESIAN_POINT('Ctrl Pts',(-5.16082620241631,-11.1159102533965,175.793500469319));
#1477=CARTESIAN_POINT('Ctrl Pts',(-5.25176474901411,-11.0732724256292,175.793546707755));
#1478=CARTESIAN_POINT('Ctrl Pts',(-5.8340262135309,-10.7904401173896,175.794093830018));
#1479=CARTESIAN_POINT('Ctrl Pts',(-6.76880770227864,-10.2540684447967,175.794735301459));
#1480=CARTESIAN_POINT('Ctrl Pts',(-7.63838766152124,-9.59963547433056,175.793781450999));
#1481=CARTESIAN_POINT('Ctrl Pts',(-8.08316654932645,-9.21213995633241,175.793776389457));
#1482=CARTESIAN_POINT('Ctrl Pts',(-8.11696377445914,-9.1823795841344,175.79375531435));
#1483=CARTESIAN_POINT('Ctrl Pts',(-8.52756242215213,-8.81622992386641,175.793614317124));
#1484=CARTESIAN_POINT('Ctrl Pts',(-8.87979464772835,-8.46079197452474,175.794029669349));
#1485=CARTESIAN_POINT('Ctrl Pts',(-9.22655329401043,-8.06583040738149,175.794452108289));
#1486=CARTESIAN_POINT('Ctrl Pts',(-9.24174554910084,-8.04841563616823,175.794455215952));
#1487=CARTESIAN_POINT('Ctrl Pts',(-9.4248253684573,-7.83738404890698,175.794520230709));
#1488=CARTESIAN_POINT('Ctrl Pts',(-9.74841349735794,-7.44001473124908,175.794406463448));
#1489=CARTESIAN_POINT('Ctrl Pts',(-10.0473494084978,-7.02163009512843,175.793866876712));
#1490=CARTESIAN_POINT('Ctrl Pts',(-10.1912114201295,-6.80627068281519,175.793859931947));
#1491=CARTESIAN_POINT('Ctrl Pts',(-10.1922766559924,-6.80467576328277,175.793861194959));
#1492=CARTESIAN_POINT('Ctrl Pts',(-10.3359629105715,-6.58934068487111,175.793802075823));
#1493=CARTESIAN_POINT('Ctrl Pts',(-10.6070257268616,-6.15443728428774,175.794336917423));
#1494=CARTESIAN_POINT('Ctrl Pts',(-10.8503763304427,-5.70270005173478,175.793941305393));
#1495=CARTESIAN_POINT('Ctrl Pts',(-10.9738348702251,-5.45534204766992,175.793747509397));
#1496=CARTESIAN_POINT('Ctrl Pts',(-10.9826186841642,-5.43764549169227,175.793737988241));
#1497=CARTESIAN_POINT('Ctrl Pts',(-11.2123441493304,-4.97157081104629,175.793392242553));
#1498=CARTESIAN_POINT('Ctrl Pts',(-11.4048892777547,-4.51231270035539,175.793337680197));
#1499=CARTESIAN_POINT('Ctrl Pts',(-11.5837210719108,-4.00075203851413,175.793627004312));
#1500=CARTESIAN_POINT('Ctrl Pts',(-11.5970665562087,-3.96193149788505,175.793671181204));
#1501=CARTESIAN_POINT('Ctrl Pts',(-11.7789610315692,-3.42298884179221,175.793691252255));
#1502=CARTESIAN_POINT('Ctrl Pts',(-12.0449181067274,-2.41221542010441,175.795439429257));
#1503=CARTESIAN_POINT('Ctrl Pts',(-12.1890640379299,-1.37244251957386,175.79383743448));
#1504=CARTESIAN_POINT('Ctrl Pts',(-12.2313555792927,-0.751873444865163,
175.793362724162));
#1505=CARTESIAN_POINT('Ctrl Pts',(-12.2367292090156,-0.656198297376135,
175.793350449935));
#1506=CARTESIAN_POINT('Ctrl Pts',(-12.2606464520113,-0.116567916834228,
175.793216942977));
#1507=CARTESIAN_POINT('Ctrl Pts',(-12.2570799678475,0.325890391252309,175.793142507182));
#1508=CARTESIAN_POINT('Ctrl Pts',(-12.2301014611258,0.769236238374183,175.793036958192));
#1509=CARTESIAN_POINT('Ctrl Pts',(-12.0862897653128,0.760362038245383,175.495541482342));
#1510=CARTESIAN_POINT('Ctrl Pts',(-12.0826886845527,0.819656416256749,175.495532680389));
#1511=CARTESIAN_POINT('Ctrl Pts',(-12.0786525591655,0.87893027516721,175.495521003697));
#1512=CARTESIAN_POINT('Ctrl Pts',(-12.0596520309205,1.13025317896299,175.495460197089));
#1513=CARTESIAN_POINT('Ctrl Pts',(-12.0404312745474,1.322200373893,175.495347742486));
#1514=CARTESIAN_POINT('Ctrl Pts',(-11.9544148887823,2.00719897122635,175.495147902081));
#1515=CARTESIAN_POINT('Ctrl Pts',(-11.8602710988774,2.49413847929334,175.495303288803));
#1516=CARTESIAN_POINT('Ctrl Pts',(-11.6908996023904,3.16222086516547,175.495207978248));
#1517=CARTESIAN_POINT('Ctrl Pts',(-11.6380189385194,3.35215434648205,175.495164429667));
#1518=CARTESIAN_POINT('Ctrl Pts',(-11.4370789801329,4.01367356158604,175.495130159189));
#1519=CARTESIAN_POINT('Ctrl Pts',(-11.2629630955195,4.48164944002909,175.495132481596));
#1520=CARTESIAN_POINT('Ctrl Pts',(-11.0225057140426,5.01952317360335,175.49519807974));
#1521=CARTESIAN_POINT('Ctrl Pts',(-10.9832563722011,5.10465583812969,175.495172541303));
#1522=CARTESIAN_POINT('Ctrl Pts',(-10.7178302094386,5.66363013689744,175.495025822187));
#1523=CARTESIAN_POINT('Ctrl Pts',(-10.2031983120741,6.58611730080586,175.495291094701));
#1524=CARTESIAN_POINT('Ctrl Pts',(-9.57781465009765,7.42924283535682,175.495216248277));
#1525=CARTESIAN_POINT('Ctrl Pts',(-9.21146649998995,7.86189620694993,175.495382241889));
#1526=CARTESIAN_POINT('Ctrl Pts',(-9.18485749475873,7.89300668348378,175.495384780422));
#1527=CARTESIAN_POINT('Ctrl Pts',(-8.83105038226427,8.30188369810917,175.495347838935));
#1528=CARTESIAN_POINT('Ctrl Pts',(-8.48384185809274,8.65700560673982,175.495427728739));
#1529=CARTESIAN_POINT('Ctrl Pts',(-8.09665799617747,9.00566330653897,175.49527492452));
#1530=CARTESIAN_POINT('Ctrl Pts',(-8.08197131639887,9.01883902051839,175.495268205847));
#1531=CARTESIAN_POINT('Ctrl Pts',(-7.87586190521354,9.2028646456173,175.49520404886));
#1532=CARTESIAN_POINT('Ctrl Pts',(-7.48362163968832,9.53112810662462,175.495633323993));
#1533=CARTESIAN_POINT('Ctrl Pts',(-7.07168652540268,9.83392729898548,175.49551624823));
#1534=CARTESIAN_POINT('Ctrl Pts',(-6.85976424866823,9.97975804059699,175.495406059434));
#1535=CARTESIAN_POINT('Ctrl Pts',(-6.8583681361475,9.98071862229646,175.495405410184));
#1536=CARTESIAN_POINT('Ctrl Pts',(-6.64591635480679,10.1265628212414,175.495305370623));
#1537=CARTESIAN_POINT('Ctrl Pts',(-6.21177619188879,10.4049919583955,175.495477389993));
#1538=CARTESIAN_POINT('Ctrl Pts',(-5.76584117739101,10.652278579749,175.49524937469));
#1539=CARTESIAN_POINT('Ctrl Pts',(-5.51725904581635,10.7802598196344,175.495141336419));
#1540=CARTESIAN_POINT('Ctrl Pts',(-5.49693081121118,10.7906694365842,175.495136208048));
#1541=CARTESIAN_POINT('Ctrl Pts',(-5.25179474127533,10.9153300157606,175.49511639939));
#1542=CARTESIAN_POINT('Ctrl Pts',(-4.79600582354534,11.1287644615986,175.495289030929));
#1543=CARTESIAN_POINT('Ctrl Pts',(-4.32930432698423,11.3130062621901,175.49556566955));
#1544=CARTESIAN_POINT('Ctrl Pts',(-4.05197208813768,11.4126488911322,175.495557222091));
#1545=CARTESIAN_POINT('Ctrl Pts',(-4.01074012000337,11.427192485556,175.495554055077));
#1546=CARTESIAN_POINT('Ctrl Pts',(-3.46082743882983,11.6180738999856,175.495461467433));
#1547=CARTESIAN_POINT('Ctrl Pts',(-2.41496698138551,11.8990649164219,175.495256795132));
#1548=CARTESIAN_POINT('Ctrl Pts',(-1.35781528906193,12.0443417085133,175.495512603435));
#1549=CARTESIAN_POINT('Ctrl Pts',(-0.720838888413921,12.0896112539386,175.495315718588));
#1550=CARTESIAN_POINT('Ctrl Pts',(-0.622831671457016,12.0951806213229,175.495279259968));
#1551=CARTESIAN_POINT('Ctrl Pts',(-0.0840356736163203,12.1190421652319,
175.495404289669));
#1552=CARTESIAN_POINT('Ctrl Pts',(0.354118535447786,12.1116998904215,175.495406449274));
#1553=CARTESIAN_POINT('Ctrl Pts',(0.98527960013009,12.0702530162927,175.495937887722));
#1554=CARTESIAN_POINT('Ctrl Pts',(1.1826637174731,12.0525853495668,175.495742085026));
#1555=CARTESIAN_POINT('Ctrl Pts',(1.68574847753839,11.9954615073465,175.495462709648));
#1556=CARTESIAN_POINT('Ctrl Pts',(2.29769575055073,11.9009304727856,175.495379366451));
#1557=CARTESIAN_POINT('Ctrl Pts',(2.89238041886213,11.7623858857102,175.495226808467));
#1558=CARTESIAN_POINT('Ctrl Pts',(3.37893451191717,11.6307602010531,175.494719129877));
#1559=CARTESIAN_POINT('Ctrl Pts',(3.56843287882218,11.5743950339846,175.494378084714));
#1560=CARTESIAN_POINT('Ctrl Pts',(4.17122920957087,11.3792004737679,175.494856991549));
#1561=CARTESIAN_POINT('Ctrl Pts',(4.57723805939039,11.2233189415007,175.494929668276));
#1562=CARTESIAN_POINT('Ctrl Pts',(5.06694382667187,10.9999609437803,175.495166665229));
#1563=CARTESIAN_POINT('Ctrl Pts',(5.1558262780694,10.9581240294354,175.495404339554));
#1564=CARTESIAN_POINT('Ctrl Pts',(5.72824003657833,10.677217026233,175.496684376217));
#1565=CARTESIAN_POINT('Ctrl Pts',(6.413088269905,10.289404008898,175.496418533134));
#1566=CARTESIAN_POINT('Ctrl Pts',(7.30376465364402,9.67259372541177,175.495630709054));
#1567=CARTESIAN_POINT('Ctrl Pts',(7.72276554576962,9.33218628691582,175.495411463707));
#1568=CARTESIAN_POINT('Ctrl Pts',(7.95962524144254,9.12710916047723,175.495300793543));
#1569=CARTESIAN_POINT('Ctrl Pts',(7.992883708763,9.09794944419918,175.495284771384));
#1570=CARTESIAN_POINT('Ctrl Pts',(8.21358804622924,8.90243941397683,175.495188982468));
#1571=CARTESIAN_POINT('Ctrl Pts',(8.57799663512477,8.55882693597545,175.495261646898));
#1572=CARTESIAN_POINT('Ctrl Pts',(8.92025611491345,8.19383871145805,175.495058303814));
#1573=CARTESIAN_POINT('Ctrl Pts',(9.10017913518163,7.98999101786766,175.495106488341));
#1574=CARTESIAN_POINT('Ctrl Pts',(9.11465368565059,7.97350955445533,175.495110124959));
#1575=CARTESIAN_POINT('Ctrl Pts',(9.29704830659579,7.76442278359638,175.495166815752));
#1576=CARTESIAN_POINT('Ctrl Pts',(9.62225225666053,7.36658816877603,175.495314487938));
#1577=CARTESIAN_POINT('Ctrl Pts',(9.91932530695866,6.95170680581563,175.495272274304));
#1578=CARTESIAN_POINT('Ctrl Pts',(10.0628449015274,6.73712907661345,175.495312343683));
#1579=CARTESIAN_POINT('Ctrl Pts',(10.0638615279804,6.73561061482367,175.495312536237));
#1580=CARTESIAN_POINT('Ctrl Pts',(10.2068799699431,6.52179013212728,175.495346160863));
#1581=CARTESIAN_POINT('Ctrl Pts',(10.4763729194965,6.08968575436818,175.495438394335));
#1582=CARTESIAN_POINT('Ctrl Pts',(10.7186418522854,5.64130124811645,175.495300022438));
#1583=CARTESIAN_POINT('Ctrl Pts',(10.8415365186519,5.39566383029715,175.495255559568));
#1584=CARTESIAN_POINT('Ctrl Pts',(10.8503463516651,5.37794446386203,175.495252402018));
#1585=CARTESIAN_POINT('Ctrl Pts',(11.0789088253448,4.91561491387588,175.495171322796));
#1586=CARTESIAN_POINT('Ctrl Pts',(11.2719295188358,4.45644318195804,175.495241059884));
#1587=CARTESIAN_POINT('Ctrl Pts',(11.4485075451041,3.94866647209316,175.495093493758));
#1588=CARTESIAN_POINT('Ctrl Pts',(11.4617931074821,3.90991660969884,175.495080011559));
#1589=CARTESIAN_POINT('Ctrl Pts',(11.6406560898396,3.37733015994132,175.494934338345));
#1590=CARTESIAN_POINT('Ctrl Pts',(11.9126518023665,2.37107055440898,175.494597255386));
#1591=CARTESIAN_POINT('Ctrl Pts',(12.0465132840333,1.32762642746769,175.495122534702));
#1592=CARTESIAN_POINT('Ctrl Pts',(12.0875177657628,0.719045118331488,175.495783384788));
#1593=CARTESIAN_POINT('Ctrl Pts',(12.093093900554,0.624989301907255,175.495878153965));
#1594=CARTESIAN_POINT('Ctrl Pts',(12.1211054656389,0.0347415874665481,175.495886160923));
#1595=CARTESIAN_POINT('Ctrl Pts',(12.1122217606456,-0.474664863619434,175.495346952986));
#1596=CARTESIAN_POINT('Ctrl Pts',(12.0553435311859,-1.16219796793932,175.495734393402));
#1597=CARTESIAN_POINT('Ctrl Pts',(12.035129726978,-1.35350208150927,175.49547329254));
#1598=CARTESIAN_POINT('Ctrl Pts',(11.9786115235954,-1.79298875791626,175.495102239632));
#1599=CARTESIAN_POINT('Ctrl Pts',(11.8992581649033,-2.29092867578046,175.494989050229));
#1600=CARTESIAN_POINT('Ctrl Pts',(11.788228501613,-2.78150269195851,175.495106638192));
#1601=CARTESIAN_POINT('Ctrl Pts',(11.6765779043971,-3.2148189904292,175.495343732078));
#1602=CARTESIAN_POINT('Ctrl Pts',(11.6229510775391,-3.40435439534319,175.495440098671));
#1603=CARTESIAN_POINT('Ctrl Pts',(11.4181548240665,-4.06759306473851,175.495522620643));
#1604=CARTESIAN_POINT('Ctrl Pts',(11.2359400422424,-4.53941462241659,175.496035447058));
#1605=CARTESIAN_POINT('Ctrl Pts',(10.9953867187416,-5.07038170437645,175.495976785847));
#1606=CARTESIAN_POINT('Ctrl Pts',(10.9558751007255,-5.15496055592489,175.495760903941));
#1607=CARTESIAN_POINT('Ctrl Pts',(10.6917950734943,-5.71107357637448,175.494503313042));
#1608=CARTESIAN_POINT('Ctrl Pts',(10.1639281431371,-6.64896610884486,175.494540464441));
#1609=CARTESIAN_POINT('Ctrl Pts',(9.5368253629044,-7.47874631866955,175.495142457159));
#1610=CARTESIAN_POINT('Ctrl Pts',(9.16720061453779,-7.91250083069985,175.495784814561));
#1611=CARTESIAN_POINT('Ctrl Pts',(9.14014635006601,-7.94383641660348,175.495814995542));
#1612=CARTESIAN_POINT('Ctrl Pts',(8.7831073345572,-8.35303554157676,175.496025966835));
#1613=CARTESIAN_POINT('Ctrl Pts',(8.43452821619207,-8.70350643513604,175.495297691024));
#1614=CARTESIAN_POINT('Ctrl Pts',(8.04736661077648,-9.04876454343065,175.495275640474));
#1615=CARTESIAN_POINT('Ctrl Pts',(8.03318688311552,-9.06139701458801,175.495269076377));
#1616=CARTESIAN_POINT('Ctrl Pts',(7.82694781676769,-9.24392483192256,175.49523434562));
#1617=CARTESIAN_POINT('Ctrl Pts',(7.43301183433305,-9.57045838220865,175.495558887775));
#1618=CARTESIAN_POINT('Ctrl Pts',(7.01993469600049,-9.87148895263587,175.495708551857));
#1619=CARTESIAN_POINT('Ctrl Pts',(6.80556170503235,-10.0167523764165,175.495617078878));
#1620=CARTESIAN_POINT('Ctrl Pts',(6.80448818302812,-10.0174784683046,175.495616669718));
#1621=CARTESIAN_POINT('Ctrl Pts',(6.5895382271852,-10.1634585212676,175.495501014012));
#1622=CARTESIAN_POINT('Ctrl Pts',(6.15985662172805,-10.4343968550191,175.495095652559));
#1623=CARTESIAN_POINT('Ctrl Pts',(5.70971417131725,-10.6827128307832,175.495291842845));
#1624=CARTESIAN_POINT('Ctrl Pts',(5.46033543875571,-10.8094540101978,175.495273596078));
#1625=CARTESIAN_POINT('Ctrl Pts',(5.44000320776852,-10.8196973007533,175.49527078058));
#1626=CARTESIAN_POINT('Ctrl Pts',(5.19422600440192,-10.9427455923031,175.495186545457));
#1627=CARTESIAN_POINT('Ctrl Pts',(4.7362714914708,-11.153831345632,175.494774194599));
#1628=CARTESIAN_POINT('Ctrl Pts',(4.2670706288589,-11.3361722861936,175.495042131356));
#1629=CARTESIAN_POINT('Ctrl Pts',(3.98809195346207,-11.4347541368743,175.495221460275));
#1630=CARTESIAN_POINT('Ctrl Pts',(3.94669849405745,-11.4491051073492,175.495250242261));
#1631=CARTESIAN_POINT('Ctrl Pts',(3.39546122554148,-11.637376472713,175.49554495984));
#1632=CARTESIAN_POINT('Ctrl Pts',(2.36009743028499,-11.9123488116488,175.495594684787));
#1633=CARTESIAN_POINT('Ctrl Pts',(1.2917295290645,-12.0549779984013,175.495066778063));
#1634=CARTESIAN_POINT('Ctrl Pts',(0.653151550514241,-12.0930853838164,175.494898546622));
#1635=CARTESIAN_POINT('Ctrl Pts',(0.553997511090816,-12.0976578524534,175.494887465732));
#1636=CARTESIAN_POINT('Ctrl Pts',(0.0269629521392726,-12.1157934887616,
175.495018621146));
#1637=CARTESIAN_POINT('Ctrl Pts',(-0.396998791563967,-12.1104359670577,
175.49516527091));
#1638=CARTESIAN_POINT('Ctrl Pts',(-1.02632047774512,-12.0687813392298,175.494426288755));
#1639=CARTESIAN_POINT('Ctrl Pts',(-1.22533249009714,-12.0504716203968,175.494561299347));
#1640=CARTESIAN_POINT('Ctrl Pts',(-1.73397260702459,-11.9899070544476,175.494844437473));
#1641=CARTESIAN_POINT('Ctrl Pts',(-2.34469067983419,-11.8925909687728,175.494980369428));
#1642=CARTESIAN_POINT('Ctrl Pts',(-2.95234233306842,-11.7500441555797,175.495107893025));
#1643=CARTESIAN_POINT('Ctrl Pts',(-3.4466141979547,-11.6117816166553,175.495372792436));
#1644=CARTESIAN_POINT('Ctrl Pts',(-3.63773373696683,-11.5530238232067,175.495605417816));
#1645=CARTESIAN_POINT('Ctrl Pts',(-4.22829375435,-11.3549486969398,175.495269162522));
#1646=CARTESIAN_POINT('Ctrl Pts',(-4.62161581656093,-11.2013089429536,175.495021984033));
#1647=CARTESIAN_POINT('Ctrl Pts',(-5.10021617066803,-10.9840255624034,175.494953949126));
#1648=CARTESIAN_POINT('Ctrl Pts',(-5.19004899615814,-10.9419259691353,175.494998164821));
#1649=CARTESIAN_POINT('Ctrl Pts',(-5.76413227185417,-10.6626274779125,175.495332000975));
#1650=CARTESIAN_POINT('Ctrl Pts',(-6.68897381128419,-10.1314825722304,175.495544209692));
#1651=CARTESIAN_POINT('Ctrl Pts',(-7.54792345569101,-9.48650191073588,175.49562558934));
#1652=CARTESIAN_POINT('Ctrl Pts',(-7.98757911462992,-9.10356812335314,175.495801331939));
#1653=CARTESIAN_POINT('Ctrl Pts',(-8.02106210232769,-9.07413048612838,175.495803620938));
#1654=CARTESIAN_POINT('Ctrl Pts',(-8.42696214196501,-8.71220774373899,175.495687858883));
#1655=CARTESIAN_POINT('Ctrl Pts',(-8.77442167857493,-8.36014158992261,175.495100095161));
#1656=CARTESIAN_POINT('Ctrl Pts',(-9.11689686514783,-7.96974664059478,175.49540810807));
#1657=CARTESIAN_POINT('Ctrl Pts',(-9.13188552628457,-7.95257521722804,175.495416554748));
#1658=CARTESIAN_POINT('Ctrl Pts',(-9.31275596934987,-7.74423755720275,175.495547117039));
#1659=CARTESIAN_POINT('Ctrl Pts',(-9.63235930079221,-7.35273052790421,175.495982235554));
#1660=CARTESIAN_POINT('Ctrl Pts',(-9.92867797816492,-6.93894048329262,175.495898173531));
#1661=CARTESIAN_POINT('Ctrl Pts',(-10.0709521099825,-6.72556870906628,175.495683143371));
#1662=CARTESIAN_POINT('Ctrl Pts',(-10.0720047341926,-6.72398626567548,175.495681754319));
#1663=CARTESIAN_POINT('Ctrl Pts',(-10.2142187447565,-6.51063075400265,175.495458670659));
#1664=CARTESIAN_POINT('Ctrl Pts',(-10.480692261035,-6.08146157810977,175.495265009954));
#1665=CARTESIAN_POINT('Ctrl Pts',(-10.7216458617078,-5.63559104587904,175.495437504711));
#1666=CARTESIAN_POINT('Ctrl Pts',(-10.8437223268966,-5.39127306486044,175.495344638764));
#1667=CARTESIAN_POINT('Ctrl Pts',(-10.8524134036284,-5.37377295051493,175.495339369854));
#1668=CARTESIAN_POINT('Ctrl Pts',(-11.0796886699056,-4.91304795305578,175.495130424383));
#1669=CARTESIAN_POINT('Ctrl Pts',(-11.2699172233988,-4.45905649187335,175.49499434559));
#1670=CARTESIAN_POINT('Ctrl Pts',(-11.4465865820522,-3.95350517395007,175.495243803012));
#1671=CARTESIAN_POINT('Ctrl Pts',(-11.459742272774,-3.91511629085059,175.495266212102));
#1672=CARTESIAN_POINT('Ctrl Pts',(-11.6402419452263,-3.38190371275492,175.49554460023));
#1673=CARTESIAN_POINT('Ctrl Pts',(-11.9004961091613,-2.38394067921999,175.495517158818));
#1674=CARTESIAN_POINT('Ctrl Pts',(-12.0441624432212,-1.3575452600476,175.49502121624));
#1675=CARTESIAN_POINT('Ctrl Pts',(-12.0867987732652,-0.743331878881317,
175.49514508374));
#1676=CARTESIAN_POINT('Ctrl Pts',(-12.0921560749695,-0.648931431820171,
175.495201063855));
#1677=CARTESIAN_POINT('Ctrl Pts',(-12.1163342616173,-0.115395924556051,
175.495544270245));
#1678=CARTESIAN_POINT('Ctrl Pts',(-12.112907302832,0.32202373453766,175.495605648626));
#1679=CARTESIAN_POINT('Ctrl Pts',(-12.0862897653128,0.760362038245382,175.495541482342));
#1680=CARTESIAN_POINT('Ctrl Pts',(-11.8508087751682,0.745953335626382,175.309117327253));
#1681=CARTESIAN_POINT('Ctrl Pts',(-11.8472871417591,0.804107506903888,175.309107923929));
#1682=CARTESIAN_POINT('Ctrl Pts',(-11.8433310264101,0.862264531842083,175.309095937564));
#1683=CARTESIAN_POINT('Ctrl Pts',(-11.8246965805066,1.10867200776615,175.309035682864));
#1684=CARTESIAN_POINT('Ctrl Pts',(-11.8057497850791,1.29694122757792,175.308929014984));
#1685=CARTESIAN_POINT('Ctrl Pts',(-11.7209386704875,1.96800321494541,175.308763862333));
#1686=CARTESIAN_POINT('Ctrl Pts',(-11.6281655484112,2.44511741435097,175.308954286188));
#1687=CARTESIAN_POINT('Ctrl Pts',(-11.461531259095,3.10054856456327,175.308890335494));
#1688=CARTESIAN_POINT('Ctrl Pts',(-11.4095715105186,3.2867900378111,175.308853885432));
#1689=CARTESIAN_POINT('Ctrl Pts',(-11.2122570075851,3.93561444911454,175.308833995238));
#1690=CARTESIAN_POINT('Ctrl Pts',(-11.0417455230971,4.39356239460695,175.308842676948));
#1691=CARTESIAN_POINT('Ctrl Pts',(-10.8065185742803,4.92060652424081,175.308885339218));
#1692=CARTESIAN_POINT('Ctrl Pts',(-10.768061389275,5.00412841344764,175.308856600895));
#1693=CARTESIAN_POINT('Ctrl Pts',(-10.5081180104405,5.55246252026284,175.308683722439));
#1694=CARTESIAN_POINT('Ctrl Pts',(-10.0035656049299,6.45733628178624,175.30893355407));
#1695=CARTESIAN_POINT('Ctrl Pts',(-9.38956296089658,7.28358808294438,175.308920046505));
#1696=CARTESIAN_POINT('Ctrl Pts',(-9.03150908813355,7.70772343729973,175.309028298739));
#1697=CARTESIAN_POINT('Ctrl Pts',(-9.00546755685243,7.73824245530417,175.309028061145));
#1698=CARTESIAN_POINT('Ctrl Pts',(-8.65856350358353,8.13993060117743,175.308955773543));
#1699=CARTESIAN_POINT('Ctrl Pts',(-8.31766006705712,8.48767465280731,175.309079606577));
#1700=CARTESIAN_POINT('Ctrl Pts',(-7.93828562971,8.82955332582419,175.308912628937));
#1701=CARTESIAN_POINT('Ctrl Pts',(-7.92381591064999,8.84250499042471,175.308907529161));
#1702=CARTESIAN_POINT('Ctrl Pts',(-7.72124036029258,9.0230466122173,175.308859617647));
#1703=CARTESIAN_POINT('Ctrl Pts',(-7.33679665627935,9.34424129113513,175.3093158385));
#1704=CARTESIAN_POINT('Ctrl Pts',(-6.93310743072397,9.64107142316237,175.30919462273));
#1705=CARTESIAN_POINT('Ctrl Pts',(-6.72534738710746,9.78401817153497,175.309085741679));
#1706=CARTESIAN_POINT('Ctrl Pts',(-6.72398071445907,9.78495775509881,175.309085130306));
#1707=CARTESIAN_POINT('Ctrl Pts',(-6.51569387228914,9.92817272364957,175.308972763545));
#1708=CARTESIAN_POINT('Ctrl Pts',(-6.08915469109885,10.2010886556776,175.309178584417));
#1709=CARTESIAN_POINT('Ctrl Pts',(-5.65350530034888,10.4428385070197,175.308939345128));
#1710=CARTESIAN_POINT('Ctrl Pts',(-5.40974175911387,10.5689869926947,175.308794315676));
#1711=CARTESIAN_POINT('Ctrl Pts',(-5.38980285212968,10.5792278921815,175.308787141085));
#1712=CARTESIAN_POINT('Ctrl Pts',(-5.14909409117721,10.7020395058752,175.308742840153));
#1713=CARTESIAN_POINT('Ctrl Pts',(-4.70192907293456,10.911267322263,175.308925114268));
#1714=CARTESIAN_POINT('Ctrl Pts',(-4.24435353727067,11.0917313690855,175.309211925653));
#1715=CARTESIAN_POINT('Ctrl Pts',(-3.97241456156443,11.1892710592463,175.309213896558));
#1716=CARTESIAN_POINT('Ctrl Pts',(-3.93200969861076,11.2034966123595,175.309212630086));
#1717=CARTESIAN_POINT('Ctrl Pts',(-3.39317365069348,11.3902752350617,175.309132769471));
#1718=CARTESIAN_POINT('Ctrl Pts',(-2.3687609077047,11.6652307959708,175.308956186018));
#1719=CARTESIAN_POINT('Ctrl Pts',(-1.33005143792371,11.8084343571287,175.309184995322));
#1720=CARTESIAN_POINT('Ctrl Pts',(-0.706286456839285,11.8526971276785,175.308987865854));
#1721=CARTESIAN_POINT('Ctrl Pts',(-0.610403631321329,11.8581763592884,175.30895007645));
#1722=CARTESIAN_POINT('Ctrl Pts',(-0.0828202651051049,11.8816273308328,
175.30906902779));
#1723=CARTESIAN_POINT('Ctrl Pts',(0.346390420100942,11.8740782994446,175.309096737716));
#1724=CARTESIAN_POINT('Ctrl Pts',(0.965649514965214,11.8341657213218,175.309577317496));
#1725=CARTESIAN_POINT('Ctrl Pts',(1.15950748243487,11.8168841473155,175.309377881626));
#1726=CARTESIAN_POINT('Ctrl Pts',(1.65335020267089,11.7606094883458,175.309109995209));
#1727=CARTESIAN_POINT('Ctrl Pts',(2.25240143377004,11.66759451385,175.309060193845));
#1728=CARTESIAN_POINT('Ctrl Pts',(2.83644467944145,11.5307931868088,175.308959697858));
#1729=CARTESIAN_POINT('Ctrl Pts',(3.31265734620905,11.4015342456955,175.308480031672));
#1730=CARTESIAN_POINT('Ctrl Pts',(3.49816452854632,11.3464124090904,175.308136698909));
#1731=CARTESIAN_POINT('Ctrl Pts',(4.08947701116272,11.1558269423882,175.308555050595));
#1732=CARTESIAN_POINT('Ctrl Pts',(4.48757313622784,11.0032135547565,175.30861232131));
#1733=CARTESIAN_POINT('Ctrl Pts',(4.96687436914557,10.7842345111423,175.308871659435));
#1734=CARTESIAN_POINT('Ctrl Pts',(5.053456884002,10.7433966247734,175.309112901058));
#1735=CARTESIAN_POINT('Ctrl Pts',(5.61399660889065,10.4691492809907,175.310350270305));
#1736=CARTESIAN_POINT('Ctrl Pts',(6.28914517955368,10.086272261972,175.310106937931));
#1737=CARTESIAN_POINT('Ctrl Pts',(7.1607658678513,9.48330060203229,175.309277137228));
#1738=CARTESIAN_POINT('Ctrl Pts',(7.57176747587542,9.14949867482557,175.309059502314));
#1739=CARTESIAN_POINT('Ctrl Pts',(7.80375353632509,8.94835105919392,175.308960502996));
#1740=CARTESIAN_POINT('Ctrl Pts',(7.8363875764252,8.91972704916002,175.308945521789));
#1741=CARTESIAN_POINT('Ctrl Pts',(8.05267089842589,8.72791950029955,175.308860603488));
#1742=CARTESIAN_POINT('Ctrl Pts',(8.4098842391642,8.39081100602399,175.308946867497));
#1743=CARTESIAN_POINT('Ctrl Pts',(8.74515687281496,8.03299088162264,175.308756325481));
#1744=CARTESIAN_POINT('Ctrl Pts',(8.92153964268447,7.83353714002842,175.308787456206));
#1745=CARTESIAN_POINT('Ctrl Pts',(8.93574005835823,7.81739492135408,175.308789883955));
#1746=CARTESIAN_POINT('Ctrl Pts',(9.11487672468338,7.61269493247991,175.308817643477));
#1747=CARTESIAN_POINT('Ctrl Pts',(9.43424439545581,7.22213269641892,175.308958865476));
#1748=CARTESIAN_POINT('Ctrl Pts',(9.72494523517331,6.81545355294671,175.30894272718));
#1749=CARTESIAN_POINT('Ctrl Pts',(9.86572664682082,6.60499837306961,175.30898197817));
#1750=CARTESIAN_POINT('Ctrl Pts',(9.86672287674395,6.60350799428169,175.308982261539));
#1751=CARTESIAN_POINT('Ctrl Pts',(10.0069744935871,6.3935991984336,175.309024133731));
#1752=CARTESIAN_POINT('Ctrl Pts',(10.2706099323988,5.97012533983563,175.309143037783));
#1753=CARTESIAN_POINT('Ctrl Pts',(10.5083209914165,5.53103539252255,175.308977798645));
#1754=CARTESIAN_POINT('Ctrl Pts',(10.6290509748946,5.2901927805129,175.308919391323));
#1755=CARTESIAN_POINT('Ctrl Pts',(10.6376979730838,5.27283671398592,175.308915187897));
#1756=CARTESIAN_POINT('Ctrl Pts',(10.8622511852045,4.81936376362124,175.308811354749));
#1757=CARTESIAN_POINT('Ctrl Pts',(11.0515497499017,4.36950060256669,175.308868927148));
#1758=CARTESIAN_POINT('Ctrl Pts',(11.224670173449,3.87169019873617,175.308721471697));
#1759=CARTESIAN_POINT('Ctrl Pts',(11.2376804083585,3.83367192388298,175.308709145935));
#1760=CARTESIAN_POINT('Ctrl Pts',(11.4132316969073,3.31159357646694,175.308555169604));
#1761=CARTESIAN_POINT('Ctrl Pts',(11.6797397067321,2.32322404638562,175.308247034987));
#1762=CARTESIAN_POINT('Ctrl Pts',(11.8099888474421,1.30313720172129,175.308807192175));
#1763=CARTESIAN_POINT('Ctrl Pts',(11.8511405523103,0.704328306253959,175.309420971468));
#1764=CARTESIAN_POINT('Ctrl Pts',(11.8565351253315,0.611895383234111,175.309520860857));
#1765=CARTESIAN_POINT('Ctrl Pts',(11.883936811873,0.0325660696042151,175.309531283548));
#1766=CARTESIAN_POINT('Ctrl Pts',(11.8743145047986,-0.46483051934911,175.309055488672));
#1767=CARTESIAN_POINT('Ctrl Pts',(11.8192000057355,-1.1386130338035,175.309403555148));
#1768=CARTESIAN_POINT('Ctrl Pts',(11.799439697096,-1.32643542618512,175.309136590895));
#1769=CARTESIAN_POINT('Ctrl Pts',(11.743861343537,-1.75819316672436,175.308769319643));
#1770=CARTESIAN_POINT('Ctrl Pts',(11.6659934063892,-2.24592103529321,175.30866461826));
#1771=CARTESIAN_POINT('Ctrl Pts',(11.5572439251161,-2.726774760921,175.30877844631));
#1772=CARTESIAN_POINT('Ctrl Pts',(11.4477211127689,-3.15212924484129,175.309009887382));
#1773=CARTESIAN_POINT('Ctrl Pts',(11.3950884165242,-3.33798367765926,175.309109595395));
#1774=CARTESIAN_POINT('Ctrl Pts',(11.1948485709347,-3.98756101850222,175.309168181046));
#1775=CARTESIAN_POINT('Ctrl Pts',(11.0174195045495,-4.44913522613844,175.309632523147));
#1776=CARTESIAN_POINT('Ctrl Pts',(10.7813081596581,-4.97111167685833,175.309556205884));
#1777=CARTESIAN_POINT('Ctrl Pts',(10.7423693764676,-5.05465555808218,175.309336057646));
#1778=CARTESIAN_POINT('Ctrl Pts',(10.4816375842632,-5.60145580550047,175.308131099545));
#1779=CARTESIAN_POINT('Ctrl Pts',(9.96536892291393,-6.51667879764816,175.308244823266));
#1780=CARTESIAN_POINT('Ctrl Pts',(9.34891930809103,-7.33242912300302,175.30886560764));
#1781=CARTESIAN_POINT('Ctrl Pts',(8.9879657660522,-7.75770654952794,175.309420287889));
#1782=CARTESIAN_POINT('Ctrl Pts',(8.96147372422695,-7.78850886414199,175.309446563277));
#1783=CARTESIAN_POINT('Ctrl Pts',(8.61098259217994,-8.1905747785225,175.309638005703));
#1784=CARTESIAN_POINT('Ctrl Pts',(8.26873380954936,-8.53178300929622,175.309049521604));
#1785=CARTESIAN_POINT('Ctrl Pts',(7.88997276798763,-8.87131430886031,175.308937679344));
#1786=CARTESIAN_POINT('Ctrl Pts',(7.87602170125102,-8.88371891557969,175.308932344693));
#1787=CARTESIAN_POINT('Ctrl Pts',(7.67363765759619,-9.06307820604563,175.308885195803));
#1788=CARTESIAN_POINT('Ctrl Pts',(7.28752360982709,-9.38307423559164,175.309211166358));
#1789=CARTESIAN_POINT('Ctrl Pts',(6.8831960509427,-9.6785558284504,175.309317656765));
#1790=CARTESIAN_POINT('Ctrl Pts',(6.67224483440412,-9.82116653469429,175.309245135177));
#1791=CARTESIAN_POINT('Ctrl Pts',(6.67118883937279,-9.82188016704229,175.309244774816));
#1792=CARTESIAN_POINT('Ctrl Pts',(6.45956706223236,-9.96476906686869,175.309174219829));
#1793=CARTESIAN_POINT('Ctrl Pts',(6.03934319075271,-10.228637895172,175.3088329254));
#1794=CARTESIAN_POINT('Ctrl Pts',(5.59833744905771,-10.4736410541409,175.308929961733));
#1795=CARTESIAN_POINT('Ctrl Pts',(5.35366481058867,-10.5980128242049,175.308909799114));
#1796=CARTESIAN_POINT('Ctrl Pts',(5.33373714871431,-10.608071535465,175.308905899629));
#1797=CARTESIAN_POINT('Ctrl Pts',(5.09277784933276,-10.7287209655123,175.308820817169));
#1798=CARTESIAN_POINT('Ctrl Pts',(4.6438358617881,-10.9355464126834,175.308415834033));
#1799=CARTESIAN_POINT('Ctrl Pts',(4.18339072525717,-11.1146073782086,175.308676341552));
#1800=CARTESIAN_POINT('Ctrl Pts',(3.90969358010956,-11.2112067946027,175.308862600902));
#1801=CARTESIAN_POINT('Ctrl Pts',(3.86906983493505,-11.2253037441667,175.308890457245));
#1802=CARTESIAN_POINT('Ctrl Pts',(3.32877289622266,-11.4090860428464,175.309233640287));
#1803=CARTESIAN_POINT('Ctrl Pts',(2.31392331674255,-11.6784259922509,175.309297461473));
#1804=CARTESIAN_POINT('Ctrl Pts',(1.26587005959625,-11.8188285013626,175.308737084295));
#1805=CARTESIAN_POINT('Ctrl Pts',(0.641612959437443,-11.8561084319203,175.308563617856));
#1806=CARTESIAN_POINT('Ctrl Pts',(0.544281024857107,-11.8607312656936,175.308543942206));
#1807=CARTESIAN_POINT('Ctrl Pts',(0.0271702843542812,-11.8789645168779,
175.308647390564));
#1808=CARTESIAN_POINT('Ctrl Pts',(-0.390208024423946,-11.8741842551366,
175.308759995521));
#1809=CARTESIAN_POINT('Ctrl Pts',(-1.00734236446239,-11.8322046390974,175.30809578324));
#1810=CARTESIAN_POINT('Ctrl Pts',(-1.20218855775248,-11.8139624688983,175.308251223669));
#1811=CARTESIAN_POINT('Ctrl Pts',(-1.69929322068154,-11.7544779448913,175.308555511673));
#1812=CARTESIAN_POINT('Ctrl Pts',(-2.29884288287486,-11.6591128492969,175.308679148204));
#1813=CARTESIAN_POINT('Ctrl Pts',(-2.89427863689803,-11.5201931981145,175.308754481182));
#1814=CARTESIAN_POINT('Ctrl Pts',(-3.37877635626731,-11.3852455192754,175.308983390429));
#1815=CARTESIAN_POINT('Ctrl Pts',(-3.56648363700324,-11.3276609477458,175.309207903754));
#1816=CARTESIAN_POINT('Ctrl Pts',(-4.14570950547393,-11.1327994619287,175.308908742016));
#1817=CARTESIAN_POINT('Ctrl Pts',(-4.53170251143224,-10.9816210269622,175.308685809041));
#1818=CARTESIAN_POINT('Ctrl Pts',(-5.00046252436147,-10.7684934924291,175.308636546458));
#1819=CARTESIAN_POINT('Ctrl Pts',(-5.08838402401725,-10.7271827426627,175.308686656192));
#1820=CARTESIAN_POINT('Ctrl Pts',(-5.65016734759907,-10.4540678547257,175.309012851208));
#1821=CARTESIAN_POINT('Ctrl Pts',(-6.55821592118499,-9.93152079105046,175.309283455236));
#1822=CARTESIAN_POINT('Ctrl Pts',(-7.40006628412958,-9.30076660970955,175.309280928506));
#1823=CARTESIAN_POINT('Ctrl Pts',(-7.83151425570023,-8.92596518891021,175.309410974368));
#1824=CARTESIAN_POINT('Ctrl Pts',(-7.86433317207343,-8.89712078110288,175.30941264394));
#1825=CARTESIAN_POINT('Ctrl Pts',(-8.26261973838364,-8.54203141065969,175.309294218065));
#1826=CARTESIAN_POINT('Ctrl Pts',(-8.60228669660173,-8.19516170655737,175.308834202139));
#1827=CARTESIAN_POINT('Ctrl Pts',(-8.93784474068708,-7.81312654789284,175.309118876212));
#1828=CARTESIAN_POINT('Ctrl Pts',(-8.95254017874266,-7.79627971256821,175.309127931948));
#1829=CARTESIAN_POINT('Ctrl Pts',(-9.12973258127125,-7.59213074082002,175.309260023186));
#1830=CARTESIAN_POINT('Ctrl Pts',(-9.44337718931996,-7.20930489272639,175.309636282511));
#1831=CARTESIAN_POINT('Ctrl Pts',(-9.73476175580802,-6.80368878984001,175.309504349892));
#1832=CARTESIAN_POINT('Ctrl Pts',(-9.87418263318107,-6.59389533859131,175.309315192262));
#1833=CARTESIAN_POINT('Ctrl Pts',(-9.87521517545927,-6.59234153029538,175.309313869066));
#1834=CARTESIAN_POINT('Ctrl Pts',(-10.0144818442821,-6.38252513768139,175.309123407316));
#1835=CARTESIAN_POINT('Ctrl Pts',(-10.2745788160088,-5.9619791502066,175.308987891062));
#1836=CARTESIAN_POINT('Ctrl Pts',(-10.5113770825186,-5.52554083407159,175.309105250607));
#1837=CARTESIAN_POINT('Ctrl Pts',(-10.6312514261045,-5.28586326232467,175.309005629298));
#1838=CARTESIAN_POINT('Ctrl Pts',(-10.6397878564201,-5.26870518523896,175.3089993733));
#1839=CARTESIAN_POINT('Ctrl Pts',(-10.8627196346961,-4.81716052637133,175.308780361943));
#1840=CARTESIAN_POINT('Ctrl Pts',(-11.0493862162458,-4.37159429069397,175.308646138821));
#1841=CARTESIAN_POINT('Ctrl Pts',(-11.2226433532907,-3.87599664015068,175.30889041757));
#1842=CARTESIAN_POINT('Ctrl Pts',(-11.2355779623211,-3.83835983782882,175.308910420327));
#1843=CARTESIAN_POINT('Ctrl Pts',(-11.411761037115,-3.31555142284076,175.309240714205));
#1844=CARTESIAN_POINT('Ctrl Pts',(-11.6652190835589,-2.33724201979158,175.309327271071));
#1845=CARTESIAN_POINT('Ctrl Pts',(-11.8079005131876,-1.33047376710461,175.308710846548));
#1846=CARTESIAN_POINT('Ctrl Pts',(-11.8500693815607,-0.729519820773862,
175.308801698267));
#1847=CARTESIAN_POINT('Ctrl Pts',(-11.8555117593163,-0.636812805649448,
175.308845931997));
#1848=CARTESIAN_POINT('Ctrl Pts',(-11.8798848811263,-0.113610585813423,
175.309145308417));
#1849=CARTESIAN_POINT('Ctrl Pts',(-11.8768448954722,0.316008243767925,175.309186847855));
#1850=CARTESIAN_POINT('Ctrl Pts',(-11.8508087751682,0.745953335626381,175.309117327253));
#1851=CARTESIAN_POINT('',(-11.8508087751682,0.745953335626382,175.309117327253));
#1852=CARTESIAN_POINT('',(-12.2300940545378,0.769357923521731,176.093724267817));
#1853=CARTESIAN_POINT('Origin',(-11.2319413082923,0.708603539625879,176.093724267817));
#1854=CARTESIAN_POINT('',(-12.2300882297163,0.769453615225612,176.093724232091));
#1855=CARTESIAN_POINT('Ctrl Pts',(-12.2300940545378,0.769357923521731,176.093724267817));
#1856=CARTESIAN_POINT('Ctrl Pts',(-12.2300921130548,0.769389820752982,176.093724255907));
#1857=CARTESIAN_POINT('Ctrl Pts',(-12.2300901714476,0.769421717987531,176.093724243998));
#1858=CARTESIAN_POINT('Ctrl Pts',(-12.2300882297162,0.769453615225378,176.093724232091));
#1859=CARTESIAN_POINT('Ctrl Pts',(-12.2300882297162,0.769453615225378,176.093724232091));
#1860=CARTESIAN_POINT('Ctrl Pts',(-12.2264408815337,0.82936938705192,176.093701865562));
#1861=CARTESIAN_POINT('Ctrl Pts',(-12.2223554730533,0.889296796747781,176.093684253119));
#1862=CARTESIAN_POINT('Ctrl Pts',(-12.2031489180746,1.14336722460543,176.093633513698));
#1863=CARTESIAN_POINT('Ctrl Pts',(-12.1837841229635,1.33751134131336,176.093656374809));
#1864=CARTESIAN_POINT('Ctrl Pts',(-12.0972084413183,2.03006747974684,176.094189236299));
#1865=CARTESIAN_POINT('Ctrl Pts',(-12.0023442625532,2.52326766624316,176.095093490804));
#1866=CARTESIAN_POINT('Ctrl Pts',(-11.8312107927513,3.19975761975987,176.095644961632));
#1867=CARTESIAN_POINT('Ctrl Pts',(-11.7777936181133,3.39190434106249,176.095741854369));
#1868=CARTESIAN_POINT('Ctrl Pts',(-11.5745764231045,4.06148625380957,176.096004560646));
#1869=CARTESIAN_POINT('Ctrl Pts',(-11.3982510917597,4.53562981211271,176.096139290944));
#1870=CARTESIAN_POINT('Ctrl Pts',(-11.1543009504709,5.08058539085302,176.095706609949));
#1871=CARTESIAN_POINT('Ctrl Pts',(-11.1144906075132,5.16681630222353,176.095609847044));
#1872=CARTESIAN_POINT('Ctrl Pts',(-10.8460050873243,5.73164608464567,176.094987823907));
#1873=CARTESIAN_POINT('Ctrl Pts',(-10.3257591673024,6.66398806548972,176.094893435222));
#1874=CARTESIAN_POINT('Ctrl Pts',(-9.69251875114106,7.51870513727027,176.095957972074));
#1875=CARTESIAN_POINT('Ctrl Pts',(-9.3211823448593,7.95650473501471,176.095081434177));
#1876=CARTESIAN_POINT('Ctrl Pts',(-9.29421152184957,7.98796430731863,176.095015337605));
#1877=CARTESIAN_POINT('Ctrl Pts',(-8.93655450336202,8.40080594933056,176.094285353732));
#1878=CARTESIAN_POINT('Ctrl Pts',(-8.58364212348095,8.76146716803071,176.09484358411));
#1879=CARTESIAN_POINT('Ctrl Pts',(-8.19401490909669,9.11297000085529,176.09486813185));
#1880=CARTESIAN_POINT('Ctrl Pts',(-8.17920256880261,9.12625938776334,176.094880951664));
#1881=CARTESIAN_POINT('Ctrl Pts',(-7.97154237019917,9.31175421199779,176.095058177416));
#1882=CARTESIAN_POINT('Ctrl Pts',(-7.57389695889926,9.64509134505774,176.096083446316));
#1883=CARTESIAN_POINT('Ctrl Pts',(-7.15667714366341,9.9516887941169,176.095880670161));
#1884=CARTESIAN_POINT('Ctrl Pts',(-6.94189352532991,10.0993915084264,176.095729435128));
#1885=CARTESIAN_POINT('Ctrl Pts',(-6.94048040726606,10.1003626425447,176.09572863604));
#1886=CARTESIAN_POINT('Ctrl Pts',(-6.72516890704542,10.2482902241135,176.095553040081));
#1887=CARTESIAN_POINT('Ctrl Pts',(-6.28837425702928,10.5288582809103,176.096320084629));
#1888=CARTESIAN_POINT('Ctrl Pts',(-5.83303816244732,10.7811583011916,176.095788658089));
#1889=CARTESIAN_POINT('Ctrl Pts',(-5.58197145725454,10.910158749735,176.095060157165));
#1890=CARTESIAN_POINT('Ctrl Pts',(-5.56146988958286,10.9206188539608,176.095008523964));
#1891=CARTESIAN_POINT('Ctrl Pts',(-5.31456843274486,11.0457579131967,176.094428851069));
#1892=CARTESIAN_POINT('Ctrl Pts',(-4.85420207575327,11.2615492804301,176.094822950057));
#1893=CARTESIAN_POINT('Ctrl Pts',(-4.38175139740219,11.4482005944232,176.095297277139));
#1894=CARTESIAN_POINT('Ctrl Pts',(-4.10092910148054,11.5492167854217,176.095494032345));
#1895=CARTESIAN_POINT('Ctrl Pts',(-4.05917287247644,11.5639621680914,176.095523765609));
#1896=CARTESIAN_POINT('Ctrl Pts',(-3.50229979961032,11.7575623010836,176.095816095758));
#1897=CARTESIAN_POINT('Ctrl Pts',(-2.44328357348012,12.0421451044843,176.096059374405));
#1898=CARTESIAN_POINT('Ctrl Pts',(-1.3752633958012,12.1887904406007,176.095810226787));
#1899=CARTESIAN_POINT('Ctrl Pts',(-0.729309977907727,12.234549813281,176.095560409158));
#1900=CARTESIAN_POINT('Ctrl Pts',(-0.630126813120892,12.240195635565,176.095511280102));
#1901=CARTESIAN_POINT('Ctrl Pts',(-0.0852922633261497,12.2641990819527,
176.095464765772));
#1902=CARTESIAN_POINT('Ctrl Pts',(0.358671909771819,12.2571247944675,176.096009829559));
#1903=CARTESIAN_POINT('Ctrl Pts',(0.997920875478898,12.2145964456575,176.095508617116));
#1904=CARTESIAN_POINT('Ctrl Pts',(1.19728505617201,12.196702914121,176.095238157271));
#1905=CARTESIAN_POINT('Ctrl Pts',(1.70494933982037,12.1391188198167,176.095164958932));
#1906=CARTESIAN_POINT('Ctrl Pts',(2.3246475123405,12.0437946595013,176.095774995048));
#1907=CARTESIAN_POINT('Ctrl Pts',(2.92567977814537,11.9044421809701,176.096694481941));
#1908=CARTESIAN_POINT('Ctrl Pts',(3.41980015735101,11.77094381914,176.096657182753));
#1909=CARTESIAN_POINT('Ctrl Pts',(3.61198157476851,11.7137866501416,176.096307679855));
#1910=CARTESIAN_POINT('Ctrl Pts',(4.22113779934734,11.5157667917358,176.095548040882));
#1911=CARTESIAN_POINT('Ctrl Pts',(4.63178431528239,11.3578032783009,176.095236938112));
#1912=CARTESIAN_POINT('Ctrl Pts',(5.12669770185559,11.1325198268919,176.096016837978));
#1913=CARTESIAN_POINT('Ctrl Pts',(5.21656971875771,11.0901512357199,176.096251402275));
#1914=CARTESIAN_POINT('Ctrl Pts',(5.80106312814262,10.8036543213621,176.097088293418));
#1915=CARTESIAN_POINT('Ctrl Pts',(6.48912955295112,10.4135660516048,176.09701085339));
#1916=CARTESIAN_POINT('Ctrl Pts',(7.39255326123345,9.78758913542044,176.095387420825));
#1917=CARTESIAN_POINT('Ctrl Pts',(7.81550287157408,9.44375541444481,176.095197259849));
#1918=CARTESIAN_POINT('Ctrl Pts',(8.05503194309832,9.23639335009438,176.09527829936));
#1919=CARTESIAN_POINT('Ctrl Pts',(8.08870930413414,9.20690591426183,176.095292382536));
#1920=CARTESIAN_POINT('Ctrl Pts',(8.31184515527354,9.00936347521226,176.09540186618));
#1921=CARTESIAN_POINT('Ctrl Pts',(8.68065395583273,8.66180293831805,176.095739215634));
#1922=CARTESIAN_POINT('Ctrl Pts',(9.02758508608653,8.29205032439709,176.09580881646));
#1923=CARTESIAN_POINT('Ctrl Pts',(9.20984795960479,8.08515154737285,176.095462804315));
#1924=CARTESIAN_POINT('Ctrl Pts',(9.22450117115876,8.06843048841433,176.095434171504));
#1925=CARTESIAN_POINT('Ctrl Pts',(9.40905756856917,7.85661883841128,176.095030445477));
#1926=CARTESIAN_POINT('Ctrl Pts',(9.73657048534191,7.45573247960602,176.09497097244));
#1927=CARTESIAN_POINT('Ctrl Pts',(10.0382283143054,7.03487855991452,176.095408914076));
#1928=CARTESIAN_POINT('Ctrl Pts',(10.1832495267525,6.81833435548774,176.095550941587));
#1929=CARTESIAN_POINT('Ctrl Pts',(10.1842761584576,6.81680097958908,176.095552171765));
#1930=CARTESIAN_POINT('Ctrl Pts',(10.3287740191213,6.60083098091376,176.095711522585));
#1931=CARTESIAN_POINT('Ctrl Pts',(10.6023887502528,6.16279447552861,176.096375415193));
#1932=CARTESIAN_POINT('Ctrl Pts',(10.8475637903511,5.70817672193166,176.095647434924));
#1933=CARTESIAN_POINT('Ctrl Pts',(10.971780066715,5.45952253132312,176.095318494523));
#1934=CARTESIAN_POINT('Ctrl Pts',(10.9806768166187,5.44160577951136,176.09529528311));
#1935=CARTESIAN_POINT('Ctrl Pts',(11.2115551930003,4.97382962926027,176.094707289258));
#1936=CARTESIAN_POINT('Ctrl Pts',(11.4066511166306,4.5091279170187,176.094488586696));
#1937=CARTESIAN_POINT('Ctrl Pts',(11.585287403154,3.99542082443874,176.094347973136));
#1938=CARTESIAN_POINT('Ctrl Pts',(11.5987189402798,3.9562123936569,176.094344082396));
#1939=CARTESIAN_POINT('Ctrl Pts',(11.7798489393463,3.41740277280933,176.094199569697));
#1940=CARTESIAN_POINT('Ctrl Pts',(12.0548767382798,2.40149600856429,176.094398640411));
#1941=CARTESIAN_POINT('Ctrl Pts',(12.1906514081646,1.34193741656488,176.095278211095));
#1942=CARTESIAN_POINT('Ctrl Pts',(12.2322318755978,0.728596717248001,176.09546833104));
#1943=CARTESIAN_POINT('Ctrl Pts',(12.2377850099846,0.633517444867642,176.095563601032));
#1944=CARTESIAN_POINT('Ctrl Pts',(12.2663899585805,0.0359724094800559,176.095817245893));
#1945=CARTESIAN_POINT('Ctrl Pts',(12.2579136829387,-0.479981651758119,176.096427239044));
#1946=CARTESIAN_POINT('Ctrl Pts',(12.199733734806,-1.17749543589699,176.095962478067));
#1947=CARTESIAN_POINT('Ctrl Pts',(12.1792316326785,-1.37082559356025,176.095603333845));
#1948=CARTESIAN_POINT('Ctrl Pts',(12.1221535547432,-1.81437914373246,176.095272683368));
#1949=CARTESIAN_POINT('Ctrl Pts',(12.04194841869,-2.31855111323494,176.095365632902));
#1950=CARTESIAN_POINT('Ctrl Pts',(11.9294536902042,-2.81512129950265,176.095367428513));
#1951=CARTESIAN_POINT('Ctrl Pts',(11.8165444871043,-3.25320132079803,176.095515199794));
#1952=CARTESIAN_POINT('Ctrl Pts',(11.7622404239458,-3.44516347782112,176.095641562064));
#1953=CARTESIAN_POINT('Ctrl Pts',(11.5543465729198,-4.1177127157571,176.095314983363));
#1954=CARTESIAN_POINT('Ctrl Pts',(11.3696155630301,-4.59491681802634,176.094939718948));
#1955=CARTESIAN_POINT('Ctrl Pts',(11.1254463515256,-5.13252755948939,176.094214747547));
#1956=CARTESIAN_POINT('Ctrl Pts',(11.0855839096463,-5.21807192615633,176.094012338019));
#1957=CARTESIAN_POINT('Ctrl Pts',(10.8209822553796,-5.77490408452166,176.093473407027));
#1958=CARTESIAN_POINT('Ctrl Pts',(10.2861318428754,-6.72922552622448,176.095490349968));
#1959=CARTESIAN_POINT('Ctrl Pts',(9.65079829045336,-7.56884771462096,176.096056465245));
#1960=CARTESIAN_POINT('Ctrl Pts',(9.2767259599094,-8.00697514501511,176.095292100734));
#1961=CARTESIAN_POINT('Ctrl Pts',(9.24935858273684,-8.03859568337951,176.095230734744));
#1962=CARTESIAN_POINT('Ctrl Pts',(8.88926671934881,-8.45086022226514,176.09494907433));
#1963=CARTESIAN_POINT('Ctrl Pts',(8.53373111465962,-8.80937851434822,176.096472578973));
#1964=CARTESIAN_POINT('Ctrl Pts',(8.14341993912878,-9.15765824523131,176.095489952982));
#1965=CARTESIAN_POINT('Ctrl Pts',(8.12909740867281,-9.17036870636197,176.095472288951));
#1966=CARTESIAN_POINT('Ctrl Pts',(7.92090205787967,-9.35437223612539,176.09514995207));
#1967=CARTESIAN_POINT('Ctrl Pts',(7.52210819061813,-9.68517406057002,176.095566532847));
#1968=CARTESIAN_POINT('Ctrl Pts',(7.10291055786437,-9.98982676333519,176.094715510961));
#1969=CARTESIAN_POINT('Ctrl Pts',(6.88787464544893,-10.1360157905868,176.095133991439));
#1970=CARTESIAN_POINT('Ctrl Pts',(6.88679838723337,-10.1367469959716,176.095136012001));
#1971=CARTESIAN_POINT('Ctrl Pts',(6.67112690342112,-10.2832654620057,176.095599645499));
#1972=CARTESIAN_POINT('Ctrl Pts',(6.23206220312078,-10.561467965918,176.096790952276));
#1973=CARTESIAN_POINT('Ctrl Pts',(5.77722524167655,-10.8108320074067,176.094898797703));
#1974=CARTESIAN_POINT('Ctrl Pts',(5.52513128204081,-10.9387782008549,176.094745535541));
#1975=CARTESIAN_POINT('Ctrl Pts',(5.50458532801661,-10.9491306386303,176.094730417702));
#1976=CARTESIAN_POINT('Ctrl Pts',(5.25593853239785,-11.0735507950314,176.094596861458));
#1977=CARTESIAN_POINT('Ctrl Pts',(4.79243954610683,-11.2873411540746,176.0943913856));
#1978=CARTESIAN_POINT('Ctrl Pts',(4.31834855781307,-11.471518687331,176.09452221333));
#1979=CARTESIAN_POINT('Ctrl Pts',(4.03634885860464,-11.5712670133328,176.09484614867));
#1980=CARTESIAN_POINT('Ctrl Pts',(3.99449177453331,-11.585819814453,176.094891402718));
#1981=CARTESIAN_POINT('Ctrl Pts',(3.43751393382297,-11.7759927623435,176.095709126701));
#1982=CARTESIAN_POINT('Ctrl Pts',(2.38722639910805,-12.0557068287203,176.096452876588));
#1983=CARTESIAN_POINT('Ctrl Pts',(1.30661834093132,-12.1996325832885,176.095403769426));
#1984=CARTESIAN_POINT('Ctrl Pts',(0.6599382972182,-12.2377278163996,176.094838490339));
#1985=CARTESIAN_POINT('Ctrl Pts',(0.55951213960541,-12.2423357254633,176.094707749163));
#1986=CARTESIAN_POINT('Ctrl Pts',(0.0266691809450043,-12.2602765036144,
176.094192217064));
#1987=CARTESIAN_POINT('Ctrl Pts',(-0.401442859741393,-12.2545481457922,
176.09369888325));
#1988=CARTESIAN_POINT('Ctrl Pts',(-1.03666805293822,-12.2133765906254,176.094529469222));
#1989=CARTESIAN_POINT('Ctrl Pts',(-1.23835696662833,-12.1950692312583,176.095067341387));
#1990=CARTESIAN_POINT('Ctrl Pts',(-1.75484567585635,-12.1339174774295,176.095819907908));
#1991=CARTESIAN_POINT('Ctrl Pts',(-2.37309629119249,-12.0352595678375,176.095701799776));
#1992=CARTESIAN_POINT('Ctrl Pts',(-2.9886878360551,-11.8901897783878,176.094742615857));
#1993=CARTESIAN_POINT('Ctrl Pts',(-3.48785798559699,-11.7501856903142,176.094283078965));
#1994=CARTESIAN_POINT('Ctrl Pts',(-3.68076629375745,-11.6907660280278,176.094329170433));
#1995=CARTESIAN_POINT('Ctrl Pts',(-4.27806965453358,-11.4908853433545,176.094770668362));
#1996=CARTESIAN_POINT('Ctrl Pts',(-4.67630217549803,-11.3355487545486,176.094972898918));
#1997=CARTESIAN_POINT('Ctrl Pts',(-5.16054992527434,-11.1160367810488,176.095353570808));
#1998=CARTESIAN_POINT('Ctrl Pts',(-5.25150717004431,-11.0733968075068,176.095461675568));
#1999=CARTESIAN_POINT('Ctrl Pts',(-5.83382990143606,-10.79053542842,176.095929441751));
#2000=CARTESIAN_POINT('Ctrl Pts',(-6.76863034141811,-10.2542329749569,176.097180711476));
#2001=CARTESIAN_POINT('Ctrl Pts',(-7.63899772223714,-9.59917211741592,176.095350728899));
#2002=CARTESIAN_POINT('Ctrl Pts',(-8.08332818718715,-9.21199496333692,176.094843215572));
#2003=CARTESIAN_POINT('Ctrl Pts',(-8.11711528700064,-9.18224395712578,176.094814778367));
#2004=CARTESIAN_POINT('Ctrl Pts',(-8.52684108116348,-8.81688771356366,176.094656163005));
#2005=CARTESIAN_POINT('Ctrl Pts',(-8.87941754298651,-8.4612279632363,176.096426325824));
#2006=CARTESIAN_POINT('Ctrl Pts',(-9.22647594878695,-8.06591863459226,176.096598592016));
#2007=CARTESIAN_POINT('Ctrl Pts',(-9.24166813719115,-8.04850388501198,176.096608364368));
#2008=CARTESIAN_POINT('Ctrl Pts',(-9.4249272584883,-7.83728086324407,176.096693168856));
#2009=CARTESIAN_POINT('Ctrl Pts',(-9.74901538929364,-7.43923466743111,176.095957139411));
#2010=CARTESIAN_POINT('Ctrl Pts',(-10.0475058447199,-7.02137826256576,176.094897325432));
#2011=CARTESIAN_POINT('Ctrl Pts',(-10.1910207318328,-6.80655628264615,176.095172039518));
#2012=CARTESIAN_POINT('Ctrl Pts',(-10.192083520889,-6.80496483058955,176.095173949837));
#2013=CARTESIAN_POINT('Ctrl Pts',(-10.3354896898985,-6.5900894729067,176.095464219246));
#2014=CARTESIAN_POINT('Ctrl Pts',(-10.6071268629558,-6.15432463161864,176.096617120106));
#2015=CARTESIAN_POINT('Ctrl Pts',(-10.8506241213583,-5.70221905244908,176.095636239579));
#2016=CARTESIAN_POINT('Ctrl Pts',(-10.9739740979627,-5.45506209803126,176.095371815981));
#2017=CARTESIAN_POINT('Ctrl Pts',(-10.9827574882582,-5.43736442859493,176.095351817473));
#2018=CARTESIAN_POINT('Ctrl Pts',(-11.2123576610322,-4.97152957929761,176.094899925163));
#2019=CARTESIAN_POINT('Ctrl Pts',(-11.404915292607,-4.51223083025254,176.094864967146));
#2020=CARTESIAN_POINT('Ctrl Pts',(-11.5836689887572,-4.00090430882278,176.095098128794));
#2021=CARTESIAN_POINT('Ctrl Pts',(-11.5969962912648,-3.96212326747286,176.095116287485));
#2022=CARTESIAN_POINT('Ctrl Pts',(-11.7786184284854,-3.42426766759995,176.095687287935));
#2023=CARTESIAN_POINT('Ctrl Pts',(-12.0451235302255,-2.41159500805782,176.098597352589));
#2024=CARTESIAN_POINT('Ctrl Pts',(-12.1890970378571,-1.37191847052533,176.095769244907));
#2025=CARTESIAN_POINT('Ctrl Pts',(-12.2313868340154,-0.751405938784206,
176.094938282709));
#2026=CARTESIAN_POINT('Ctrl Pts',(-12.2367493676067,-0.655782518977168,
176.094801496577));
#2027=CARTESIAN_POINT('Ctrl Pts',(-12.2606467209783,-0.116328702165118,
176.094192435814));
#2028=CARTESIAN_POINT('Ctrl Pts',(-12.2570705140521,0.326153245579459,176.093889753386));
#2029=CARTESIAN_POINT('Ctrl Pts',(-12.2300940545378,0.769357923521729,176.093724267817));
#2030=CARTESIAN_POINT('Ctrl Pts',(-11.8508087751682,0.745953335626381,175.309117327253));
#2031=CARTESIAN_POINT('Ctrl Pts',(-11.8768448954722,0.316008243767925,175.309186847855));
#2032=CARTESIAN_POINT('Ctrl Pts',(-11.8798848811263,-0.113610585813423,
175.309145308417));
#2033=CARTESIAN_POINT('Ctrl Pts',(-11.8555117593163,-0.636812805649448,
175.308845931997));
#2034=CARTESIAN_POINT('Ctrl Pts',(-11.8500693815607,-0.729519820773862,
175.308801698267));
#2035=CARTESIAN_POINT('Ctrl Pts',(-11.8079005131876,-1.33047376710461,175.308710846548));
#2036=CARTESIAN_POINT('Ctrl Pts',(-11.6652190835589,-2.33724201979158,175.309327271071));
#2037=CARTESIAN_POINT('Ctrl Pts',(-11.411761037115,-3.31555142284076,175.309240714205));
#2038=CARTESIAN_POINT('Ctrl Pts',(-11.2355779623211,-3.83835983782882,175.308910420327));
#2039=CARTESIAN_POINT('Ctrl Pts',(-11.2226433532907,-3.87599664015068,175.30889041757));
#2040=CARTESIAN_POINT('Ctrl Pts',(-11.0493862162458,-4.37159429069397,175.308646138821));
#2041=CARTESIAN_POINT('Ctrl Pts',(-10.8627196346961,-4.81716052637133,175.308780361943));
#2042=CARTESIAN_POINT('Ctrl Pts',(-10.6397878564201,-5.26870518523896,175.3089993733));
#2043=CARTESIAN_POINT('Ctrl Pts',(-10.6312514261045,-5.28586326232467,175.309005629298));
#2044=CARTESIAN_POINT('Ctrl Pts',(-10.5113770825186,-5.52554083407159,175.309105250607));
#2045=CARTESIAN_POINT('Ctrl Pts',(-10.2745788160088,-5.9619791502066,175.308987891062));
#2046=CARTESIAN_POINT('Ctrl Pts',(-10.0144818442821,-6.38252513768139,175.309123407316));
#2047=CARTESIAN_POINT('Ctrl Pts',(-9.87521517545927,-6.59234153029538,175.309313869066));
#2048=CARTESIAN_POINT('Ctrl Pts',(-9.87418263318107,-6.59389533859131,175.309315192262));
#2049=CARTESIAN_POINT('Ctrl Pts',(-9.73476175580802,-6.80368878984001,175.309504349892));
#2050=CARTESIAN_POINT('Ctrl Pts',(-9.44337718931996,-7.20930489272639,175.309636282511));
#2051=CARTESIAN_POINT('Ctrl Pts',(-9.12973258127125,-7.59213074082002,175.309260023186));
#2052=CARTESIAN_POINT('Ctrl Pts',(-8.95254017874266,-7.79627971256821,175.309127931948));
#2053=CARTESIAN_POINT('Ctrl Pts',(-8.93784474068708,-7.81312654789284,175.309118876212));
#2054=CARTESIAN_POINT('Ctrl Pts',(-8.60228669660173,-8.19516170655737,175.308834202139));
#2055=CARTESIAN_POINT('Ctrl Pts',(-8.26261973838364,-8.54203141065969,175.309294218065));
#2056=CARTESIAN_POINT('Ctrl Pts',(-7.86433317207343,-8.89712078110288,175.30941264394));
#2057=CARTESIAN_POINT('Ctrl Pts',(-7.83151425570023,-8.92596518891021,175.309410974368));
#2058=CARTESIAN_POINT('Ctrl Pts',(-7.40006628412958,-9.30076660970955,175.309280928506));
#2059=CARTESIAN_POINT('Ctrl Pts',(-6.55821592118499,-9.93152079105046,175.309283455236));
#2060=CARTESIAN_POINT('Ctrl Pts',(-5.65016734759907,-10.4540678547257,175.309012851208));
#2061=CARTESIAN_POINT('Ctrl Pts',(-5.08838402401725,-10.7271827426627,175.308686656192));
#2062=CARTESIAN_POINT('Ctrl Pts',(-5.00046252436147,-10.7684934924291,175.308636546458));
#2063=CARTESIAN_POINT('Ctrl Pts',(-4.53170251143224,-10.9816210269622,175.308685809041));
#2064=CARTESIAN_POINT('Ctrl Pts',(-4.14570950547393,-11.1327994619287,175.308908742016));
#2065=CARTESIAN_POINT('Ctrl Pts',(-3.56648363700324,-11.3276609477458,175.309207903754));
#2066=CARTESIAN_POINT('Ctrl Pts',(-3.37877635626731,-11.3852455192754,175.308983390429));
#2067=CARTESIAN_POINT('Ctrl Pts',(-2.89427863689803,-11.5201931981145,175.308754481182));
#2068=CARTESIAN_POINT('Ctrl Pts',(-2.29884288287486,-11.6591128492969,175.308679148204));
#2069=CARTESIAN_POINT('Ctrl Pts',(-1.69929322068154,-11.7544779448913,175.308555511673));
#2070=CARTESIAN_POINT('Ctrl Pts',(-1.20218855775248,-11.8139624688983,175.308251223669));
#2071=CARTESIAN_POINT('Ctrl Pts',(-1.00734236446239,-11.8322046390974,175.30809578324));
#2072=CARTESIAN_POINT('Ctrl Pts',(-0.390208024423946,-11.8741842551366,
175.308759995521));
#2073=CARTESIAN_POINT('Ctrl Pts',(0.0271702843542812,-11.8789645168779,
175.308647390564));
#2074=CARTESIAN_POINT('Ctrl Pts',(0.544281024857107,-11.8607312656936,175.308543942206));
#2075=CARTESIAN_POINT('Ctrl Pts',(0.641612959437443,-11.8561084319203,175.308563617856));
#2076=CARTESIAN_POINT('Ctrl Pts',(1.26587005959625,-11.8188285013626,175.308737084295));
#2077=CARTESIAN_POINT('Ctrl Pts',(2.31392331674255,-11.6784259922509,175.309297461473));
#2078=CARTESIAN_POINT('Ctrl Pts',(3.32877289622266,-11.4090860428464,175.309233640287));
#2079=CARTESIAN_POINT('Ctrl Pts',(3.86906983493505,-11.2253037441667,175.308890457245));
#2080=CARTESIAN_POINT('Ctrl Pts',(3.90969358010956,-11.2112067946027,175.308862600902));
#2081=CARTESIAN_POINT('Ctrl Pts',(4.18339072525717,-11.1146073782086,175.308676341552));
#2082=CARTESIAN_POINT('Ctrl Pts',(4.6438358617881,-10.9355464126834,175.308415834033));
#2083=CARTESIAN_POINT('Ctrl Pts',(5.09277784933276,-10.7287209655123,175.308820817169));
#2084=CARTESIAN_POINT('Ctrl Pts',(5.33373714871431,-10.608071535465,175.308905899629));
#2085=CARTESIAN_POINT('Ctrl Pts',(5.35366481058867,-10.5980128242049,175.308909799114));
#2086=CARTESIAN_POINT('Ctrl Pts',(5.59833744905771,-10.4736410541409,175.308929961733));
#2087=CARTESIAN_POINT('Ctrl Pts',(6.03934319075271,-10.228637895172,175.3088329254));
#2088=CARTESIAN_POINT('Ctrl Pts',(6.45956706223236,-9.96476906686869,175.309174219829));
#2089=CARTESIAN_POINT('Ctrl Pts',(6.67118883937279,-9.82188016704229,175.309244774816));
#2090=CARTESIAN_POINT('Ctrl Pts',(6.67224483440412,-9.82116653469429,175.309245135177));
#2091=CARTESIAN_POINT('Ctrl Pts',(6.8831960509427,-9.6785558284504,175.309317656765));
#2092=CARTESIAN_POINT('Ctrl Pts',(7.28752360982709,-9.38307423559164,175.309211166358));
#2093=CARTESIAN_POINT('Ctrl Pts',(7.67363765759619,-9.06307820604563,175.308885195803));
#2094=CARTESIAN_POINT('Ctrl Pts',(7.87602170125102,-8.88371891557969,175.308932344693));
#2095=CARTESIAN_POINT('Ctrl Pts',(7.88997276798763,-8.87131430886031,175.308937679344));
#2096=CARTESIAN_POINT('Ctrl Pts',(8.26873380954936,-8.53178300929622,175.309049521604));
#2097=CARTESIAN_POINT('Ctrl Pts',(8.61098259217994,-8.1905747785225,175.309638005703));
#2098=CARTESIAN_POINT('Ctrl Pts',(8.96147372422695,-7.78850886414199,175.309446563277));
#2099=CARTESIAN_POINT('Ctrl Pts',(8.9879657660522,-7.75770654952794,175.309420287889));
#2100=CARTESIAN_POINT('Ctrl Pts',(9.34891930809103,-7.33242912300302,175.30886560764));
#2101=CARTESIAN_POINT('Ctrl Pts',(9.96536892291393,-6.51667879764816,175.308244823266));
#2102=CARTESIAN_POINT('Ctrl Pts',(10.4816375842632,-5.60145580550047,175.308131099545));
#2103=CARTESIAN_POINT('Ctrl Pts',(10.7423693764676,-5.05465555808218,175.309336057646));
#2104=CARTESIAN_POINT('Ctrl Pts',(10.7813081596581,-4.97111167685833,175.309556205884));
#2105=CARTESIAN_POINT('Ctrl Pts',(11.0174195045495,-4.44913522613844,175.309632523147));
#2106=CARTESIAN_POINT('Ctrl Pts',(11.1948485709347,-3.98756101850222,175.309168181046));
#2107=CARTESIAN_POINT('Ctrl Pts',(11.3950884165242,-3.33798367765926,175.309109595395));
#2108=CARTESIAN_POINT('Ctrl Pts',(11.4477211127689,-3.15212924484129,175.309009887382));
#2109=CARTESIAN_POINT('Ctrl Pts',(11.5572439251161,-2.726774760921,175.30877844631));
#2110=CARTESIAN_POINT('Ctrl Pts',(11.6659934063892,-2.24592103529321,175.30866461826));
#2111=CARTESIAN_POINT('Ctrl Pts',(11.743861343537,-1.75819316672436,175.308769319643));
#2112=CARTESIAN_POINT('Ctrl Pts',(11.799439697096,-1.32643542618512,175.309136590895));
#2113=CARTESIAN_POINT('Ctrl Pts',(11.8192000057355,-1.1386130338035,175.309403555148));
#2114=CARTESIAN_POINT('Ctrl Pts',(11.8743145047986,-0.46483051934911,175.309055488672));
#2115=CARTESIAN_POINT('Ctrl Pts',(11.883936811873,0.0325660696042151,175.309531283548));
#2116=CARTESIAN_POINT('Ctrl Pts',(11.8565351253315,0.611895383234111,175.309520860857));
#2117=CARTESIAN_POINT('Ctrl Pts',(11.8511405523103,0.704328306253959,175.309420971468));
#2118=CARTESIAN_POINT('Ctrl Pts',(11.8099888474421,1.30313720172129,175.308807192175));
#2119=CARTESIAN_POINT('Ctrl Pts',(11.6797397067321,2.32322404638562,175.308247034987));
#2120=CARTESIAN_POINT('Ctrl Pts',(11.4132316969073,3.31159357646694,175.308555169604));
#2121=CARTESIAN_POINT('Ctrl Pts',(11.2376804083585,3.83367192388298,175.308709145935));
#2122=CARTESIAN_POINT('Ctrl Pts',(11.224670173449,3.87169019873617,175.308721471697));
#2123=CARTESIAN_POINT('Ctrl Pts',(11.0515497499017,4.36950060256669,175.308868927148));
#2124=CARTESIAN_POINT('Ctrl Pts',(10.8622511852045,4.81936376362124,175.308811354749));
#2125=CARTESIAN_POINT('Ctrl Pts',(10.6376979730838,5.27283671398592,175.308915187897));
#2126=CARTESIAN_POINT('Ctrl Pts',(10.6290509748946,5.2901927805129,175.308919391323));
#2127=CARTESIAN_POINT('Ctrl Pts',(10.5083209914165,5.53103539252255,175.308977798645));
#2128=CARTESIAN_POINT('Ctrl Pts',(10.2706099323988,5.97012533983563,175.309143037783));
#2129=CARTESIAN_POINT('Ctrl Pts',(10.0069744935871,6.3935991984336,175.309024133731));
#2130=CARTESIAN_POINT('Ctrl Pts',(9.86672287674395,6.60350799428169,175.308982261539));
#2131=CARTESIAN_POINT('Ctrl Pts',(9.86572664682082,6.60499837306961,175.30898197817));
#2132=CARTESIAN_POINT('Ctrl Pts',(9.72494523517331,6.81545355294671,175.30894272718));
#2133=CARTESIAN_POINT('Ctrl Pts',(9.43424439545581,7.22213269641892,175.308958865476));
#2134=CARTESIAN_POINT('Ctrl Pts',(9.11487672468338,7.61269493247991,175.308817643477));
#2135=CARTESIAN_POINT('Ctrl Pts',(8.93574005835823,7.81739492135408,175.308789883955));
#2136=CARTESIAN_POINT('Ctrl Pts',(8.92153964268447,7.83353714002842,175.308787456206));
#2137=CARTESIAN_POINT('Ctrl Pts',(8.74515687281496,8.03299088162264,175.308756325481));
#2138=CARTESIAN_POINT('Ctrl Pts',(8.4098842391642,8.39081100602399,175.308946867497));
#2139=CARTESIAN_POINT('Ctrl Pts',(8.05267089842589,8.72791950029955,175.308860603488));
#2140=CARTESIAN_POINT('Ctrl Pts',(7.8363875764252,8.91972704916002,175.308945521789));
#2141=CARTESIAN_POINT('Ctrl Pts',(7.80375353632509,8.94835105919392,175.308960502996));
#2142=CARTESIAN_POINT('Ctrl Pts',(7.57176747587542,9.14949867482557,175.309059502314));
#2143=CARTESIAN_POINT('Ctrl Pts',(7.1607658678513,9.48330060203229,175.309277137228));
#2144=CARTESIAN_POINT('Ctrl Pts',(6.28914517955368,10.086272261972,175.310106937931));
#2145=CARTESIAN_POINT('Ctrl Pts',(5.61399660889065,10.4691492809907,175.310350270305));
#2146=CARTESIAN_POINT('Ctrl Pts',(5.053456884002,10.7433966247734,175.309112901058));
#2147=CARTESIAN_POINT('Ctrl Pts',(4.96687436914557,10.7842345111423,175.308871659435));
#2148=CARTESIAN_POINT('Ctrl Pts',(4.48757313622784,11.0032135547565,175.30861232131));
#2149=CARTESIAN_POINT('Ctrl Pts',(4.08947701116272,11.1558269423882,175.308555050595));
#2150=CARTESIAN_POINT('Ctrl Pts',(3.49816452854632,11.3464124090904,175.308136698909));
#2151=CARTESIAN_POINT('Ctrl Pts',(3.31265734620905,11.4015342456955,175.308480031672));
#2152=CARTESIAN_POINT('Ctrl Pts',(2.83644467944145,11.5307931868088,175.308959697858));
#2153=CARTESIAN_POINT('Ctrl Pts',(2.25240143377004,11.66759451385,175.309060193845));
#2154=CARTESIAN_POINT('Ctrl Pts',(1.65335020267089,11.7606094883458,175.309109995209));
#2155=CARTESIAN_POINT('Ctrl Pts',(1.15950748243487,11.8168841473155,175.309377881626));
#2156=CARTESIAN_POINT('Ctrl Pts',(0.965649514965214,11.8341657213218,175.309577317496));
#2157=CARTESIAN_POINT('Ctrl Pts',(0.346390420100942,11.8740782994446,175.309096737716));
#2158=CARTESIAN_POINT('Ctrl Pts',(-0.0828202651051049,11.8816273308328,
175.30906902779));
#2159=CARTESIAN_POINT('Ctrl Pts',(-0.610403631321329,11.8581763592884,175.30895007645));
#2160=CARTESIAN_POINT('Ctrl Pts',(-0.706286456839285,11.8526971276785,175.308987865854));
#2161=CARTESIAN_POINT('Ctrl Pts',(-1.33005143792371,11.8084343571287,175.309184995322));
#2162=CARTESIAN_POINT('Ctrl Pts',(-2.3687609077047,11.6652307959708,175.308956186018));
#2163=CARTESIAN_POINT('Ctrl Pts',(-3.39317365069348,11.3902752350617,175.309132769471));
#2164=CARTESIAN_POINT('Ctrl Pts',(-3.93200969861076,11.2034966123595,175.309212630086));
#2165=CARTESIAN_POINT('Ctrl Pts',(-3.97241456156443,11.1892710592463,175.309213896558));
#2166=CARTESIAN_POINT('Ctrl Pts',(-4.24435353727067,11.0917313690855,175.309211925653));
#2167=CARTESIAN_POINT('Ctrl Pts',(-4.70192907293456,10.911267322263,175.308925114268));
#2168=CARTESIAN_POINT('Ctrl Pts',(-5.14909409117721,10.7020395058752,175.308742840153));
#2169=CARTESIAN_POINT('Ctrl Pts',(-5.38980285212968,10.5792278921815,175.308787141085));
#2170=CARTESIAN_POINT('Ctrl Pts',(-5.40974175911387,10.5689869926947,175.308794315676));
#2171=CARTESIAN_POINT('Ctrl Pts',(-5.65350530034888,10.4428385070197,175.308939345128));
#2172=CARTESIAN_POINT('Ctrl Pts',(-6.08915469109885,10.2010886556776,175.309178584417));
#2173=CARTESIAN_POINT('Ctrl Pts',(-6.51569387228914,9.92817272364957,175.308972763545));
#2174=CARTESIAN_POINT('Ctrl Pts',(-6.72398071445907,9.78495775509881,175.309085130306));
#2175=CARTESIAN_POINT('Ctrl Pts',(-6.72534738710746,9.78401817153497,175.309085741679));
#2176=CARTESIAN_POINT('Ctrl Pts',(-6.93310743072397,9.64107142316237,175.30919462273));
#2177=CARTESIAN_POINT('Ctrl Pts',(-7.33679665627935,9.34424129113513,175.3093158385));
#2178=CARTESIAN_POINT('Ctrl Pts',(-7.72124036029258,9.0230466122173,175.308859617647));
#2179=CARTESIAN_POINT('Ctrl Pts',(-7.92381591064999,8.84250499042471,175.308907529161));
#2180=CARTESIAN_POINT('Ctrl Pts',(-7.93828562971,8.82955332582419,175.308912628937));
#2181=CARTESIAN_POINT('Ctrl Pts',(-8.31766006705712,8.48767465280731,175.309079606577));
#2182=CARTESIAN_POINT('Ctrl Pts',(-8.65856350358353,8.13993060117743,175.308955773543));
#2183=CARTESIAN_POINT('Ctrl Pts',(-9.00546755685243,7.73824245530417,175.309028061145));
#2184=CARTESIAN_POINT('Ctrl Pts',(-9.03150908813355,7.70772343729973,175.309028298739));
#2185=CARTESIAN_POINT('Ctrl Pts',(-9.38956296089658,7.28358808294438,175.308920046505));
#2186=CARTESIAN_POINT('Ctrl Pts',(-10.0035656049299,6.45733628178624,175.30893355407));
#2187=CARTESIAN_POINT('Ctrl Pts',(-10.5081180104405,5.55246252026284,175.308683722439));
#2188=CARTESIAN_POINT('Ctrl Pts',(-10.768061389275,5.00412841344764,175.308856600895));
#2189=CARTESIAN_POINT('Ctrl Pts',(-10.8065185742803,4.92060652424081,175.308885339218));
#2190=CARTESIAN_POINT('Ctrl Pts',(-11.0417455230971,4.39356239460695,175.308842676948));
#2191=CARTESIAN_POINT('Ctrl Pts',(-11.2122570075851,3.93561444911454,175.308833995238));
#2192=CARTESIAN_POINT('Ctrl Pts',(-11.4095715105186,3.2867900378111,175.308853885432));
#2193=CARTESIAN_POINT('Ctrl Pts',(-11.461531259095,3.10054856456327,175.308890335494));
#2194=CARTESIAN_POINT('Ctrl Pts',(-11.6281655484112,2.44511741435097,175.308954286188));
#2195=CARTESIAN_POINT('Ctrl Pts',(-11.7209386704875,1.96800321494541,175.308763862333));
#2196=CARTESIAN_POINT('Ctrl Pts',(-11.8057497850791,1.29694122757792,175.308929014984));
#2197=CARTESIAN_POINT('Ctrl Pts',(-11.8246965805066,1.10867200776615,175.309035682864));
#2198=CARTESIAN_POINT('Ctrl Pts',(-11.8433310264101,0.862264531842083,175.309095937564));
#2199=CARTESIAN_POINT('Ctrl Pts',(-11.8472871417591,0.804107506903888,175.309107923929));
#2200=CARTESIAN_POINT('Ctrl Pts',(-11.8508087751682,0.745953335626382,175.309117327253));
#2201=CARTESIAN_POINT('Ctrl Pts',(-12.2300882297173,0.769453615208429,175.608825729442));
#2202=CARTESIAN_POINT('Ctrl Pts',(-12.2300882297173,0.769453615208429,178.608825729442));
#2203=CARTESIAN_POINT('Ctrl Pts',(-12.2604338772618,0.270959142136421,175.608825736129));
#2204=CARTESIAN_POINT('Ctrl Pts',(-12.2604338772618,0.270959142136421,178.608825736129));
#2205=CARTESIAN_POINT('Ctrl Pts',(-12.2642553737458,-0.26866163651847,175.608825743335));
#2206=CARTESIAN_POINT('Ctrl Pts',(-12.2642553737458,-0.26866163651847,178.608825743335));
#2207=CARTESIAN_POINT('Ctrl Pts',(-12.2248878301362,-0.846696619389931,
175.608825751002));
#2208=CARTESIAN_POINT('Ctrl Pts',(-12.2248878301362,-0.846696619389931,
178.608825751002));
#2209=CARTESIAN_POINT('Ctrl Pts',(-12.2141639011815,-1.00415643326918,175.60882575309));
#2210=CARTESIAN_POINT('Ctrl Pts',(-12.2141639011815,-1.00415643326918,178.60882575309));
#2211=CARTESIAN_POINT('Ctrl Pts',(-12.2000948666859,-1.16445662709129,175.608825755213));
#2212=CARTESIAN_POINT('Ctrl Pts',(-12.2000948666859,-1.16445662709129,178.608825755213));
#2213=CARTESIAN_POINT('Ctrl Pts',(-12.1822094023755,-1.32749861933252,175.608825757367));
#2214=CARTESIAN_POINT('Ctrl Pts',(-12.1822094023755,-1.32749861933252,178.608825757367));
#2215=CARTESIAN_POINT('Ctrl Pts',(-12.1456120783149,-1.66111593683665,175.608825761776));
#2216=CARTESIAN_POINT('Ctrl Pts',(-12.1456120783149,-1.66111593683665,178.608825761776));
#2217=CARTESIAN_POINT('Ctrl Pts',(-12.0914492251003,-2.01430504968935,175.608825766425));
#2218=CARTESIAN_POINT('Ctrl Pts',(-12.0914492251003,-2.01430504968935,178.608825766425));
#2219=CARTESIAN_POINT('Ctrl Pts',(-12.0238759265098,-2.35868534495494,175.608825770941));
#2220=CARTESIAN_POINT('Ctrl Pts',(-12.0238759265098,-2.35868534495494,178.608825770941));
#2221=CARTESIAN_POINT('Ctrl Pts',(-11.9029313482945,-2.97506682144457,175.608825779024));
#2222=CARTESIAN_POINT('Ctrl Pts',(-11.9029313482945,-2.97506682144457,178.608825779024));
#2223=CARTESIAN_POINT('Ctrl Pts',(-11.746791948106,-3.53463285944957,175.608825786306));
#2224=CARTESIAN_POINT('Ctrl Pts',(-11.746791948106,-3.53463285944957,178.608825786306));
#2225=CARTESIAN_POINT('Ctrl Pts',(-11.57002827384,-4.04040273352863,175.608825792847));
#2226=CARTESIAN_POINT('Ctrl Pts',(-11.57002827384,-4.04040273352863,178.608825792847));
#2227=CARTESIAN_POINT('Ctrl Pts',(-11.3828849112955,-4.57587177320521,175.608825799772));
#2228=CARTESIAN_POINT('Ctrl Pts',(-11.3828849112955,-4.57587177320521,178.608825799772));
#2229=CARTESIAN_POINT('Ctrl Pts',(-11.1752712509495,-5.05193877187918,175.60882580588));
#2230=CARTESIAN_POINT('Ctrl Pts',(-11.1752712509495,-5.05193877187918,178.60882580588));
#2231=CARTESIAN_POINT('Ctrl Pts',(-10.9650393478635,-5.47313480297389,175.608825811252));
#2232=CARTESIAN_POINT('Ctrl Pts',(-10.9650393478635,-5.47313480297389,178.608825811252));
#2233=CARTESIAN_POINT('Ctrl Pts',(-10.8537799921983,-5.69604102386829,175.608825814095));
#2234=CARTESIAN_POINT('Ctrl Pts',(-10.8537799921983,-5.69604102386829,178.608825814095));
#2235=CARTESIAN_POINT('Ctrl Pts',(-10.7417746537404,-5.90357397572382,175.608825816733));
#2236=CARTESIAN_POINT('Ctrl Pts',(-10.7417746537404,-5.90357397572382,178.608825816733));
#2237=CARTESIAN_POINT('Ctrl Pts',(-10.6313574496675,-6.09615014244138,175.608825819172));
#2238=CARTESIAN_POINT('Ctrl Pts',(-10.6313574496675,-6.09615014244138,178.608825819172));
#2239=CARTESIAN_POINT('Ctrl Pts',(-10.4826546049521,-6.35549943547716,175.608825822458));
#2240=CARTESIAN_POINT('Ctrl Pts',(-10.4826546049521,-6.35549943547716,178.608825822458));
#2241=CARTESIAN_POINT('Ctrl Pts',(-10.343684543065,-6.57790484861399,175.608825825261));
#2242=CARTESIAN_POINT('Ctrl Pts',(-10.343684543065,-6.57790484861399,178.608825825261));
#2243=CARTESIAN_POINT('Ctrl Pts',(-10.193175949105,-6.8034108165254,175.608825828093));
#2244=CARTESIAN_POINT('Ctrl Pts',(-10.193175949105,-6.8034108165254,178.608825828093));
#2245=CARTESIAN_POINT('Ctrl Pts',(-9.92353118057462,-7.20741767699662,175.608825833166));
#2246=CARTESIAN_POINT('Ctrl Pts',(-9.92353118057462,-7.20741767699662,178.608825833166));
#2247=CARTESIAN_POINT('Ctrl Pts',(-9.61320022349117,-7.62029474422765,175.60882583831));
#2248=CARTESIAN_POINT('Ctrl Pts',(-9.61320022349117,-7.62029474422765,178.60882583831));
#2249=CARTESIAN_POINT('Ctrl Pts',(-9.25692912741547,-8.03092402921606,175.608825843369));
#2250=CARTESIAN_POINT('Ctrl Pts',(-9.25692912741547,-8.03092402921606,178.608825843369));
#2251=CARTESIAN_POINT('Ctrl Pts',(-8.92862722589198,-8.40931670986809,175.608825848031));
#2252=CARTESIAN_POINT('Ctrl Pts',(-8.92862722589198,-8.40931670986809,178.608825848031));
#2253=CARTESIAN_POINT('Ctrl Pts',(-8.56153493895384,-8.78602960930989,175.608825852625));
#2254=CARTESIAN_POINT('Ctrl Pts',(-8.56153493895384,-8.78602960930989,178.608825852625));
#2255=CARTESIAN_POINT('Ctrl Pts',(-8.15074446568191,-9.15215421373582,175.608825857026));
#2256=CARTESIAN_POINT('Ctrl Pts',(-8.15074446568191,-9.15215421373582,178.608825857026));
#2257=CARTESIAN_POINT('Ctrl Pts',(-7.84681370378021,-9.42303812466936,175.608825860282));
#2258=CARTESIAN_POINT('Ctrl Pts',(-7.84681370378021,-9.42303812466936,178.608825860282));
#2259=CARTESIAN_POINT('Ctrl Pts',(-7.51834290841106,-9.68741528424629,175.608825863423));
#2260=CARTESIAN_POINT('Ctrl Pts',(-7.51834290841106,-9.68741528424629,178.608825863423));
#2261=CARTESIAN_POINT('Ctrl Pts',(-7.16373574332214,-9.94182760544912,175.608825866399));
#2262=CARTESIAN_POINT('Ctrl Pts',(-7.16373574332214,-9.94182760544912,178.608825866399));
#2263=CARTESIAN_POINT('Ctrl Pts',(-6.63531653652014,-10.3209410870872,175.608825870835));
#2264=CARTESIAN_POINT('Ctrl Pts',(-6.63531653652014,-10.3209410870872,178.608825870835));
#2265=CARTESIAN_POINT('Ctrl Pts',(-6.03321814005077,-10.694283115135,175.608825875106));
#2266=CARTESIAN_POINT('Ctrl Pts',(-6.03321814005077,-10.694283115135,178.608825875106));
#2267=CARTESIAN_POINT('Ctrl Pts',(-5.34227104358095,-11.0296506767177,175.608825878767));
#2268=CARTESIAN_POINT('Ctrl Pts',(-5.34227104358095,-11.0296506767177,178.608825878767));
#2269=CARTESIAN_POINT('Ctrl Pts',(-4.72497762932691,-11.3292686766733,175.608825882036));
#2270=CARTESIAN_POINT('Ctrl Pts',(-4.72497762932691,-11.3292686766733,178.608825882037));
#2271=CARTESIAN_POINT('Ctrl Pts',(-4.04092336971057,-11.5952768372081,175.608825884779));
#2272=CARTESIAN_POINT('Ctrl Pts',(-4.04092336971057,-11.5952768372081,178.608825884779));
#2273=CARTESIAN_POINT('Ctrl Pts',(-3.29337651561088,-11.8048535536589,175.608825886694));
#2274=CARTESIAN_POINT('Ctrl Pts',(-3.29337651561088,-11.8048535536589,178.608825886694));
#2275=CARTESIAN_POINT('Ctrl Pts',(-2.72115988547893,-11.965275983081,175.60882588816));
#2276=CARTESIAN_POINT('Ctrl Pts',(-2.72115988547893,-11.965275983081,178.60882588816));
#2277=CARTESIAN_POINT('Ctrl Pts',(-2.1124235823979,-12.0919709265918,175.608825889132));
#2278=CARTESIAN_POINT('Ctrl Pts',(-2.1124235823979,-12.0919709265918,178.608825889132));
#2279=CARTESIAN_POINT('Ctrl Pts',(-1.43955066956575,-12.1715440476819,175.6088258894));
#2280=CARTESIAN_POINT('Ctrl Pts',(-1.43955066956575,-12.1715440476819,178.6088258894));
#2281=CARTESIAN_POINT('Ctrl Pts',(-0.760260134021116,-12.2518761089217,
175.608825889671));
#2282=CARTESIAN_POINT('Ctrl Pts',(-0.760260134021116,-12.2518761089217,
178.608825889671));
#2283=CARTESIAN_POINT('Ctrl Pts',(-0.0244252053651395,-12.2782384609176,
175.608825889155));
#2284=CARTESIAN_POINT('Ctrl Pts',(-0.0244252053651395,-12.2782384609176,
178.608825889155));
#2285=CARTESIAN_POINT('Ctrl Pts',(0.760308721495142,-12.2320351352188,175.608825887612));
#2286=CARTESIAN_POINT('Ctrl Pts',(0.760308721495142,-12.2320351352188,178.608825887612));
#2287=CARTESIAN_POINT('Ctrl Pts',(0.9751983308055,-12.2193829300976,175.60882588719));
#2288=CARTESIAN_POINT('Ctrl Pts',(0.9751983308055,-12.2193829300976,178.60882588719));
#2289=CARTESIAN_POINT('Ctrl Pts',(1.19375373194554,-12.2004229992709,175.608825886679));
#2290=CARTESIAN_POINT('Ctrl Pts',(1.19375373194554,-12.2004229992709,178.608825886679));
#2291=CARTESIAN_POINT('Ctrl Pts',(1.41574200271879,-12.1744996800288,175.608825886071));
#2292=CARTESIAN_POINT('Ctrl Pts',(1.41574200271879,-12.1744996800288,178.608825886071));
#2293=CARTESIAN_POINT('Ctrl Pts',(1.82921680814598,-12.1262149695694,175.608825884939));
#2294=CARTESIAN_POINT('Ctrl Pts',(1.82921680814598,-12.1262149695694,178.608825884939));
#2295=CARTESIAN_POINT('Ctrl Pts',(2.26698864088669,-12.0510461292492,175.60882588342));
#2296=CARTESIAN_POINT('Ctrl Pts',(2.26698864088669,-12.0510461292492,178.60882588342));
#2297=CARTESIAN_POINT('Ctrl Pts',(2.67604494657189,-11.959480108737,175.608825881715));
#2298=CARTESIAN_POINT('Ctrl Pts',(2.67604494657189,-11.959480108737,178.608825881715));
#2299=CARTESIAN_POINT('Ctrl Pts',(3.18383934635102,-11.8458118636081,175.608825879599));
#2300=CARTESIAN_POINT('Ctrl Pts',(3.18383934635102,-11.8458118636081,178.608825879599));
#2301=CARTESIAN_POINT('Ctrl Pts',(3.65100960977738,-11.7077702542932,175.608825877206));
#2302=CARTESIAN_POINT('Ctrl Pts',(3.65100960977738,-11.7077702542932,178.608825877206));
#2303=CARTESIAN_POINT('Ctrl Pts',(4.0786519971713,-11.5565095496436,175.608825874683));
#2304=CARTESIAN_POINT('Ctrl Pts',(4.0786519971713,-11.5565095496436,178.608825874683));
#2305=CARTESIAN_POINT('Ctrl Pts',(4.6326637916034,-11.3605509242122,175.608825871415));
#2306=CARTESIAN_POINT('Ctrl Pts',(4.6326637916034,-11.3605509242122,178.608825871415));
#2307=CARTESIAN_POINT('Ctrl Pts',(5.12104157405764,-11.1440542961937,175.608825867949));
#2308=CARTESIAN_POINT('Ctrl Pts',(5.12104157405764,-11.1440542961937,178.60882586795));
#2309=CARTESIAN_POINT('Ctrl Pts',(5.54588599711235,-10.9284554630217,175.608825864571));
#2310=CARTESIAN_POINT('Ctrl Pts',(5.54588599711235,-10.9284554630217,178.608825864571));
#2311=CARTESIAN_POINT('Ctrl Pts',(5.76932530021186,-10.8150651243027,175.608825862795));
#2312=CARTESIAN_POINT('Ctrl Pts',(5.76932530021186,-10.8150651243027,178.608825862795));
#2313=CARTESIAN_POINT('Ctrl Pts',(5.97517853107586,-10.7019338383995,175.608825861042));
#2314=CARTESIAN_POINT('Ctrl Pts',(5.97517853107586,-10.7019338383995,178.608825861042));
#2315=CARTESIAN_POINT('Ctrl Pts',(6.16369501729392,-10.5922455645153,175.608825859356));
#2316=CARTESIAN_POINT('Ctrl Pts',(6.16369501729392,-10.5922455645153,178.608825859356));
#2317=CARTESIAN_POINT('Ctrl Pts',(6.43833714724798,-10.4324451047523,175.6088258569));
#2318=CARTESIAN_POINT('Ctrl Pts',(6.43833714724798,-10.4324451047523,178.6088258569));
#2319=CARTESIAN_POINT('Ctrl Pts',(6.66597991501238,-10.2871263156651,175.608825854692));
#2320=CARTESIAN_POINT('Ctrl Pts',(6.66597991501238,-10.2871263156651,178.608825854692));
#2321=CARTESIAN_POINT('Ctrl Pts',(6.88918003032707,-10.1354075845,175.608825852404));
#2322=CARTESIAN_POINT('Ctrl Pts',(6.88918003032707,-10.1354075845,178.608825852404));
#2323=CARTESIAN_POINT('Ctrl Pts',(7.32092063381252,-9.84193490210066,175.608825847978));
#2324=CARTESIAN_POINT('Ctrl Pts',(7.32092063381252,-9.84193490210066,178.608825847978));
#2325=CARTESIAN_POINT('Ctrl Pts',(7.72980640852344,-9.52369409719314,175.608825843249));
#2326=CARTESIAN_POINT('Ctrl Pts',(7.72980640852344,-9.52369409719314,178.608825843249));
#2327=CARTESIAN_POINT('Ctrl Pts',(8.11480418307508,-9.18350448307194,175.608825838256));
#2328=CARTESIAN_POINT('Ctrl Pts',(8.11480418307508,-9.18350448307194,178.608825838255));
#2329=CARTESIAN_POINT('Ctrl Pts',(8.50946759594229,-8.83477417083206,175.608825833136));
#2330=CARTESIAN_POINT('Ctrl Pts',(8.50946759594229,-8.83477417083206,178.608825833136));
#2331=CARTESIAN_POINT('Ctrl Pts',(8.87936232306373,-8.46325288572236,175.608825827742));
#2332=CARTESIAN_POINT('Ctrl Pts',(8.87936232306373,-8.46325288572236,178.608825827742));
#2333=CARTESIAN_POINT('Ctrl Pts',(9.22207085704371,-8.07098431091834,175.608825822103));
#2334=CARTESIAN_POINT('Ctrl Pts',(9.22207085704371,-8.07098431091834,178.608825822103));
#2335=CARTESIAN_POINT('Ctrl Pts',(9.5973206032547,-7.6414686480538,175.608825815929));
#2336=CARTESIAN_POINT('Ctrl Pts',(9.5973206032547,-7.6414686480538,178.608825815929));
#2337=CARTESIAN_POINT('Ctrl Pts',(9.94456962067266,-7.1821046452015,175.60882580939));
#2338=CARTESIAN_POINT('Ctrl Pts',(9.94456962067266,-7.1821046452015,178.60882580939));
#2339=CARTESIAN_POINT('Ctrl Pts',(10.2509959081793,-6.71653773834017,175.608825802815));
#2340=CARTESIAN_POINT('Ctrl Pts',(10.2509959081793,-6.71653773834017,178.608825802815));
#2341=CARTESIAN_POINT('Ctrl Pts',(10.5686188224917,-6.23395930498197,175.608825796001));
#2342=CARTESIAN_POINT('Ctrl Pts',(10.5686188224917,-6.23395930498197,178.608825796001));
#2343=CARTESIAN_POINT('Ctrl Pts',(10.8271072358507,-5.75878832144474,175.608825789355));
#2344=CARTESIAN_POINT('Ctrl Pts',(10.8271072358507,-5.75878832144474,178.608825789355));
#2345=CARTESIAN_POINT('Ctrl Pts',(11.0448122308856,-5.30167966775952,175.608825782999));
#2346=CARTESIAN_POINT('Ctrl Pts',(11.0448122308856,-5.30167966775952,178.608825782999));
#2347=CARTESIAN_POINT('Ctrl Pts',(11.4305719495697,-4.49171154725162,175.608825771735));
#2348=CARTESIAN_POINT('Ctrl Pts',(11.4305719495697,-4.49171154725162,178.608825771735));
#2349=CARTESIAN_POINT('Ctrl Pts',(11.69147179076,-3.73677190662366,175.608825761353));
#2350=CARTESIAN_POINT('Ctrl Pts',(11.69147179076,-3.73677190662366,178.608825761353));
#2351=CARTESIAN_POINT('Ctrl Pts',(11.8660430260819,-3.05968967999156,175.608825752112));
#2352=CARTESIAN_POINT('Ctrl Pts',(11.8660430260819,-3.05968967999156,178.608825752112));
#2353=CARTESIAN_POINT('Ctrl Pts',(11.915980213362,-2.86600609922856,175.608825749469));
#2354=CARTESIAN_POINT('Ctrl Pts',(11.915980213362,-2.86600609922856,178.608825749469));
#2355=CARTESIAN_POINT('Ctrl Pts',(11.9593700815642,-2.67893335888883,175.608825746921));
#2356=CARTESIAN_POINT('Ctrl Pts',(11.9593700815642,-2.67893335888883,178.608825746921));
#2357=CARTESIAN_POINT('Ctrl Pts',(11.996928250847,-2.49911355576221,175.608825744477));
#2358=CARTESIAN_POINT('Ctrl Pts',(11.996928250847,-2.49911355576221,178.608825744477));
#2359=CARTESIAN_POINT('Ctrl Pts',(12.0612064695352,-2.19136435364329,175.608825740295));
#2360=CARTESIAN_POINT('Ctrl Pts',(12.0612064695352,-2.19136435364329,178.608825740295));
#2361=CARTESIAN_POINT('Ctrl Pts',(12.1131659031064,-1.88155780516233,175.608825736099));
#2362=CARTESIAN_POINT('Ctrl Pts',(12.1131659031064,-1.88155780516233,178.608825736099));
#2363=CARTESIAN_POINT('Ctrl Pts',(12.1541080926729,-1.56336882300191,175.608825731805));
#2364=CARTESIAN_POINT('Ctrl Pts',(12.1541080926729,-1.56336882300191,178.608825731805));
#2365=CARTESIAN_POINT('Ctrl Pts',(12.2526858766325,-0.797255308462199,175.608825721465));
#2366=CARTESIAN_POINT('Ctrl Pts',(12.2526858766325,-0.797255308462199,178.608825721465));
#2367=CARTESIAN_POINT('Ctrl Pts',(12.2810162742317,0.00630980931711822,
175.608825710709));
#2368=CARTESIAN_POINT('Ctrl Pts',(12.2810162742317,0.00630980931711822,
178.608825710709));
#2369=CARTESIAN_POINT('Ctrl Pts',(12.2252706662658,0.823390958704457,175.608825699871));
#2370=CARTESIAN_POINT('Ctrl Pts',(12.2252706662658,0.823390958704457,178.608825699871));
#2371=CARTESIAN_POINT('Ctrl Pts',(12.2059638186866,1.10637757929562,175.608825696118));
#2372=CARTESIAN_POINT('Ctrl Pts',(12.2059638186866,1.10637757929562,178.608825696118));
#2373=CARTESIAN_POINT('Ctrl Pts',(12.1781845895068,1.39113190409442,175.608825692351));
#2374=CARTESIAN_POINT('Ctrl Pts',(12.1781845895068,1.39113190409442,178.608825692351));
#2375=CARTESIAN_POINT('Ctrl Pts',(12.1394829167177,1.6766058157999,175.608825688587));
#2376=CARTESIAN_POINT('Ctrl Pts',(12.1394829167177,1.6766058157999,178.608825688587));
#2377=CARTESIAN_POINT('Ctrl Pts',(12.0964560687163,1.99398337914861,175.608825684403));
#2378=CARTESIAN_POINT('Ctrl Pts',(12.0964560687163,1.99398337914861,178.608825684403));
#2379=CARTESIAN_POINT('Ctrl Pts',(12.0418404801713,2.30389471689683,175.608825680332));
#2380=CARTESIAN_POINT('Ctrl Pts',(12.0418404801713,2.30389471689683,178.608825680332));
#2381=CARTESIAN_POINT('Ctrl Pts',(11.9688856923657,2.63411093101681,175.608825676011));
#2382=CARTESIAN_POINT('Ctrl Pts',(11.9688856923657,2.63411093101681,178.608825676011));
#2383=CARTESIAN_POINT('Ctrl Pts',(11.8745385913617,3.06115545330012,175.608825670424));
#2384=CARTESIAN_POINT('Ctrl Pts',(11.8745385913617,3.06115545330012,178.608825670424));
#2385=CARTESIAN_POINT('Ctrl Pts',(11.7462437371668,3.53343041750675,175.608825664273));
#2386=CARTESIAN_POINT('Ctrl Pts',(11.7462437371668,3.53343041750675,178.608825664273));
#2387=CARTESIAN_POINT('Ctrl Pts',(11.5718925224546,4.03457383485501,175.608825657791));
#2388=CARTESIAN_POINT('Ctrl Pts',(11.5718925224546,4.03457383485501,178.608825657791));
#2389=CARTESIAN_POINT('Ctrl Pts',(11.4114862156582,4.49563494581372,175.608825651828));
#2390=CARTESIAN_POINT('Ctrl Pts',(11.4114862156582,4.49563494581372,178.608825651828));
#2391=CARTESIAN_POINT('Ctrl Pts',(11.2110644363516,4.98070172906685,175.608825645592));
#2392=CARTESIAN_POINT('Ctrl Pts',(11.2110644363516,4.98070172906685,178.608825645592));
#2393=CARTESIAN_POINT('Ctrl Pts',(10.9629073447655,5.47740391637077,175.608825639256));
#2394=CARTESIAN_POINT('Ctrl Pts',(10.9629073447655,5.47740391637077,178.608825639256));
#2395=CARTESIAN_POINT('Ctrl Pts',(10.7432475139156,5.91706702552699,175.608825633648));
#2396=CARTESIAN_POINT('Ctrl Pts',(10.7432475139156,5.91706702552699,178.608825633648));
#2397=CARTESIAN_POINT('Ctrl Pts',(10.4862306460864,6.36546129555552,175.608825627968));
#2398=CARTESIAN_POINT('Ctrl Pts',(10.4862306460864,6.36546129555552,178.608825627968));
#2399=CARTESIAN_POINT('Ctrl Pts',(10.1853903722104,6.81506851496315,175.608825622323));
#2400=CARTESIAN_POINT('Ctrl Pts',(10.1853903722104,6.81506851496315,178.608825622323));
#2401=CARTESIAN_POINT('Ctrl Pts',(9.9121735644494,7.22339233294845,175.608825617197));
#2402=CARTESIAN_POINT('Ctrl Pts',(9.9121735644494,7.22339233294845,178.608825617197));
#2403=CARTESIAN_POINT('Ctrl Pts',(9.59754737358077,7.6401242993961,175.608825612007));
#2404=CARTESIAN_POINT('Ctrl Pts',(9.59754737358077,7.6401242993961,178.608825612007));
#2405=CARTESIAN_POINT('Ctrl Pts',(9.23901363692504,8.05155787455168,175.60882560694));
#2406=CARTESIAN_POINT('Ctrl Pts',(9.23901363692504,8.05155787455168,178.60882560694));
#2407=CARTESIAN_POINT('Ctrl Pts',(8.90504438850177,8.43480259554353,175.608825602219));
#2408=CARTESIAN_POINT('Ctrl Pts',(8.90504438850177,8.43480259554353,178.608825602219));
#2409=CARTESIAN_POINT('Ctrl Pts',(8.532945099119,8.81332524620889,175.608825597607));
#2410=CARTESIAN_POINT('Ctrl Pts',(8.532945099119,8.81332524620889,178.608825597607));
#2411=CARTESIAN_POINT('Ctrl Pts',(8.121790864843,9.17726190138988,175.608825593236));
#2412=CARTESIAN_POINT('Ctrl Pts',(8.121790864843,9.17726190138988,178.608825593236));
#2413=CARTESIAN_POINT('Ctrl Pts',(8.03172709991068,9.25698260624942,175.608825592278));
#2414=CARTESIAN_POINT('Ctrl Pts',(8.03172709991068,9.25698260624942,178.608825592278));
#2415=CARTESIAN_POINT('Ctrl Pts',(7.93979266696351,9.33601209661547,175.608825591332));
#2416=CARTESIAN_POINT('Ctrl Pts',(7.93979266696351,9.33601209661547,178.608825591332));
#2417=CARTESIAN_POINT('Ctrl Pts',(7.84594032926342,9.41420773249522,175.608825590399));
#2418=CARTESIAN_POINT('Ctrl Pts',(7.84594032926342,9.41420773249522,178.608825590399));
#2419=CARTESIAN_POINT('Ctrl Pts',(7.57105708646725,9.64323420631433,175.608825587668));
#2420=CARTESIAN_POINT('Ctrl Pts',(7.57105708646725,9.64323420631433,178.608825587668));
#2421=CARTESIAN_POINT('Ctrl Pts',(7.28049622472587,9.864274666614,175.608825585061));
#2422=CARTESIAN_POINT('Ctrl Pts',(7.28049622472587,9.864274666614,178.608825585061));
#2423=CARTESIAN_POINT('Ctrl Pts',(6.97097855732516,10.0763436831698,175.608825582596));
#2424=CARTESIAN_POINT('Ctrl Pts',(6.97097855732516,10.0763436831698,178.608825582596));
#2425=CARTESIAN_POINT('Ctrl Pts',(6.51622396974843,10.3879231770691,175.608825578975));
#2426=CARTESIAN_POINT('Ctrl Pts',(6.51622396974843,10.3879231770691,178.608825578975));
#2427=CARTESIAN_POINT('Ctrl Pts',(5.96336308845381,10.7254827345557,175.608825575122));
#2428=CARTESIAN_POINT('Ctrl Pts',(5.96336308845381,10.7254827345557,178.608825575122));
#2429=CARTESIAN_POINT('Ctrl Pts',(5.30677369254819,11.0467919612107,175.608825571609));
#2430=CARTESIAN_POINT('Ctrl Pts',(5.30677369254819,11.0467919612107,178.608825571609));
#2431=CARTESIAN_POINT('Ctrl Pts',(4.70660402788998,11.3404915731991,175.608825568398));
#2432=CARTESIAN_POINT('Ctrl Pts',(4.70660402788998,11.3404915731991,178.608825568398));
#2433=CARTESIAN_POINT('Ctrl Pts',(4.01472930827571,11.6105912799638,175.60882556561));
#2434=CARTESIAN_POINT('Ctrl Pts',(4.01472930827571,11.6105912799638,178.60882556561));
#2435=CARTESIAN_POINT('Ctrl Pts',(3.22690876302223,11.8235249112427,175.608825563698));
#2436=CARTESIAN_POINT('Ctrl Pts',(3.22690876302223,11.8235249112427,178.608825563698));
#2437=CARTESIAN_POINT('Ctrl Pts',(2.65465152387753,11.9781956832742,175.608825562309));
#2438=CARTESIAN_POINT('Ctrl Pts',(2.65465152387753,11.9781956832742,178.608825562309));
#2439=CARTESIAN_POINT('Ctrl Pts',(2.02660814515769,12.1025890233747,175.60882556139));
#2440=CARTESIAN_POINT('Ctrl Pts',(2.02660814515769,12.1025890233747,178.60882556139));
#2441=CARTESIAN_POINT('Ctrl Pts',(1.39671420055236,12.1741536033831,175.608825561178));
#2442=CARTESIAN_POINT('Ctrl Pts',(1.39671420055236,12.1741536033831,178.608825561178));
#2443=CARTESIAN_POINT('Ctrl Pts',(0.673843899625746,12.2562815710028,175.608825560935));
#2444=CARTESIAN_POINT('Ctrl Pts',(0.673843899625746,12.2562815710028,178.608825560935));
#2445=CARTESIAN_POINT('Ctrl Pts',(-0.0672112136726732,12.2814240058614,
175.608825561474));
#2446=CARTESIAN_POINT('Ctrl Pts',(-0.0672112136726732,12.2814240058614,
178.608825561474));
#2447=CARTESIAN_POINT('Ctrl Pts',(-0.828475217895159,12.2278193451854,175.608825563087));
#2448=CARTESIAN_POINT('Ctrl Pts',(-0.828475217895159,12.2278193451854,178.608825563087));
#2449=CARTESIAN_POINT('Ctrl Pts',(-1.03835668145766,12.2130404713992,175.608825563532));
#2450=CARTESIAN_POINT('Ctrl Pts',(-1.03835668145766,12.2130404713992,178.608825563532));
#2451=CARTESIAN_POINT('Ctrl Pts',(-1.24971021004468,12.1923266049358,175.608825564058));
#2452=CARTESIAN_POINT('Ctrl Pts',(-1.24971021004468,12.1923266049358,178.608825564058));
#2453=CARTESIAN_POINT('Ctrl Pts',(-1.46261552363717,12.1660893637795,175.608825564659));
#2454=CARTESIAN_POINT('Ctrl Pts',(-1.46261552363717,12.1660893637795,178.608825564659));
#2455=CARTESIAN_POINT('Ctrl Pts',(-1.89769509261737,12.1124726297445,175.608825565888));
#2456=CARTESIAN_POINT('Ctrl Pts',(-1.89769509261737,12.1124726297445,178.608825565888));
#2457=CARTESIAN_POINT('Ctrl Pts',(-2.35126058213102,12.0330291240573,175.608825567483));
#2458=CARTESIAN_POINT('Ctrl Pts',(-2.35126058213102,12.0330291240573,178.608825567483));
#2459=CARTESIAN_POINT('Ctrl Pts',(-2.77521518387754,11.9354022828356,175.608825569286));
#2460=CARTESIAN_POINT('Ctrl Pts',(-2.77521518387754,11.9354022828356,178.608825569286));
#2461=CARTESIAN_POINT('Ctrl Pts',(-3.26944961247223,11.8215916392243,175.608825571388));
#2462=CARTESIAN_POINT('Ctrl Pts',(-3.26944961247223,11.8215916392243,178.608825571388));
#2463=CARTESIAN_POINT('Ctrl Pts',(-3.72423475983271,11.6843903732468,175.608825573755));
#2464=CARTESIAN_POINT('Ctrl Pts',(-3.72423475983271,11.6843903732468,178.608825573755));
#2465=CARTESIAN_POINT('Ctrl Pts',(-4.14268990172241,11.5339173578521,175.608825576257));
#2466=CARTESIAN_POINT('Ctrl Pts',(-4.14268990172241,11.5339173578521,178.608825576257));
#2467=CARTESIAN_POINT('Ctrl Pts',(-4.68818177858389,11.3377629810317,175.608825579518));
#2468=CARTESIAN_POINT('Ctrl Pts',(-4.68818177858389,11.3377629810317,178.608825579518));
#2469=CARTESIAN_POINT('Ctrl Pts',(-5.17256763234623,11.1203485926402,175.60882558299));
#2470=CARTESIAN_POINT('Ctrl Pts',(-5.17256763234623,11.1203485926402,178.60882558299));
#2471=CARTESIAN_POINT('Ctrl Pts',(-5.60253428160213,10.8994380275888,175.608825586446));
#2472=CARTESIAN_POINT('Ctrl Pts',(-5.60253428160213,10.8994380275888,178.608825586446));
#2473=CARTESIAN_POINT('Ctrl Pts',(-5.75271060756199,10.8222796315073,175.608825587652));
#2474=CARTESIAN_POINT('Ctrl Pts',(-5.75271060756199,10.8222796315073,178.608825587652));
#2475=CARTESIAN_POINT('Ctrl Pts',(-5.89624335337025,10.7446882876923,175.608825588857));
#2476=CARTESIAN_POINT('Ctrl Pts',(-5.89624335337025,10.7446882876923,178.608825588857));
#2477=CARTESIAN_POINT('Ctrl Pts',(-6.03328635849017,10.6672398723802,175.608825590052));
#2478=CARTESIAN_POINT('Ctrl Pts',(-6.03328635849017,10.6672398723802,178.608825590052));
#2479=CARTESIAN_POINT('Ctrl Pts',(-6.37498658630467,10.4741315766823,175.608825593032));
#2480=CARTESIAN_POINT('Ctrl Pts',(-6.37498658630467,10.4741315766823,178.608825593032));
#2481=CARTESIAN_POINT('Ctrl Pts',(-6.66844958950714,10.287397449322,175.60882559587));
#2482=CARTESIAN_POINT('Ctrl Pts',(-6.66844958950714,10.287397449322,178.60882559587));
#2483=CARTESIAN_POINT('Ctrl Pts',(-6.94308912318947,10.0985516661024,175.608825598714));
#2484=CARTESIAN_POINT('Ctrl Pts',(-6.94308912318947,10.0985516661024,178.608825598714));
#2485=CARTESIAN_POINT('Ctrl Pts',(-7.37398760565365,9.80226015876532,175.608825603176));
#2486=CARTESIAN_POINT('Ctrl Pts',(-7.37398760565365,9.80226015876532,178.608825603176));
#2487=CARTESIAN_POINT('Ctrl Pts',(-7.78109594676542,9.48178856129416,175.608825607933));
#2488=CARTESIAN_POINT('Ctrl Pts',(-7.78109594676542,9.48178856129416,178.608825607933));
#2489=CARTESIAN_POINT('Ctrl Pts',(-8.16406087835382,9.13974547843806,175.608825612949));
#2490=CARTESIAN_POINT('Ctrl Pts',(-8.16406087835382,9.13974547843806,178.608825612949));
#2491=CARTESIAN_POINT('Ctrl Pts',(-8.55746128362463,8.78838200800863,175.608825618102));
#2492=CARTESIAN_POINT('Ctrl Pts',(-8.55746128362463,8.78838200800863,178.608825618102));
#2493=CARTESIAN_POINT('Ctrl Pts',(-8.92522375579426,8.41407134919797,175.608825623531));
#2494=CARTESIAN_POINT('Ctrl Pts',(-8.92522375579426,8.41407134919797,178.608825623531));
#2495=CARTESIAN_POINT('Ctrl Pts',(-9.26704291448162,8.01944871096738,175.6088256292));
#2496=CARTESIAN_POINT('Ctrl Pts',(-9.26704291448162,8.01944871096738,178.6088256292));
#2497=CARTESIAN_POINT('Ctrl Pts',(-9.632824964421,7.5971614462079,175.608825635267));
#2498=CARTESIAN_POINT('Ctrl Pts',(-9.632824964421,7.5971614462079,178.608825635267));
#2499=CARTESIAN_POINT('Ctrl Pts',(-9.96982526603832,7.14797390564446,175.608825641658));
#2500=CARTESIAN_POINT('Ctrl Pts',(-9.96982526603832,7.14797390564446,178.608825641658));
#2501=CARTESIAN_POINT('Ctrl Pts',(-10.2719526461253,6.68412989850303,175.608825648204));
#2502=CARTESIAN_POINT('Ctrl Pts',(-10.2719526461253,6.68412989850303,178.608825648204));
#2503=CARTESIAN_POINT('Ctrl Pts',(-10.5889471210382,6.19746103902071,175.608825655073));
#2504=CARTESIAN_POINT('Ctrl Pts',(-10.5889471210382,6.19746103902071,178.608825655073));
#2505=CARTESIAN_POINT('Ctrl Pts',(-10.8524825019954,5.71768036105429,175.608825661786));
#2506=CARTESIAN_POINT('Ctrl Pts',(-10.8524825019954,5.71768036105429,178.608825661786));
#2507=CARTESIAN_POINT('Ctrl Pts',(-11.0737855264685,5.25221327327738,175.608825668258));
#2508=CARTESIAN_POINT('Ctrl Pts',(-11.0737855264685,5.25221327327738,178.608825668258));
#2509=CARTESIAN_POINT('Ctrl Pts',(-11.4541889322821,4.45211003968636,175.608825679384));
#2510=CARTESIAN_POINT('Ctrl Pts',(-11.4541889322821,4.45211003968636,178.608825679384));
#2511=CARTESIAN_POINT('Ctrl Pts',(-11.7065666029844,3.69257286463057,175.608825689817));
#2512=CARTESIAN_POINT('Ctrl Pts',(-11.7065666029844,3.69257286463057,178.608825689817));
#2513=CARTESIAN_POINT('Ctrl Pts',(-11.880118810088,3.00645345675443,175.608825699178));
#2514=CARTESIAN_POINT('Ctrl Pts',(-11.880118810088,3.00645345675443,178.608825699178));
#2515=CARTESIAN_POINT('Ctrl Pts',(-11.9311875351143,2.80455891469795,175.608825701932));
#2516=CARTESIAN_POINT('Ctrl Pts',(-11.9311875351143,2.80455891469795,178.608825701932));
#2517=CARTESIAN_POINT('Ctrl Pts',(-11.9754183710976,2.60900397612145,175.608825704594));
#2518=CARTESIAN_POINT('Ctrl Pts',(-11.9754183710976,2.60900397612145,178.608825704594));
#2519=CARTESIAN_POINT('Ctrl Pts',(-12.0136551929136,2.42054879973472,175.608825707154));
#2520=CARTESIAN_POINT('Ctrl Pts',(-12.0136551929136,2.42054879973472,178.608825707154));
#2521=CARTESIAN_POINT('Ctrl Pts',(-12.0706454306497,2.13966496068157,175.608825710969));
#2522=CARTESIAN_POINT('Ctrl Pts',(-12.0706454306497,2.13966496068157,178.608825710969));
#2523=CARTESIAN_POINT('Ctrl Pts',(-12.1198236482871,1.8490482298864,175.608825714905));
#2524=CARTESIAN_POINT('Ctrl Pts',(-12.1198236482871,1.8490482298864,178.608825714905));
#2525=CARTESIAN_POINT('Ctrl Pts',(-12.1595464825631,1.53134099600013,175.608825719192));
#2526=CARTESIAN_POINT('Ctrl Pts',(-12.1595464825631,1.53134099600013,178.608825719192));
#2527=CARTESIAN_POINT('Ctrl Pts',(-12.189790061376,1.28944980312323,175.608825722455));
#2528=CARTESIAN_POINT('Ctrl Pts',(-12.189790061376,1.28944980312323,178.608825722455));
#2529=CARTESIAN_POINT('Ctrl Pts',(-12.2139055049463,1.03529071246425,175.608825725875));
#2530=CARTESIAN_POINT('Ctrl Pts',(-12.2139055049463,1.03529071246425,178.608825725875));
#2531=CARTESIAN_POINT('Ctrl Pts',(-12.2300882297173,0.769453615208429,175.608825729442));
#2532=CARTESIAN_POINT('Ctrl Pts',(-12.2300882297173,0.769453615208429,178.608825729442));
#2533=CARTESIAN_POINT('',(-12.2300882297173,0.769453615208425,178.608825729442));
#2534=CARTESIAN_POINT('',(-12.2300882297173,0.769453615208429,175.608825729442));
#2535=CARTESIAN_POINT('Ctrl Pts',(-12.2300882297173,0.769453615208429,178.608825729442));
#2536=CARTESIAN_POINT('Ctrl Pts',(-12.2604338772618,0.270959142136416,178.608825736129));
#2537=CARTESIAN_POINT('Ctrl Pts',(-12.2642553737458,-0.268661636518482,
178.608825743335));
#2538=CARTESIAN_POINT('Ctrl Pts',(-12.2248878301362,-0.84669661938995,178.608825751002));
#2539=CARTESIAN_POINT('Ctrl Pts',(-12.2141639011815,-1.00415643326919,178.60882575309));
#2540=CARTESIAN_POINT('Ctrl Pts',(-12.2000948666859,-1.16445662709129,178.608825755213));
#2541=CARTESIAN_POINT('Ctrl Pts',(-12.1822094023755,-1.32749861933252,178.608825757367));
#2542=CARTESIAN_POINT('Ctrl Pts',(-12.1456120783149,-1.66111593683665,178.608825761776));
#2543=CARTESIAN_POINT('Ctrl Pts',(-12.0914492251003,-2.01430504968935,178.608825766425));
#2544=CARTESIAN_POINT('Ctrl Pts',(-12.0238759265098,-2.35868534495494,178.608825770941));
#2545=CARTESIAN_POINT('Ctrl Pts',(-11.9029313482945,-2.97506682144457,178.608825779024));
#2546=CARTESIAN_POINT('Ctrl Pts',(-11.746791948106,-3.53463285944957,178.608825786306));
#2547=CARTESIAN_POINT('Ctrl Pts',(-11.57002827384,-4.04040273352863,178.608825792847));
#2548=CARTESIAN_POINT('Ctrl Pts',(-11.3828849112955,-4.57587177320521,178.608825799772));
#2549=CARTESIAN_POINT('Ctrl Pts',(-11.1752712509495,-5.05193877187918,178.60882580588));
#2550=CARTESIAN_POINT('Ctrl Pts',(-10.9650393478635,-5.47313480297389,178.608825811252));
#2551=CARTESIAN_POINT('Ctrl Pts',(-10.8537799921983,-5.69604102386829,178.608825814095));
#2552=CARTESIAN_POINT('Ctrl Pts',(-10.7417746537404,-5.90357397572382,178.608825816733));
#2553=CARTESIAN_POINT('Ctrl Pts',(-10.6313574496675,-6.09615014244138,178.608825819172));
#2554=CARTESIAN_POINT('Ctrl Pts',(-10.4826546049521,-6.35549943547716,178.608825822458));
#2555=CARTESIAN_POINT('Ctrl Pts',(-10.343684543065,-6.57790484861399,178.608825825261));
#2556=CARTESIAN_POINT('Ctrl Pts',(-10.193175949105,-6.8034108165254,178.608825828093));
#2557=CARTESIAN_POINT('Ctrl Pts',(-9.92353118057462,-7.20741767699662,178.608825833166));
#2558=CARTESIAN_POINT('Ctrl Pts',(-9.61320022349117,-7.62029474422765,178.60882583831));
#2559=CARTESIAN_POINT('Ctrl Pts',(-9.25692912741547,-8.03092402921606,178.608825843369));
#2560=CARTESIAN_POINT('Ctrl Pts',(-8.92862722589198,-8.40931670986809,178.608825848031));
#2561=CARTESIAN_POINT('Ctrl Pts',(-8.56153493895383,-8.78602960930989,178.608825852625));
#2562=CARTESIAN_POINT('Ctrl Pts',(-8.1507444656819,-9.15215421373583,178.608825857026));
#2563=CARTESIAN_POINT('Ctrl Pts',(-7.84681370378021,-9.42303812466936,178.608825860282));
#2564=CARTESIAN_POINT('Ctrl Pts',(-7.51834290841105,-9.68741528424629,178.608825863423));
#2565=CARTESIAN_POINT('Ctrl Pts',(-7.16373574332214,-9.94182760544912,178.608825866399));
#2566=CARTESIAN_POINT('Ctrl Pts',(-6.63531653652014,-10.3209410870872,178.608825870835));
#2567=CARTESIAN_POINT('Ctrl Pts',(-6.03321814005077,-10.694283115135,178.608825875106));
#2568=CARTESIAN_POINT('Ctrl Pts',(-5.34227104358095,-11.0296506767177,178.608825878767));
#2569=CARTESIAN_POINT('Ctrl Pts',(-4.72497762932691,-11.3292686766733,178.608825882037));
#2570=CARTESIAN_POINT('Ctrl Pts',(-4.04092336971057,-11.5952768372081,178.608825884779));
#2571=CARTESIAN_POINT('Ctrl Pts',(-3.29337651561088,-11.8048535536589,178.608825886694));
#2572=CARTESIAN_POINT('Ctrl Pts',(-2.72115988547893,-11.965275983081,178.60882588816));
#2573=CARTESIAN_POINT('Ctrl Pts',(-2.1124235823979,-12.0919709265918,178.608825889132));
#2574=CARTESIAN_POINT('Ctrl Pts',(-1.43955066956575,-12.1715440476819,178.6088258894));
#2575=CARTESIAN_POINT('Ctrl Pts',(-0.760260134021108,-12.2518761089217,
178.608825889671));
#2576=CARTESIAN_POINT('Ctrl Pts',(-0.0244252053651488,-12.2782384609176,
178.608825889155));
#2577=CARTESIAN_POINT('Ctrl Pts',(0.760308721495142,-12.2320351352188,178.608825887612));
#2578=CARTESIAN_POINT('Ctrl Pts',(0.975198330805491,-12.2193829300976,178.60882588719));
#2579=CARTESIAN_POINT('Ctrl Pts',(1.19375373194555,-12.2004229992709,178.608825886679));
#2580=CARTESIAN_POINT('Ctrl Pts',(1.41574200271879,-12.1744996800288,178.608825886071));
#2581=CARTESIAN_POINT('Ctrl Pts',(1.82921680814599,-12.1262149695694,178.608825884939));
#2582=CARTESIAN_POINT('Ctrl Pts',(2.26698864088671,-12.0510461292492,178.60882588342));
#2583=CARTESIAN_POINT('Ctrl Pts',(2.67604494657192,-11.959480108737,178.608825881715));
#2584=CARTESIAN_POINT('Ctrl Pts',(3.18383934635105,-11.8458118636081,178.608825879599));
#2585=CARTESIAN_POINT('Ctrl Pts',(3.6510096097774,-11.7077702542932,178.608825877206));
#2586=CARTESIAN_POINT('Ctrl Pts',(4.07865199717133,-11.5565095496436,178.608825874683));
#2587=CARTESIAN_POINT('Ctrl Pts',(4.63266379160341,-11.3605509242122,178.608825871415));
#2588=CARTESIAN_POINT('Ctrl Pts',(5.12104157405765,-11.1440542961937,178.60882586795));
#2589=CARTESIAN_POINT('Ctrl Pts',(5.54588599711235,-10.9284554630217,178.608825864571));
#2590=CARTESIAN_POINT('Ctrl Pts',(5.76932530021187,-10.8150651243027,178.608825862795));
#2591=CARTESIAN_POINT('Ctrl Pts',(5.97517853107587,-10.7019338383995,178.608825861042));
#2592=CARTESIAN_POINT('Ctrl Pts',(6.16369501729393,-10.5922455645153,178.608825859356));
#2593=CARTESIAN_POINT('Ctrl Pts',(6.43833714724799,-10.4324451047523,178.6088258569));
#2594=CARTESIAN_POINT('Ctrl Pts',(6.66597991501238,-10.2871263156651,178.608825854692));
#2595=CARTESIAN_POINT('Ctrl Pts',(6.88918003032707,-10.1354075845,178.608825852404));
#2596=CARTESIAN_POINT('Ctrl Pts',(7.32092063381252,-9.84193490210066,178.608825847978));
#2597=CARTESIAN_POINT('Ctrl Pts',(7.72980640852345,-9.52369409719313,178.608825843249));
#2598=CARTESIAN_POINT('Ctrl Pts',(8.11480418307509,-9.18350448307193,178.608825838255));
#2599=CARTESIAN_POINT('Ctrl Pts',(8.5094675959423,-8.83477417083206,178.608825833136));
#2600=CARTESIAN_POINT('Ctrl Pts',(8.87936232306373,-8.46325288572236,178.608825827742));
#2601=CARTESIAN_POINT('Ctrl Pts',(9.22207085704371,-8.07098431091834,178.608825822103));
#2602=CARTESIAN_POINT('Ctrl Pts',(9.59732060325469,-7.6414686480538,178.608825815929));
#2603=CARTESIAN_POINT('Ctrl Pts',(9.94456962067266,-7.1821046452015,178.60882580939));
#2604=CARTESIAN_POINT('Ctrl Pts',(10.2509959081793,-6.71653773834017,178.608825802815));
#2605=CARTESIAN_POINT('Ctrl Pts',(10.5686188224917,-6.23395930498197,178.608825796001));
#2606=CARTESIAN_POINT('Ctrl Pts',(10.8271072358507,-5.75878832144474,178.608825789355));
#2607=CARTESIAN_POINT('Ctrl Pts',(11.0448122308856,-5.30167966775952,178.608825782999));
#2608=CARTESIAN_POINT('Ctrl Pts',(11.4305719495697,-4.49171154725162,178.608825771735));
#2609=CARTESIAN_POINT('Ctrl Pts',(11.69147179076,-3.73677190662366,178.608825761353));
#2610=CARTESIAN_POINT('Ctrl Pts',(11.8660430260819,-3.05968967999156,178.608825752112));
#2611=CARTESIAN_POINT('Ctrl Pts',(11.915980213362,-2.86600609922856,178.608825749469));
#2612=CARTESIAN_POINT('Ctrl Pts',(11.9593700815642,-2.67893335888883,178.608825746921));
#2613=CARTESIAN_POINT('Ctrl Pts',(11.996928250847,-2.49911355576221,178.608825744477));
#2614=CARTESIAN_POINT('Ctrl Pts',(12.0612064695352,-2.19136435364329,178.608825740295));
#2615=CARTESIAN_POINT('Ctrl Pts',(12.1131659031064,-1.88155780516233,178.608825736099));
#2616=CARTESIAN_POINT('Ctrl Pts',(12.1541080926729,-1.56336882300191,178.608825731805));
#2617=CARTESIAN_POINT('Ctrl Pts',(12.2526858766325,-0.797255308462202,178.608825721465));
#2618=CARTESIAN_POINT('Ctrl Pts',(12.2810162742317,0.00630980931711239,
178.608825710709));
#2619=CARTESIAN_POINT('Ctrl Pts',(12.2252706662658,0.823390958704453,178.608825699871));
#2620=CARTESIAN_POINT('Ctrl Pts',(12.2059638186866,1.10637757929561,178.608825696118));
#2621=CARTESIAN_POINT('Ctrl Pts',(12.1781845895068,1.39113190409441,178.608825692351));
#2622=CARTESIAN_POINT('Ctrl Pts',(12.1394829167177,1.6766058157999,178.608825688587));
#2623=CARTESIAN_POINT('Ctrl Pts',(12.0964560687163,1.9939833791486,178.608825684403));
#2624=CARTESIAN_POINT('Ctrl Pts',(12.0418404801713,2.30389471689683,178.608825680332));
#2625=CARTESIAN_POINT('Ctrl Pts',(11.9688856923657,2.63411093101681,178.608825676011));
#2626=CARTESIAN_POINT('Ctrl Pts',(11.8745385913617,3.06115545330012,178.608825670424));
#2627=CARTESIAN_POINT('Ctrl Pts',(11.7462437371668,3.53343041750675,178.608825664273));
#2628=CARTESIAN_POINT('Ctrl Pts',(11.5718925224546,4.03457383485501,178.608825657791));
#2629=CARTESIAN_POINT('Ctrl Pts',(11.4114862156582,4.49563494581372,178.608825651828));
#2630=CARTESIAN_POINT('Ctrl Pts',(11.2110644363516,4.98070172906685,178.608825645592));
#2631=CARTESIAN_POINT('Ctrl Pts',(10.9629073447655,5.47740391637077,178.608825639256));
#2632=CARTESIAN_POINT('Ctrl Pts',(10.7432475139156,5.91706702552698,178.608825633648));
#2633=CARTESIAN_POINT('Ctrl Pts',(10.4862306460864,6.36546129555551,178.608825627968));
#2634=CARTESIAN_POINT('Ctrl Pts',(10.1853903722104,6.81506851496314,178.608825622323));
#2635=CARTESIAN_POINT('Ctrl Pts',(9.91217356444941,7.22339233294844,178.608825617197));
#2636=CARTESIAN_POINT('Ctrl Pts',(9.59754737358077,7.64012429939609,178.608825612007));
#2637=CARTESIAN_POINT('Ctrl Pts',(9.23901363692505,8.05155787455168,178.60882560694));
#2638=CARTESIAN_POINT('Ctrl Pts',(8.90504438850177,8.43480259554352,178.608825602219));
#2639=CARTESIAN_POINT('Ctrl Pts',(8.532945099119,8.81332524620889,178.608825597607));
#2640=CARTESIAN_POINT('Ctrl Pts',(8.121790864843,9.17726190138987,178.608825593236));
#2641=CARTESIAN_POINT('Ctrl Pts',(8.03172709991069,9.25698260624942,178.608825592278));
#2642=CARTESIAN_POINT('Ctrl Pts',(7.93979266696352,9.33601209661547,178.608825591332));
#2643=CARTESIAN_POINT('Ctrl Pts',(7.84594032926343,9.41420773249521,178.608825590399));
#2644=CARTESIAN_POINT('Ctrl Pts',(7.57105708646725,9.64323420631432,178.608825587668));
#2645=CARTESIAN_POINT('Ctrl Pts',(7.28049622472587,9.864274666614,178.608825585061));
#2646=CARTESIAN_POINT('Ctrl Pts',(6.97097855732516,10.0763436831698,178.608825582596));
#2647=CARTESIAN_POINT('Ctrl Pts',(6.51622396974843,10.3879231770691,178.608825578975));
#2648=CARTESIAN_POINT('Ctrl Pts',(5.96336308845382,10.7254827345557,178.608825575122));
#2649=CARTESIAN_POINT('Ctrl Pts',(5.3067736925482,11.0467919612107,178.608825571609));
#2650=CARTESIAN_POINT('Ctrl Pts',(4.70660402788999,11.3404915731991,178.608825568398));
#2651=CARTESIAN_POINT('Ctrl Pts',(4.01472930827572,11.6105912799638,178.60882556561));
#2652=CARTESIAN_POINT('Ctrl Pts',(3.22690876302225,11.8235249112427,178.608825563698));
#2653=CARTESIAN_POINT('Ctrl Pts',(2.65465152387754,11.9781956832742,178.608825562309));
#2654=CARTESIAN_POINT('Ctrl Pts',(2.02660814515769,12.1025890233747,178.60882556139));
#2655=CARTESIAN_POINT('Ctrl Pts',(1.39671420055236,12.1741536033831,178.608825561178));
#2656=CARTESIAN_POINT('Ctrl Pts',(0.673843899625746,12.2562815710028,178.608825560935));
#2657=CARTESIAN_POINT('Ctrl Pts',(-0.0672112136726732,12.2814240058614,
178.608825561474));
#2658=CARTESIAN_POINT('Ctrl Pts',(-0.828475217895159,12.2278193451854,178.608825563087));
#2659=CARTESIAN_POINT('Ctrl Pts',(-1.03835668145766,12.2130404713992,178.608825563532));
#2660=CARTESIAN_POINT('Ctrl Pts',(-1.24971021004468,12.1923266049358,178.608825564058));
#2661=CARTESIAN_POINT('Ctrl Pts',(-1.46261552363717,12.1660893637795,178.608825564659));
#2662=CARTESIAN_POINT('Ctrl Pts',(-1.89769509261737,12.1124726297445,178.608825565888));
#2663=CARTESIAN_POINT('Ctrl Pts',(-2.351260582131,12.0330291240573,178.608825567483));
#2664=CARTESIAN_POINT('Ctrl Pts',(-2.77521518387752,11.9354022828356,178.608825569286));
#2665=CARTESIAN_POINT('Ctrl Pts',(-3.26944961247221,11.8215916392243,178.608825571388));
#2666=CARTESIAN_POINT('Ctrl Pts',(-3.72423475983271,11.6843903732468,178.608825573755));
#2667=CARTESIAN_POINT('Ctrl Pts',(-4.14268990172241,11.5339173578521,178.608825576257));
#2668=CARTESIAN_POINT('Ctrl Pts',(-4.68818177858389,11.3377629810317,178.608825579518));
#2669=CARTESIAN_POINT('Ctrl Pts',(-5.17256763234623,11.1203485926402,178.60882558299));
#2670=CARTESIAN_POINT('Ctrl Pts',(-5.60253428160213,10.8994380275888,178.608825586446));
#2671=CARTESIAN_POINT('Ctrl Pts',(-5.752710607562,10.8222796315073,178.608825587652));
#2672=CARTESIAN_POINT('Ctrl Pts',(-5.89624335337024,10.7446882876923,178.608825588857));
#2673=CARTESIAN_POINT('Ctrl Pts',(-6.03328635849017,10.6672398723802,178.608825590052));
#2674=CARTESIAN_POINT('Ctrl Pts',(-6.37498658630467,10.4741315766823,178.608825593032));
#2675=CARTESIAN_POINT('Ctrl Pts',(-6.66844958950714,10.287397449322,178.60882559587));
#2676=CARTESIAN_POINT('Ctrl Pts',(-6.94308912318947,10.0985516661024,178.608825598714));
#2677=CARTESIAN_POINT('Ctrl Pts',(-7.37398760565365,9.80226015876532,178.608825603176));
#2678=CARTESIAN_POINT('Ctrl Pts',(-7.78109594676542,9.48178856129417,178.608825607933));
#2679=CARTESIAN_POINT('Ctrl Pts',(-8.16406087835382,9.13974547843806,178.608825612949));
#2680=CARTESIAN_POINT('Ctrl Pts',(-8.55746128362463,8.78838200800864,178.608825618102));
#2681=CARTESIAN_POINT('Ctrl Pts',(-8.92522375579426,8.41407134919796,178.608825623531));
#2682=CARTESIAN_POINT('Ctrl Pts',(-9.26704291448162,8.01944871096738,178.6088256292));
#2683=CARTESIAN_POINT('Ctrl Pts',(-9.632824964421,7.5971614462079,178.608825635267));
#2684=CARTESIAN_POINT('Ctrl Pts',(-9.96982526603832,7.14797390564446,178.608825641658));
#2685=CARTESIAN_POINT('Ctrl Pts',(-10.2719526461253,6.68412989850303,178.608825648204));
#2686=CARTESIAN_POINT('Ctrl Pts',(-10.5889471210382,6.19746103902071,178.608825655073));
#2687=CARTESIAN_POINT('Ctrl Pts',(-10.8524825019954,5.71768036105429,178.608825661786));
#2688=CARTESIAN_POINT('Ctrl Pts',(-11.0737855264685,5.25221327327738,178.608825668258));
#2689=CARTESIAN_POINT('Ctrl Pts',(-11.4541889322821,4.45211003968636,178.608825679384));
#2690=CARTESIAN_POINT('Ctrl Pts',(-11.7065666029844,3.69257286463058,178.608825689817));
#2691=CARTESIAN_POINT('Ctrl Pts',(-11.880118810088,3.00645345675443,178.608825699178));
#2692=CARTESIAN_POINT('Ctrl Pts',(-11.9311875351143,2.80455891469795,178.608825701932));
#2693=CARTESIAN_POINT('Ctrl Pts',(-11.9754183710976,2.60900397612145,178.608825704594));
#2694=CARTESIAN_POINT('Ctrl Pts',(-12.0136551929136,2.42054879973472,178.608825707154));
#2695=CARTESIAN_POINT('Ctrl Pts',(-12.0706454306497,2.13966496068157,178.608825710969));
#2696=CARTESIAN_POINT('Ctrl Pts',(-12.1198236482871,1.84904822988641,178.608825714905));
#2697=CARTESIAN_POINT('Ctrl Pts',(-12.1595464825631,1.53134099600013,178.608825719192));
#2698=CARTESIAN_POINT('Ctrl Pts',(-12.189790061376,1.28944980312323,178.608825722455));
#2699=CARTESIAN_POINT('Ctrl Pts',(-12.2139055049463,1.03529071246425,178.608825725875));
#2700=CARTESIAN_POINT('Ctrl Pts',(-12.2300882297173,0.769453615208429,178.608825729442));
#2701=CARTESIAN_POINT('Ctrl Pts',(-15.8705339365849,2.9775906108242,178.614569281924));
#2702=CARTESIAN_POINT('Ctrl Pts',(-15.6148187179088,2.52943646670641,178.359321519167));
#2703=CARTESIAN_POINT('Ctrl Pts',(-15.3586239974306,2.0777111727875,178.112038416398));
#2704=CARTESIAN_POINT('Ctrl Pts',(-15.1018717707651,1.62202071847616,177.873836558062));
#2705=CARTESIAN_POINT('Ctrl Pts',(-14.587852346745,0.702156021434266,177.418872166268));
#2706=CARTESIAN_POINT('Ctrl Pts',(-14.0720156160871,-0.240581176104358,
177.014266390815));
#2707=CARTESIAN_POINT('Ctrl Pts',(-13.8137234236841,-0.71951914679964,176.826712453049));
#2708=CARTESIAN_POINT('Ctrl Pts',(-13.2886376433579,-1.69761958071452,176.479963012824));
#2709=CARTESIAN_POINT('Ctrl Pts',(-12.7374263609634,-2.70904971764769,176.19476609319));
#2710=CARTESIAN_POINT('Ctrl Pts',(-12.4527144696249,-3.22227452506404,176.069349012842));
#2711=CARTESIAN_POINT('Ctrl Pts',(-12.0139585409809,-3.99284316266206,175.909363152045));
#2712=CARTESIAN_POINT('Ctrl Pts',(-11.5550120760627,-4.7722487794602,175.798345956958));
#2713=CARTESIAN_POINT('Ctrl Pts',(-11.3990345496935,-5.03268981295362,175.76559941182));
#2714=CARTESIAN_POINT('Ctrl Pts',(-11.0827759985916,-5.55386916373225,175.712150093787));
#2715=CARTESIAN_POINT('Ctrl Pts',(-10.7563661541479,-6.07305101880243,175.680245120887));
#2716=CARTESIAN_POINT('Ctrl Pts',(-10.5931331580275,-6.32992991615775,175.670798233884));
#2717=CARTESIAN_POINT('Ctrl Pts',(-10.2593334750644,-6.84652015964092,175.663223695642));
#2718=CARTESIAN_POINT('Ctrl Pts',(-9.91835240161506,-7.35777106007785,175.678043077765));
#2719=CARTESIAN_POINT('Ctrl Pts',(-9.74708997072245,-7.6128419893977,175.692149324989));
#2720=CARTESIAN_POINT('Ctrl Pts',(-9.40068683014595,-8.11844421260604,175.730765133445));
#2721=CARTESIAN_POINT('Ctrl Pts',(-9.04996751830868,-8.6183145606945,175.793425454074));
#2722=CARTESIAN_POINT('Ctrl Pts',(-8.87152071402322,-8.86790785918233,175.830280598578));
#2723=CARTESIAN_POINT('Ctrl Pts',(-8.33878350786506,-9.60636679786564,175.955675201293));
#2724=CARTESIAN_POINT('Ctrl Pts',(-7.80388405842439,-10.3309259742205,176.13345794133));
#2725=CARTESIAN_POINT('Ctrl Pts',(-7.44281072623672,-10.8097600801947,176.27299706486));
#2726=CARTESIAN_POINT('Ctrl Pts',(-6.71502934254584,-11.7488244279047,176.585847862241));
#2727=CARTESIAN_POINT('Ctrl Pts',(-5.98734180891034,-12.6536602750583,176.959376386777));
#2728=CARTESIAN_POINT('Ctrl Pts',(-5.62542922635998,-13.0978469375075,177.159754137622));
#2729=CARTESIAN_POINT('Ctrl Pts',(-4.9082252025692,-13.9719732226836,177.585044416497));
#2730=CARTESIAN_POINT('Ctrl Pts',(-4.20553356627898,-14.8218571669984,178.054997521229));
#2731=CARTESIAN_POINT('Ctrl Pts',(-3.85808845338319,-15.2417680523744,178.299975366398));
#2732=CARTESIAN_POINT('Ctrl Pts',(-3.51433901231484,-15.6573353887917,178.553712680088));
#2733=CARTESIAN_POINT('Ctrl Pts',(-3.17419173472915,-16.0691305643554,178.815177158743));
#2734=CARTESIAN_POINT('Ctrl Pts',(-15.4735559992517,3.30244790290825,178.363110762328));
#2735=CARTESIAN_POINT('Ctrl Pts',(-15.2185193579594,2.85394492023354,178.100611515547));
#2736=CARTESIAN_POINT('Ctrl Pts',(-14.9629642919762,2.40169824706544,177.845743108173));
#2737=CARTESIAN_POINT('Ctrl Pts',(-14.7067915460175,1.94527243203543,177.599624572434));
#2738=CARTESIAN_POINT('Ctrl Pts',(-14.1936674487645,1.02386040723068,177.128073085931));
#2739=CARTESIAN_POINT('Ctrl Pts',(-13.6795947051624,0.079264651451101,176.706919413675));
#2740=CARTESIAN_POINT('Ctrl Pts',(-13.4230450238598,-0.401200749592212,
176.511802279565));
#2741=CARTESIAN_POINT('Ctrl Pts',(-12.9004088735547,-1.3845540292931,176.149493472817));
#2742=CARTESIAN_POINT('Ctrl Pts',(-12.3495346200387,-2.40542490215743,175.849204585705));
#2743=CARTESIAN_POINT('Ctrl Pts',(-12.0642526109529,-2.92544010019426,175.71719802544));
#2744=CARTESIAN_POINT('Ctrl Pts',(-11.6221601004003,-3.7013801683751,175.545716549076));
#2745=CARTESIAN_POINT('Ctrl Pts',(-11.1611030663725,-4.48727991069552,175.427851033148));
#2746=CARTESIAN_POINT('Ctrl Pts',(-11.0031744956708,-4.75042538799503,175.392320440406));
#2747=CARTESIAN_POINT('Ctrl Pts',(-10.684890035859,-5.27634631091082,175.336256199979));
#2748=CARTESIAN_POINT('Ctrl Pts',(-10.3544265531465,-5.8017354439505,175.302809934173));
#2749=CARTESIAN_POINT('Ctrl Pts',(-10.1894805591666,-6.06063102523136,175.292426473398));
#2750=CARTESIAN_POINT('Ctrl Pts',(-9.85298609417994,-6.58289268597228,175.283682405284));
#2751=CARTESIAN_POINT('Ctrl Pts',(-9.50708061696148,-7.09814715329814,175.299552428668));
#2752=CARTESIAN_POINT('Ctrl Pts',(-9.33283873148564,-7.35644407887846,175.315036431849));
#2753=CARTESIAN_POINT('Ctrl Pts',(-8.9816628503614,-7.86545616853565,175.354957588124));
#2754=CARTESIAN_POINT('Ctrl Pts',(-8.62732789486147,-8.36940858201343,175.420791777067));
#2755=CARTESIAN_POINT('Ctrl Pts',(-8.44538879184948,-8.62154638828947,175.459500355696));
#2756=CARTESIAN_POINT('Ctrl Pts',(-7.90529018166164,-9.36269572006448,175.58995889477));
#2757=CARTESIAN_POINT('Ctrl Pts',(-7.36372165536577,-10.0911934155511,175.777893742136));
#2758=CARTESIAN_POINT('Ctrl Pts',(-6.99775902648802,-10.5713785245231,175.92334918133));
#2759=CARTESIAN_POINT('Ctrl Pts',(-6.26054422326241,-11.5119016896335,176.249879603328));
#2760=CARTESIAN_POINT('Ctrl Pts',(-5.52615558518484,-12.4150202641065,176.6381299494));
#2761=CARTESIAN_POINT('Ctrl Pts',(-5.16126863164549,-12.8580976627467,176.84614497644));
#2762=CARTESIAN_POINT('Ctrl Pts',(-4.43964354474317,-13.7292138967769,177.286524845582));
#2763=CARTESIAN_POINT('Ctrl Pts',(-3.7347229814776,-14.5756462973826,177.771431348113));
#2764=CARTESIAN_POINT('Ctrl Pts',(-3.38652576063087,-14.9938531323795,178.023783932846));
#2765=CARTESIAN_POINT('Ctrl Pts',(-3.04230695493408,-15.407718727997,178.28468503378));
#2766=CARTESIAN_POINT('Ctrl Pts',(-2.70192914288821,-15.8178422364338,178.553072598642));
#2767=CARTESIAN_POINT('Ctrl Pts',(-15.0751557320621,3.63197791325099,178.119872543085));
#2768=CARTESIAN_POINT('Ctrl Pts',(-14.820932018655,3.18323054429472,177.849918896044));
#2769=CARTESIAN_POINT('Ctrl Pts',(-14.5661543050554,2.73051757790677,177.587200260151));
#2770=CARTESIAN_POINT('Ctrl Pts',(-14.310724364838,2.27334131422297,177.332843104311));
#2771=CARTESIAN_POINT('Ctrl Pts',(-13.7983478506833,1.35006223619921,176.843538718276));
#2772=CARTESIAN_POINT('Ctrl Pts',(-13.2856700587568,0.403815598104809,176.404057521319));
#2773=CARTESIAN_POINT('Ctrl Pts',(-13.0314247270617,-0.0782351412768428,
176.201051217876));
#2774=CARTESIAN_POINT('Ctrl Pts',(-12.510640634434,-1.0667043117638,175.820880138866));
#2775=CARTESIAN_POINT('Ctrl Pts',(-11.9604908668369,-2.0967458947576,175.504316928641));
#2776=CARTESIAN_POINT('Ctrl Pts',(-11.6770150047701,-2.62386678668977,175.365014563353));
#2777=CARTESIAN_POINT('Ctrl Pts',(-11.2267620297619,-3.40774916579956,175.181203539583));
#2778=CARTESIAN_POINT('Ctrl Pts',(-10.7646827803289,-4.1987873180166,175.052020758149));
#2779=CARTESIAN_POINT('Ctrl Pts',(-10.6036572910738,-4.46621412727937,175.014245832454));
#2780=CARTESIAN_POINT('Ctrl Pts',(-10.2833381469505,-4.99338582741722,174.953820842612));
#2781=CARTESIAN_POINT('Ctrl Pts',(-9.95242068022208,-5.52382346169252,174.921293045463));
#2782=CARTESIAN_POINT('Ctrl Pts',(-9.78012551539574,-5.78827257415865,174.908230186496));
#2783=CARTESIAN_POINT('Ctrl Pts',(-9.44544369744444,-6.31730416508028,174.895692801124));
#2784=CARTESIAN_POINT('Ctrl Pts',(-9.09513049114821,-6.83603152565753,174.915154385587));
#2785=CARTESIAN_POINT('Ctrl Pts',(-8.91534178587076,-7.09739829427377,174.932138339511));
#2786=CARTESIAN_POINT('Ctrl Pts',(-8.55859437922362,-7.61091162905837,174.974481757696));
#2787=CARTESIAN_POINT('Ctrl Pts',(-8.1993755374908,-8.12186532865189,175.043722125265));
#2788=CARTESIAN_POINT('Ctrl Pts',(-8.01614440948112,-8.37476038981351,175.084626532715));
#2789=CARTESIAN_POINT('Ctrl Pts',(-7.46725574630479,-9.11813598088387,175.222500132373));
#2790=CARTESIAN_POINT('Ctrl Pts',(-6.91546403406304,-9.85470906132667,175.422909766234));
#2791=CARTESIAN_POINT('Ctrl Pts',(-6.54537958168669,-10.3330579975798,175.573633962565));
#2792=CARTESIAN_POINT('Ctrl Pts',(-5.79827099615363,-11.2743303802636,175.914682916092));
#2793=CARTESIAN_POINT('Ctrl Pts',(-5.05825470494768,-12.1748406515208,176.319597166969));
#2794=CARTESIAN_POINT('Ctrl Pts',(-4.69030299950469,-12.6167821092814,176.536098354134));
#2795=CARTESIAN_POINT('Ctrl Pts',(-3.96484331534673,-13.4843983584472,176.992961862639));
#2796=CARTESIAN_POINT('Ctrl Pts',(-3.25837415499234,-14.3271228684563,177.493935432597));
#2797=CARTESIAN_POINT('Ctrl Pts',(-2.90969326961555,-14.7435395406406,177.754145272316));
#2798=CARTESIAN_POINT('Ctrl Pts',(-2.56526933769497,-15.1556233825166,178.022599728944));
#2799=CARTESIAN_POINT('Ctrl Pts',(-2.22491461632887,-15.564008637926,178.298227338674));
#2800=CARTESIAN_POINT('Ctrl Pts',(-14.6749274271486,3.96699997689584,177.885967764206));
#2801=CARTESIAN_POINT('Ctrl Pts',(-14.4217499072592,3.5182115383032,177.6084520637));
#2802=CARTESIAN_POINT('Ctrl Pts',(-14.1680496390813,3.06516735323708,177.337746052575));
#2803=CARTESIAN_POINT('Ctrl Pts',(-13.9131952993172,2.60918668061765,177.074698083634));
#2804=CARTESIAN_POINT('Ctrl Pts',(-13.403548172103,1.68003586900262,176.567664866979));
#2805=CARTESIAN_POINT('Ctrl Pts',(-12.8856559256281,0.72923785899525,176.105357216926));
#2806=CARTESIAN_POINT('Ctrl Pts',(-12.639134296806,0.251507495526363,175.903029403314));
#2807=CARTESIAN_POINT('Ctrl Pts',(-12.1150090698633,-0.750139184871386,
175.492622115204));
#2808=CARTESIAN_POINT('Ctrl Pts',(-11.5771110568942,-1.78073306766249,175.164469982022));
#2809=CARTESIAN_POINT('Ctrl Pts',(-11.2581993504381,-2.30541278436995,175.026806263462));
#2810=CARTESIAN_POINT('Ctrl Pts',(-10.8421030844509,-3.10185882475401,174.80680655896));
#2811=CARTESIAN_POINT('Ctrl Pts',(-10.3621872897604,-3.90566363377374,174.676535930834));
#2812=CARTESIAN_POINT('Ctrl Pts',(-10.2028338090245,-4.17381724601927,174.636048069186));
#2813=CARTESIAN_POINT('Ctrl Pts',(-9.87951974207854,-4.71169369730741,174.567115596915));
#2814=CARTESIAN_POINT('Ctrl Pts',(-9.54467478117634,-5.24339056389415,174.528473795006));
#2815=CARTESIAN_POINT('Ctrl Pts',(-9.36902973221498,-5.50946887275577,174.520057218273));
#2816=CARTESIAN_POINT('Ctrl Pts',(-9.03001988693204,-6.04564002332318,174.500815499241));
#2817=CARTESIAN_POINT('Ctrl Pts',(-8.67749454594652,-6.57616298576191,174.518346261927));
#2818=CARTESIAN_POINT('Ctrl Pts',(-8.49363437089871,-6.83249629599136,174.539578016491));
#2819=CARTESIAN_POINT('Ctrl Pts',(-8.13053149405171,-7.35384285482625,174.585493767938));
#2820=CARTESIAN_POINT('Ctrl Pts',(-7.76227863874813,-7.86666395469645,174.662222658348));
#2821=CARTESIAN_POINT('Ctrl Pts',(-7.5807190602154,-8.12780026819703,174.696293970779));
#2822=CARTESIAN_POINT('Ctrl Pts',(-7.02595177116671,-8.88017986454288,174.848119449138));
#2823=CARTESIAN_POINT('Ctrl Pts',(-6.45530360389237,-9.60654257143839,175.065999930254));
#2824=CARTESIAN_POINT('Ctrl Pts',(-6.08196774044628,-10.0893056773576,175.228095748671));
#2825=CARTESIAN_POINT('Ctrl Pts',(-5.32699398685366,-11.037148324529,175.570920209534));
#2826=CARTESIAN_POINT('Ctrl Pts',(-4.58481140684708,-11.9307359255147,176.008545303238));
#2827=CARTESIAN_POINT('Ctrl Pts',(-4.20860121920686,-12.3729444805637,176.230748163965));
#2828=CARTESIAN_POINT('Ctrl Pts',(-3.48507025882618,-13.2364560927796,176.705032514783));
#2829=CARTESIAN_POINT('Ctrl Pts',(-2.77557232095349,-14.0757159509461,177.223720253012));
#2830=CARTESIAN_POINT('Ctrl Pts',(-2.42750009240102,-14.4901908817312,177.492213945093));
#2831=CARTESIAN_POINT('Ctrl Pts',(-2.08313459189059,-14.9004673181027,177.768613904557));
#2832=CARTESIAN_POINT('Ctrl Pts',(-1.74306560239032,-15.30708438786,178.051776251325));
#2833=CARTESIAN_POINT('Ctrl Pts',(-13.8683545727282,4.65043246696771,177.438632512757));
#2834=CARTESIAN_POINT('Ctrl Pts',(-13.6175998887713,4.20263548501633,177.14583377357));
#2835=CARTESIAN_POINT('Ctrl Pts',(-13.3665618077151,3.75013715119489,176.858974608186));
#2836=CARTESIAN_POINT('Ctrl Pts',(-13.11615718232,3.28882062537636,176.579584728703));
#2837=CARTESIAN_POINT('Ctrl Pts',(-12.6105499021358,2.36707480123702,176.034763209141));
#2838=CARTESIAN_POINT('Ctrl Pts',(-12.1059111368743,1.40453850447673,175.534499042022));
#2839=CARTESIAN_POINT('Ctrl Pts',(-11.8475256236816,0.916578113044209,175.294126919336));
#2840=CARTESIAN_POINT('Ctrl Pts',(-11.3406626951767,-0.0776420807261952,
174.848771263037));
#2841=CARTESIAN_POINT('Ctrl Pts',(-10.7561394329978,-1.13780987588104,174.46273529797));
#2842=CARTESIAN_POINT('Ctrl Pts',(-10.5087975035851,-1.66346821969496,174.269505293217));
#2843=CARTESIAN_POINT('Ctrl Pts',(-10.0249587364476,-2.47584699426802,174.076327586378));
#2844=CARTESIAN_POINT('Ctrl Pts',(-9.55145318549498,-3.29788173291764,173.905128720155));
#2845=CARTESIAN_POINT('Ctrl Pts',(-9.39055931838111,-3.56996080843038,173.859745612952));
#2846=CARTESIAN_POINT('Ctrl Pts',(-9.05486866409409,-4.1198031029778,173.783911881607));
#2847=CARTESIAN_POINT('Ctrl Pts',(-8.71136951149118,-4.67078094866497,173.735221758256));
#2848=CARTESIAN_POINT('Ctrl Pts',(-8.54060496270002,-4.94527644245509,173.718601433729));
#2849=CARTESIAN_POINT('Ctrl Pts',(-8.18041643278419,-5.48887523286491,173.710473238041));
#2850=CARTESIAN_POINT('Ctrl Pts',(-7.81271133685547,-6.02764823119515,173.732356763384));
#2851=CARTESIAN_POINT('Ctrl Pts',(-7.63572876736262,-6.30227926624764,173.741649147596));
#2852=CARTESIAN_POINT('Ctrl Pts',(-7.26135253292702,-6.83379358363215,173.797365408679));
#2853=CARTESIAN_POINT('Ctrl Pts',(-6.8822814156364,-7.35623877135042,173.875467842183));
#2854=CARTESIAN_POINT('Ctrl Pts',(-6.69017414500058,-7.61269496832846,173.929799419208));
#2855=CARTESIAN_POINT('Ctrl Pts',(-6.10620855553982,-8.37902277768331,174.11064566368));
#2856=CARTESIAN_POINT('Ctrl Pts',(-5.5348687509514,-9.12416542011517,174.332008210465));
#2857=CARTESIAN_POINT('Ctrl Pts',(-5.14514528599171,-9.60742878736086,174.50843639955));
#2858=CARTESIAN_POINT('Ctrl Pts',(-4.3751838484478,-10.5428408567508,174.924851623019));
#2859=CARTESIAN_POINT('Ctrl Pts',(-3.61700686053468,-11.4398022133409,175.38330077302));
#2860=CARTESIAN_POINT('Ctrl Pts',(-3.24516766851492,-11.8772224913192,175.630182546855));
#2861=CARTESIAN_POINT('Ctrl Pts',(-2.50863650775259,-12.7342975315882,176.145936586338));
#2862=CARTESIAN_POINT('Ctrl Pts',(-1.80163611507148,-13.5655458206954,176.701254608726));
#2863=CARTESIAN_POINT('Ctrl Pts',(-1.4520117234328,-13.9765856689493,176.987360387726));
#2864=CARTESIAN_POINT('Ctrl Pts',(-1.10832877470525,-14.3830527728154,177.280103413149));
#2865=CARTESIAN_POINT('Ctrl Pts',(-0.769425763574249,-14.7860165500122,
177.578683847093));
#2866=CARTESIAN_POINT('Ctrl Pts',(-13.0420210508458,5.36064288990796,177.036051180891));
#2867=CARTESIAN_POINT('Ctrl Pts',(-12.7932234041345,4.91632023604566,176.727358776477));
#2868=CARTESIAN_POINT('Ctrl Pts',(-12.5443357437475,4.46712976769909,176.423480579851));
#2869=CARTESIAN_POINT('Ctrl Pts',(-12.2947866851776,4.01805088357598,176.125407576035));
#2870=CARTESIAN_POINT('Ctrl Pts',(-11.8004612969619,3.08314008100143,175.542987387861));
#2871=CARTESIAN_POINT('Ctrl Pts',(-11.2924674641113,2.13764786069415,174.990221502231));
#2872=CARTESIAN_POINT('Ctrl Pts',(-11.043921380709,1.64181900909299,174.718234384049));
#2873=CARTESIAN_POINT('Ctrl Pts',(-10.4978731892616,0.621492254955235,174.219049780926));
#2874=CARTESIAN_POINT('Ctrl Pts',(-9.9583579951672,-0.433018813261549,173.776977409398));
#2875=CARTESIAN_POINT('Ctrl Pts',(-9.64101775327196,-0.981415353243353,
173.586666811019));
#2876=CARTESIAN_POINT('Ctrl Pts',(-9.20594857080203,-1.8109034979679,173.310750671614));
#2877=CARTESIAN_POINT('Ctrl Pts',(-8.71861721421866,-2.65214099767335,173.125680190934));
#2878=CARTESIAN_POINT('Ctrl Pts',(-8.55091100147693,-2.93770972047174,173.068824958948));
#2879=CARTESIAN_POINT('Ctrl Pts',(-8.2155827869299,-3.50338981692368,172.973616719023));
#2880=CARTESIAN_POINT('Ctrl Pts',(-7.8611456246273,-4.06956163639843,172.919421733252));
#2881=CARTESIAN_POINT('Ctrl Pts',(-7.67882058491461,-4.35229049636943,172.900564013773));
#2882=CARTESIAN_POINT('Ctrl Pts',(-7.31406086922612,-4.91671527469368,172.881173227547));
#2883=CARTESIAN_POINT('Ctrl Pts',(-6.94007798438152,-5.47436657029395,172.896091214438));
#2884=CARTESIAN_POINT('Ctrl Pts',(-6.7364511484279,-5.74466923929102,172.929913839301));
#2885=CARTESIAN_POINT('Ctrl Pts',(-6.35347710542941,-6.29111382534895,172.983807216676));
#2886=CARTESIAN_POINT('Ctrl Pts',(-5.95835306015302,-6.8280695312618,173.08531519978));
#2887=CARTESIAN_POINT('Ctrl Pts',(-5.75750134078034,-7.08729288928376,173.148140628986));
#2888=CARTESIAN_POINT('Ctrl Pts',(-5.16970553771771,-7.87740936652168,173.325473162202));
#2889=CARTESIAN_POINT('Ctrl Pts',(-4.55839971587385,-8.6225941327958,173.610397820232));
#2890=CARTESIAN_POINT('Ctrl Pts',(-4.16436883281363,-9.10060331927893,173.821441997083));
#2891=CARTESIAN_POINT('Ctrl Pts',(-3.37961623633829,-10.0445591281038,174.263803545739));
#2892=CARTESIAN_POINT('Ctrl Pts',(-2.61649187920858,-10.9396528919901,174.787633288148));
#2893=CARTESIAN_POINT('Ctrl Pts',(-2.24014017171631,-11.3678462673223,175.066567634622));
#2894=CARTESIAN_POINT('Ctrl Pts',(-1.50745327252181,-12.2154205957134,175.627767390887));
#2895=CARTESIAN_POINT('Ctrl Pts',(-0.799227546081441,-13.0396408730547,
176.223946483385));
#2896=CARTESIAN_POINT('Ctrl Pts',(-0.452555834888554,-13.445614504358,176.527230937007));
#2897=CARTESIAN_POINT('Ctrl Pts',(-0.11133119918684,-13.8481707098078,176.836990204467));
#2898=CARTESIAN_POINT('Ctrl Pts',(0.224750668578234,-14.2475100119905,177.15133510509));
#2899=CARTESIAN_POINT('Ctrl Pts',(-12.6221216136077,5.72259681661522,176.846603524413));
#2900=CARTESIAN_POINT('Ctrl Pts',(-12.3740946756798,5.28103498062591,176.529433156582));
#2901=CARTESIAN_POINT('Ctrl Pts',(-12.1261048068434,4.8352083731144,176.216036928087));
#2902=CARTESIAN_POINT('Ctrl Pts',(-11.8806435594388,4.39785572031146,175.909754955341));
#2903=CARTESIAN_POINT('Ctrl Pts',(-11.3745020326321,3.43974992361277,175.296644259309));
#2904=CARTESIAN_POINT('Ctrl Pts',(-10.8832711127499,2.52598667299416,174.745319652335));
#2905=CARTESIAN_POINT('Ctrl Pts',(-10.6147794347084,1.99958235145696,174.443860825922));
#2906=CARTESIAN_POINT('Ctrl Pts',(-10.0893120457089,0.997542001231501,173.907070760265));
#2907=CARTESIAN_POINT('Ctrl Pts',(-9.52642362665205,-0.0835858795056361,
173.436274118652));
#2908=CARTESIAN_POINT('Ctrl Pts',(-9.23360525761598,-0.613100720770764,
173.236507325995));
#2909=CARTESIAN_POINT('Ctrl Pts',(-8.78815967423962,-1.46807042970115,172.929890029325));
#2910=CARTESIAN_POINT('Ctrl Pts',(-8.29498099913615,-2.32393636994756,172.727260283598));
#2911=CARTESIAN_POINT('Ctrl Pts',(-8.12916706566626,-2.60671274883711,172.668322764374));
#2912=CARTESIAN_POINT('Ctrl Pts',(-7.77986365813813,-3.18305754087394,172.565960544214));
#2913=CARTESIAN_POINT('Ctrl Pts',(-7.42127094086513,-3.75956603998339,172.499809908921));
#2914=CARTESIAN_POINT('Ctrl Pts',(-7.23449189548304,-4.03514882227474,172.475084907572));
#2915=CARTESIAN_POINT('Ctrl Pts',(-6.8651357015956,-4.62167707812976,172.462060298142));
#2916=CARTESIAN_POINT('Ctrl Pts',(-6.48575080737898,-5.18535849531822,172.488936288656));
#2917=CARTESIAN_POINT('Ctrl Pts',(-6.28319712452,-5.46317544546063,172.509683553507));
#2918=CARTESIAN_POINT('Ctrl Pts',(-5.89123440960805,-6.01799569145074,172.575607298519));
#2919=CARTESIAN_POINT('Ctrl Pts',(-5.48681059749434,-6.5589634341646,172.67908067496));
#2920=CARTESIAN_POINT('Ctrl Pts',(-5.28918255420649,-6.82904048007071,172.739615224032));
#2921=CARTESIAN_POINT('Ctrl Pts',(-4.67485027137238,-7.60603809972731,172.96129509222));
#2922=CARTESIAN_POINT('Ctrl Pts',(-4.06002699297405,-8.36582289049444,173.25225798239));
#2923=CARTESIAN_POINT('Ctrl Pts',(-3.66299857370931,-8.83969942604546,173.474959280259));
#2924=CARTESIAN_POINT('Ctrl Pts',(-2.87596490820108,-9.80380246565781,173.942886814058));
#2925=CARTESIAN_POINT('Ctrl Pts',(-2.09840494389011,-10.6570633366896,174.512396186665));
#2926=CARTESIAN_POINT('Ctrl Pts',(-1.73214451643518,-11.1021815425615,174.794285851106));
#2927=CARTESIAN_POINT('Ctrl Pts',(-0.991420696933578,-11.9596187530892,
175.368291413895));
#2928=CARTESIAN_POINT('Ctrl Pts',(-0.295339762882764,-12.7697645690925,
176.014355487725));
#2929=CARTESIAN_POINT('Ctrl Pts',(0.0523112971703191,-13.1747619203187,
176.310525809039));
#2930=CARTESIAN_POINT('Ctrl Pts',(0.392625611361256,-13.5755599926283,176.628723393321));
#2931=CARTESIAN_POINT('Ctrl Pts',(0.727044818778545,-13.9731774673131,176.950812611219));
#2932=CARTESIAN_POINT('Ctrl Pts',(-11.7643287196106,6.45601196634173,176.496642792934));
#2933=CARTESIAN_POINT('Ctrl Pts',(-11.5157666139337,6.01934832095612,176.163252308377));
#2934=CARTESIAN_POINT('Ctrl Pts',(-11.2671866017629,5.57778890254352,175.832045774493));
#2935=CARTESIAN_POINT('Ctrl Pts',(-11.018477873103,5.12570669295101,175.504958449163));
#2936=CARTESIAN_POINT('Ctrl Pts',(-10.528024431796,4.23548796717524,174.861395370655));
#2937=CARTESIAN_POINT('Ctrl Pts',(-9.99436597755196,3.24495904472369,174.197372810448));
#2938=CARTESIAN_POINT('Ctrl Pts',(-9.75724342707228,2.77407347843958,173.901985466745));
#2939=CARTESIAN_POINT('Ctrl Pts',(-9.22485918803678,1.74148351210732,173.314057393748));
#2940=CARTESIAN_POINT('Ctrl Pts',(-8.67058937639227,0.671007203228569,172.755517849129));
#2941=CARTESIAN_POINT('Ctrl Pts',(-8.38481359415377,0.0956176699101234,
172.506262179151));
#2942=CARTESIAN_POINT('Ctrl Pts',(-7.92053234111954,-0.745631269243197,
172.1755848256));
#2943=CARTESIAN_POINT('Ctrl Pts',(-7.42353289232683,-1.62731478288269,171.926461682382));
#2944=CARTESIAN_POINT('Ctrl Pts',(-7.25384727158522,-1.92799182797178,171.850948001622));
#2945=CARTESIAN_POINT('Ctrl Pts',(-6.91093800561441,-2.52351558944133,171.72234613582));
#2946=CARTESIAN_POINT('Ctrl Pts',(-6.54050110845994,-3.12266420854966,171.648559621897));
#2947=CARTESIAN_POINT('Ctrl Pts',(-6.35736752223303,-3.43797454840891,171.629447681228));
#2948=CARTESIAN_POINT('Ctrl Pts',(-5.96889538669784,-4.01387678574015,171.597240720059));
#2949=CARTESIAN_POINT('Ctrl Pts',(-5.55124130490396,-4.59743912114173,171.613875618533));
#2950=CARTESIAN_POINT('Ctrl Pts',(-5.35490534885905,-4.89153096165289,171.646317360896));
#2951=CARTESIAN_POINT('Ctrl Pts',(-4.9353822952588,-5.46145407751872,171.729407019399));
#2952=CARTESIAN_POINT('Ctrl Pts',(-4.51798159066576,-6.01120589355444,171.86037617523));
#2953=CARTESIAN_POINT('Ctrl Pts',(-4.30166358453779,-6.27869713784885,171.938249085774));
#2954=CARTESIAN_POINT('Ctrl Pts',(-3.67083337490731,-7.09666835551373,172.188234729745));
#2955=CARTESIAN_POINT('Ctrl Pts',(-3.0473678082758,-7.82475727904871,172.535286422945));
#2956=CARTESIAN_POINT('Ctrl Pts',(-2.62969022751737,-8.32158584152583,172.786858070662));
#2957=CARTESIAN_POINT('Ctrl Pts',(-1.82262854730063,-9.25019034072106,173.346818787172));
#2958=CARTESIAN_POINT('Ctrl Pts',(-1.06249822102593,-10.1461761978099,173.947641476203));
#2959=CARTESIAN_POINT('Ctrl Pts',(-0.681234354263045,-10.5738748170793,
174.266974776106));
#2960=CARTESIAN_POINT('Ctrl Pts',(0.0404607948723101,-11.4056769479144,
174.917760741108));
#2961=CARTESIAN_POINT('Ctrl Pts',(0.7414296570303,-12.2211906573843,175.563904109993));
#2962=CARTESIAN_POINT('Ctrl Pts',(1.08107199305689,-12.6213260040704,175.905855302616));
#2963=CARTESIAN_POINT('Ctrl Pts',(1.41444233558541,-13.0181923709947,176.240688758291));
#2964=CARTESIAN_POINT('Ctrl Pts',(1.74290891861732,-13.4125200790356,176.578191376622));
#2965=CARTESIAN_POINT('Ctrl Pts',(-10.869187113011,7.20633343479418,176.209412881359));
#2966=CARTESIAN_POINT('Ctrl Pts',(-10.6183491670263,6.77653646922239,175.861040116995));
#2967=CARTESIAN_POINT('Ctrl Pts',(-10.3658564472271,6.3420461093922,175.512687383426));
#2968=CARTESIAN_POINT('Ctrl Pts',(-10.1165960695604,5.90498788142108,175.158674732528));
#2969=CARTESIAN_POINT('Ctrl Pts',(-9.59649321244867,4.99691118923981,174.464885080573));
#2970=CARTESIAN_POINT('Ctrl Pts',(-9.12003785129881,4.04995035562706,173.784681078486));
#2971=CARTESIAN_POINT('Ctrl Pts',(-8.8307354403373,3.55162136765523,173.439688938455));
#2972=CARTESIAN_POINT('Ctrl Pts',(-8.31352067709311,2.55456432447649,172.753162679135));
#2973=CARTESIAN_POINT('Ctrl Pts',(-7.75215326958447,1.46816206793143,172.144494344336));
#2974=CARTESIAN_POINT('Ctrl Pts',(-7.460069158946,0.926457264300158,171.833351953247));
#2975=CARTESIAN_POINT('Ctrl Pts',(-7.00942561337934,0.0312518545790894,
171.441512801803));
#2976=CARTESIAN_POINT('Ctrl Pts',(-6.51536052293931,-0.876621840440712,
171.11483584344));
#2977=CARTESIAN_POINT('Ctrl Pts',(-6.3396147848328,-1.1837483717646,171.020554115317));
#2978=CARTESIAN_POINT('Ctrl Pts',(-5.98061560436416,-1.80504797068711,170.868180522954));
#2979=CARTESIAN_POINT('Ctrl Pts',(-5.60198390957326,-2.4344239061412,170.76310520166));
#2980=CARTESIAN_POINT('Ctrl Pts',(-5.39797713743794,-2.73276234190311,170.724369854101));
#2981=CARTESIAN_POINT('Ctrl Pts',(-4.98371112112813,-3.37112590389075,170.68996998641));
#2982=CARTESIAN_POINT('Ctrl Pts',(-4.58407912572586,-3.98986133921551,170.747620953872));
#2983=CARTESIAN_POINT('Ctrl Pts',(-4.35644373386922,-4.28554402226589,170.773148207505));
#2984=CARTESIAN_POINT('Ctrl Pts',(-3.92285056555167,-4.87498713249674,170.86975938671));
#2985=CARTESIAN_POINT('Ctrl Pts',(-3.47350858596565,-5.44645074333899,171.029226459571));
#2986=CARTESIAN_POINT('Ctrl Pts',(-3.25696804039506,-5.72362268724225,171.124300343413));
#2987=CARTESIAN_POINT('Ctrl Pts',(-2.5933546758979,-6.51614397512838,171.447844358071));
#2988=CARTESIAN_POINT('Ctrl Pts',(-1.94809963989107,-7.30286887834627,171.847662694333));
#2989=CARTESIAN_POINT('Ctrl Pts',(-1.53447358586703,-7.77194360066699,172.151478834516));
#2990=CARTESIAN_POINT('Ctrl Pts',(-0.723843664364462,-8.69107764524054,
172.784415608267));
#2991=CARTESIAN_POINT('Ctrl Pts',(0.0318824793489632,-9.57268635236664,
173.466153211498));
#2992=CARTESIAN_POINT('Ctrl Pts',(0.397953905830999,-9.99364105656519,173.806513454871));
#2993=CARTESIAN_POINT('Ctrl Pts',(1.11680725247521,-10.8315332846689,174.509978544417));
#2994=CARTESIAN_POINT('Ctrl Pts',(1.7976774960272,-11.6436357417641,175.215687389509));
#2995=CARTESIAN_POINT('Ctrl Pts',(2.1279996240318,-12.0354680276938,175.565287790112));
#2996=CARTESIAN_POINT('Ctrl Pts',(2.45397939665656,-12.4309997024469,175.917238645803));
#2997=CARTESIAN_POINT('Ctrl Pts',(2.77515657365738,-12.8236149644387,176.269740291108));
#2998=CARTESIAN_POINT('Ctrl Pts',(-10.410313490825,7.5854288958261,176.081722259376));
#2999=CARTESIAN_POINT('Ctrl Pts',(-10.1580207558351,7.15914116040302,175.725937104102));
#3000=CARTESIAN_POINT('Ctrl Pts',(-9.90448406920364,6.72504293900618,175.369007849587));
#3001=CARTESIAN_POINT('Ctrl Pts',(-9.66310176681996,6.27400952518349,175.014558945502));
#3002=CARTESIAN_POINT('Ctrl Pts',(-9.14795599963062,5.39764062982306,174.290394263034));
#3003=CARTESIAN_POINT('Ctrl Pts',(-8.60739043282946,4.45369170547213,173.576137213947));
#3004=CARTESIAN_POINT('Ctrl Pts',(-8.35629815929058,3.96015565324332,173.23128467052));
#3005=CARTESIAN_POINT('Ctrl Pts',(-7.83594778203609,2.96451129696417,172.502456834915));
#3006=CARTESIAN_POINT('Ctrl Pts',(-7.28461655902046,1.88569942802663,171.828259844757));
#3007=CARTESIAN_POINT('Ctrl Pts',(-7.00171871342676,1.30662519049032,171.512239772025));
#3008=CARTESIAN_POINT('Ctrl Pts',(-6.51302853528555,0.439810266359173,171.066330749475));
#3009=CARTESIAN_POINT('Ctrl Pts',(-6.05525870855042,-0.4772684219368,170.724234826769));
#3010=CARTESIAN_POINT('Ctrl Pts',(-5.85985832774679,-0.792417840165679,
170.614184912565));
#3011=CARTESIAN_POINT('Ctrl Pts',(-5.50561307465112,-1.44252958688776,170.426816199323));
#3012=CARTESIAN_POINT('Ctrl Pts',(-5.12395275616857,-2.06140899692009,170.313824917633));
#3013=CARTESIAN_POINT('Ctrl Pts',(-4.93010854567224,-2.38619579808682,170.267575701603));
#3014=CARTESIAN_POINT('Ctrl Pts',(-4.50285146789424,-3.04141523946519,170.233622592852));
#3015=CARTESIAN_POINT('Ctrl Pts',(-4.07744323534212,-3.68633193609098,170.289806859055));
#3016=CARTESIAN_POINT('Ctrl Pts',(-3.83562237665266,-3.98382042110541,170.319582357209));
#3017=CARTESIAN_POINT('Ctrl Pts',(-3.39712092102718,-4.57231729609229,170.425620358409));
#3018=CARTESIAN_POINT('Ctrl Pts',(-2.92763095630909,-5.1456924489612,170.614278620751));
#3019=CARTESIAN_POINT('Ctrl Pts',(-2.7051258992817,-5.43385872204613,170.718588694134));
#3020=CARTESIAN_POINT('Ctrl Pts',(-2.03263065922429,-6.23506405120125,171.092395529447));
#3021=CARTESIAN_POINT('Ctrl Pts',(-1.3762716220206,-7.00446274421703,171.524078036743));
#3022=CARTESIAN_POINT('Ctrl Pts',(-0.970273099394621,-7.46080754738443,
171.859448235982));
#3023=CARTESIAN_POINT('Ctrl Pts',(-0.155680016454336,-8.41340381650149,
172.513198580005));
#3024=CARTESIAN_POINT('Ctrl Pts',(0.584024193675005,-9.26771538206837,173.255374471592));
#3025=CARTESIAN_POINT('Ctrl Pts',(0.951471376403143,-9.69640562190398,173.60992152148));
#3026=CARTESIAN_POINT('Ctrl Pts',(1.66232543481795,-10.5403067182351,174.311074874958));
#3027=CARTESIAN_POINT('Ctrl Pts',(2.3293911207491,-11.3326372685327,175.067238394953));
#3028=CARTESIAN_POINT('Ctrl Pts',(2.65652566049771,-11.7417838359003,175.419929543815));
#3029=CARTESIAN_POINT('Ctrl Pts',(2.97923145291557,-12.1308127916855,175.774689359262));
#3030=CARTESIAN_POINT('Ctrl Pts',(3.29570267090964,-12.5214193619874,176.133208138289));
#3031=CARTESIAN_POINT('Ctrl Pts',(-9.70505052492289,8.14903815802155,175.918965479973));
#3032=CARTESIAN_POINT('Ctrl Pts',(-9.44946266486163,7.7293802520259,175.553774895216));
#3033=CARTESIAN_POINT('Ctrl Pts',(-9.19391415852093,7.30345415720967,175.187263095342));
#3034=CARTESIAN_POINT('Ctrl Pts',(-8.92383744136705,6.87254425196656,174.815433004766));
#3035=CARTESIAN_POINT('Ctrl Pts',(-8.4245178732656,5.99016592266904,174.059154482142));
#3036=CARTESIAN_POINT('Ctrl Pts',(-7.88524396027297,5.05346287853392,173.316152165919));
#3037=CARTESIAN_POINT('Ctrl Pts',(-7.62900883059482,4.5820944741528,172.924514171218));
#3038=CARTESIAN_POINT('Ctrl Pts',(-7.08887589132847,3.59512297295286,172.171720005983));
#3039=CARTESIAN_POINT('Ctrl Pts',(-6.53401606140276,2.52775244558697,171.431504356904));
#3040=CARTESIAN_POINT('Ctrl Pts',(-6.23279274843023,1.98619320871585,171.07391792085));
#3041=CARTESIAN_POINT('Ctrl Pts',(-5.81807137186351,1.0929028137241,170.556121287157));
#3042=CARTESIAN_POINT('Ctrl Pts',(-5.28573161911344,0.148986479717116,170.11256411593));
#3043=CARTESIAN_POINT('Ctrl Pts',(-5.13661779352315,-0.174862773172479,
169.986880064083));
#3044=CARTESIAN_POINT('Ctrl Pts',(-4.76263240638942,-0.820370366483757,
169.769641743986));
#3045=CARTESIAN_POINT('Ctrl Pts',(-4.36588092141954,-1.51480357829926,169.615481671261));
#3046=CARTESIAN_POINT('Ctrl Pts',(-4.16168881069347,-1.84621144519895,169.576576605716));
#3047=CARTESIAN_POINT('Ctrl Pts',(-3.72216896915323,-2.5110280848794,169.512110304492));
#3048=CARTESIAN_POINT('Ctrl Pts',(-3.25998070685653,-3.16444963915852,169.560766036914));
#3049=CARTESIAN_POINT('Ctrl Pts',(-3.03504412453184,-3.48304582463843,169.613068126639));
#3050=CARTESIAN_POINT('Ctrl Pts',(-2.54727591109378,-4.1186274251718,169.77412166158));
#3051=CARTESIAN_POINT('Ctrl Pts',(-2.07924127037961,-4.69663147968583,169.994034225758));
#3052=CARTESIAN_POINT('Ctrl Pts',(-1.84108820075464,-4.97478417805672,170.127956304511));
#3053=CARTESIAN_POINT('Ctrl Pts',(-1.14372979447358,-5.79532860351988,170.541829524182));
#3054=CARTESIAN_POINT('Ctrl Pts',(-0.501364623544679,-6.54272637548229,
171.092017569821));
#3055=CARTESIAN_POINT('Ctrl Pts',(-0.0818696398887602,-7.02064981166903,
171.438297719659));
#3056=CARTESIAN_POINT('Ctrl Pts',(0.713479404900875,-7.93389973667498,172.189166011649));
#3057=CARTESIAN_POINT('Ctrl Pts',(1.44062057728674,-8.80872768515163,172.948806494693));
#3058=CARTESIAN_POINT('Ctrl Pts',(1.79168718346358,-9.22934957879257,173.336921956939));
#3059=CARTESIAN_POINT('Ctrl Pts',(2.48595330814549,-10.0627043252004,174.093504284554));
#3060=CARTESIAN_POINT('Ctrl Pts',(3.13470167301018,-10.8729488323384,174.844323982614));
#3061=CARTESIAN_POINT('Ctrl Pts',(3.45561171749748,-11.263138539882,175.218678802324));
#3062=CARTESIAN_POINT('Ctrl Pts',(3.76832060930719,-11.6609634680696,175.590801621444));
#3063=CARTESIAN_POINT('Ctrl Pts',(4.0781207633285,-12.0538968948803,175.960534070778));
#3064=CARTESIAN_POINT('Ctrl Pts',(-8.97915595182904,8.70641466551681,175.802540094922));
#3065=CARTESIAN_POINT('Ctrl Pts',(-8.71717326408676,8.29282638668925,175.429654689669));
#3066=CARTESIAN_POINT('Ctrl Pts',(-8.45587320280798,7.87547358750149,175.052333301792));
#3067=CARTESIAN_POINT('Ctrl Pts',(-8.19583970827754,7.45387539380728,174.670913303056));
#3068=CARTESIAN_POINT('Ctrl Pts',(-7.65721927142938,6.57405490293393,173.905464111264));
#3069=CARTESIAN_POINT('Ctrl Pts',(-7.12804006856195,5.66928388824097,173.111096834028));
#3070=CARTESIAN_POINT('Ctrl Pts',(-6.85402543551023,5.20123482787683,172.716209650479));
#3071=CARTESIAN_POINT('Ctrl Pts',(-6.29840674506239,4.23285912488324,171.917173149815));
#3072=CARTESIAN_POINT('Ctrl Pts',(-5.72900685029729,3.1965401302433,171.108229073793));
#3073=CARTESIAN_POINT('Ctrl Pts',(-5.43960069458554,2.66190297963902,170.70516726049));
#3074=CARTESIAN_POINT('Ctrl Pts',(-4.97615448575328,1.78567522861234,170.11183822469));
#3075=CARTESIAN_POINT('Ctrl Pts',(-4.49403299459686,0.847388696960646,169.599526593401));
#3076=CARTESIAN_POINT('Ctrl Pts',(-4.30955789143135,0.520395512070446,169.431815085383));
#3077=CARTESIAN_POINT('Ctrl Pts',(-3.95511687094834,-0.158814203794784,
169.131070193861));
#3078=CARTESIAN_POINT('Ctrl Pts',(-3.55093422619289,-0.857694244613453,
168.929073022976));
#3079=CARTESIAN_POINT('Ctrl Pts',(-3.33219349910872,-1.22200969367872,168.849987054997));
#3080=CARTESIAN_POINT('Ctrl Pts',(-2.87971000573596,-1.94649567686614,168.785865975329));
#3081=CARTESIAN_POINT('Ctrl Pts',(-2.37793345155582,-2.6325646482721,168.854947821479));
#3082=CARTESIAN_POINT('Ctrl Pts',(-2.12481533885777,-2.97283152987736,168.932285329624));
#3083=CARTESIAN_POINT('Ctrl Pts',(-1.62071909750885,-3.60918530379543,169.129556898547));
#3084=CARTESIAN_POINT('Ctrl Pts',(-1.12893083270906,-4.1981675866808,169.431736305097));
#3085=CARTESIAN_POINT('Ctrl Pts',(-0.890302978156434,-4.48111797646906,
169.593845322399));
#3086=CARTESIAN_POINT('Ctrl Pts',(-0.197776258050915,-5.30026959227261,
170.124673138935));
#3087=CARTESIAN_POINT('Ctrl Pts',(0.44205121763731,-6.033541440905,170.703928059227));
#3088=CARTESIAN_POINT('Ctrl Pts',(0.840631526315685,-6.51683527281933,171.114319313096));
#3089=CARTESIAN_POINT('Ctrl Pts',(1.59807385923963,-7.43252381306036,171.927763817488));
#3090=CARTESIAN_POINT('Ctrl Pts',(2.30878933399963,-8.30761922936574,172.727213864524));
#3091=CARTESIAN_POINT('Ctrl Pts',(2.64899125427576,-8.73125636887533,173.130194574736));
#3092=CARTESIAN_POINT('Ctrl Pts',(3.31013745719097,-9.56620998639805,173.923633138645));
#3093=CARTESIAN_POINT('Ctrl Pts',(3.94617700166537,-10.379678495957,174.698454832111));
#3094=CARTESIAN_POINT('Ctrl Pts',(4.2551062564533,-10.7822520903825,175.079346905221));
#3095=CARTESIAN_POINT('Ctrl Pts',(4.56116205616155,-11.1760519964091,175.459977057242));
#3096=CARTESIAN_POINT('Ctrl Pts',(4.86354888545653,-11.5679368697825,175.835692816037));
#3097=CARTESIAN_POINT('Ctrl Pts',(-8.73663521216426,8.89192655931248,175.769312447114));
#3098=CARTESIAN_POINT('Ctrl Pts',(-8.47335368436613,8.48030971356279,175.394683503476));
#3099=CARTESIAN_POINT('Ctrl Pts',(-8.20649244699163,8.06228158807402,175.017402801725));
#3100=CARTESIAN_POINT('Ctrl Pts',(-7.94387837379145,7.64003220562016,174.629223265521));
#3101=CARTESIAN_POINT('Ctrl Pts',(-7.40650828213308,6.77431827963332,173.856293113322));
#3102=CARTESIAN_POINT('Ctrl Pts',(-6.86214099915401,5.87046052395747,173.056241689511));
#3103=CARTESIAN_POINT('Ctrl Pts',(-6.59113896704879,5.40779725542024,172.654675896951));
#3104=CARTESIAN_POINT('Ctrl Pts',(-6.02858170335605,4.44762682350453,171.837841290519));
#3105=CARTESIAN_POINT('Ctrl Pts',(-5.4565336216189,3.42156096598767,171.017319823048));
#3106=CARTESIAN_POINT('Ctrl Pts',(-5.16780462990883,2.88046611842897,170.609992032173));
#3107=CARTESIAN_POINT('Ctrl Pts',(-4.70008138987459,2.02599563506443,169.981441510181));
#3108=CARTESIAN_POINT('Ctrl Pts',(-4.20803438697624,1.0817799252451,169.427158442458));
#3109=CARTESIAN_POINT('Ctrl Pts',(-4.03448271858321,0.759682878399324,169.25404779451));
#3110=CARTESIAN_POINT('Ctrl Pts',(-3.67186053665167,0.080758463305477,168.925773760934));
#3111=CARTESIAN_POINT('Ctrl Pts',(-3.2625872790122,-0.637426702353156,168.698582085047));
#3112=CARTESIAN_POINT('Ctrl Pts',(-3.05466183690408,-1.01406650377309,168.617811575569));
#3113=CARTESIAN_POINT('Ctrl Pts',(-2.57618416995236,-1.73669141563269,168.531809964281));
#3114=CARTESIAN_POINT('Ctrl Pts',(-2.07045808013078,-2.44852664020758,168.613870918652));
#3115=CARTESIAN_POINT('Ctrl Pts',(-1.81494801558188,-2.79524458418265,168.7021369575));
#3116=CARTESIAN_POINT('Ctrl Pts',(-1.2941929126945,-3.43690252736573,168.926086693996));
#3117=CARTESIAN_POINT('Ctrl Pts',(-0.804748001600751,-4.02399813124999,
169.250686685788));
#3118=CARTESIAN_POINT('Ctrl Pts',(-0.568557437335022,-4.30583258657746,
169.429581260738));
#3119=CARTESIAN_POINT('Ctrl Pts',(0.136122026903416,-5.12921258627752,169.985069621971));
#3120=CARTESIAN_POINT('Ctrl Pts',(0.756336985892807,-5.86019784361705,170.613509533546));
#3121=CARTESIAN_POINT('Ctrl Pts',(1.14964693440841,-6.34332833608547,171.017389128527));
#3122=CARTESIAN_POINT('Ctrl Pts',(1.90105143377433,-7.26034366903258,171.849780238948));
#3123=CARTESIAN_POINT('Ctrl Pts',(2.59448498429341,-8.13353407106524,172.669633622255));
#3124=CARTESIAN_POINT('Ctrl Pts',(2.93241507238684,-8.56006792524234,173.074748344463));
#3125=CARTESIAN_POINT('Ctrl Pts',(3.58818931869344,-9.39967037024834,173.870576112915));
#3126=CARTESIAN_POINT('Ctrl Pts',(4.21525309399901,-10.2113112388792,174.655751472786));
#3127=CARTESIAN_POINT('Ctrl Pts',(4.5192258478014,-10.6123521854292,175.035019957088));
#3128=CARTESIAN_POINT('Ctrl Pts',(4.82301046159196,-11.0099975411791,175.419184678375));
#3129=CARTESIAN_POINT('Ctrl Pts',(5.12466009181188,-11.4031678549567,175.798123424329));
#3130=CARTESIAN_POINT('Ctrl Pts',(-8.24372641739293,9.25993093500675,175.713566081075));
#3131=CARTESIAN_POINT('Ctrl Pts',(-7.97570267502208,8.85223715873732,175.334824448309));
#3132=CARTESIAN_POINT('Ctrl Pts',(-7.70965886544485,8.44200504518535,174.948428062239));
#3133=CARTESIAN_POINT('Ctrl Pts',(-7.43770681210766,8.02281338911962,174.565099731096));
#3134=CARTESIAN_POINT('Ctrl Pts',(-6.89105867186238,7.16523477965009,173.774158978132));
#3135=CARTESIAN_POINT('Ctrl Pts',(-6.33464363179671,6.2723564634592,172.964371455814));
#3136=CARTESIAN_POINT('Ctrl Pts',(-6.05166904440936,5.81658973087564,172.551616466905));
#3137=CARTESIAN_POINT('Ctrl Pts',(-5.48192783099064,4.87592480800541,171.71299926666));
#3138=CARTESIAN_POINT('Ctrl Pts',(-4.89453767168924,3.86312648067519,170.851642822286));
#3139=CARTESIAN_POINT('Ctrl Pts',(-4.59236442814722,3.32321874212289,170.413521852471));
#3140=CARTESIAN_POINT('Ctrl Pts',(-4.11813305111359,2.51336374114666,169.754495453636));
#3141=CARTESIAN_POINT('Ctrl Pts',(-3.62298749779943,1.57181417062813,169.129378051451));
#3142=CARTESIAN_POINT('Ctrl Pts',(-3.4508781721007,1.24929419818987,168.923308441122));
#3143=CARTESIAN_POINT('Ctrl Pts',(-3.08479558012383,0.574708167370942,168.541293466198));
#3144=CARTESIAN_POINT('Ctrl Pts',(-2.67410493727091,-0.166352307057013,
168.25057174961));
#3145=CARTESIAN_POINT('Ctrl Pts',(-2.44956234668496,-0.542619857600985,
168.140455879016));
#3146=CARTESIAN_POINT('Ctrl Pts',(-1.96960859583474,-1.3348010006634,168.031220019914));
#3147=CARTESIAN_POINT('Ctrl Pts',(-1.42884022400256,-2.06759075506366,168.139405209716));
#3148=CARTESIAN_POINT('Ctrl Pts',(-1.15211450080864,-2.41424989750055,168.246398546105));
#3149=CARTESIAN_POINT('Ctrl Pts',(-0.620159271875712,-3.07665192012991,
168.542203270034));
#3150=CARTESIAN_POINT('Ctrl Pts',(-0.122470002746339,-3.6678411559369,168.924331231393));
#3151=CARTESIAN_POINT('Ctrl Pts',(0.113745126837177,-3.94837121680131,169.123975742548));
#3152=CARTESIAN_POINT('Ctrl Pts',(0.78690150624586,-4.75764605526737,169.760911400718));
#3153=CARTESIAN_POINT('Ctrl Pts',(1.39713680913204,-5.51630014430122,170.419644574499));
#3154=CARTESIAN_POINT('Ctrl Pts',(1.77386730384067,-5.97666076489219,170.858900159114));
#3155=CARTESIAN_POINT('Ctrl Pts',(2.50221681819944,-6.91221999566167,171.715928810516));
#3156=CARTESIAN_POINT('Ctrl Pts',(3.17591060435244,-7.77878342180621,172.562354067118));
#3157=CARTESIAN_POINT('Ctrl Pts',(3.50484410675592,-8.21519126279407,172.972893334084));
#3158=CARTESIAN_POINT('Ctrl Pts',(4.13877206071153,-9.05238666075386,173.789855283662));
#3159=CARTESIAN_POINT('Ctrl Pts',(4.75818417773678,-9.87656019242809,174.575246119118));
#3160=CARTESIAN_POINT('Ctrl Pts',(5.05774360172223,-10.2764011518864,174.97127282386));
#3161=CARTESIAN_POINT('Ctrl Pts',(5.35937081398206,-10.6738342151999,175.356477742952));
#3162=CARTESIAN_POINT('Ctrl Pts',(5.65102643012499,-11.0678570766972,175.736019966812));
#3163=CARTESIAN_POINT('Ctrl Pts',(-7.74491980455343,9.6234897358395,175.680519235299));
#3164=CARTESIAN_POINT('Ctrl Pts',(-7.47168731795193,9.21912194157103,175.300642039446));
#3165=CARTESIAN_POINT('Ctrl Pts',(-7.19947026020942,8.81085673953587,174.916870080536));
#3166=CARTESIAN_POINT('Ctrl Pts',(-6.9229428366484,8.39768034063697,174.525171664522));
#3167=CARTESIAN_POINT('Ctrl Pts',(-6.36187229043475,7.54788451775821,173.724819783316));
#3168=CARTESIAN_POINT('Ctrl Pts',(-5.79511841753197,6.67669609333963,172.905338212553));
#3169=CARTESIAN_POINT('Ctrl Pts',(-5.49678795458683,6.21620485424332,172.491382601672));
#3170=CARTESIAN_POINT('Ctrl Pts',(-4.92256484178198,5.30034173876439,171.629236686854));
#3171=CARTESIAN_POINT('Ctrl Pts',(-4.29767416110894,4.30838339954422,170.753296944858));
#3172=CARTESIAN_POINT('Ctrl Pts',(-3.98370199169216,3.79550846475665,170.287685502686));
#3173=CARTESIAN_POINT('Ctrl Pts',(-3.51334449918892,2.98454667961393,169.613693623207));
#3174=CARTESIAN_POINT('Ctrl Pts',(-2.97554554806719,2.08346297193448,168.913425611928));
#3175=CARTESIAN_POINT('Ctrl Pts',(-2.79957368200438,1.77156390324274,168.688526615951));
#3176=CARTESIAN_POINT('Ctrl Pts',(-2.42860987026954,1.10405852651287,168.244735773197));
#3177=CARTESIAN_POINT('Ctrl Pts',(-2.01591568649234,0.372511658808246,167.871823880667));
#3178=CARTESIAN_POINT('Ctrl Pts',(-1.78175718210927,-0.0301029595562426,
167.706048765912));
#3179=CARTESIAN_POINT('Ctrl Pts',(-1.27721977012866,-0.85026729715139,167.550404142189));
#3180=CARTESIAN_POINT('Ctrl Pts',(-0.689404946921656,-1.65406081835402,
167.713101163297));
#3181=CARTESIAN_POINT('Ctrl Pts',(-0.407913615061659,-2.00303149355471,
167.869337135172));
#3182=CARTESIAN_POINT('Ctrl Pts',(0.120387589051545,-2.66523579337308,168.243028761358));
#3183=CARTESIAN_POINT('Ctrl Pts',(0.600114887881002,-3.25782451119641,168.689153170458));
#3184=CARTESIAN_POINT('Ctrl Pts',(0.821439143685572,-3.542959941578,168.919110227256));
#3185=CARTESIAN_POINT('Ctrl Pts',(1.46899010751666,-4.35968196743509,169.601801135802));
#3186=CARTESIAN_POINT('Ctrl Pts',(2.03527049354736,-5.11654067177923,170.292471420384));
#3187=CARTESIAN_POINT('Ctrl Pts',(2.40655638391619,-5.59671878916805,170.750565596834));
#3188=CARTESIAN_POINT('Ctrl Pts',(3.101559744626,-6.53325805584899,171.63595079513));
#3189=CARTESIAN_POINT('Ctrl Pts',(3.7555067721739,-7.41480186077102,172.494542128843));
#3190=CARTESIAN_POINT('Ctrl Pts',(4.07374487259596,-7.85173525726389,172.912463199223));
#3191=CARTESIAN_POINT('Ctrl Pts',(4.69109735712191,-8.69889469819713,173.734591560041));
#3192=CARTESIAN_POINT('Ctrl Pts',(5.29102687889644,-9.52379194706541,174.533949118067));
#3193=CARTESIAN_POINT('Ctrl Pts',(5.58522106977999,-9.92753625602843,174.923789078819));
#3194=CARTESIAN_POINT('Ctrl Pts',(5.87461574686354,-10.3241453305912,175.309556159939));
#3195=CARTESIAN_POINT('Ctrl Pts',(6.1645962295414,-10.7222274570266,175.692748879892));
#3196=CARTESIAN_POINT('Ctrl Pts',(-7.49407675779818,9.80365109249556,175.670489850761));
#3197=CARTESIAN_POINT('Ctrl Pts',(-7.21706406708895,9.40130421392389,175.289841995486));
#3198=CARTESIAN_POINT('Ctrl Pts',(-6.93985974212947,8.99767578296259,174.905373743015));
#3199=CARTESIAN_POINT('Ctrl Pts',(-6.66442500444819,8.58387658161848,174.507796959047));
#3200=CARTESIAN_POINT('Ctrl Pts',(-6.09457854703384,7.74015941730771,173.711990958402));
#3201=CARTESIAN_POINT('Ctrl Pts',(-5.52055376397643,6.86914302403543,172.887877478894));
#3202=CARTESIAN_POINT('Ctrl Pts',(-5.22756468061148,6.42246891159523,172.464972108222));
#3203=CARTESIAN_POINT('Ctrl Pts',(-4.62487548530844,5.50501479000467,171.606314041966));
#3204=CARTESIAN_POINT('Ctrl Pts',(-4.00330684367146,4.52846101832906,170.716332332651));
#3205=CARTESIAN_POINT('Ctrl Pts',(-3.68495794419368,4.02481830560708,170.26126102546));
#3206=CARTESIAN_POINT('Ctrl Pts',(-3.18297798173296,3.22550780043581,169.554298587257));
#3207=CARTESIAN_POINT('Ctrl Pts',(-2.64645495434393,2.33530372044449,168.839539172086));
#3208=CARTESIAN_POINT('Ctrl Pts',(-2.46407373381601,2.03217781615449,168.60192610083));
#3209=CARTESIAN_POINT('Ctrl Pts',(-2.06934164339627,1.38439668019085,168.12952802977));
#3210=CARTESIAN_POINT('Ctrl Pts',(-1.66433329241627,0.650859619896512,167.707028036582));
#3211=CARTESIAN_POINT('Ctrl Pts',(-1.43554107166709,0.252150369488772,167.467028981618));
#3212=CARTESIAN_POINT('Ctrl Pts',(-0.918494891788674,-0.618500153904936,
167.36292542829));
#3213=CARTESIAN_POINT('Ctrl Pts',(-0.298699355402778,-1.41804099906947,
167.460492500566));
#3214=CARTESIAN_POINT('Ctrl Pts',(-0.0107546394417486,-1.77691309441224,
167.70814343269));
#3215=CARTESIAN_POINT('Ctrl Pts',(0.505395209975157,-2.44170763928948,168.124357459693));
#3216=CARTESIAN_POINT('Ctrl Pts',(0.965607900020377,-3.04171732594133,168.602639365585));
#3217=CARTESIAN_POINT('Ctrl Pts',(1.18273487091062,-3.32599768491215,168.839489352972));
#3218=CARTESIAN_POINT('Ctrl Pts',(1.80230763664832,-4.15438417807972,169.549739298663));
#3219=CARTESIAN_POINT('Ctrl Pts',(2.38245925663644,-4.90752998491964,170.258673582229));
#3220=CARTESIAN_POINT('Ctrl Pts',(2.70648821295594,-5.39865966760149,170.722072844665));
#3221=CARTESIAN_POINT('Ctrl Pts',(3.41642028718752,-6.33624855767877,171.599195232193));
#3222=CARTESIAN_POINT('Ctrl Pts',(4.0353244983205,-7.23170148477143,172.477687022255));
#3223=CARTESIAN_POINT('Ctrl Pts',(4.35509292216111,-7.66441454489433,172.894083218662));
#3224=CARTESIAN_POINT('Ctrl Pts',(4.96815779704018,-8.52195462923481,173.713340527705));
#3225=CARTESIAN_POINT('Ctrl Pts',(5.55592640138202,-9.34327284719932,174.52103587013));
#3226=CARTESIAN_POINT('Ctrl Pts',(5.84879213405702,-9.74967399019518,174.91634474279));
#3227=CARTESIAN_POINT('Ctrl Pts',(6.13427563557152,-10.1527785023026,175.2975635086));
#3228=CARTESIAN_POINT('Ctrl Pts',(6.42121728942903,-10.5510310881813,175.679238808396));
#3229=CARTESIAN_POINT('Ctrl Pts',(-6.99025895222751,10.163135139607,175.663606707197));
#3230=CARTESIAN_POINT('Ctrl Pts',(-6.70881981589562,9.76340000709482,175.281426126499));
#3231=CARTESIAN_POINT('Ctrl Pts',(-6.41913539536495,9.36030826489535,174.891396626484));
#3232=CARTESIAN_POINT('Ctrl Pts',(-6.13611581294006,8.95137328759282,174.498313043177));
#3233=CARTESIAN_POINT('Ctrl Pts',(-5.56232746428687,8.11917019112712,173.695802329553));
#3234=CARTESIAN_POINT('Ctrl Pts',(-4.96496638033788,7.25991784996365,172.867616058686));
#3235=CARTESIAN_POINT('Ctrl Pts',(-4.65842947879456,6.81511477882796,172.446592277738));
#3236=CARTESIAN_POINT('Ctrl Pts',(-4.04677919727039,5.91768693349876,171.577284523087));
#3237=CARTESIAN_POINT('Ctrl Pts',(-3.38889094751802,4.95901193460551,170.682328824001));
#3238=CARTESIAN_POINT('Ctrl Pts',(-3.07072095633307,4.47049121512716,170.218174983566));
#3239=CARTESIAN_POINT('Ctrl Pts',(-2.51876368492688,3.68369262718438,169.494702973364));
#3240=CARTESIAN_POINT('Ctrl Pts',(-1.95628398950357,2.84039412902797,168.766516483459));
#3241=CARTESIAN_POINT('Ctrl Pts',(-1.74937695874502,2.54362937912045,168.516219918603));
#3242=CARTESIAN_POINT('Ctrl Pts',(-1.34592179735309,1.92456836894373,168.014732304623));
#3243=CARTESIAN_POINT('Ctrl Pts',(-0.870063653529207,1.23268242926518,167.535703826382));
#3244=CARTESIAN_POINT('Ctrl Pts',(-0.629637450130442,0.878824308845917,
167.328495795493));
#3245=CARTESIAN_POINT('Ctrl Pts',(-0.0358696587899607,-0.0183748725939128,
166.879999112563));
#3246=CARTESIAN_POINT('Ctrl Pts',(0.580643839615578,-0.911028215785932,
167.325256908882));
#3247=CARTESIAN_POINT('Ctrl Pts',(0.812570853493921,-1.26712555344738,167.532800966892));
#3248=CARTESIAN_POINT('Ctrl Pts',(1.29192350002033,-1.95848210710228,168.013453182575));
#3249=CARTESIAN_POINT('Ctrl Pts',(1.70694347691364,-2.56866144752664,168.512170145862));
#3250=CARTESIAN_POINT('Ctrl Pts',(1.90763791380439,-2.86412111563572,168.759721774216));
#3251=CARTESIAN_POINT('Ctrl Pts',(2.48922413180098,-3.71739931748569,169.503118239158));
#3252=CARTESIAN_POINT('Ctrl Pts',(2.99482841219862,-4.49947118881638,170.210882854487));
#3253=CARTESIAN_POINT('Ctrl Pts',(3.34960716572379,-4.98483339072515,170.675388558053));
#3254=CARTESIAN_POINT('Ctrl Pts',(3.99903107846028,-5.94890647509534,171.584081591873));
#3255=CARTESIAN_POINT('Ctrl Pts',(4.61627433945125,-6.84699639806944,172.442647481313));
#3256=CARTESIAN_POINT('Ctrl Pts',(4.92180099251885,-7.29186522686074,172.866830715332));
#3257=CARTESIAN_POINT('Ctrl Pts',(5.51092522150642,-8.15035112637488,173.702032601633));
#3258=CARTESIAN_POINT('Ctrl Pts',(6.09129614836092,-8.99067037704122,174.493831655321));
#3259=CARTESIAN_POINT('Ctrl Pts',(6.37408831764289,-9.4025732545825,174.889178251954));
#3260=CARTESIAN_POINT('Ctrl Pts',(6.65667221483162,-9.80135473082324,175.281735344948));
#3261=CARTESIAN_POINT('Ctrl Pts',(6.93582309051296,-10.2004922878637,175.664064543811));
#3262=CARTESIAN_POINT('Ctrl Pts',(-6.47551358119559,10.5165746428401,175.678666511401));
#3263=CARTESIAN_POINT('Ctrl Pts',(-6.18941145510998,10.1195336376722,175.296891566292));
#3264=CARTESIAN_POINT('Ctrl Pts',(-5.90292783248607,9.71888152550183,174.907696693759));
#3265=CARTESIAN_POINT('Ctrl Pts',(-5.60823848249557,9.3110967417026,174.516649274062));
#3266=CARTESIAN_POINT('Ctrl Pts',(-5.01620224623495,8.48978685872447,173.713680422146));
#3267=CARTESIAN_POINT('Ctrl Pts',(-4.40233990992946,7.63421561850272,172.889547970961));
#3268=CARTESIAN_POINT('Ctrl Pts',(-4.08673848107455,7.19518936116826,172.469983227565));
#3269=CARTESIAN_POINT('Ctrl Pts',(-3.45067743075957,6.31959203348357,171.601094408175));
#3270=CARTESIAN_POINT('Ctrl Pts',(-2.76547932895399,5.36317711416445,170.720524519299));
#3271=CARTESIAN_POINT('Ctrl Pts',(-2.40296874436484,4.89198343673305,170.254493102926));
#3272=CARTESIAN_POINT('Ctrl Pts',(-1.85728389512747,4.12117506220215,169.548052271387));
#3273=CARTESIAN_POINT('Ctrl Pts',(-1.23123399560904,3.30622200793466,168.83486603396));
#3274=CARTESIAN_POINT('Ctrl Pts',(-1.0162707890775,3.01811962428448,168.599267245401));
#3275=CARTESIAN_POINT('Ctrl Pts',(-0.557659219032395,2.41978492370965,168.116474446735));
#3276=CARTESIAN_POINT('Ctrl Pts',(-0.0357119844007644,1.75242507704188,
167.692998229124));
#3277=CARTESIAN_POINT('Ctrl Pts',(0.242214666044322,1.39022699023818,167.470384590213));
#3278=CARTESIAN_POINT('Ctrl Pts',(0.879144584742972,0.590783574959416,167.29242311272));
#3279=CARTESIAN_POINT('Ctrl Pts',(1.37478494184074,-0.286198906861456,167.477884544607));
#3280=CARTESIAN_POINT('Ctrl Pts',(1.61125224637962,-0.683866402268087,167.69091743389));
#3281=CARTESIAN_POINT('Ctrl Pts',(2.03607510701379,-1.41646700466548,168.118166906583));
#3282=CARTESIAN_POINT('Ctrl Pts',(2.41904095283586,-2.05990161130088,168.594286823211));
#3283=CARTESIAN_POINT('Ctrl Pts',(2.60211599954039,-2.36756968224298,168.831394242913));
#3284=CARTESIAN_POINT('Ctrl Pts',(3.14114451259521,-3.25681286568077,169.549215904061));
#3285=CARTESIAN_POINT('Ctrl Pts',(3.64763597052108,-4.04559215094645,170.254129325016));
#3286=CARTESIAN_POINT('Ctrl Pts',(3.96594392400361,-4.55160963728165,170.710544475243));
#3287=CARTESIAN_POINT('Ctrl Pts',(4.57949121588597,-5.54396347026876,171.604730127368));
#3288=CARTESIAN_POINT('Ctrl Pts',(5.18949136409779,-6.44838630522385,172.465440325002));
#3289=CARTESIAN_POINT('Ctrl Pts',(5.47837605897292,-6.9092108180765,172.878878490271));
#3290=CARTESIAN_POINT('Ctrl Pts',(6.04875643530272,-7.77245734245438,173.715777391439));
#3291=CARTESIAN_POINT('Ctrl Pts',(6.61863729109571,-8.62503229735757,174.508537536077));
#3292=CARTESIAN_POINT('Ctrl Pts',(6.89045575546628,-9.03651985337195,174.905537817783));
#3293=CARTESIAN_POINT('Ctrl Pts',(7.16715564857259,-9.44001596432376,175.289078699312));
#3294=CARTESIAN_POINT('Ctrl Pts',(7.44165456090111,-9.84363713363286,175.670668072564));
#3295=CARTESIAN_POINT('Ctrl Pts',(-6.21795635481671,10.6894911798445,175.690687040012));
#3296=CARTESIAN_POINT('Ctrl Pts',(-5.92927988082254,10.2924340539103,175.309886794182));
#3297=CARTESIAN_POINT('Ctrl Pts',(-5.6368041127515,9.89043340905147,174.927277526572));
#3298=CARTESIAN_POINT('Ctrl Pts',(-5.34244006036625,9.48983831850379,174.529322705641));
#3299=CARTESIAN_POINT('Ctrl Pts',(-4.74306661615816,8.67145282923777,173.728089925277));
#3300=CARTESIAN_POINT('Ctrl Pts',(-4.11932798464069,7.820615305635,172.916302027396));
#3301=CARTESIAN_POINT('Ctrl Pts',(-3.79880064397931,7.38565293796788,172.495008936755));
#3302=CARTESIAN_POINT('Ctrl Pts',(-3.15269063510542,6.50854104687927,171.626816447779));
#3303=CARTESIAN_POINT('Ctrl Pts',(-2.44726185384327,5.56801472531338,170.755699712515));
#3304=CARTESIAN_POINT('Ctrl Pts',(-2.10478647807804,5.09937446209482,170.292892983988));
#3305=CARTESIAN_POINT('Ctrl Pts',(-1.50216257927376,4.3295821418945,169.597972198206));
#3306=CARTESIAN_POINT('Ctrl Pts',(-0.877193581907023,3.52415567553317,168.909906605664));
#3307=CARTESIAN_POINT('Ctrl Pts',(-0.643235135667728,3.23335072906175,168.676663319562));
#3308=CARTESIAN_POINT('Ctrl Pts',(-0.174404991832315,2.64489634308313,168.231314250462));
#3309=CARTESIAN_POINT('Ctrl Pts',(0.360594109300848,1.97838450053454,167.852170180623));
#3310=CARTESIAN_POINT('Ctrl Pts',(0.635380717282108,1.62752397938331,167.687789076985));
#3311=CARTESIAN_POINT('Ctrl Pts',(1.23483545808063,0.82978537167511,167.520332205656));
#3312=CARTESIAN_POINT('Ctrl Pts',(1.74636595507604,0.00119002159081455,
167.690022943844));
#3313=CARTESIAN_POINT('Ctrl Pts',(1.96667758532541,-0.3991780491489,167.847927910438));
#3314=CARTESIAN_POINT('Ctrl Pts',(2.38552008561725,-1.14204275916442,168.229623039363));
#3315=CARTESIAN_POINT('Ctrl Pts',(2.76201773611978,-1.79731519277933,168.67676325749));
#3316=CARTESIAN_POINT('Ctrl Pts',(2.94118061575852,-2.10716965317177,168.902815517435));
#3317=CARTESIAN_POINT('Ctrl Pts',(3.46133545285809,-3.01965425204544,169.600466649858));
#3318=CARTESIAN_POINT('Ctrl Pts',(3.9492625722343,-3.82535689022204,170.285642924097));
#3319=CARTESIAN_POINT('Ctrl Pts',(4.25750825685589,-4.33652703776585,170.749212416567));
#3320=CARTESIAN_POINT('Ctrl Pts',(4.8804792186616,-5.33214775824562,171.626371206266));
#3321=CARTESIAN_POINT('Ctrl Pts',(5.45786622673818,-6.25179073498474,172.487791580194));
#3322=CARTESIAN_POINT('Ctrl Pts',(5.74882799669841,-6.70178632093091,172.909106512104));
#3323=CARTESIAN_POINT('Ctrl Pts',(6.32065759870233,-7.58923052354606,173.725515430399));
#3324=CARTESIAN_POINT('Ctrl Pts',(6.87450891209361,-8.43684887904654,174.523520752989));
#3325=CARTESIAN_POINT('Ctrl Pts',(7.15257934302821,-8.85111095551889,174.916261094266));
#3326=CARTESIAN_POINT('Ctrl Pts',(7.42179258076372,-9.26126620028582,175.301110264159));
#3327=CARTESIAN_POINT('Ctrl Pts',(7.69282325763065,-9.66622523819864,175.681454090442));
#3328=CARTESIAN_POINT('Ctrl Pts',(-5.70160718313007,11.0322927369686,175.729643987398));
#3329=CARTESIAN_POINT('Ctrl Pts',(-5.40711658590545,10.6389033265408,175.349450090514));
#3330=CARTESIAN_POINT('Ctrl Pts',(-5.10966456984395,10.2473548362345,174.962062049326));
#3331=CARTESIAN_POINT('Ctrl Pts',(-4.80969780014847,9.8419860964068,174.576246855364));
#3332=CARTESIAN_POINT('Ctrl Pts',(-4.18797894544694,9.02520384869363,173.787191421572));
#3333=CARTESIAN_POINT('Ctrl Pts',(-3.55624323845993,8.18942225108893,172.96489849238));
#3334=CARTESIAN_POINT('Ctrl Pts',(-3.22756493489709,7.75644234455682,172.554129523422));
#3335=CARTESIAN_POINT('Ctrl Pts',(-2.54646017434,6.8837527562568,171.714277936819));
#3336=CARTESIAN_POINT('Ctrl Pts',(-1.82138461248471,5.95833809729838,170.847968777794));
#3337=CARTESIAN_POINT('Ctrl Pts',(-1.42658084950361,5.47338245940344,170.400570278051));
#3338=CARTESIAN_POINT('Ctrl Pts',(-0.845828316090021,4.75241018133365,169.754440967847));
#3339=CARTESIAN_POINT('Ctrl Pts',(-0.149424340794031,3.91671282264859,169.107453679733));
#3340=CARTESIAN_POINT('Ctrl Pts',(0.0746429894434107,3.64457653131625,168.91131357657));
#3341=CARTESIAN_POINT('Ctrl Pts',(0.576326762235832,3.0556958279751,168.518702781747));
#3342=CARTESIAN_POINT('Ctrl Pts',(1.10516213192569,2.39372051046201,168.223617950688));
#3343=CARTESIAN_POINT('Ctrl Pts',(1.39363256849486,2.04107797802194,168.111789705214));
#3344=CARTESIAN_POINT('Ctrl Pts',(1.92323504858973,1.30285860670165,168.000109241678));
#3345=CARTESIAN_POINT('Ctrl Pts',(2.40992500223131,0.524748249046183,168.110818141009));
#3346=CARTESIAN_POINT('Ctrl Pts',(2.63811196647292,0.13965667569317,168.227341374912));
#3347=CARTESIAN_POINT('Ctrl Pts',(3.04352825009324,-0.604082496126224,168.512310862703));
#3348=CARTESIAN_POINT('Ctrl Pts',(3.41416713729214,-1.28111711253915,168.911943505114));
#3349=CARTESIAN_POINT('Ctrl Pts',(3.5815821291849,-1.60647807380563,169.114298306271));
#3350=CARTESIAN_POINT('Ctrl Pts',(4.08715231772901,-2.53823625600887,169.737558813717));
#3351=CARTESIAN_POINT('Ctrl Pts',(4.55256137475948,-3.3668018750659,170.416290125075));
#3352=CARTESIAN_POINT('Ctrl Pts',(4.85380625116815,-3.8960673314313,170.84937374014));
#3353=CARTESIAN_POINT('Ctrl Pts',(5.4457565420886,-4.90953791328955,171.701989399041));
#3354=CARTESIAN_POINT('Ctrl Pts',(6.01234375157478,-5.85111142953989,172.553768195376));
#3355=CARTESIAN_POINT('Ctrl Pts',(6.29187078195441,-6.31009969313848,172.959765240285));
#3356=CARTESIAN_POINT('Ctrl Pts',(6.85131216438789,-7.20582235698806,173.774550247355));
#3357=CARTESIAN_POINT('Ctrl Pts',(7.38965068043594,-8.05983523322133,174.563452136732));
#3358=CARTESIAN_POINT('Ctrl Pts',(7.66022368707911,-8.4857371866868,174.950272930279));
#3359=CARTESIAN_POINT('Ctrl Pts',(7.9282346486812,-8.89537008724549,175.335472982818));
#3360=CARTESIAN_POINT('Ctrl Pts',(8.19461466909108,-9.30378365426746,175.713585412241));
#3361=CARTESIAN_POINT('Ctrl Pts',(-5.18214008249237,11.3691383465195,175.792408877366));
#3362=CARTESIAN_POINT('Ctrl Pts',(-4.88252583222446,10.9780018676003,175.41582839999));
#3363=CARTESIAN_POINT('Ctrl Pts',(-4.57937430117637,10.5837203028791,175.033129547751));
#3364=CARTESIAN_POINT('Ctrl Pts',(-4.26691315971357,10.1849001128565,174.650632545905));
#3365=CARTESIAN_POINT('Ctrl Pts',(-3.64434645793446,9.37401161062362,173.866177329309));
#3366=CARTESIAN_POINT('Ctrl Pts',(-2.97972029512119,8.53041170851,173.067179398324));
#3367=CARTESIAN_POINT('Ctrl Pts',(-2.64436308763236,8.10842625306129,172.661764800781));
#3368=CARTESIAN_POINT('Ctrl Pts',(-1.94770533724696,7.24010453920572,171.842660986262));
#3369=CARTESIAN_POINT('Ctrl Pts',(-1.19783598895341,6.3229787454343,171.01031436398));
#3370=CARTESIAN_POINT('Ctrl Pts',(-0.783036699867072,5.8532844058613,170.609944180094));
#3371=CARTESIAN_POINT('Ctrl Pts',(-0.18622521454465,5.09821480116009,169.966657467405));
#3372=CARTESIAN_POINT('Ctrl Pts',(0.5179211617098,4.29591206603457,169.416349651406));
#3373=CARTESIAN_POINT('Ctrl Pts',(0.757377776926553,4.00958767550056,169.232109496461));
#3374=CARTESIAN_POINT('Ctrl Pts',(1.25513649828637,3.4196540274249,168.904793139633));
#3375=CARTESIAN_POINT('Ctrl Pts',(1.77045535741184,2.77733995394882,168.674107330052));
#3376=CARTESIAN_POINT('Ctrl Pts',(2.02499612941032,2.44101694850082,168.586294674401));
#3377=CARTESIAN_POINT('Ctrl Pts',(2.53731526792237,1.71976696875012,168.503393332109));
#3378=CARTESIAN_POINT('Ctrl Pts',(3.01715346639645,0.984037520331165,168.588169315449));
#3379=CARTESIAN_POINT('Ctrl Pts',(3.23387251315726,0.615457130624715,168.67263873332));
#3380=CARTESIAN_POINT('Ctrl Pts',(3.6401908198313,-0.105547629120438,168.90664431218));
#3381=CARTESIAN_POINT('Ctrl Pts',(3.99131018874481,-0.791304540921127,169.222779776981));
#3382=CARTESIAN_POINT('Ctrl Pts',(4.16965378266548,-1.11211367506388,169.406880556056));
#3383=CARTESIAN_POINT('Ctrl Pts',(4.67884598658109,-2.05427264485757,169.973687262071));
#3384=CARTESIAN_POINT('Ctrl Pts',(5.10969988123047,-2.91325498343318,170.58433250618));
#3385=CARTESIAN_POINT('Ctrl Pts',(5.42360961629177,-3.45203281053171,171.002857554317));
#3386=CARTESIAN_POINT('Ctrl Pts',(5.99322024520989,-4.48304103647176,171.833875368022));
#3387=CARTESIAN_POINT('Ctrl Pts',(6.55174829511355,-5.44176913049675,172.652305378703));
#3388=CARTESIAN_POINT('Ctrl Pts',(6.82345640035011,-5.90723660055924,173.058702381902));
#3389=CARTESIAN_POINT('Ctrl Pts',(7.37110086936068,-6.817306859117,173.847192191503));
#3390=CARTESIAN_POINT('Ctrl Pts',(7.89628884981815,-7.68030843955763,174.634755047632));
#3391=CARTESIAN_POINT('Ctrl Pts',(8.1621713712911,-8.10630694917165,175.018596764361));
#3392=CARTESIAN_POINT('Ctrl Pts',(8.42626530842869,-8.52338161291746,175.39378945284));
#3393=CARTESIAN_POINT('Ctrl Pts',(8.68781248825109,-8.93740984104932,175.767543707775));
#3394=CARTESIAN_POINT('Ctrl Pts',(-4.92179766744448,11.534847655281,175.828495338862));
#3395=CARTESIAN_POINT('Ctrl Pts',(-4.61969421969671,11.1437197761855,175.454170589113));
#3396=CARTESIAN_POINT('Ctrl Pts',(-4.3136960852701,10.7496733395559,175.07582896634));
#3397=CARTESIAN_POINT('Ctrl Pts',(-4.00210663398116,10.349422792993,174.68966901403));
#3398=CARTESIAN_POINT('Ctrl Pts',(-3.36573875951178,9.54522974667331,173.91574958642));
#3399=CARTESIAN_POINT('Ctrl Pts',(-2.69631475106412,8.70558868009689,173.127585091588));
#3400=CARTESIAN_POINT('Ctrl Pts',(-2.35555123811129,8.28766940076317,172.721013882648));
#3401=CARTESIAN_POINT('Ctrl Pts',(-1.65117361018376,7.40860727647048,171.922696175715));
#3402=CARTESIAN_POINT('Ctrl Pts',(-0.883664850312729,6.50169694650962,171.100632647413));
#3403=CARTESIAN_POINT('Ctrl Pts',(-0.497793991003032,6.02359707431371,170.698977231465));
#3404=CARTESIAN_POINT('Ctrl Pts',(0.158940783474952,5.28032393322123,170.108776467976));
#3405=CARTESIAN_POINT('Ctrl Pts',(0.845043863901457,4.463513232424,169.575757260566));
#3406=CARTESIAN_POINT('Ctrl Pts',(1.08737820085193,4.18185283976932,169.411130884881));
#3407=CARTESIAN_POINT('Ctrl Pts',(1.57405179315384,3.5909832687401,169.108739947234));
#3408=CARTESIAN_POINT('Ctrl Pts',(2.08827020274398,2.95225626233029,168.898942195959));
#3409=CARTESIAN_POINT('Ctrl Pts',(2.33925314411907,2.61752584896077,168.82559861951));
#3410=CARTESIAN_POINT('Ctrl Pts',(2.83626639215899,1.92408498318103,168.751328139104));
#3411=CARTESIAN_POINT('Ctrl Pts',(3.30056684326103,1.19505422358372,168.822849927667));
#3412=CARTESIAN_POINT('Ctrl Pts',(3.51522176140972,0.840972066426135,168.900396943273));
#3413=CARTESIAN_POINT('Ctrl Pts',(3.92434814232257,0.12677978842778,169.105941360497));
#3414=CARTESIAN_POINT('Ctrl Pts',(4.27950490027986,-0.549679799732365,169.410488577913));
#3415=CARTESIAN_POINT('Ctrl Pts',(4.45711935773134,-0.873183608980437,169.574107667576));
#3416=CARTESIAN_POINT('Ctrl Pts',(4.94359116683196,-1.81769706841888,170.100649086161));
#3417=CARTESIAN_POINT('Ctrl Pts',(5.42029019030445,-2.68367106050795,170.692530168263));
#3418=CARTESIAN_POINT('Ctrl Pts',(5.70024479574414,-3.22666122061343,171.097004842701));
#3419=CARTESIAN_POINT('Ctrl Pts',(6.26178601838441,-4.26730545169472,171.911803484432));
#3420=CARTESIAN_POINT('Ctrl Pts',(6.81711528258261,-5.24041155311187,172.709703316582));
#3421=CARTESIAN_POINT('Ctrl Pts',(7.08470861880574,-5.7058187558978,173.114612669977));
#3422=CARTESIAN_POINT('Ctrl Pts',(7.61856291005275,-6.61802849397469,173.904071810255));
#3423=CARTESIAN_POINT('Ctrl Pts',(8.16037720718535,-7.49547633841192,174.662374970652));
#3424=CARTESIAN_POINT('Ctrl Pts',(8.41331722676467,-7.91712877212761,175.055711017792));
#3425=CARTESIAN_POINT('Ctrl Pts',(8.67095741393916,-8.33893885813179,175.428677702553));
#3426=CARTESIAN_POINT('Ctrl Pts',(8.93075188002251,-8.7550504770532,175.800463577066));
#3427=CARTESIAN_POINT('Ctrl Pts',(-4.13740790692729,12.0254834456312,175.952693377603));
#3428=CARTESIAN_POINT('Ctrl Pts',(-3.82471381663169,11.6361362480985,175.585448140883));
#3429=CARTESIAN_POINT('Ctrl Pts',(-3.50672056573237,11.2433362815636,175.216853147325));
#3430=CARTESIAN_POINT('Ctrl Pts',(-3.19595172628437,10.8446232882118,174.84141891062));
#3431=CARTESIAN_POINT('Ctrl Pts',(-2.53506083725214,10.0442358231968,174.086649119295));
#3432=CARTESIAN_POINT('Ctrl Pts',(-1.84866662256386,9.20836565420888,173.325802423959));
#3433=CARTESIAN_POINT('Ctrl Pts',(-1.49329653842714,8.77904311343186,172.946705742291));
#3434=CARTESIAN_POINT('Ctrl Pts',(-0.75759782807034,7.9293429264927,172.168647729303));
#3435=CARTESIAN_POINT('Ctrl Pts',(0.0331727317676287,6.99498513120836,171.434990338663));
#3436=CARTESIAN_POINT('Ctrl Pts',(0.462019512860764,6.52262782924406,171.065584241083));
#3437=CARTESIAN_POINT('Ctrl Pts',(1.09394227496866,5.78143986966179,170.530270790886));
#3438=CARTESIAN_POINT('Ctrl Pts',(1.80085047181731,4.96647185994248,170.108691321994));
#3439=CARTESIAN_POINT('Ctrl Pts',(2.03662735748175,4.67934094674371,169.968399724405));
#3440=CARTESIAN_POINT('Ctrl Pts',(2.519890365495,4.11500548073017,169.753153189051));
#3441=CARTESIAN_POINT('Ctrl Pts',(2.98920741977939,3.46616958345622,169.588081420784));
#3442=CARTESIAN_POINT('Ctrl Pts',(3.23123256304144,3.15858899147896,169.547577896727));
#3443=CARTESIAN_POINT('Ctrl Pts',(3.69982199871327,2.49621198241877,169.491176078871));
#3444=CARTESIAN_POINT('Ctrl Pts',(4.12639215959656,1.82899057792298,169.542010545011));
#3445=CARTESIAN_POINT('Ctrl Pts',(4.33957563532394,1.48548296983489,169.59568174285));
#3446=CARTESIAN_POINT('Ctrl Pts',(4.73179399416517,0.807128714652366,169.743746086332));
#3447=CARTESIAN_POINT('Ctrl Pts',(5.09684786725392,0.155189322276258,169.96551337505));
#3448=CARTESIAN_POINT('Ctrl Pts',(5.26606178750721,-0.172487834262585,170.102078317088));
#3449=CARTESIAN_POINT('Ctrl Pts',(5.78264602866073,-1.12918219169846,170.528183176017));
#3450=CARTESIAN_POINT('Ctrl Pts',(6.19114786011995,-2.00588984751372,171.051681129083));
#3451=CARTESIAN_POINT('Ctrl Pts',(6.49204444613791,-2.56517510424825,171.416062015024));
#3452=CARTESIAN_POINT('Ctrl Pts',(7.07338402928572,-3.62731074988856,172.160344647655));
#3453=CARTESIAN_POINT('Ctrl Pts',(7.58932475595673,-4.61942920418266,172.924356045142));
#3454=CARTESIAN_POINT('Ctrl Pts',(7.86609455074418,-5.10054740500039,173.296381531007));
#3455=CARTESIAN_POINT('Ctrl Pts',(8.38129011608986,-6.03042979499269,174.062855471305));
#3456=CARTESIAN_POINT('Ctrl Pts',(8.89339540697232,-6.9165498456853,174.819729051139));
#3457=CARTESIAN_POINT('Ctrl Pts',(9.14469404088674,-7.35760288439013,175.183167477907));
#3458=CARTESIAN_POINT('Ctrl Pts',(9.40270643036851,-7.78400519220741,175.553163045474));
#3459=CARTESIAN_POINT('Ctrl Pts',(9.65851656908774,-8.2047582880465,175.918703737801));
#3460=CARTESIAN_POINT('Ctrl Pts',(-3.36124539084237,12.4914689384361,176.124135717242));
#3461=CARTESIAN_POINT('Ctrl Pts',(-3.04650904956375,12.0987611633642,175.764648551009));
#3462=CARTESIAN_POINT('Ctrl Pts',(-2.73322368256494,11.7016974451271,175.405934757749));
#3463=CARTESIAN_POINT('Ctrl Pts',(-2.38551056426417,11.3297291957399,175.055416460804));
#3464=CARTESIAN_POINT('Ctrl Pts',(-1.71191435610463,10.4935139161793,174.324509921763));
#3465=CARTESIAN_POINT('Ctrl Pts',(-1.016519263372,9.6977994017752,173.589960588448));
#3466=CARTESIAN_POINT('Ctrl Pts',(-0.640880802026369,9.25818460000429,173.238965240103));
#3467=CARTESIAN_POINT('Ctrl Pts',(0.112324122399388,8.3876458978492,172.514578564652));
#3468=CARTESIAN_POINT('Ctrl Pts',(0.918079968593476,7.46320750067746,171.838433256497));
#3469=CARTESIAN_POINT('Ctrl Pts',(1.31901932508938,7.00009745607918,171.524886323845));
#3470=CARTESIAN_POINT('Ctrl Pts',(1.99596642769745,6.22660000056103,171.069302245444));
#3471=CARTESIAN_POINT('Ctrl Pts',(2.66894019242896,5.41531875535305,170.689144336351));
#3472=CARTESIAN_POINT('Ctrl Pts',(2.88751620526453,5.14780792223789,170.599515280961));
#3473=CARTESIAN_POINT('Ctrl Pts',(3.35284123125418,4.53386150261003,170.3875333322));
#3474=CARTESIAN_POINT('Ctrl Pts',(3.81060218964602,3.98722864349442,170.308337539903));
#3475=CARTESIAN_POINT('Ctrl Pts',(4.03578657556812,3.64616861773851,170.239130639182));
#3476=CARTESIAN_POINT('Ctrl Pts',(4.4673314209923,3.02538822800282,170.20724386895));
#3477=CARTESIAN_POINT('Ctrl Pts',(4.89286804806818,2.37751198983998,170.248107290345));
#3478=CARTESIAN_POINT('Ctrl Pts',(5.08791112407666,2.04328725625565,170.284124742735));
#3479=CARTESIAN_POINT('Ctrl Pts',(5.48606267883326,1.4145971413248,170.4035672656));
#3480=CARTESIAN_POINT('Ctrl Pts',(5.85344687004751,0.765372639477556,170.584968506453));
#3481=CARTESIAN_POINT('Ctrl Pts',(6.0194759735268,0.453066506872679,170.688573592066));
#3482=CARTESIAN_POINT('Ctrl Pts',(6.50215376481243,-0.467431313060674,171.062057975966));
#3483=CARTESIAN_POINT('Ctrl Pts',(6.97832744406426,-1.34754397446734,171.510498168036));
#3484=CARTESIAN_POINT('Ctrl Pts',(7.26928280815205,-1.90913982378031,171.828476570039));
#3485=CARTESIAN_POINT('Ctrl Pts',(7.79430583303062,-3.00469933066125,172.492638858512));
#3486=CARTESIAN_POINT('Ctrl Pts',(8.34146478748525,-3.99782069838685,173.218376833962));
#3487=CARTESIAN_POINT('Ctrl Pts',(8.59243410933575,-4.48892324558407,173.57328145688));
#3488=CARTESIAN_POINT('Ctrl Pts',(9.11730482538772,-5.43988013276936,174.285076387184));
#3489=CARTESIAN_POINT('Ctrl Pts',(9.60599900783669,-6.33843491458907,175.014709407917));
#3490=CARTESIAN_POINT('Ctrl Pts',(9.88200152124342,-6.77770460999,175.376998048812));
#3491=CARTESIAN_POINT('Ctrl Pts',(10.1245821423971,-7.21373390075052,175.730869120181));
#3492=CARTESIAN_POINT('Ctrl Pts',(10.3720399401826,-7.64280596389883,176.085795688054));
#3493=CARTESIAN_POINT('Ctrl Pts',(-2.84324381291771,12.7986908485846,176.264216506723));
#3494=CARTESIAN_POINT('Ctrl Pts',(-2.52106559048609,12.4085313280883,175.912965001723));
#3495=CARTESIAN_POINT('Ctrl Pts',(-2.19313077251254,12.0166096223267,175.561695503364));
#3496=CARTESIAN_POINT('Ctrl Pts',(-1.85485329556379,11.6219133497887,175.219145346441));
#3497=CARTESIAN_POINT('Ctrl Pts',(-1.17380813784719,10.8137102861054,174.494160318597));
#3498=CARTESIAN_POINT('Ctrl Pts',(-0.452376196916154,9.9857698582104,173.797713898494));
#3499=CARTESIAN_POINT('Ctrl Pts',(-0.0846646087740905,9.55528215803746,
173.455304718217));
#3500=CARTESIAN_POINT('Ctrl Pts',(0.675955179004054,8.68233603954893,172.772445723859));
#3501=CARTESIAN_POINT('Ctrl Pts',(1.48750119902412,7.7541376821818,172.14216313654));
#3502=CARTESIAN_POINT('Ctrl Pts',(1.90425522832473,7.28256263015303,171.828170118833));
#3503=CARTESIAN_POINT('Ctrl Pts',(2.55062402945313,6.52164468270601,171.429895461031));
#3504=CARTESIAN_POINT('Ctrl Pts',(3.21901642414737,5.71001434918969,171.103032038202));
#3505=CARTESIAN_POINT('Ctrl Pts',(3.44157082379565,5.43753624616232,171.011665583981));
#3506=CARTESIAN_POINT('Ctrl Pts',(3.88395413359077,4.86753984605022,170.845718713624));
#3507=CARTESIAN_POINT('Ctrl Pts',(4.32667643923812,4.26821480571572,170.746866880174));
#3508=CARTESIAN_POINT('Ctrl Pts',(4.54419624117515,3.97495397089495,170.707575282243));
#3509=CARTESIAN_POINT('Ctrl Pts',(4.96740329882592,3.35313977717851,170.67920427614));
#3510=CARTESIAN_POINT('Ctrl Pts',(5.37621400349304,2.73111839037609,170.709368029137));
#3511=CARTESIAN_POINT('Ctrl Pts',(5.57670554108703,2.41432352405793,170.742344833858));
#3512=CARTESIAN_POINT('Ctrl Pts',(5.95105631172729,1.79052674087926,170.83918735587));
#3513=CARTESIAN_POINT('Ctrl Pts',(6.32154886837841,1.16209262621117,171.003059053346));
#3514=CARTESIAN_POINT('Ctrl Pts',(6.4961448062457,0.856616477340989,171.093815583503));
#3515=CARTESIAN_POINT('Ctrl Pts',(6.97938533256325,-0.063254420356722,171.420854848788));
#3516=CARTESIAN_POINT('Ctrl Pts',(7.44083807137438,-0.930500506194808,171.819867728512));
#3517=CARTESIAN_POINT('Ctrl Pts',(7.73393261399496,-1.50178743789308,172.122103493602));
#3518=CARTESIAN_POINT('Ctrl Pts',(8.2907954258118,-2.58390867842176,172.748601533988));
#3519=CARTESIAN_POINT('Ctrl Pts',(8.80093443891147,-3.59792715949265,173.433836671352));
#3520=CARTESIAN_POINT('Ctrl Pts',(9.07008890178775,-4.09261205353522,173.757296109886));
#3521=CARTESIAN_POINT('Ctrl Pts',(9.56693791269643,-5.05028760832899,174.483205421023));
#3522=CARTESIAN_POINT('Ctrl Pts',(10.1061368942898,-5.95438795027664,175.150806164287));
#3523=CARTESIAN_POINT('Ctrl Pts',(10.3372061505587,-6.39676183356711,175.512633863395));
#3524=CARTESIAN_POINT('Ctrl Pts',(10.5849794783298,-6.83451360698529,175.863206909617));
#3525=CARTESIAN_POINT('Ctrl Pts',(10.8329723773203,-7.2669485233887,176.213046621754));
#3526=CARTESIAN_POINT('Ctrl Pts',(-1.81151091093388,13.3951444629096,176.573250110332));
#3527=CARTESIAN_POINT('Ctrl Pts',(-1.48103232456968,13.0033238278177,176.235851449791));
#3528=CARTESIAN_POINT('Ctrl Pts',(-1.14450345815504,12.6088631740616,175.900033659762));
#3529=CARTESIAN_POINT('Ctrl Pts',(-0.801418334107143,12.2056455059532,175.559031658091));
#3530=CARTESIAN_POINT('Ctrl Pts',(-0.103957237859969,11.4090335412095,174.902336648883));
#3531=CARTESIAN_POINT('Ctrl Pts',(0.634090710568634,10.5551113249509,174.267331390425));
#3532=CARTESIAN_POINT('Ctrl Pts',(1.00797116300806,10.1309989934539,173.943400933128));
#3533=CARTESIAN_POINT('Ctrl Pts',(1.77672831067609,9.25200043808841,173.329668587569));
#3534=CARTESIAN_POINT('Ctrl Pts',(2.58582176989983,8.31904330283673,172.769616468148));
#3535=CARTESIAN_POINT('Ctrl Pts',(3.00346408060192,7.83442929090595,172.513183050665));
#3536=CARTESIAN_POINT('Ctrl Pts',(3.63318443101764,7.0772835529994,172.176037079726));
#3537=CARTESIAN_POINT('Ctrl Pts',(4.26791510121585,6.27829673765124,171.919037182922));
#3538=CARTESIAN_POINT('Ctrl Pts',(4.48234717528608,6.00327014520058,171.839170996449));
#3539=CARTESIAN_POINT('Ctrl Pts',(4.90608273763595,5.45523495887893,171.712049872911));
#3540=CARTESIAN_POINT('Ctrl Pts',(5.32596183302602,4.89008535864207,171.627005739368));
#3541=CARTESIAN_POINT('Ctrl Pts',(5.52931489359754,4.58883668962204,171.604654858173));
#3542=CARTESIAN_POINT('Ctrl Pts',(5.9382006598706,4.01191897272984,171.571035696758));
#3543=CARTESIAN_POINT('Ctrl Pts',(6.32886576967597,3.41174718660632,171.597592179048));
#3544=CARTESIAN_POINT('Ctrl Pts',(6.51373261026052,3.11436866202491,171.626768884279));
#3545=CARTESIAN_POINT('Ctrl Pts',(6.89401772992977,2.50410174789128,171.707046813458));
#3546=CARTESIAN_POINT('Ctrl Pts',(7.23470422394854,1.91206176981887,171.832291657616));
#3547=CARTESIAN_POINT('Ctrl Pts',(7.40190964514208,1.6072906357866,171.910976189813));
#3548=CARTESIAN_POINT('Ctrl Pts',(7.90827113138612,0.729829806317085,172.156387571275));
#3549=CARTESIAN_POINT('Ctrl Pts',(8.36462554092733,-0.141364287711835,172.496376577038));
#3550=CARTESIAN_POINT('Ctrl Pts',(8.65489306735542,-0.698217849382249,172.749663246971));
#3551=CARTESIAN_POINT('Ctrl Pts',(9.19741181853157,-1.77542578636391,173.301881177482));
#3552=CARTESIAN_POINT('Ctrl Pts',(9.75753247960497,-2.81238192539574,173.893284352571));
#3553=CARTESIAN_POINT('Ctrl Pts',(9.99492064870886,-3.30045469090505,174.228896907989));
#3554=CARTESIAN_POINT('Ctrl Pts',(10.5180356338351,-4.26438481783916,174.829685222533));
#3555=CARTESIAN_POINT('Ctrl Pts',(10.9693820782478,-5.18907627872434,175.522131271409));
#3556=CARTESIAN_POINT('Ctrl Pts',(11.2417114184751,-5.63535872392953,175.835848810706));
#3557=CARTESIAN_POINT('Ctrl Pts',(11.4888641633249,-6.08009717794967,176.169364878228));
#3558=CARTESIAN_POINT('Ctrl Pts',(11.7353642715248,-6.51993887889668,176.5045727047));
#3559=CARTESIAN_POINT('Ctrl Pts',(-0.794925419050638,13.9629489793993,176.94578908085));
#3560=CARTESIAN_POINT('Ctrl Pts',(-0.45898217148442,13.5674271804621,176.623770821378));
#3561=CARTESIAN_POINT('Ctrl Pts',(-0.117466966776031,13.1685060143286,176.305196661812));
#3562=CARTESIAN_POINT('Ctrl Pts',(0.228968232754581,12.775009053105,175.995807184081));
#3563=CARTESIAN_POINT('Ctrl Pts',(0.943519649808888,11.9368569071995,175.379174621065));
#3564=CARTESIAN_POINT('Ctrl Pts',(1.67232554532995,11.1068554172387,174.771070489308));
#3565=CARTESIAN_POINT('Ctrl Pts',(2.04844504170939,10.6691294439323,174.490069281693));
#3566=CARTESIAN_POINT('Ctrl Pts',(2.82578997354694,9.78477636682794,173.938218892887));
#3567=CARTESIAN_POINT('Ctrl Pts',(3.61707791821878,8.84057557549932,173.461762231029));
#3568=CARTESIAN_POINT('Ctrl Pts',(4.01923826055252,8.35485752685833,173.247494393859));
#3569=CARTESIAN_POINT('Ctrl Pts',(4.63883965441193,7.61471237434184,172.937366479488));
#3570=CARTESIAN_POINT('Ctrl Pts',(5.25245649363164,6.82697899190067,172.723958221712));
#3571=CARTESIAN_POINT('Ctrl Pts',(5.45661947592369,6.56238192473469,172.660616343697));
#3572=CARTESIAN_POINT('Ctrl Pts',(5.86113896468134,6.01347381787606,172.555457551752));
#3573=CARTESIAN_POINT('Ctrl Pts',(6.25520894649273,5.45514019154078,172.491944331968));
#3574=CARTESIAN_POINT('Ctrl Pts',(6.45700811554322,5.18406341517575,172.464297899756));
#3575=CARTESIAN_POINT('Ctrl Pts',(6.8427298540604,4.60921236008148,172.444789506539));
#3576=CARTESIAN_POINT('Ctrl Pts',(7.21741628930863,4.03707303266677,172.464212816997));
#3577=CARTESIAN_POINT('Ctrl Pts',(7.40676455815528,3.74601757396619,172.483623170998));
#3578=CARTESIAN_POINT('Ctrl Pts',(7.75968109906009,3.17571493990713,172.544324742189));
#3579=CARTESIAN_POINT('Ctrl Pts',(8.10885714650668,2.59313371614975,172.649555596451));
#3580=CARTESIAN_POINT('Ctrl Pts',(8.28258196625061,2.31082870149116,172.705629394317));
#3581=CARTESIAN_POINT('Ctrl Pts',(8.76752985336233,1.44092300449293,172.929102482897));
#3582=CARTESIAN_POINT('Ctrl Pts',(9.22851714523776,0.601657209793281,173.21012629231));
#3583=CARTESIAN_POINT('Ctrl Pts',(9.51568762963787,0.0566334292937984,173.421615927656));
#3584=CARTESIAN_POINT('Ctrl Pts',(10.0864877033012,-1.03272685461268,173.90565295186));
#3585=CARTESIAN_POINT('Ctrl Pts',(10.5888560756964,-2.03431513302973,174.443388451343));
#3586=CARTESIAN_POINT('Ctrl Pts',(10.8557338777768,-2.54501959445038,174.719291114104));
#3587=CARTESIAN_POINT('Ctrl Pts',(11.3609992672177,-3.51081256846923,175.312889532837));
#3588=CARTESIAN_POINT('Ctrl Pts',(11.8734787737861,-4.44395834107333,175.911306854068));
#3589=CARTESIAN_POINT('Ctrl Pts',(12.1068933284965,-4.893878061958,176.224676168926));
#3590=CARTESIAN_POINT('Ctrl Pts',(12.3535415646581,-5.3436438697557,176.539634923965));
#3591=CARTESIAN_POINT('Ctrl Pts',(12.6002659274847,-5.78869650465726,176.858525778781));
#3592=CARTESIAN_POINT('Ctrl Pts',(-0.291568309939318,14.2403110354684,177.146714494711));
#3593=CARTESIAN_POINT('Ctrl Pts',(0.0464485966772183,13.8428046621458,176.832712101087));
#3594=CARTESIAN_POINT('Ctrl Pts',(0.389842381846972,13.4417784147253,176.522980525272));
#3595=CARTESIAN_POINT('Ctrl Pts',(0.740150648145488,13.0344534550124,176.218398436155));
#3596=CARTESIAN_POINT('Ctrl Pts',(1.44840704644349,12.2161543982184,175.622305019572));
#3597=CARTESIAN_POINT('Ctrl Pts',(2.19098141438336,11.3623364531277,175.056069051944));
#3598=CARTESIAN_POINT('Ctrl Pts',(2.56670466736935,10.9252170364275,174.791489141248));
#3599=CARTESIAN_POINT('Ctrl Pts',(3.32538251998049,10.0448468738305,174.258720784106));
#3600=CARTESIAN_POINT('Ctrl Pts',(4.1279828309541,9.09361539926226,173.807228375392));
#3601=CARTESIAN_POINT('Ctrl Pts',(4.51642666575404,8.60594560139489,173.596806154869));
#3602=CARTESIAN_POINT('Ctrl Pts',(5.12661805349426,7.87286919221883,173.32766467303));
#3603=CARTESIAN_POINT('Ctrl Pts',(5.72760284836552,7.09502839396931,173.127751926716));
#3604=CARTESIAN_POINT('Ctrl Pts',(5.92616317025447,6.82323592304591,173.066375378748));
#3605=CARTESIAN_POINT('Ctrl Pts',(6.32478437656963,6.295407686412,172.968740149404));
#3606=CARTESIAN_POINT('Ctrl Pts',(6.71347616155943,5.74827598175591,172.906073723006));
#3607=CARTESIAN_POINT('Ctrl Pts',(6.9113281097609,5.46670809420308,172.885237450396));
#3608=CARTESIAN_POINT('Ctrl Pts',(7.29157487047008,4.91109864052516,172.865046861953));
#3609=CARTESIAN_POINT('Ctrl Pts',(7.65988241463557,4.34733524561281,172.885768201999));
#3610=CARTESIAN_POINT('Ctrl Pts',(7.84253735414164,4.06385805360683,172.902810518982));
#3611=CARTESIAN_POINT('Ctrl Pts',(8.19562400099179,3.49385578434976,172.961948841431));
#3612=CARTESIAN_POINT('Ctrl Pts',(8.53844033186582,2.92286117699466,173.053741776032));
#3613=CARTESIAN_POINT('Ctrl Pts',(8.70169843431993,2.63791842850854,173.110854211308));
#3614=CARTESIAN_POINT('Ctrl Pts',(9.19365619640724,1.79530098474984,173.302481857948));
#3615=CARTESIAN_POINT('Ctrl Pts',(9.6621240486373,0.956533549910784,173.562882819009));
#3616=CARTESIAN_POINT('Ctrl Pts',(9.95516258147188,0.415511924771203,173.753488260184));
#3617=CARTESIAN_POINT('Ctrl Pts',(10.4866463117337,-0.653637338430205,174.223505073245));
#3618=CARTESIAN_POINT('Ctrl Pts',(11.0288908864986,-1.67867193201186,174.715869262421));
#3619=CARTESIAN_POINT('Ctrl Pts',(11.2866188745474,-2.18312970475317,174.993057589548));
#3620=CARTESIAN_POINT('Ctrl Pts',(11.7879588078324,-3.13118343897236,175.54244676286));
#3621=CARTESIAN_POINT('Ctrl Pts',(12.2862970342187,-4.07109104669054,176.131344471105));
#3622=CARTESIAN_POINT('Ctrl Pts',(12.5314757876654,-4.52801162368132,176.431540651173));
#3623=CARTESIAN_POINT('Ctrl Pts',(12.7782966707715,-4.98046125837781,176.738060309158));
#3624=CARTESIAN_POINT('Ctrl Pts',(13.0252430230663,-5.42799993832805,177.049095833585));
#3625=CARTESIAN_POINT('Ctrl Pts',(0.704949033439062,14.7844256282776,177.573529081839));
#3626=CARTESIAN_POINT('Ctrl Pts',(1.04619978455736,14.3827714619432,177.275266979709));
#3627=CARTESIAN_POINT('Ctrl Pts',(1.39242284454763,13.9772853341739,176.982611178359));
#3628=CARTESIAN_POINT('Ctrl Pts',(1.7428021430717,13.5681171419179,176.696410130905));
#3629=CARTESIAN_POINT('Ctrl Pts',(2.46023619982156,12.7350268485335,176.141066617093));
#3630=CARTESIAN_POINT('Ctrl Pts',(3.19435110867203,11.877829255912,175.621224590267));
#3631=CARTESIAN_POINT('Ctrl Pts',(3.5670085293363,11.4450234821654,175.36292757323));
#3632=CARTESIAN_POINT('Ctrl Pts',(4.32632660890042,10.5429542535163,174.910269922847));
#3633=CARTESIAN_POINT('Ctrl Pts',(5.09912168543119,9.62733623324037,174.484329700132));
#3634=CARTESIAN_POINT('Ctrl Pts',(5.49527713460859,9.13849158609913,174.32003522078));
#3635=CARTESIAN_POINT('Ctrl Pts',(6.07443805778581,8.38929112397327,174.087385494316));
#3636=CARTESIAN_POINT('Ctrl Pts',(6.65824017229102,7.61924760162353,173.916042741246));
#3637=CARTESIAN_POINT('Ctrl Pts',(6.85271644274539,7.36767464579085,173.869917195804));
#3638=CARTESIAN_POINT('Ctrl Pts',(7.2382720828336,6.83484534886423,173.778943904837));
#3639=CARTESIAN_POINT('Ctrl Pts',(7.61088365087168,6.30136254226795,173.736297568775));
#3640=CARTESIAN_POINT('Ctrl Pts',(7.79633883513574,6.03448112507787,173.716348660048));
#3641=CARTESIAN_POINT('Ctrl Pts',(8.1661865227216,5.49147201711469,173.695352881115));
#3642=CARTESIAN_POINT('Ctrl Pts',(8.52255138490726,4.94254347155015,173.708443708272));
#3643=CARTESIAN_POINT('Ctrl Pts',(8.69948218914389,4.66524121001975,173.725392123524));
#3644=CARTESIAN_POINT('Ctrl Pts',(9.04593757391411,4.11468510709724,173.771334654335));
#3645=CARTESIAN_POINT('Ctrl Pts',(9.37798620960141,3.56469094665455,173.850607945783));
#3646=CARTESIAN_POINT('Ctrl Pts',(9.54545849518572,3.28970786718747,173.897639440905));
#3647=CARTESIAN_POINT('Ctrl Pts',(10.0255811606237,2.46105897244967,174.060443160693));
#3648=CARTESIAN_POINT('Ctrl Pts',(10.4592672226658,1.64526424387441,174.29146361825));
#3649=CARTESIAN_POINT('Ctrl Pts',(10.7542128845112,1.10532220314544,174.472474274299));
#3650=CARTESIAN_POINT('Ctrl Pts',(11.3462122769184,0.0572832353812593,174.829668755899));
#3651=CARTESIAN_POINT('Ctrl Pts',(11.8401965058881,-0.955549240636353,175.309542435636));
#3652=CARTESIAN_POINT('Ctrl Pts',(12.1031651608705,-1.43886184505031,175.535532585066));
#3653=CARTESIAN_POINT('Ctrl Pts',(12.6097314378949,-2.41691302162214,176.042166674472));
#3654=CARTESIAN_POINT('Ctrl Pts',(13.1128760994488,-3.34430727557756,176.587982887527));
#3655=CARTESIAN_POINT('Ctrl Pts',(13.3630328182315,-3.81034375552421,176.870967954077));
#3656=CARTESIAN_POINT('Ctrl Pts',(13.6122454025626,-4.26677667240113,177.160281598986));
#3657=CARTESIAN_POINT('Ctrl Pts',(13.8611650218299,-4.71821135303644,177.455458722179));
#3658=CARTESIAN_POINT('Ctrl Pts',(1.67997954297305,15.3108679137516,178.044607108265));
#3659=CARTESIAN_POINT('Ctrl Pts',(2.02251115046648,14.9051327614276,177.761371183215));
#3660=CARTESIAN_POINT('Ctrl Pts',(2.36947222048308,14.4954138503256,177.484603186873));
#3661=CARTESIAN_POINT('Ctrl Pts',(2.72162852902316,14.0805677066929,177.215788497591));
#3662=CARTESIAN_POINT('Ctrl Pts',(3.43329883166729,13.2409968848304,176.693341195895));
#3663=CARTESIAN_POINT('Ctrl Pts',(4.16191310099856,12.3744818797878,176.215516237744));
#3664=CARTESIAN_POINT('Ctrl Pts',(4.52933983668107,11.9328490120771,175.995878847329));
#3665=CARTESIAN_POINT('Ctrl Pts',(5.27452943573778,11.0493879287547,175.552801151931));
#3666=CARTESIAN_POINT('Ctrl Pts',(6.03393662680824,10.0886354346462,175.236235870678));
#3667=CARTESIAN_POINT('Ctrl Pts',(6.41323019825072,9.62798556372472,175.051474580125));
#3668=CARTESIAN_POINT('Ctrl Pts',(6.9893929679012,8.89463956262365,174.842939386763));
#3669=CARTESIAN_POINT('Ctrl Pts',(7.54977124491166,8.13427425620928,174.695096413844));
#3670=CARTESIAN_POINT('Ctrl Pts',(7.73718106241605,7.87479834711057,174.647221749741));
#3671=CARTESIAN_POINT('Ctrl Pts',(8.10359834068261,7.36759295210765,174.58498572502));
#3672=CARTESIAN_POINT('Ctrl Pts',(8.47535587916706,6.84238020022633,174.527946833591));
#3673=CARTESIAN_POINT('Ctrl Pts',(8.65439849923186,6.57994803565514,174.514210654423));
#3674=CARTESIAN_POINT('Ctrl Pts',(9.0113862942481,6.04840298700833,174.498711572736));
#3675=CARTESIAN_POINT('Ctrl Pts',(9.36160625838575,5.51268491039473,174.50953564987));
#3676=CARTESIAN_POINT('Ctrl Pts',(9.53061975731907,5.24694910138079,174.521859984365));
#3677=CARTESIAN_POINT('Ctrl Pts',(9.87097853942078,4.7071923723815,174.560663616225));
#3678=CARTESIAN_POINT('Ctrl Pts',(10.1989930419893,4.16740310399181,174.628303484902));
#3679=CARTESIAN_POINT('Ctrl Pts',(10.3578187372625,3.89915942706611,174.665217936273));
#3680=CARTESIAN_POINT('Ctrl Pts',(10.8285133813027,3.08986080958532,174.808583031814));
#3681=CARTESIAN_POINT('Ctrl Pts',(11.291545752121,2.29187759492363,175.005013379636));
#3682=CARTESIAN_POINT('Ctrl Pts',(11.5721192304515,1.76670397024631,175.149501260572));
#3683=CARTESIAN_POINT('Ctrl Pts',(12.1111702968532,0.726566349081887,175.51126991329));
#3684=CARTESIAN_POINT('Ctrl Pts',(12.6565867016932,-0.282264628007242,175.893304452136));
#3685=CARTESIAN_POINT('Ctrl Pts',(12.8982732701851,-0.774229763146093,176.115236622906));
#3686=CARTESIAN_POINT('Ctrl Pts',(13.4118956023557,-1.72302636544142,176.578722110909));
#3687=CARTESIAN_POINT('Ctrl Pts',(13.9200529151075,-2.66453975742102,177.090698721365));
#3688=CARTESIAN_POINT('Ctrl Pts',(14.1732720523055,-3.12337078636453,177.355004863342));
#3689=CARTESIAN_POINT('Ctrl Pts',(14.4254361678953,-3.58053581461625,177.627921180962));
#3690=CARTESIAN_POINT('Ctrl Pts',(14.6769553645659,-4.03327162609752,177.907659582497));
#3691=CARTESIAN_POINT('Ctrl Pts',(2.16190004937888,15.5705763973917,178.289773136062));
#3692=CARTESIAN_POINT('Ctrl Pts',(2.5045899559123,15.1628802953255,178.013809324165));
#3693=CARTESIAN_POINT('Ctrl Pts',(2.85137038475195,14.7511426033435,177.744668499414));
#3694=CARTESIAN_POINT('Ctrl Pts',(3.20234861359719,14.334719357696,177.483429434846));
#3695=CARTESIAN_POINT('Ctrl Pts',(3.91235403633693,13.4904119903114,176.978642650578));
#3696=CARTESIAN_POINT('Ctrl Pts',(4.63596739007052,12.6212947430034,176.517547087565));
#3697=CARTESIAN_POINT('Ctrl Pts',(4.99909772669003,12.1823738847385,176.301032674126));
#3698=CARTESIAN_POINT('Ctrl Pts',(5.74167944440863,11.283689719919,175.902871734947));
#3699=CARTESIAN_POINT('Ctrl Pts',(6.49270703023243,10.3479688471036,175.562498477572));
#3700=CARTESIAN_POINT('Ctrl Pts',(6.86926649995118,9.88047527705258,175.417759892669));
#3701=CARTESIAN_POINT('Ctrl Pts',(7.43487862415377,9.13418442500917,175.21534447892));
#3702=CARTESIAN_POINT('Ctrl Pts',(7.98580843588872,8.39158350945527,175.077395713631));
#3703=CARTESIAN_POINT('Ctrl Pts',(8.17404072633664,8.13450547873175,175.038244126523));
#3704=CARTESIAN_POINT('Ctrl Pts',(8.53742308018733,7.62591708721613,174.966514226337));
#3705=CARTESIAN_POINT('Ctrl Pts',(8.9002195479511,7.10938536481177,174.922560206383));
#3706=CARTESIAN_POINT('Ctrl Pts',(9.07714234306155,6.84698298267405,174.910023186362));
#3707=CARTESIAN_POINT('Ctrl Pts',(9.43136654210641,6.32115680845999,174.890729848609));
#3708=CARTESIAN_POINT('Ctrl Pts',(9.76751606102465,5.79711887627156,174.903060618516));
#3709=CARTESIAN_POINT('Ctrl Pts',(9.94445408167409,5.52724279584047,174.916967331602));
#3710=CARTESIAN_POINT('Ctrl Pts',(10.2787843047766,4.99499120347299,174.951260279715));
#3711=CARTESIAN_POINT('Ctrl Pts',(10.6022404267115,4.46233298661634,175.011745061031));
#3712=CARTESIAN_POINT('Ctrl Pts',(10.7617166148198,4.19635923528771,175.050224274975));
#3713=CARTESIAN_POINT('Ctrl Pts',(11.2304837768338,3.39908345636678,175.177525413869));
#3714=CARTESIAN_POINT('Ctrl Pts',(11.6739652935904,2.59698684772685,175.358286642065));
#3715=CARTESIAN_POINT('Ctrl Pts',(11.9581008593136,2.07804916395547,175.499411572566));
#3716=CARTESIAN_POINT('Ctrl Pts',(12.5140828320192,1.05293236321294,175.82109426963));
#3717=CARTESIAN_POINT('Ctrl Pts',(13.0424742746177,0.0517641830762746,176.209374914674));
#3718=CARTESIAN_POINT('Ctrl Pts',(13.2986369750264,-0.436304921989491,176.415322835151));
#3719=CARTESIAN_POINT('Ctrl Pts',(13.8116710592179,-1.39393404595773,176.858465958868));
#3720=CARTESIAN_POINT('Ctrl Pts',(14.3215600370275,-2.32582565441903,177.350889422163));
#3721=CARTESIAN_POINT('Ctrl Pts',(14.575735684471,-2.7873804328395,177.607258428815));
#3722=CARTESIAN_POINT('Ctrl Pts',(14.828990306302,-3.24432789471118,177.872085936708));
#3723=CARTESIAN_POINT('Ctrl Pts',(15.081600072242,-3.69714771881191,178.144193615179));
#3724=CARTESIAN_POINT('Ctrl Pts',(2.63847884429822,15.8275336125328,178.543614194704));
#3725=CARTESIAN_POINT('Ctrl Pts',(2.98099030295353,15.4180145642816,178.274748217597));
#3726=CARTESIAN_POINT('Ctrl Pts',(3.32726936430646,15.0044453828881,178.01303480094));
#3727=CARTESIAN_POINT('Ctrl Pts',(3.67736312097635,14.586203084682,177.75952834528));
#3728=CARTESIAN_POINT('Ctrl Pts',(4.38456740392652,13.7387142105796,177.271099728719));
#3729=CARTESIAN_POINT('Ctrl Pts',(5.1042971449,12.8674193602476,176.828073555808));
#3730=CARTESIAN_POINT('Ctrl Pts',(5.46649566997636,12.4263922124731,176.620759815833));
#3731=CARTESIAN_POINT('Ctrl Pts',(6.20154761699623,11.5264917544852,176.237803792777));
#3732=CARTESIAN_POINT('Ctrl Pts',(6.94491974695711,10.5924715973882,175.915032391581));
#3733=CARTESIAN_POINT('Ctrl Pts',(7.31660225857202,10.1194703455146,175.773171075621));
#3734=CARTESIAN_POINT('Ctrl Pts',(7.87211764713811,9.38601920342641,175.587824467181));
#3735=CARTESIAN_POINT('Ctrl Pts',(8.41872188447088,8.6427438767311,175.455694699477));
#3736=CARTESIAN_POINT('Ctrl Pts',(8.6033418647603,8.38912649219532,175.417404605658));
#3737=CARTESIAN_POINT('Ctrl Pts',(8.96111120241065,7.88444642170138,175.351061439833));
#3738=CARTESIAN_POINT('Ctrl Pts',(9.31972061235089,7.37048776248071,175.31147196793));
#3739=CARTESIAN_POINT('Ctrl Pts',(9.49460211001181,7.11124035150426,175.296583655502));
#3740=CARTESIAN_POINT('Ctrl Pts',(9.84203346459822,6.59240021345827,175.280482587415));
#3741=CARTESIAN_POINT('Ctrl Pts',(10.1828708387171,6.06681019296801,175.290309435203));
#3742=CARTESIAN_POINT('Ctrl Pts',(10.3477832402624,5.80643797547743,175.299831159701));
#3743=CARTESIAN_POINT('Ctrl Pts',(10.6811794784627,5.27964869689199,175.334396258822));
#3744=CARTESIAN_POINT('Ctrl Pts',(11.0029501914076,4.74973760787514,175.391641579285));
#3745=CARTESIAN_POINT('Ctrl Pts',(11.1612316627491,4.48616525537554,175.426332647441));
#3746=CARTESIAN_POINT('Ctrl Pts',(11.6261968469291,3.69366083711957,175.547015855658));
#3747=CARTESIAN_POINT('Ctrl Pts',(12.0662144019129,2.90641603745758,175.716371479861));
#3748=CARTESIAN_POINT('Ctrl Pts',(12.3513412240808,2.38794640816712,175.848580702043));
#3749=CARTESIAN_POINT('Ctrl Pts',(12.9054141502739,1.3694479397067,176.151286467861));
#3750=CARTESIAN_POINT('Ctrl Pts',(13.4355174372019,0.377545300151629,176.521292375762));
#3751=CARTESIAN_POINT('Ctrl Pts',(13.6942603088735,-0.109104294221847,176.719535409437));
#3752=CARTESIAN_POINT('Ctrl Pts',(14.2098196717754,-1.06493825850153,177.145225554588));
#3753=CARTESIAN_POINT('Ctrl Pts',(14.7212291861894,-1.99583139331526,177.620358645677));
#3754=CARTESIAN_POINT('Ctrl Pts',(14.9762914622911,-2.45678350470359,177.86848742056));
#3755=CARTESIAN_POINT('Ctrl Pts',(15.2304865564851,-2.91343413832384,178.125455990483));
#3756=CARTESIAN_POINT('Ctrl Pts',(15.4840392665796,-3.36617010900107,178.39009273506));
#3757=CARTESIAN_POINT('Ctrl Pts',(3.11005810478873,16.0822721408483,178.805130557877));
#3758=CARTESIAN_POINT('Ctrl Pts',(3.45214228257949,15.6710647092832,178.543143720734));
#3759=CARTESIAN_POINT('Ctrl Pts',(3.79769211963821,15.2558244918782,178.28859562197));
#3760=CARTESIAN_POINT('Ctrl Pts',(4.14669979681432,14.8359638201399,178.042517849975));
#3761=CARTESIAN_POINT('Ctrl Pts',(4.85098093828664,13.985646483803,177.569683686387));
#3762=CARTESIAN_POINT('Ctrl Pts',(5.5667349351403,13.1122752033133,177.143080855113));
#3763=CARTESIAN_POINT('Ctrl Pts',(5.92708954047807,12.6698192870901,176.943756722326));
#3764=CARTESIAN_POINT('Ctrl Pts',(6.65557249659478,11.7689609711489,176.575162882814));
#3765=CARTESIAN_POINT('Ctrl Pts',(7.39064349995148,10.8362062834137,176.267439216741));
#3766=CARTESIAN_POINT('Ctrl Pts',(7.75766054440557,10.3622901767953,176.131299165724));
#3767=CARTESIAN_POINT('Ctrl Pts',(8.30555515938526,9.6351374453548,175.956757564288));
#3768=CARTESIAN_POINT('Ctrl Pts',(8.84654817804716,8.89345288309521,175.830710510381));
#3769=CARTESIAN_POINT('Ctrl Pts',(9.02728770890501,8.64274294978901,175.794038066921));
#3770=CARTESIAN_POINT('Ctrl Pts',(9.3822277436819,8.14048355948435,175.731809124822));
#3771=CARTESIAN_POINT('Ctrl Pts',(9.73477141188542,7.63041322785278,175.693573587771));
#3772=CARTESIAN_POINT('Ctrl Pts',(9.90821414349411,7.37370977031008,175.679279774703));
#3773=CARTESIAN_POINT('Ctrl Pts',(10.2520856642338,6.85875525351615,175.663652947517));
#3774=CARTESIAN_POINT('Ctrl Pts',(10.5888598989613,6.33793784204375,175.671098024087));
#3775=CARTESIAN_POINT('Ctrl Pts',(10.7518963848991,6.07989281949786,175.679845480088));
#3776=CARTESIAN_POINT('Ctrl Pts',(11.0806099893419,5.55889170644824,175.71237203093));
#3777=CARTESIAN_POINT('Ctrl Pts',(11.3999048963163,5.03434256749992,175.766810585717));
#3778=CARTESIAN_POINT('Ctrl Pts',(11.5568857709351,4.77264998547859,175.79931100091));
#3779=CARTESIAN_POINT('Ctrl Pts',(12.0191763664567,3.98700998036551,175.913207586462));
#3780=CARTESIAN_POINT('Ctrl Pts',(12.4579976313599,3.20841582518026,176.073074374492));
#3781=CARTESIAN_POINT('Ctrl Pts',(12.7425701590552,2.69399024239477,176.197981706298));
#3782=CARTESIAN_POINT('Ctrl Pts',(13.2962107645811,1.68228252619936,176.484803398387));
#3783=CARTESIAN_POINT('Ctrl Pts',(13.8277717362052,0.697358366561052,176.838107503678));
#3784=CARTESIAN_POINT('Ctrl Pts',(14.0884033912903,0.212739288772314,177.028790090687));
#3785=CARTESIAN_POINT('Ctrl Pts',(14.6063849391792,-0.740759864784367,177.438296150356));
#3786=CARTESIAN_POINT('Ctrl Pts',(15.1194249044955,-1.67051320554055,177.897228760429));
#3787=CARTESIAN_POINT('Ctrl Pts',(15.3752843051535,-2.13087301208336,178.137482879883));
#3788=CARTESIAN_POINT('Ctrl Pts',(15.6303193239792,-2.58714122612135,178.386883997553));
#3789=CARTESIAN_POINT('Ctrl Pts',(15.8847143775597,-3.03966697084977,178.644272657507));
#3790=CARTESIAN_POINT('Origin',(0.0247275594139795,-0.0182135782058523,
178.608825725281));
#3791=UNCERTAINTY_MEASURE_WITH_UNIT(LENGTH_MEASURE(0.01),#3795,
'DISTANCE_ACCURACY_VALUE',
'Maximum model space distance between geometric entities at asserted c
onnectivities');
#3792=UNCERTAINTY_MEASURE_WITH_UNIT(LENGTH_MEASURE(0.01),#3795,
'DISTANCE_ACCURACY_VALUE',
'Maximum model space distance between geometric entities at asserted c
onnectivities');
#3793=(
GEOMETRIC_REPRESENTATION_CONTEXT(3)
GLOBAL_UNCERTAINTY_ASSIGNED_CONTEXT((#3791))
GLOBAL_UNIT_ASSIGNED_CONTEXT((#3795,#3797,#3798))
REPRESENTATION_CONTEXT('','3D')
);
#3794=(
GEOMETRIC_REPRESENTATION_CONTEXT(3)
GLOBAL_UNCERTAINTY_ASSIGNED_CONTEXT((#3792))
GLOBAL_UNIT_ASSIGNED_CONTEXT((#3795,#3797,#3798))
REPRESENTATION_CONTEXT('','3D')
);
#3795=(
LENGTH_UNIT()
NAMED_UNIT(*)
SI_UNIT(.MILLI.,.METRE.)
);
#3796=(
LENGTH_UNIT()
NAMED_UNIT(*)
SI_UNIT($,.METRE.)
);
#3797=(
NAMED_UNIT(*)
PLANE_ANGLE_UNIT()
SI_UNIT($,.RADIAN.)
);
#3798=(
NAMED_UNIT(*)
SI_UNIT($,.STERADIAN.)
SOLID_ANGLE_UNIT()
);
#3799=SHAPE_DEFINITION_REPRESENTATION(#3800,#3801);
#3800=PRODUCT_DEFINITION_SHAPE('',$,#3803);
#3801=SHAPE_REPRESENTATION('',(#584),#3793);
#3802=PRODUCT_DEFINITION_CONTEXT('part definition',#3807,'design');
#3803=PRODUCT_DEFINITION('Cone','Cone v4',#3804,#3802);
#3804=PRODUCT_DEFINITION_FORMATION('',$,#3809);
#3805=PRODUCT_RELATED_PRODUCT_CATEGORY('Cone v4','Cone v4',(#3809));
#3806=APPLICATION_PROTOCOL_DEFINITION('international standard',
'automotive_design',2009,#3807);
#3807=APPLICATION_CONTEXT(
'Core Data for Automotive Mechanical Design Process');
#3808=PRODUCT_CONTEXT('part definition',#3807,'mechanical');
#3809=PRODUCT('Cone','Cone v4',$,(#3808));
#3810=PRESENTATION_STYLE_ASSIGNMENT((#3811));
#3811=SURFACE_STYLE_USAGE(.BOTH.,#3812);
#3812=SURFACE_SIDE_STYLE('',(#3813));
#3813=SURFACE_STYLE_FILL_AREA(#3814);
#3814=FILL_AREA_STYLE('Steel - Satin',(#3815));
#3815=FILL_AREA_STYLE_COLOUR('Steel - Satin',#3816);
#3816=COLOUR_RGB('Steel - Satin',0.627450980392157,0.627450980392157,0.627450980392157);
ENDSEC;
END-ISO-10303-21;
