ISO-10303-21;
HEADER;
FILE_DESCRIPTION(('KiCad electronic assembly'),'2;1');
FILE_NAME('lightgate-ldr.step','2026-04-10T22:31:03',('Pcbnew'),('Kicad'
    ),'Open CASCADE STEP processor 7.9','KiCad to STEP converter',
  'Unknown');
FILE_SCHEMA(('AUTOMOTIVE_DESIGN { 1 0 10303 214 1 1 1 1 }'));
ENDSEC;
DATA;
#1 = APPLICATION_PROTOCOL_DEFINITION('international standard',
  'automotive_design',2000,#2);
#2 = APPLICATION_CONTEXT(
  'core data for automotive mechanical design processes');
#3 = SHAPE_DEFINITION_REPRESENTATION(#4,#10);
#4 = PRODUCT_DEFINITION_SHAPE('','',#5);
#5 = PRODUCT_DEFINITION('design','',#6,#9);
#6 = PRODUCT_DEFINITION_FORMATION('','',#7);
#7 = PRODUCT('lightgate-ldr 1','lightgate-ldr 1','',(#8));
#8 = PRODUCT_CONTEXT('',#2,'mechanical');
#9 = PRODUCT_DEFINITION_CONTEXT('part definition',#2,'design');
#10 = SHAPE_REPRESENTATION('',(#11,#15,#19,#23),#27);
#11 = AXIS2_PLACEMENT_3D('',#12,#13,#14);
#12 = CARTESIAN_POINT('',(0.,0.,0.));
#13 = DIRECTION('',(0.,0.,1.));
#14 = DIRECTION('',(1.,0.,-0.));
#15 = AXIS2_PLACEMENT_3D('',#16,#17,#18);
#16 = CARTESIAN_POINT('',(149.963441,-105.750006,1.595));
#17 = DIRECTION('',(0.,-0.,1.));
#18 = DIRECTION('',(1.110223024625E-16,1.,0.));
#19 = AXIS2_PLACEMENT_3D('',#20,#21,#22);
#20 = CARTESIAN_POINT('',(0.,0.,0.));
#21 = DIRECTION('',(0.,0.,1.));
#22 = DIRECTION('',(1.,0.,-0.));
#23 = AXIS2_PLACEMENT_3D('',#24,#25,#26);
#24 = CARTESIAN_POINT('',(0.,0.,0.));
#25 = DIRECTION('',(0.,0.,1.));
#26 = DIRECTION('',(1.,0.,-0.));
#27 = ( GEOMETRIC_REPRESENTATION_CONTEXT(3) 
GLOBAL_UNCERTAINTY_ASSIGNED_CONTEXT((#31)) GLOBAL_UNIT_ASSIGNED_CONTEXT(
(#28,#29,#30)) REPRESENTATION_CONTEXT('Context #1',
  '3D Context with UNIT and UNCERTAINTY') );
#28 = ( LENGTH_UNIT() NAMED_UNIT(*) SI_UNIT(.MILLI.,.METRE.) );
#29 = ( NAMED_UNIT(*) PLANE_ANGLE_UNIT() SI_UNIT($,.RADIAN.) );
#30 = ( NAMED_UNIT(*) SI_UNIT($,.STERADIAN.) SOLID_ANGLE_UNIT() );
#31 = UNCERTAINTY_MEASURE_WITH_UNIT(LENGTH_MEASURE(1.E-07),#28,
  'distance_accuracy_value','confusion accuracy');
#32 = PRODUCT_RELATED_PRODUCT_CATEGORY('part',$,(#7));
#33 = SHAPE_DEFINITION_REPRESENTATION(#34,#40);
#34 = PRODUCT_DEFINITION_SHAPE('','',#35);
#35 = PRODUCT_DEFINITION('design','',#36,#39);
#36 = PRODUCT_DEFINITION_FORMATION('','',#37);
#37 = PRODUCT('R_0603_1608Metric','R_0603_1608Metric','',(#38));
#38 = PRODUCT_CONTEXT('',#2,'mechanical');
#39 = PRODUCT_DEFINITION_CONTEXT('part definition',#2,'design');
#40 = ADVANCED_BREP_SHAPE_REPRESENTATION('',(#11,#41),#831);
#41 = MANIFOLD_SOLID_BREP('',#42);
#42 = CLOSED_SHELL('',(#43,#83,#166,#191,#216,#283,#300,#317,#366,#383,
    #400,#449,#466,#535,#566,#590,#659,#683,#700,#717,#734,#751,#768,
    #785,#802,#819));
#43 = ADVANCED_FACE('',(#44),#78,.F.);
#44 = FACE_BOUND('',#45,.F.);
#45 = EDGE_LOOP('',(#46,#56,#64,#72));
#46 = ORIENTED_EDGE('',*,*,#47,.F.);
#47 = EDGE_CURVE('',#48,#50,#52,.T.);
#48 = VERTEX_POINT('',#49);
#49 = CARTESIAN_POINT('',(-0.8,-0.4,4.5E-02));
#50 = VERTEX_POINT('',#51);
#51 = CARTESIAN_POINT('',(-0.8,-0.4,0.405));
#52 = LINE('',#53,#54);
#53 = CARTESIAN_POINT('',(-0.8,-0.4,0.));
#54 = VECTOR('',#55,1.);
#55 = DIRECTION('',(0.,0.,1.));
#56 = ORIENTED_EDGE('',*,*,#57,.T.);
#57 = EDGE_CURVE('',#48,#58,#60,.T.);
#58 = VERTEX_POINT('',#59);
#59 = CARTESIAN_POINT('',(-0.8,0.4,4.5E-02));
#60 = LINE('',#61,#62);
#61 = CARTESIAN_POINT('',(-0.8,-0.4,4.5E-02));
#62 = VECTOR('',#63,1.);
#63 = DIRECTION('',(0.,1.,0.));
#64 = ORIENTED_EDGE('',*,*,#65,.T.);
#65 = EDGE_CURVE('',#58,#66,#68,.T.);
#66 = VERTEX_POINT('',#67);
#67 = CARTESIAN_POINT('',(-0.8,0.4,0.405));
#68 = LINE('',#69,#70);
#69 = CARTESIAN_POINT('',(-0.8,0.4,0.));
#70 = VECTOR('',#71,1.);
#71 = DIRECTION('',(0.,0.,1.));
#72 = ORIENTED_EDGE('',*,*,#73,.F.);
#73 = EDGE_CURVE('',#50,#66,#74,.T.);
#74 = LINE('',#75,#76);
#75 = CARTESIAN_POINT('',(-0.8,-0.4,0.405));
#76 = VECTOR('',#77,1.);
#77 = DIRECTION('',(0.,1.,0.));
#78 = PLANE('',#79);
#79 = AXIS2_PLACEMENT_3D('',#80,#81,#82);
#80 = CARTESIAN_POINT('',(-0.8,-0.4,0.));
#81 = DIRECTION('',(1.,0.,0.));
#82 = DIRECTION('',(0.,0.,1.));
#83 = ADVANCED_FACE('',(#84),#161,.F.);
#84 = FACE_BOUND('',#85,.F.);
#85 = EDGE_LOOP('',(#86,#96,#103,#104,#113,#121,#130,#138,#146,#154));
#86 = ORIENTED_EDGE('',*,*,#87,.F.);
#87 = EDGE_CURVE('',#88,#90,#92,.T.);
#88 = VERTEX_POINT('',#89);
#89 = CARTESIAN_POINT('',(-0.755,-0.4,-2.775557561563E-17));
#90 = VERTEX_POINT('',#91);
#91 = CARTESIAN_POINT('',(-0.545,-0.4,-2.775557561563E-17));
#92 = LINE('',#93,#94);
#93 = CARTESIAN_POINT('',(-0.8,-0.4,0.));
#94 = VECTOR('',#95,1.);
#95 = DIRECTION('',(1.,0.,0.));
#96 = ORIENTED_EDGE('',*,*,#97,.F.);
#97 = EDGE_CURVE('',#48,#88,#98,.T.);
#98 = CIRCLE('',#99,4.5E-02);
#99 = AXIS2_PLACEMENT_3D('',#100,#101,#102);
#100 = CARTESIAN_POINT('',(-0.755,-0.4,4.5E-02));
#101 = DIRECTION('',(0.,-1.,0.));
#102 = DIRECTION('',(0.,0.,1.));
#103 = ORIENTED_EDGE('',*,*,#47,.T.);
#104 = ORIENTED_EDGE('',*,*,#105,.T.);
#105 = EDGE_CURVE('',#50,#106,#108,.T.);
#106 = VERTEX_POINT('',#107);
#107 = CARTESIAN_POINT('',(-0.755,-0.4,0.45));
#108 = CIRCLE('',#109,4.5E-02);
#109 = AXIS2_PLACEMENT_3D('',#110,#111,#112);
#110 = CARTESIAN_POINT('',(-0.755,-0.4,0.405));
#111 = DIRECTION('',(0.,1.,0.));
#112 = DIRECTION('',(0.,-0.,1.));
#113 = ORIENTED_EDGE('',*,*,#114,.T.);
#114 = EDGE_CURVE('',#106,#115,#117,.T.);
#115 = VERTEX_POINT('',#116);
#116 = CARTESIAN_POINT('',(-0.545,-0.4,0.45));
#117 = LINE('',#118,#119);
#118 = CARTESIAN_POINT('',(-0.8,-0.4,0.45));
#119 = VECTOR('',#120,1.);
#120 = DIRECTION('',(1.,0.,0.));
#121 = ORIENTED_EDGE('',*,*,#122,.F.);
#122 = EDGE_CURVE('',#123,#115,#125,.T.);
#123 = VERTEX_POINT('',#124);
#124 = CARTESIAN_POINT('',(-0.5,-0.4,0.405));
#125 = CIRCLE('',#126,4.5E-02);
#126 = AXIS2_PLACEMENT_3D('',#127,#128,#129);
#127 = CARTESIAN_POINT('',(-0.545,-0.4,0.405));
#128 = DIRECTION('',(0.,-1.,0.));
#129 = DIRECTION('',(0.,0.,1.));
#130 = ORIENTED_EDGE('',*,*,#131,.F.);
#131 = EDGE_CURVE('',#132,#123,#134,.T.);
#132 = VERTEX_POINT('',#133);
#133 = CARTESIAN_POINT('',(-0.755,-0.4,0.405));
#134 = LINE('',#135,#136);
#135 = CARTESIAN_POINT('',(-0.755,-0.4,0.405));
#136 = VECTOR('',#137,1.);
#137 = DIRECTION('',(1.,0.,0.));
#138 = ORIENTED_EDGE('',*,*,#139,.F.);
#139 = EDGE_CURVE('',#140,#132,#142,.T.);
#140 = VERTEX_POINT('',#141);
#141 = CARTESIAN_POINT('',(-0.755,-0.4,4.5E-02));
#142 = LINE('',#143,#144);
#143 = CARTESIAN_POINT('',(-0.755,-0.4,4.5E-02));
#144 = VECTOR('',#145,1.);
#145 = DIRECTION('',(0.,0.,1.));
#146 = ORIENTED_EDGE('',*,*,#147,.T.);
#147 = EDGE_CURVE('',#140,#148,#150,.T.);
#148 = VERTEX_POINT('',#149);
#149 = CARTESIAN_POINT('',(-0.5,-0.4,4.5E-02));
#150 = LINE('',#151,#152);
#151 = CARTESIAN_POINT('',(-0.755,-0.4,4.5E-02));
#152 = VECTOR('',#153,1.);
#153 = DIRECTION('',(1.,0.,0.));
#154 = ORIENTED_EDGE('',*,*,#155,.T.);
#155 = EDGE_CURVE('',#148,#90,#156,.T.);
#156 = CIRCLE('',#157,4.5E-02);
#157 = AXIS2_PLACEMENT_3D('',#158,#159,#160);
#158 = CARTESIAN_POINT('',(-0.545,-0.4,4.5E-02));
#159 = DIRECTION('',(0.,1.,0.));
#160 = DIRECTION('',(0.,-0.,1.));
#161 = PLANE('',#162);
#162 = AXIS2_PLACEMENT_3D('',#163,#164,#165);
#163 = CARTESIAN_POINT('',(-0.8,-0.4,0.));
#164 = DIRECTION('',(0.,1.,0.));
#165 = DIRECTION('',(0.,-0.,1.));
#166 = ADVANCED_FACE('',(#167),#186,.T.);
#167 = FACE_BOUND('',#168,.T.);
#168 = EDGE_LOOP('',(#169,#170,#179,#185));
#169 = ORIENTED_EDGE('',*,*,#57,.T.);
#170 = ORIENTED_EDGE('',*,*,#171,.T.);
#171 = EDGE_CURVE('',#58,#172,#174,.T.);
#172 = VERTEX_POINT('',#173);
#173 = CARTESIAN_POINT('',(-0.755,0.4,-2.775557561563E-17));
#174 = CIRCLE('',#175,4.5E-02);
#175 = AXIS2_PLACEMENT_3D('',#176,#177,#178);
#176 = CARTESIAN_POINT('',(-0.755,0.4,4.5E-02));
#177 = DIRECTION('',(0.,-1.,0.));
#178 = DIRECTION('',(0.,0.,1.));
#179 = ORIENTED_EDGE('',*,*,#180,.F.);
#180 = EDGE_CURVE('',#88,#172,#181,.T.);
#181 = LINE('',#182,#183);
#182 = CARTESIAN_POINT('',(-0.755,-0.4,-2.775557561563E-17));
#183 = VECTOR('',#184,1.);
#184 = DIRECTION('',(0.,1.,0.));
#185 = ORIENTED_EDGE('',*,*,#97,.F.);
#186 = CYLINDRICAL_SURFACE('',#187,4.5E-02);
#187 = AXIS2_PLACEMENT_3D('',#188,#189,#190);
#188 = CARTESIAN_POINT('',(-0.755,-0.4,4.5E-02));
#189 = DIRECTION('',(0.,1.,0.));
#190 = DIRECTION('',(-1.,0.,0.));
#191 = ADVANCED_FACE('',(#192),#211,.T.);
#192 = FACE_BOUND('',#193,.T.);
#193 = EDGE_LOOP('',(#194,#195,#203,#210));
#194 = ORIENTED_EDGE('',*,*,#105,.T.);
#195 = ORIENTED_EDGE('',*,*,#196,.T.);
#196 = EDGE_CURVE('',#106,#197,#199,.T.);
#197 = VERTEX_POINT('',#198);
#198 = CARTESIAN_POINT('',(-0.755,0.4,0.45));
#199 = LINE('',#200,#201);
#200 = CARTESIAN_POINT('',(-0.755,-0.4,0.45));
#201 = VECTOR('',#202,1.);
#202 = DIRECTION('',(0.,1.,0.));
#203 = ORIENTED_EDGE('',*,*,#204,.F.);
#204 = EDGE_CURVE('',#66,#197,#205,.T.);
#205 = CIRCLE('',#206,4.5E-02);
#206 = AXIS2_PLACEMENT_3D('',#207,#208,#209);
#207 = CARTESIAN_POINT('',(-0.755,0.4,0.405));
#208 = DIRECTION('',(0.,1.,0.));
#209 = DIRECTION('',(0.,-0.,1.));
#210 = ORIENTED_EDGE('',*,*,#73,.F.);
#211 = CYLINDRICAL_SURFACE('',#212,4.5E-02);
#212 = AXIS2_PLACEMENT_3D('',#213,#214,#215);
#213 = CARTESIAN_POINT('',(-0.755,-0.4,0.405));
#214 = DIRECTION('',(0.,1.,0.));
#215 = DIRECTION('',(-1.,0.,0.));
#216 = ADVANCED_FACE('',(#217),#278,.T.);
#217 = FACE_BOUND('',#218,.T.);
#218 = EDGE_LOOP('',(#219,#227,#228,#229,#230,#238,#247,#255,#263,#271)
  );
#219 = ORIENTED_EDGE('',*,*,#220,.F.);
#220 = EDGE_CURVE('',#172,#221,#223,.T.);
#221 = VERTEX_POINT('',#222);
#222 = CARTESIAN_POINT('',(-0.545,0.4,-2.775557561563E-17));
#223 = LINE('',#224,#225);
#224 = CARTESIAN_POINT('',(-0.8,0.4,0.));
#225 = VECTOR('',#226,1.);
#226 = DIRECTION('',(1.,0.,0.));
#227 = ORIENTED_EDGE('',*,*,#171,.F.);
#228 = ORIENTED_EDGE('',*,*,#65,.T.);
#229 = ORIENTED_EDGE('',*,*,#204,.T.);
#230 = ORIENTED_EDGE('',*,*,#231,.T.);
#231 = EDGE_CURVE('',#197,#232,#234,.T.);
#232 = VERTEX_POINT('',#233);
#233 = CARTESIAN_POINT('',(-0.545,0.4,0.45));
#234 = LINE('',#235,#236);
#235 = CARTESIAN_POINT('',(-0.8,0.4,0.45));
#236 = VECTOR('',#237,1.);
#237 = DIRECTION('',(1.,0.,0.));
#238 = ORIENTED_EDGE('',*,*,#239,.F.);
#239 = EDGE_CURVE('',#240,#232,#242,.T.);
#240 = VERTEX_POINT('',#241);
#241 = CARTESIAN_POINT('',(-0.5,0.4,0.405));
#242 = CIRCLE('',#243,4.5E-02);
#243 = AXIS2_PLACEMENT_3D('',#244,#245,#246);
#244 = CARTESIAN_POINT('',(-0.545,0.4,0.405));
#245 = DIRECTION('',(0.,-1.,0.));
#246 = DIRECTION('',(0.,0.,1.));
#247 = ORIENTED_EDGE('',*,*,#248,.F.);
#248 = EDGE_CURVE('',#249,#240,#251,.T.);
#249 = VERTEX_POINT('',#250);
#250 = CARTESIAN_POINT('',(-0.755,0.4,0.405));
#251 = LINE('',#252,#253);
#252 = CARTESIAN_POINT('',(-0.755,0.4,0.405));
#253 = VECTOR('',#254,1.);
#254 = DIRECTION('',(1.,0.,0.));
#255 = ORIENTED_EDGE('',*,*,#256,.F.);
#256 = EDGE_CURVE('',#257,#249,#259,.T.);
#257 = VERTEX_POINT('',#258);
#258 = CARTESIAN_POINT('',(-0.755,0.4,4.5E-02));
#259 = LINE('',#260,#261);
#260 = CARTESIAN_POINT('',(-0.755,0.4,4.5E-02));
#261 = VECTOR('',#262,1.);
#262 = DIRECTION('',(0.,0.,1.));
#263 = ORIENTED_EDGE('',*,*,#264,.T.);
#264 = EDGE_CURVE('',#257,#265,#267,.T.);
#265 = VERTEX_POINT('',#266);
#266 = CARTESIAN_POINT('',(-0.5,0.4,4.5E-02));
#267 = LINE('',#268,#269);
#268 = CARTESIAN_POINT('',(-0.755,0.4,4.5E-02));
#269 = VECTOR('',#270,1.);
#270 = DIRECTION('',(1.,0.,0.));
#271 = ORIENTED_EDGE('',*,*,#272,.T.);
#272 = EDGE_CURVE('',#265,#221,#273,.T.);
#273 = CIRCLE('',#274,4.5E-02);
#274 = AXIS2_PLACEMENT_3D('',#275,#276,#277);
#275 = CARTESIAN_POINT('',(-0.545,0.4,4.5E-02));
#276 = DIRECTION('',(0.,1.,0.));
#277 = DIRECTION('',(0.,-0.,1.));
#278 = PLANE('',#279);
#279 = AXIS2_PLACEMENT_3D('',#280,#281,#282);
#280 = CARTESIAN_POINT('',(-0.8,0.4,0.));
#281 = DIRECTION('',(0.,1.,0.));
#282 = DIRECTION('',(0.,-0.,1.));
#283 = ADVANCED_FACE('',(#284),#295,.F.);
#284 = FACE_BOUND('',#285,.F.);
#285 = EDGE_LOOP('',(#286,#287,#288,#289));
#286 = ORIENTED_EDGE('',*,*,#220,.F.);
#287 = ORIENTED_EDGE('',*,*,#180,.F.);
#288 = ORIENTED_EDGE('',*,*,#87,.T.);
#289 = ORIENTED_EDGE('',*,*,#290,.T.);
#290 = EDGE_CURVE('',#90,#221,#291,.T.);
#291 = LINE('',#292,#293);
#292 = CARTESIAN_POINT('',(-0.545,-0.4,-2.775557561563E-17));
#293 = VECTOR('',#294,1.);
#294 = DIRECTION('',(0.,1.,0.));
#295 = PLANE('',#296);
#296 = AXIS2_PLACEMENT_3D('',#297,#298,#299);
#297 = CARTESIAN_POINT('',(-0.8,-0.4,0.));
#298 = DIRECTION('',(0.,0.,1.));
#299 = DIRECTION('',(1.,0.,-0.));
#300 = ADVANCED_FACE('',(#301),#312,.T.);
#301 = FACE_BOUND('',#302,.T.);
#302 = EDGE_LOOP('',(#303,#304,#305,#306));
#303 = ORIENTED_EDGE('',*,*,#155,.T.);
#304 = ORIENTED_EDGE('',*,*,#290,.T.);
#305 = ORIENTED_EDGE('',*,*,#272,.F.);
#306 = ORIENTED_EDGE('',*,*,#307,.F.);
#307 = EDGE_CURVE('',#148,#265,#308,.T.);
#308 = LINE('',#309,#310);
#309 = CARTESIAN_POINT('',(-0.5,-0.4,4.5E-02));
#310 = VECTOR('',#311,1.);
#311 = DIRECTION('',(0.,1.,0.));
#312 = CYLINDRICAL_SURFACE('',#313,4.5E-02);
#313 = AXIS2_PLACEMENT_3D('',#314,#315,#316);
#314 = CARTESIAN_POINT('',(-0.545,-0.4,4.5E-02));
#315 = DIRECTION('',(0.,1.,0.));
#316 = DIRECTION('',(1.,0.,0.));
#317 = ADVANCED_FACE('',(#318),#361,.F.);
#318 = FACE_BOUND('',#319,.F.);
#319 = EDGE_LOOP('',(#320,#321,#322,#323,#331,#339,#347,#355));
#320 = ORIENTED_EDGE('',*,*,#147,.F.);
#321 = ORIENTED_EDGE('',*,*,#139,.T.);
#322 = ORIENTED_EDGE('',*,*,#131,.T.);
#323 = ORIENTED_EDGE('',*,*,#324,.T.);
#324 = EDGE_CURVE('',#123,#325,#327,.T.);
#325 = VERTEX_POINT('',#326);
#326 = CARTESIAN_POINT('',(0.5,-0.4,0.405));
#327 = LINE('',#328,#329);
#328 = CARTESIAN_POINT('',(-0.5,-0.4,0.405));
#329 = VECTOR('',#330,1.);
#330 = DIRECTION('',(1.,0.,0.));
#331 = ORIENTED_EDGE('',*,*,#332,.T.);
#332 = EDGE_CURVE('',#325,#333,#335,.T.);
#333 = VERTEX_POINT('',#334);
#334 = CARTESIAN_POINT('',(0.755,-0.4,0.405));
#335 = LINE('',#336,#337);
#336 = CARTESIAN_POINT('',(-0.755,-0.4,0.405));
#337 = VECTOR('',#338,1.);
#338 = DIRECTION('',(1.,0.,0.));
#339 = ORIENTED_EDGE('',*,*,#340,.F.);
#340 = EDGE_CURVE('',#341,#333,#343,.T.);
#341 = VERTEX_POINT('',#342);
#342 = CARTESIAN_POINT('',(0.755,-0.4,4.5E-02));
#343 = LINE('',#344,#345);
#344 = CARTESIAN_POINT('',(0.755,-0.4,4.5E-02));
#345 = VECTOR('',#346,1.);
#346 = DIRECTION('',(0.,0.,1.));
#347 = ORIENTED_EDGE('',*,*,#348,.F.);
#348 = EDGE_CURVE('',#349,#341,#351,.T.);
#349 = VERTEX_POINT('',#350);
#350 = CARTESIAN_POINT('',(0.5,-0.4,4.5E-02));
#351 = LINE('',#352,#353);
#352 = CARTESIAN_POINT('',(-0.755,-0.4,4.5E-02));
#353 = VECTOR('',#354,1.);
#354 = DIRECTION('',(1.,0.,0.));
#355 = ORIENTED_EDGE('',*,*,#356,.F.);
#356 = EDGE_CURVE('',#148,#349,#357,.T.);
#357 = LINE('',#358,#359);
#358 = CARTESIAN_POINT('',(-0.755,-0.4,4.5E-02));
#359 = VECTOR('',#360,1.);
#360 = DIRECTION('',(1.,0.,0.));
#361 = PLANE('',#362);
#362 = AXIS2_PLACEMENT_3D('',#363,#364,#365);
#363 = CARTESIAN_POINT('',(-0.755,-0.4,4.5E-02));
#364 = DIRECTION('',(0.,1.,0.));
#365 = DIRECTION('',(0.,-0.,1.));
#366 = ADVANCED_FACE('',(#367),#378,.T.);
#367 = FACE_BOUND('',#368,.T.);
#368 = EDGE_LOOP('',(#369,#370,#371,#372));
#369 = ORIENTED_EDGE('',*,*,#231,.F.);
#370 = ORIENTED_EDGE('',*,*,#196,.F.);
#371 = ORIENTED_EDGE('',*,*,#114,.T.);
#372 = ORIENTED_EDGE('',*,*,#373,.T.);
#373 = EDGE_CURVE('',#115,#232,#374,.T.);
#374 = LINE('',#375,#376);
#375 = CARTESIAN_POINT('',(-0.545,-0.4,0.45));
#376 = VECTOR('',#377,1.);
#377 = DIRECTION('',(0.,1.,0.));
#378 = PLANE('',#379);
#379 = AXIS2_PLACEMENT_3D('',#380,#381,#382);
#380 = CARTESIAN_POINT('',(-0.8,-0.4,0.45));
#381 = DIRECTION('',(0.,0.,1.));
#382 = DIRECTION('',(1.,0.,-0.));
#383 = ADVANCED_FACE('',(#384),#395,.T.);
#384 = FACE_BOUND('',#385,.T.);
#385 = EDGE_LOOP('',(#386,#392,#393,#394));
#386 = ORIENTED_EDGE('',*,*,#387,.T.);
#387 = EDGE_CURVE('',#123,#240,#388,.T.);
#388 = LINE('',#389,#390);
#389 = CARTESIAN_POINT('',(-0.5,-0.4,0.405));
#390 = VECTOR('',#391,1.);
#391 = DIRECTION('',(0.,1.,0.));
#392 = ORIENTED_EDGE('',*,*,#239,.T.);
#393 = ORIENTED_EDGE('',*,*,#373,.F.);
#394 = ORIENTED_EDGE('',*,*,#122,.F.);
#395 = CYLINDRICAL_SURFACE('',#396,4.5E-02);
#396 = AXIS2_PLACEMENT_3D('',#397,#398,#399);
#397 = CARTESIAN_POINT('',(-0.545,-0.4,0.405));
#398 = DIRECTION('',(0.,1.,0.));
#399 = DIRECTION('',(1.,0.,0.));
#400 = ADVANCED_FACE('',(#401),#444,.T.);
#401 = FACE_BOUND('',#402,.T.);
#402 = EDGE_LOOP('',(#403,#404,#405,#406,#414,#422,#430,#438));
#403 = ORIENTED_EDGE('',*,*,#264,.F.);
#404 = ORIENTED_EDGE('',*,*,#256,.T.);
#405 = ORIENTED_EDGE('',*,*,#248,.T.);
#406 = ORIENTED_EDGE('',*,*,#407,.T.);
#407 = EDGE_CURVE('',#240,#408,#410,.T.);
#408 = VERTEX_POINT('',#409);
#409 = CARTESIAN_POINT('',(0.5,0.4,0.405));
#410 = LINE('',#411,#412);
#411 = CARTESIAN_POINT('',(-0.5,0.4,0.405));
#412 = VECTOR('',#413,1.);
#413 = DIRECTION('',(1.,0.,0.));
#414 = ORIENTED_EDGE('',*,*,#415,.T.);
#415 = EDGE_CURVE('',#408,#416,#418,.T.);
#416 = VERTEX_POINT('',#417);
#417 = CARTESIAN_POINT('',(0.755,0.4,0.405));
#418 = LINE('',#419,#420);
#419 = CARTESIAN_POINT('',(-0.755,0.4,0.405));
#420 = VECTOR('',#421,1.);
#421 = DIRECTION('',(1.,0.,0.));
#422 = ORIENTED_EDGE('',*,*,#423,.F.);
#423 = EDGE_CURVE('',#424,#416,#426,.T.);
#424 = VERTEX_POINT('',#425);
#425 = CARTESIAN_POINT('',(0.755,0.4,4.5E-02));
#426 = LINE('',#427,#428);
#427 = CARTESIAN_POINT('',(0.755,0.4,4.5E-02));
#428 = VECTOR('',#429,1.);
#429 = DIRECTION('',(0.,0.,1.));
#430 = ORIENTED_EDGE('',*,*,#431,.F.);
#431 = EDGE_CURVE('',#432,#424,#434,.T.);
#432 = VERTEX_POINT('',#433);
#433 = CARTESIAN_POINT('',(0.5,0.4,4.5E-02));
#434 = LINE('',#435,#436);
#435 = CARTESIAN_POINT('',(-0.755,0.4,4.5E-02));
#436 = VECTOR('',#437,1.);
#437 = DIRECTION('',(1.,0.,0.));
#438 = ORIENTED_EDGE('',*,*,#439,.F.);
#439 = EDGE_CURVE('',#265,#432,#440,.T.);
#440 = LINE('',#441,#442);
#441 = CARTESIAN_POINT('',(-0.755,0.4,4.5E-02));
#442 = VECTOR('',#443,1.);
#443 = DIRECTION('',(1.,0.,0.));
#444 = PLANE('',#445);
#445 = AXIS2_PLACEMENT_3D('',#446,#447,#448);
#446 = CARTESIAN_POINT('',(-0.755,0.4,4.5E-02));
#447 = DIRECTION('',(0.,1.,0.));
#448 = DIRECTION('',(0.,-0.,1.));
#449 = ADVANCED_FACE('',(#450),#461,.F.);
#450 = FACE_BOUND('',#451,.F.);
#451 = EDGE_LOOP('',(#452,#453,#454,#460));
#452 = ORIENTED_EDGE('',*,*,#307,.F.);
#453 = ORIENTED_EDGE('',*,*,#356,.T.);
#454 = ORIENTED_EDGE('',*,*,#455,.T.);
#455 = EDGE_CURVE('',#349,#432,#456,.T.);
#456 = LINE('',#457,#458);
#457 = CARTESIAN_POINT('',(0.5,-0.4,4.5E-02));
#458 = VECTOR('',#459,1.);
#459 = DIRECTION('',(0.,1.,0.));
#460 = ORIENTED_EDGE('',*,*,#439,.F.);
#461 = PLANE('',#462);
#462 = AXIS2_PLACEMENT_3D('',#463,#464,#465);
#463 = CARTESIAN_POINT('',(-0.755,-0.4,4.5E-02));
#464 = DIRECTION('',(0.,0.,1.));
#465 = DIRECTION('',(1.,0.,-0.));
#466 = ADVANCED_FACE('',(#467),#530,.F.);
#467 = FACE_BOUND('',#468,.F.);
#468 = EDGE_LOOP('',(#469,#479,#486,#487,#488,#489,#498,#506,#515,#523)
  );
#469 = ORIENTED_EDGE('',*,*,#470,.F.);
#470 = EDGE_CURVE('',#471,#473,#475,.T.);
#471 = VERTEX_POINT('',#472);
#472 = CARTESIAN_POINT('',(0.545,-0.4,-2.775557561563E-17));
#473 = VERTEX_POINT('',#474);
#474 = CARTESIAN_POINT('',(0.755,-0.4,-2.775557561563E-17));
#475 = LINE('',#476,#477);
#476 = CARTESIAN_POINT('',(0.5,-0.4,0.));
#477 = VECTOR('',#478,1.);
#478 = DIRECTION('',(1.,0.,0.));
#479 = ORIENTED_EDGE('',*,*,#480,.F.);
#480 = EDGE_CURVE('',#349,#471,#481,.T.);
#481 = CIRCLE('',#482,4.5E-02);
#482 = AXIS2_PLACEMENT_3D('',#483,#484,#485);
#483 = CARTESIAN_POINT('',(0.545,-0.4,4.5E-02));
#484 = DIRECTION('',(0.,-1.,0.));
#485 = DIRECTION('',(0.,0.,1.));
#486 = ORIENTED_EDGE('',*,*,#348,.T.);
#487 = ORIENTED_EDGE('',*,*,#340,.T.);
#488 = ORIENTED_EDGE('',*,*,#332,.F.);
#489 = ORIENTED_EDGE('',*,*,#490,.T.);
#490 = EDGE_CURVE('',#325,#491,#493,.T.);
#491 = VERTEX_POINT('',#492);
#492 = CARTESIAN_POINT('',(0.545,-0.4,0.45));
#493 = CIRCLE('',#494,4.5E-02);
#494 = AXIS2_PLACEMENT_3D('',#495,#496,#497);
#495 = CARTESIAN_POINT('',(0.545,-0.4,0.405));
#496 = DIRECTION('',(0.,1.,0.));
#497 = DIRECTION('',(0.,-0.,1.));
#498 = ORIENTED_EDGE('',*,*,#499,.T.);
#499 = EDGE_CURVE('',#491,#500,#502,.T.);
#500 = VERTEX_POINT('',#501);
#501 = CARTESIAN_POINT('',(0.755,-0.4,0.45));
#502 = LINE('',#503,#504);
#503 = CARTESIAN_POINT('',(0.5,-0.4,0.45));
#504 = VECTOR('',#505,1.);
#505 = DIRECTION('',(1.,0.,0.));
#506 = ORIENTED_EDGE('',*,*,#507,.F.);
#507 = EDGE_CURVE('',#508,#500,#510,.T.);
#508 = VERTEX_POINT('',#509);
#509 = CARTESIAN_POINT('',(0.8,-0.4,0.405));
#510 = CIRCLE('',#511,4.5E-02);
#511 = AXIS2_PLACEMENT_3D('',#512,#513,#514);
#512 = CARTESIAN_POINT('',(0.755,-0.4,0.405));
#513 = DIRECTION('',(0.,-1.,0.));
#514 = DIRECTION('',(0.,0.,1.));
#515 = ORIENTED_EDGE('',*,*,#516,.F.);
#516 = EDGE_CURVE('',#517,#508,#519,.T.);
#517 = VERTEX_POINT('',#518);
#518 = CARTESIAN_POINT('',(0.8,-0.4,4.5E-02));
#519 = LINE('',#520,#521);
#520 = CARTESIAN_POINT('',(0.8,-0.4,0.));
#521 = VECTOR('',#522,1.);
#522 = DIRECTION('',(0.,0.,1.));
#523 = ORIENTED_EDGE('',*,*,#524,.T.);
#524 = EDGE_CURVE('',#517,#473,#525,.T.);
#525 = CIRCLE('',#526,4.5E-02);
#526 = AXIS2_PLACEMENT_3D('',#527,#528,#529);
#527 = CARTESIAN_POINT('',(0.755,-0.4,4.5E-02));
#528 = DIRECTION('',(0.,1.,0.));
#529 = DIRECTION('',(0.,-0.,1.));
#530 = PLANE('',#531);
#531 = AXIS2_PLACEMENT_3D('',#532,#533,#534);
#532 = CARTESIAN_POINT('',(0.5,-0.4,0.));
#533 = DIRECTION('',(0.,1.,0.));
#534 = DIRECTION('',(0.,-0.,1.));
#535 = ADVANCED_FACE('',(#536),#561,.F.);
#536 = FACE_BOUND('',#537,.F.);
#537 = EDGE_LOOP('',(#538,#539,#547,#555));
#538 = ORIENTED_EDGE('',*,*,#324,.F.);
#539 = ORIENTED_EDGE('',*,*,#540,.T.);
#540 = EDGE_CURVE('',#123,#541,#543,.T.);
#541 = VERTEX_POINT('',#542);
#542 = CARTESIAN_POINT('',(-0.5,-0.4,0.45));
#543 = LINE('',#544,#545);
#544 = CARTESIAN_POINT('',(-0.5,-0.4,0.405));
#545 = VECTOR('',#546,1.);
#546 = DIRECTION('',(0.,0.,1.));
#547 = ORIENTED_EDGE('',*,*,#548,.T.);
#548 = EDGE_CURVE('',#541,#549,#551,.T.);
#549 = VERTEX_POINT('',#550);
#550 = CARTESIAN_POINT('',(0.5,-0.4,0.45));
#551 = LINE('',#552,#553);
#552 = CARTESIAN_POINT('',(-0.5,-0.4,0.45));
#553 = VECTOR('',#554,1.);
#554 = DIRECTION('',(1.,0.,0.));
#555 = ORIENTED_EDGE('',*,*,#556,.F.);
#556 = EDGE_CURVE('',#325,#549,#557,.T.);
#557 = LINE('',#558,#559);
#558 = CARTESIAN_POINT('',(0.5,-0.4,0.405));
#559 = VECTOR('',#560,1.);
#560 = DIRECTION('',(0.,0.,1.));
#561 = PLANE('',#562);
#562 = AXIS2_PLACEMENT_3D('',#563,#564,#565);
#563 = CARTESIAN_POINT('',(-0.5,-0.4,0.405));
#564 = DIRECTION('',(0.,1.,0.));
#565 = DIRECTION('',(0.,-0.,1.));
#566 = ADVANCED_FACE('',(#567),#585,.F.);
#567 = FACE_BOUND('',#568,.F.);
#568 = EDGE_LOOP('',(#569,#570,#571,#579));
#569 = ORIENTED_EDGE('',*,*,#540,.F.);
#570 = ORIENTED_EDGE('',*,*,#387,.T.);
#571 = ORIENTED_EDGE('',*,*,#572,.T.);
#572 = EDGE_CURVE('',#240,#573,#575,.T.);
#573 = VERTEX_POINT('',#574);
#574 = CARTESIAN_POINT('',(-0.5,0.4,0.45));
#575 = LINE('',#576,#577);
#576 = CARTESIAN_POINT('',(-0.5,0.4,0.405));
#577 = VECTOR('',#578,1.);
#578 = DIRECTION('',(0.,0.,1.));
#579 = ORIENTED_EDGE('',*,*,#580,.F.);
#580 = EDGE_CURVE('',#541,#573,#581,.T.);
#581 = LINE('',#582,#583);
#582 = CARTESIAN_POINT('',(-0.5,-0.4,0.45));
#583 = VECTOR('',#584,1.);
#584 = DIRECTION('',(0.,1.,0.));
#585 = PLANE('',#586);
#586 = AXIS2_PLACEMENT_3D('',#587,#588,#589);
#587 = CARTESIAN_POINT('',(-0.5,-0.4,0.405));
#588 = DIRECTION('',(1.,0.,0.));
#589 = DIRECTION('',(0.,0.,1.));
#590 = ADVANCED_FACE('',(#591),#654,.T.);
#591 = FACE_BOUND('',#592,.T.);
#592 = EDGE_LOOP('',(#593,#603,#610,#611,#612,#613,#622,#630,#639,#647)
  );
#593 = ORIENTED_EDGE('',*,*,#594,.F.);
#594 = EDGE_CURVE('',#595,#597,#599,.T.);
#595 = VERTEX_POINT('',#596);
#596 = CARTESIAN_POINT('',(0.545,0.4,-2.775557561563E-17));
#597 = VERTEX_POINT('',#598);
#598 = CARTESIAN_POINT('',(0.755,0.4,-2.775557561563E-17));
#599 = LINE('',#600,#601);
#600 = CARTESIAN_POINT('',(0.5,0.4,0.));
#601 = VECTOR('',#602,1.);
#602 = DIRECTION('',(1.,0.,0.));
#603 = ORIENTED_EDGE('',*,*,#604,.F.);
#604 = EDGE_CURVE('',#432,#595,#605,.T.);
#605 = CIRCLE('',#606,4.5E-02);
#606 = AXIS2_PLACEMENT_3D('',#607,#608,#609);
#607 = CARTESIAN_POINT('',(0.545,0.4,4.5E-02));
#608 = DIRECTION('',(0.,-1.,0.));
#609 = DIRECTION('',(0.,0.,1.));
#610 = ORIENTED_EDGE('',*,*,#431,.T.);
#611 = ORIENTED_EDGE('',*,*,#423,.T.);
#612 = ORIENTED_EDGE('',*,*,#415,.F.);
#613 = ORIENTED_EDGE('',*,*,#614,.T.);
#614 = EDGE_CURVE('',#408,#615,#617,.T.);
#615 = VERTEX_POINT('',#616);
#616 = CARTESIAN_POINT('',(0.545,0.4,0.45));
#617 = CIRCLE('',#618,4.5E-02);
#618 = AXIS2_PLACEMENT_3D('',#619,#620,#621);
#619 = CARTESIAN_POINT('',(0.545,0.4,0.405));
#620 = DIRECTION('',(0.,1.,0.));
#621 = DIRECTION('',(0.,-0.,1.));
#622 = ORIENTED_EDGE('',*,*,#623,.T.);
#623 = EDGE_CURVE('',#615,#624,#626,.T.);
#624 = VERTEX_POINT('',#625);
#625 = CARTESIAN_POINT('',(0.755,0.4,0.45));
#626 = LINE('',#627,#628);
#627 = CARTESIAN_POINT('',(0.5,0.4,0.45));
#628 = VECTOR('',#629,1.);
#629 = DIRECTION('',(1.,0.,0.));
#630 = ORIENTED_EDGE('',*,*,#631,.F.);
#631 = EDGE_CURVE('',#632,#624,#634,.T.);
#632 = VERTEX_POINT('',#633);
#633 = CARTESIAN_POINT('',(0.8,0.4,0.405));
#634 = CIRCLE('',#635,4.5E-02);
#635 = AXIS2_PLACEMENT_3D('',#636,#637,#638);
#636 = CARTESIAN_POINT('',(0.755,0.4,0.405));
#637 = DIRECTION('',(0.,-1.,0.));
#638 = DIRECTION('',(0.,0.,1.));
#639 = ORIENTED_EDGE('',*,*,#640,.F.);
#640 = EDGE_CURVE('',#641,#632,#643,.T.);
#641 = VERTEX_POINT('',#642);
#642 = CARTESIAN_POINT('',(0.8,0.4,4.5E-02));
#643 = LINE('',#644,#645);
#644 = CARTESIAN_POINT('',(0.8,0.4,0.));
#645 = VECTOR('',#646,1.);
#646 = DIRECTION('',(0.,0.,1.));
#647 = ORIENTED_EDGE('',*,*,#648,.T.);
#648 = EDGE_CURVE('',#641,#597,#649,.T.);
#649 = CIRCLE('',#650,4.5E-02);
#650 = AXIS2_PLACEMENT_3D('',#651,#652,#653);
#651 = CARTESIAN_POINT('',(0.755,0.4,4.5E-02));
#652 = DIRECTION('',(0.,1.,0.));
#653 = DIRECTION('',(0.,-0.,1.));
#654 = PLANE('',#655);
#655 = AXIS2_PLACEMENT_3D('',#656,#657,#658);
#656 = CARTESIAN_POINT('',(0.5,0.4,0.));
#657 = DIRECTION('',(0.,1.,0.));
#658 = DIRECTION('',(0.,-0.,1.));
#659 = ADVANCED_FACE('',(#660),#678,.T.);
#660 = FACE_BOUND('',#661,.T.);
#661 = EDGE_LOOP('',(#662,#663,#664,#672));
#662 = ORIENTED_EDGE('',*,*,#407,.F.);
#663 = ORIENTED_EDGE('',*,*,#572,.T.);
#664 = ORIENTED_EDGE('',*,*,#665,.T.);
#665 = EDGE_CURVE('',#573,#666,#668,.T.);
#666 = VERTEX_POINT('',#667);
#667 = CARTESIAN_POINT('',(0.5,0.4,0.45));
#668 = LINE('',#669,#670);
#669 = CARTESIAN_POINT('',(-0.5,0.4,0.45));
#670 = VECTOR('',#671,1.);
#671 = DIRECTION('',(1.,0.,0.));
#672 = ORIENTED_EDGE('',*,*,#673,.F.);
#673 = EDGE_CURVE('',#408,#666,#674,.T.);
#674 = LINE('',#675,#676);
#675 = CARTESIAN_POINT('',(0.5,0.4,0.405));
#676 = VECTOR('',#677,1.);
#677 = DIRECTION('',(0.,0.,1.));
#678 = PLANE('',#679);
#679 = AXIS2_PLACEMENT_3D('',#680,#681,#682);
#680 = CARTESIAN_POINT('',(-0.5,0.4,0.405));
#681 = DIRECTION('',(0.,1.,0.));
#682 = DIRECTION('',(0.,-0.,1.));
#683 = ADVANCED_FACE('',(#684),#695,.T.);
#684 = FACE_BOUND('',#685,.T.);
#685 = EDGE_LOOP('',(#686,#687,#688,#694));
#686 = ORIENTED_EDGE('',*,*,#455,.T.);
#687 = ORIENTED_EDGE('',*,*,#604,.T.);
#688 = ORIENTED_EDGE('',*,*,#689,.F.);
#689 = EDGE_CURVE('',#471,#595,#690,.T.);
#690 = LINE('',#691,#692);
#691 = CARTESIAN_POINT('',(0.545,-0.4,-2.775557561563E-17));
#692 = VECTOR('',#693,1.);
#693 = DIRECTION('',(0.,1.,0.));
#694 = ORIENTED_EDGE('',*,*,#480,.F.);
#695 = CYLINDRICAL_SURFACE('',#696,4.5E-02);
#696 = AXIS2_PLACEMENT_3D('',#697,#698,#699);
#697 = CARTESIAN_POINT('',(0.545,-0.4,4.5E-02));
#698 = DIRECTION('',(0.,1.,0.));
#699 = DIRECTION('',(-1.,0.,0.));
#700 = ADVANCED_FACE('',(#701),#712,.F.);
#701 = FACE_BOUND('',#702,.F.);
#702 = EDGE_LOOP('',(#703,#704,#705,#706));
#703 = ORIENTED_EDGE('',*,*,#594,.F.);
#704 = ORIENTED_EDGE('',*,*,#689,.F.);
#705 = ORIENTED_EDGE('',*,*,#470,.T.);
#706 = ORIENTED_EDGE('',*,*,#707,.T.);
#707 = EDGE_CURVE('',#473,#597,#708,.T.);
#708 = LINE('',#709,#710);
#709 = CARTESIAN_POINT('',(0.755,-0.4,-2.775557561563E-17));
#710 = VECTOR('',#711,1.);
#711 = DIRECTION('',(0.,1.,0.));
#712 = PLANE('',#713);
#713 = AXIS2_PLACEMENT_3D('',#714,#715,#716);
#714 = CARTESIAN_POINT('',(0.5,-0.4,0.));
#715 = DIRECTION('',(0.,0.,1.));
#716 = DIRECTION('',(1.,0.,-0.));
#717 = ADVANCED_FACE('',(#718),#729,.T.);
#718 = FACE_BOUND('',#719,.T.);
#719 = EDGE_LOOP('',(#720,#721,#722,#723));
#720 = ORIENTED_EDGE('',*,*,#524,.T.);
#721 = ORIENTED_EDGE('',*,*,#707,.T.);
#722 = ORIENTED_EDGE('',*,*,#648,.F.);
#723 = ORIENTED_EDGE('',*,*,#724,.F.);
#724 = EDGE_CURVE('',#517,#641,#725,.T.);
#725 = LINE('',#726,#727);
#726 = CARTESIAN_POINT('',(0.8,-0.4,4.5E-02));
#727 = VECTOR('',#728,1.);
#728 = DIRECTION('',(0.,1.,0.));
#729 = CYLINDRICAL_SURFACE('',#730,4.5E-02);
#730 = AXIS2_PLACEMENT_3D('',#731,#732,#733);
#731 = CARTESIAN_POINT('',(0.755,-0.4,4.5E-02));
#732 = DIRECTION('',(0.,1.,0.));
#733 = DIRECTION('',(1.,0.,0.));
#734 = ADVANCED_FACE('',(#735),#746,.T.);
#735 = FACE_BOUND('',#736,.T.);
#736 = EDGE_LOOP('',(#737,#738,#739,#740));
#737 = ORIENTED_EDGE('',*,*,#516,.F.);
#738 = ORIENTED_EDGE('',*,*,#724,.T.);
#739 = ORIENTED_EDGE('',*,*,#640,.T.);
#740 = ORIENTED_EDGE('',*,*,#741,.F.);
#741 = EDGE_CURVE('',#508,#632,#742,.T.);
#742 = LINE('',#743,#744);
#743 = CARTESIAN_POINT('',(0.8,-0.4,0.405));
#744 = VECTOR('',#745,1.);
#745 = DIRECTION('',(0.,1.,0.));
#746 = PLANE('',#747);
#747 = AXIS2_PLACEMENT_3D('',#748,#749,#750);
#748 = CARTESIAN_POINT('',(0.8,-0.4,0.));
#749 = DIRECTION('',(1.,0.,0.));
#750 = DIRECTION('',(0.,0.,1.));
#751 = ADVANCED_FACE('',(#752),#763,.T.);
#752 = FACE_BOUND('',#753,.T.);
#753 = EDGE_LOOP('',(#754,#755,#756,#762));
#754 = ORIENTED_EDGE('',*,*,#741,.T.);
#755 = ORIENTED_EDGE('',*,*,#631,.T.);
#756 = ORIENTED_EDGE('',*,*,#757,.F.);
#757 = EDGE_CURVE('',#500,#624,#758,.T.);
#758 = LINE('',#759,#760);
#759 = CARTESIAN_POINT('',(0.755,-0.4,0.45));
#760 = VECTOR('',#761,1.);
#761 = DIRECTION('',(0.,1.,0.));
#762 = ORIENTED_EDGE('',*,*,#507,.F.);
#763 = CYLINDRICAL_SURFACE('',#764,4.5E-02);
#764 = AXIS2_PLACEMENT_3D('',#765,#766,#767);
#765 = CARTESIAN_POINT('',(0.755,-0.4,0.405));
#766 = DIRECTION('',(0.,1.,0.));
#767 = DIRECTION('',(1.,0.,0.));
#768 = ADVANCED_FACE('',(#769),#780,.T.);
#769 = FACE_BOUND('',#770,.T.);
#770 = EDGE_LOOP('',(#771,#772,#778,#779));
#771 = ORIENTED_EDGE('',*,*,#623,.F.);
#772 = ORIENTED_EDGE('',*,*,#773,.F.);
#773 = EDGE_CURVE('',#491,#615,#774,.T.);
#774 = LINE('',#775,#776);
#775 = CARTESIAN_POINT('',(0.545,-0.4,0.45));
#776 = VECTOR('',#777,1.);
#777 = DIRECTION('',(0.,1.,0.));
#778 = ORIENTED_EDGE('',*,*,#499,.T.);
#779 = ORIENTED_EDGE('',*,*,#757,.T.);
#780 = PLANE('',#781);
#781 = AXIS2_PLACEMENT_3D('',#782,#783,#784);
#782 = CARTESIAN_POINT('',(0.5,-0.4,0.45));
#783 = DIRECTION('',(0.,0.,1.));
#784 = DIRECTION('',(1.,0.,-0.));
#785 = ADVANCED_FACE('',(#786),#797,.T.);
#786 = FACE_BOUND('',#787,.T.);
#787 = EDGE_LOOP('',(#788,#789,#790,#791));
#788 = ORIENTED_EDGE('',*,*,#490,.T.);
#789 = ORIENTED_EDGE('',*,*,#773,.T.);
#790 = ORIENTED_EDGE('',*,*,#614,.F.);
#791 = ORIENTED_EDGE('',*,*,#792,.F.);
#792 = EDGE_CURVE('',#325,#408,#793,.T.);
#793 = LINE('',#794,#795);
#794 = CARTESIAN_POINT('',(0.5,-0.4,0.405));
#795 = VECTOR('',#796,1.);
#796 = DIRECTION('',(0.,1.,0.));
#797 = CYLINDRICAL_SURFACE('',#798,4.5E-02);
#798 = AXIS2_PLACEMENT_3D('',#799,#800,#801);
#799 = CARTESIAN_POINT('',(0.545,-0.4,0.405));
#800 = DIRECTION('',(0.,1.,0.));
#801 = DIRECTION('',(-1.,0.,0.));
#802 = ADVANCED_FACE('',(#803),#814,.T.);
#803 = FACE_BOUND('',#804,.T.);
#804 = EDGE_LOOP('',(#805,#806,#807,#808));
#805 = ORIENTED_EDGE('',*,*,#556,.F.);
#806 = ORIENTED_EDGE('',*,*,#792,.T.);
#807 = ORIENTED_EDGE('',*,*,#673,.T.);
#808 = ORIENTED_EDGE('',*,*,#809,.F.);
#809 = EDGE_CURVE('',#549,#666,#810,.T.);
#810 = LINE('',#811,#812);
#811 = CARTESIAN_POINT('',(0.5,-0.4,0.45));
#812 = VECTOR('',#813,1.);
#813 = DIRECTION('',(0.,1.,0.));
#814 = PLANE('',#815);
#815 = AXIS2_PLACEMENT_3D('',#816,#817,#818);
#816 = CARTESIAN_POINT('',(0.5,-0.4,0.405));
#817 = DIRECTION('',(1.,0.,0.));
#818 = DIRECTION('',(0.,0.,1.));
#819 = ADVANCED_FACE('',(#820),#826,.T.);
#820 = FACE_BOUND('',#821,.T.);
#821 = EDGE_LOOP('',(#822,#823,#824,#825));
#822 = ORIENTED_EDGE('',*,*,#580,.F.);
#823 = ORIENTED_EDGE('',*,*,#548,.T.);
#824 = ORIENTED_EDGE('',*,*,#809,.T.);
#825 = ORIENTED_EDGE('',*,*,#665,.F.);
#826 = PLANE('',#827);
#827 = AXIS2_PLACEMENT_3D('',#828,#829,#830);
#828 = CARTESIAN_POINT('',(-0.5,-0.4,0.45));
#829 = DIRECTION('',(0.,0.,1.));
#830 = DIRECTION('',(1.,0.,-0.));
#831 = ( GEOMETRIC_REPRESENTATION_CONTEXT(3) 
GLOBAL_UNCERTAINTY_ASSIGNED_CONTEXT((#835)) GLOBAL_UNIT_ASSIGNED_CONTEXT
((#832,#833,#834)) REPRESENTATION_CONTEXT('Context #1',
  '3D Context with UNIT and UNCERTAINTY') );
#832 = ( LENGTH_UNIT() NAMED_UNIT(*) SI_UNIT(.MILLI.,.METRE.) );
#833 = ( NAMED_UNIT(*) PLANE_ANGLE_UNIT() SI_UNIT($,.RADIAN.) );
#834 = ( NAMED_UNIT(*) SI_UNIT($,.STERADIAN.) SOLID_ANGLE_UNIT() );
#835 = UNCERTAINTY_MEASURE_WITH_UNIT(LENGTH_MEASURE(1.E-07),#832,
  'distance_accuracy_value','confusion accuracy');
#836 = CONTEXT_DEPENDENT_SHAPE_REPRESENTATION(#837,#839);
#837 = ( REPRESENTATION_RELATIONSHIP('','',#40,#10) 
REPRESENTATION_RELATIONSHIP_WITH_TRANSFORMATION(#838) 
SHAPE_REPRESENTATION_RELATIONSHIP() );
#838 = ITEM_DEFINED_TRANSFORMATION('','',#11,#15);
#839 = PRODUCT_DEFINITION_SHAPE('Placement','Placement of an item',#840
  );
#840 = NEXT_ASSEMBLY_USAGE_OCCURRENCE('1','LED_2','',#5,#35,$);
#841 = PRODUCT_RELATED_PRODUCT_CATEGORY('part',$,(#37));
#842 = SHAPE_DEFINITION_REPRESENTATION(#843,#849);
#843 = PRODUCT_DEFINITION_SHAPE('','',#844);
#844 = PRODUCT_DEFINITION('design','',#845,#848);
#845 = PRODUCT_DEFINITION_FORMATION('','',#846);
#846 = PRODUCT('Lightgate(LDR)_silkscreen','Lightgate(LDR)_silkscreen',
  '',(#847));
#847 = PRODUCT_CONTEXT('',#2,'mechanical');
#848 = PRODUCT_DEFINITION_CONTEXT('part definition',#2,'design');
#849 = SHAPE_REPRESENTATION('',(#11,#850,#902,#954,#1056,#1133),#1177);
#850 = SHELL_BASED_SURFACE_MODEL('',(#851));
#851 = OPEN_SHELL('',(#852));
#852 = ADVANCED_FACE('',(#853),#897,.T.);
#853 = FACE_BOUND('',#854,.F.);
#854 = EDGE_LOOP('',(#855,#866,#874,#883,#891));
#855 = ORIENTED_EDGE('',*,*,#856,.T.);
#856 = EDGE_CURVE('',#857,#859,#861,.T.);
#857 = VERTEX_POINT('',#858);
#858 = CARTESIAN_POINT('',(149.385508,-105.489787,1.585));
#859 = VERTEX_POINT('',#860);
#860 = CARTESIAN_POINT('',(149.500941,-105.512748,1.585));
#861 = CIRCLE('',#862,6.000007318648E-02);
#862 = AXIS2_PLACEMENT_3D('',#863,#864,#865);
#863 = CARTESIAN_POINT('',(149.44094092681,-105.5127478233,1.585));
#864 = DIRECTION('',(0.,0.,-1.));
#865 = DIRECTION('',(-0.923880986637,0.382679921777,0.));
#866 = ORIENTED_EDGE('',*,*,#867,.T.);
#867 = EDGE_CURVE('',#859,#868,#870,.T.);
#868 = VERTEX_POINT('',#869);
#869 = CARTESIAN_POINT('',(149.500941,-105.987264,1.585));
#870 = LINE('',#871,#872);
#871 = CARTESIAN_POINT('',(149.500941,-105.512748,1.585));
#872 = VECTOR('',#873,1.);
#873 = DIRECTION('',(0.,-1.,0.));
#874 = ORIENTED_EDGE('',*,*,#875,.T.);
#875 = EDGE_CURVE('',#868,#876,#878,.T.);
#876 = VERTEX_POINT('',#877);
#877 = CARTESIAN_POINT('',(149.380941,-105.987264,1.585));
#878 = CIRCLE('',#879,6.000000000042E-02);
#879 = AXIS2_PLACEMENT_3D('',#880,#881,#882);
#880 = CARTESIAN_POINT('',(149.440941,-105.9872642255,1.585));
#881 = DIRECTION('',(0.,0.,-1.));
#882 = DIRECTION('',(0.999999999993,3.759794253684E-06,0.));
#883 = ORIENTED_EDGE('',*,*,#884,.T.);
#884 = EDGE_CURVE('',#876,#885,#887,.T.);
#885 = VERTEX_POINT('',#886);
#886 = CARTESIAN_POINT('',(149.380941,-105.512748,1.585));
#887 = LINE('',#888,#889);
#888 = CARTESIAN_POINT('',(149.380941,-105.987264,1.585));
#889 = VECTOR('',#890,1.);
#890 = DIRECTION('',(0.,1.,0.));
#891 = ORIENTED_EDGE('',*,*,#892,.T.);
#892 = EDGE_CURVE('',#885,#857,#893,.T.);
#893 = LINE('',#894,#895);
#894 = CARTESIAN_POINT('',(149.380941,-105.512748,1.585));
#895 = VECTOR('',#896,1.);
#896 = DIRECTION('',(0.195081000117,0.980787134598,0.));
#897 = PLANE('',#898);
#898 = AXIS2_PLACEMENT_3D('',#899,#900,#901);
#899 = CARTESIAN_POINT('',(0.,0.,1.585));
#900 = DIRECTION('',(0.,0.,1.));
#901 = DIRECTION('',(1.,0.,-0.));
#902 = SHELL_BASED_SURFACE_MODEL('',(#903));
#903 = OPEN_SHELL('',(#904));
#904 = ADVANCED_FACE('',(#905),#949,.T.);
#905 = FACE_BOUND('',#906,.F.);
#906 = EDGE_LOOP('',(#907,#918,#926,#935,#943));
#907 = ORIENTED_EDGE('',*,*,#908,.T.);
#908 = EDGE_CURVE('',#909,#911,#913,.T.);
#909 = VERTEX_POINT('',#910);
#910 = CARTESIAN_POINT('',(150.430508,-105.489787,1.585));
#911 = VERTEX_POINT('',#912);
#912 = CARTESIAN_POINT('',(150.545941,-105.512748,1.585));
#913 = CIRCLE('',#914,6.000007318647E-02);
#914 = AXIS2_PLACEMENT_3D('',#915,#916,#917);
#915 = CARTESIAN_POINT('',(150.48594092681,-105.5127478233,1.585));
#916 = DIRECTION('',(0.,0.,-1.));
#917 = DIRECTION('',(-0.923880986637,0.382679921777,0.));
#918 = ORIENTED_EDGE('',*,*,#919,.T.);
#919 = EDGE_CURVE('',#911,#920,#922,.T.);
#920 = VERTEX_POINT('',#921);
#921 = CARTESIAN_POINT('',(150.545941,-105.987264,1.585));
#922 = LINE('',#923,#924);
#923 = CARTESIAN_POINT('',(150.545941,-105.512748,1.585));
#924 = VECTOR('',#925,1.);
#925 = DIRECTION('',(0.,-1.,0.));
#926 = ORIENTED_EDGE('',*,*,#927,.T.);
#927 = EDGE_CURVE('',#920,#928,#930,.T.);
#928 = VERTEX_POINT('',#929);
#929 = CARTESIAN_POINT('',(150.425941,-105.987264,1.585));
#930 = CIRCLE('',#931,6.000000000042E-02);
#931 = AXIS2_PLACEMENT_3D('',#932,#933,#934);
#932 = CARTESIAN_POINT('',(150.485941,-105.9872642255,1.585));
#933 = DIRECTION('',(0.,0.,-1.));
#934 = DIRECTION('',(0.999999999993,3.759794490531E-06,0.));
#935 = ORIENTED_EDGE('',*,*,#936,.T.);
#936 = EDGE_CURVE('',#928,#937,#939,.T.);
#937 = VERTEX_POINT('',#938);
#938 = CARTESIAN_POINT('',(150.425941,-105.512748,1.585));
#939 = LINE('',#940,#941);
#940 = CARTESIAN_POINT('',(150.425941,-105.987264,1.585));
#941 = VECTOR('',#942,1.);
#942 = DIRECTION('',(0.,1.,0.));
#943 = ORIENTED_EDGE('',*,*,#944,.T.);
#944 = EDGE_CURVE('',#937,#909,#945,.T.);
#945 = LINE('',#946,#947);
#946 = CARTESIAN_POINT('',(150.425941,-105.512748,1.585));
#947 = VECTOR('',#948,1.);
#948 = DIRECTION('',(0.195081000118,0.980787134598,0.));
#949 = PLANE('',#950);
#950 = AXIS2_PLACEMENT_3D('',#951,#952,#953);
#951 = CARTESIAN_POINT('',(0.,0.,1.585));
#952 = DIRECTION('',(0.,0.,1.));
#953 = DIRECTION('',(1.,0.,-0.));
#954 = SHELL_BASED_SURFACE_MODEL('',(#955));
#955 = OPEN_SHELL('',(#956));
#956 = ADVANCED_FACE('',(#957),#1051,.T.);
#957 = FACE_BOUND('',#958,.F.);
#958 = EDGE_LOOP('',(#959,#970,#978,#986,#995,#1003,#1012,#1020,#1028,
    #1037,#1045));
#959 = ORIENTED_EDGE('',*,*,#960,.T.);
#960 = EDGE_CURVE('',#961,#963,#965,.T.);
#961 = VERTEX_POINT('',#962);
#962 = CARTESIAN_POINT('',(159.584567,-95.837039,1.585));
#963 = VERTEX_POINT('',#964);
#964 = CARTESIAN_POINT('',(159.7,-95.86,1.585));
#965 = CIRCLE('',#966,6.000007318647E-02);
#966 = AXIS2_PLACEMENT_3D('',#967,#968,#969);
#967 = CARTESIAN_POINT('',(159.63999992681,-95.85999982331,1.585));
#968 = DIRECTION('',(0.,0.,-1.));
#969 = DIRECTION('',(-0.923880986637,0.382679921777,0.));
#970 = ORIENTED_EDGE('',*,*,#971,.T.);
#971 = EDGE_CURVE('',#963,#972,#974,.T.);
#972 = VERTEX_POINT('',#973);
#973 = CARTESIAN_POINT('',(159.7,-96.95,1.585));
#974 = LINE('',#975,#976);
#975 = CARTESIAN_POINT('',(159.7,-95.86,1.585));
#976 = VECTOR('',#977,1.);
#977 = DIRECTION('',(0.,-1.,0.));
#978 = ORIENTED_EDGE('',*,*,#979,.T.);
#979 = EDGE_CURVE('',#972,#980,#982,.T.);
#980 = VERTEX_POINT('',#981);
#981 = CARTESIAN_POINT('',(160.69,-96.95,1.585));
#982 = LINE('',#983,#984);
#983 = CARTESIAN_POINT('',(159.7,-96.95,1.585));
#984 = VECTOR('',#985,1.);
#985 = DIRECTION('',(1.,0.,0.));
#986 = ORIENTED_EDGE('',*,*,#987,.T.);
#987 = EDGE_CURVE('',#980,#988,#990,.T.);
#988 = VERTEX_POINT('',#989);
#989 = CARTESIAN_POINT('',(160.75,-97.01,1.585));
#990 = CIRCLE('',#991,5.999932016256E-02);
#991 = AXIS2_PLACEMENT_3D('',#992,#993,#994);
#992 = CARTESIAN_POINT('',(160.69000067984,-97.00999932015,1.585));
#993 = DIRECTION('',(0.,0.,-1.));
#994 = DIRECTION('',(-1.133081659513E-05,0.999999999936,0.));
#995 = ORIENTED_EDGE('',*,*,#996,.T.);
#996 = EDGE_CURVE('',#988,#997,#999,.T.);
#997 = VERTEX_POINT('',#998);
#998 = CARTESIAN_POINT('',(160.75,-98.,1.585));
#999 = LINE('',#1000,#1001);
#1000 = CARTESIAN_POINT('',(160.75,-97.01,1.585));
#1001 = VECTOR('',#1002,1.);
#1002 = DIRECTION('',(0.,-1.,0.));
#1003 = ORIENTED_EDGE('',*,*,#1004,.T.);
#1004 = EDGE_CURVE('',#997,#1005,#1007,.T.);
#1005 = VERTEX_POINT('',#1006);
#1006 = CARTESIAN_POINT('',(160.63,-98.,1.585));
#1007 = CIRCLE('',#1008,6.000000000043E-02);
#1008 = AXIS2_PLACEMENT_3D('',#1009,#1010,#1011);
#1009 = CARTESIAN_POINT('',(160.69,-98.00000022558,1.585));
#1010 = DIRECTION('',(0.,0.,-1.));
#1011 = DIRECTION('',(0.999999999993,3.759794016836E-06,0.));
#1012 = ORIENTED_EDGE('',*,*,#1013,.T.);
#1013 = EDGE_CURVE('',#1005,#1014,#1016,.T.);
#1014 = VERTEX_POINT('',#1015);
#1015 = CARTESIAN_POINT('',(160.63,-97.07,1.585));
#1016 = LINE('',#1017,#1018);
#1017 = CARTESIAN_POINT('',(160.63,-98.,1.585));
#1018 = VECTOR('',#1019,1.);
#1019 = DIRECTION('',(0.,1.,0.));
#1020 = ORIENTED_EDGE('',*,*,#1021,.T.);
#1021 = EDGE_CURVE('',#1014,#1022,#1024,.T.);
#1022 = VERTEX_POINT('',#1023);
#1023 = CARTESIAN_POINT('',(159.64,-97.07,1.585));
#1024 = LINE('',#1025,#1026);
#1025 = CARTESIAN_POINT('',(160.63,-97.07,1.585));
#1026 = VECTOR('',#1027,1.);
#1027 = DIRECTION('',(-1.,0.,0.));
#1028 = ORIENTED_EDGE('',*,*,#1029,.T.);
#1029 = EDGE_CURVE('',#1022,#1030,#1032,.T.);
#1030 = VERTEX_POINT('',#1031);
#1031 = CARTESIAN_POINT('',(159.58,-97.01,1.585));
#1032 = CIRCLE('',#1033,5.999932016256E-02);
#1033 = AXIS2_PLACEMENT_3D('',#1034,#1035,#1036);
#1034 = CARTESIAN_POINT('',(159.63999932015,-97.01000067984,1.585));
#1035 = DIRECTION('',(0.,0.,-1.));
#1036 = DIRECTION('',(1.133081612143E-05,-0.999999999936,0.));
#1037 = ORIENTED_EDGE('',*,*,#1038,.T.);
#1038 = EDGE_CURVE('',#1030,#1039,#1041,.T.);
#1039 = VERTEX_POINT('',#1040);
#1040 = CARTESIAN_POINT('',(159.58,-95.86,1.585));
#1041 = LINE('',#1042,#1043);
#1042 = CARTESIAN_POINT('',(159.58,-97.01,1.585));
#1043 = VECTOR('',#1044,1.);
#1044 = DIRECTION('',(0.,1.,0.));
#1045 = ORIENTED_EDGE('',*,*,#1046,.T.);
#1046 = EDGE_CURVE('',#1039,#961,#1047,.T.);
#1047 = LINE('',#1048,#1049);
#1048 = CARTESIAN_POINT('',(159.58,-95.86,1.585));
#1049 = VECTOR('',#1050,1.);
#1050 = DIRECTION('',(0.195081000117,0.980787134598,0.));
#1051 = PLANE('',#1052);
#1052 = AXIS2_PLACEMENT_3D('',#1053,#1054,#1055);
#1053 = CARTESIAN_POINT('',(0.,0.,1.585));
#1054 = DIRECTION('',(0.,0.,1.));
#1055 = DIRECTION('',(1.,0.,-0.));
#1056 = SHELL_BASED_SURFACE_MODEL('',(#1057));
#1057 = OPEN_SHELL('',(#1058));
#1058 = ADVANCED_FACE('',(#1059),#1128,.T.);
#1059 = FACE_BOUND('',#1060,.F.);
#1060 = EDGE_LOOP('',(#1061,#1072,#1080,#1089,#1097,#1106,#1114,#1122));
#1061 = ORIENTED_EDGE('',*,*,#1062,.T.);
#1062 = EDGE_CURVE('',#1063,#1065,#1067,.T.);
#1063 = VERTEX_POINT('',#1064);
#1064 = CARTESIAN_POINT('',(163.804567,-95.837039,1.585));
#1065 = VERTEX_POINT('',#1066);
#1066 = CARTESIAN_POINT('',(163.92,-95.86,1.585));
#1067 = CIRCLE('',#1068,6.000007318647E-02);
#1068 = AXIS2_PLACEMENT_3D('',#1069,#1070,#1071);
#1069 = CARTESIAN_POINT('',(163.85999992681,-95.85999982331,1.585));
#1070 = DIRECTION('',(0.,0.,-1.));
#1071 = DIRECTION('',(-0.923880986637,0.382679921777,0.));
#1072 = ORIENTED_EDGE('',*,*,#1073,.T.);
#1073 = EDGE_CURVE('',#1065,#1074,#1076,.T.);
#1074 = VERTEX_POINT('',#1075);
#1075 = CARTESIAN_POINT('',(163.92,-97.01,1.585));
#1076 = LINE('',#1077,#1078);
#1077 = CARTESIAN_POINT('',(163.92,-95.86,1.585));
#1078 = VECTOR('',#1079,1.);
#1079 = DIRECTION('',(0.,-1.,0.));
#1080 = ORIENTED_EDGE('',*,*,#1081,.T.);
#1081 = EDGE_CURVE('',#1074,#1082,#1084,.T.);
#1082 = VERTEX_POINT('',#1083);
#1083 = CARTESIAN_POINT('',(163.86,-97.07,1.585));
#1084 = CIRCLE('',#1085,5.999932016253E-02);
#1085 = AXIS2_PLACEMENT_3D('',#1086,#1087,#1088);
#1086 = CARTESIAN_POINT('',(163.86000067984,-97.01000067984,1.585));
#1087 = DIRECTION('',(0.,0.,-1.));
#1088 = DIRECTION('',(0.999999999936,1.133081683199E-05,0.));
#1089 = ORIENTED_EDGE('',*,*,#1090,.T.);
#1090 = EDGE_CURVE('',#1082,#1091,#1093,.T.);
#1091 = VERTEX_POINT('',#1092);
#1092 = CARTESIAN_POINT('',(162.81,-97.07,1.585));
#1093 = LINE('',#1094,#1095);
#1094 = CARTESIAN_POINT('',(163.86,-97.07,1.585));
#1095 = VECTOR('',#1096,1.);
#1096 = DIRECTION('',(-1.,0.,0.));
#1097 = ORIENTED_EDGE('',*,*,#1098,.T.);
#1098 = EDGE_CURVE('',#1091,#1099,#1101,.T.);
#1099 = VERTEX_POINT('',#1100);
#1100 = CARTESIAN_POINT('',(162.81,-96.95,1.585));
#1101 = CIRCLE('',#1102,6.000000000042E-02);
#1102 = AXIS2_PLACEMENT_3D('',#1103,#1104,#1105);
#1103 = CARTESIAN_POINT('',(162.80999977441,-97.01,1.585));
#1104 = DIRECTION('',(0.,0.,-1.));
#1105 = DIRECTION('',(3.759794253684E-06,-0.999999999993,0.));
#1106 = ORIENTED_EDGE('',*,*,#1107,.T.);
#1107 = EDGE_CURVE('',#1099,#1108,#1110,.T.);
#1108 = VERTEX_POINT('',#1109);
#1109 = CARTESIAN_POINT('',(163.8,-96.95,1.585));
#1110 = LINE('',#1111,#1112);
#1111 = CARTESIAN_POINT('',(162.81,-96.95,1.585));
#1112 = VECTOR('',#1113,1.);
#1113 = DIRECTION('',(1.,0.,0.));
#1114 = ORIENTED_EDGE('',*,*,#1115,.T.);
#1115 = EDGE_CURVE('',#1108,#1116,#1118,.T.);
#1116 = VERTEX_POINT('',#1117);
#1117 = CARTESIAN_POINT('',(163.8,-95.86,1.585));
#1118 = LINE('',#1119,#1120);
#1119 = CARTESIAN_POINT('',(163.8,-96.95,1.585));
#1120 = VECTOR('',#1121,1.);
#1121 = DIRECTION('',(0.,1.,0.));
#1122 = ORIENTED_EDGE('',*,*,#1123,.T.);
#1123 = EDGE_CURVE('',#1116,#1063,#1124,.T.);
#1124 = LINE('',#1125,#1126);
#1125 = CARTESIAN_POINT('',(163.8,-95.86,1.585));
#1126 = VECTOR('',#1127,1.);
#1127 = DIRECTION('',(0.195081000117,0.980787134598,0.));
#1128 = PLANE('',#1129);
#1129 = AXIS2_PLACEMENT_3D('',#1130,#1131,#1132);
#1130 = CARTESIAN_POINT('',(0.,0.,1.585));
#1131 = DIRECTION('',(0.,0.,1.));
#1132 = DIRECTION('',(1.,0.,-0.));
#1133 = SHELL_BASED_SURFACE_MODEL('',(#1134));
#1134 = OPEN_SHELL('',(#1135));
#1135 = ADVANCED_FACE('',(#1136),#1172,.T.);
#1136 = FACE_BOUND('',#1137,.F.);
#1137 = EDGE_LOOP('',(#1138,#1149,#1157,#1166));
#1138 = ORIENTED_EDGE('',*,*,#1139,.T.);
#1139 = EDGE_CURVE('',#1140,#1142,#1144,.T.);
#1140 = VERTEX_POINT('',#1141);
#1141 = CARTESIAN_POINT('',(160.81,-93.95,1.585));
#1142 = VERTEX_POINT('',#1143);
#1143 = CARTESIAN_POINT('',(160.81,-93.83,1.585));
#1144 = CIRCLE('',#1145,6.000000000043E-02);
#1145 = AXIS2_PLACEMENT_3D('',#1146,#1147,#1148);
#1146 = CARTESIAN_POINT('',(160.80999977441,-93.89,1.585));
#1147 = DIRECTION('',(0.,0.,-1.));
#1148 = DIRECTION('',(3.759793779988E-06,-0.999999999993,0.));
#1149 = ORIENTED_EDGE('',*,*,#1150,.T.);
#1150 = EDGE_CURVE('',#1142,#1151,#1153,.T.);
#1151 = VERTEX_POINT('',#1152);
#1152 = CARTESIAN_POINT('',(162.69,-93.83,1.585));
#1153 = LINE('',#1154,#1155);
#1154 = CARTESIAN_POINT('',(160.81,-93.83,1.585));
#1155 = VECTOR('',#1156,1.);
#1156 = DIRECTION('',(1.,0.,0.));
#1157 = ORIENTED_EDGE('',*,*,#1158,.T.);
#1158 = EDGE_CURVE('',#1151,#1159,#1161,.T.);
#1159 = VERTEX_POINT('',#1160);
#1160 = CARTESIAN_POINT('',(162.69,-93.95,1.585));
#1161 = CIRCLE('',#1162,6.000000000043E-02);
#1162 = AXIS2_PLACEMENT_3D('',#1163,#1164,#1165);
#1163 = CARTESIAN_POINT('',(162.69000022558,-93.89,1.585));
#1164 = DIRECTION('',(0.,0.,-1.));
#1165 = DIRECTION('',(-3.759793779988E-06,0.999999999993,-0.));
#1166 = ORIENTED_EDGE('',*,*,#1167,.T.);
#1167 = EDGE_CURVE('',#1159,#1140,#1168,.T.);
#1168 = LINE('',#1169,#1170);
#1169 = CARTESIAN_POINT('',(162.69,-93.95,1.585));
#1170 = VECTOR('',#1171,1.);
#1171 = DIRECTION('',(-1.,0.,0.));
#1172 = PLANE('',#1173);
#1173 = AXIS2_PLACEMENT_3D('',#1174,#1175,#1176);
#1174 = CARTESIAN_POINT('',(0.,0.,1.585));
#1175 = DIRECTION('',(0.,0.,1.));
#1176 = DIRECTION('',(1.,0.,-0.));
#1177 = ( GEOMETRIC_REPRESENTATION_CONTEXT(3) 
GLOBAL_UNCERTAINTY_ASSIGNED_CONTEXT((#1181)) 
GLOBAL_UNIT_ASSIGNED_CONTEXT((#1178,#1179,#1180)) REPRESENTATION_CONTEXT
('Context #1','3D Context with UNIT and UNCERTAINTY') );
#1178 = ( LENGTH_UNIT() NAMED_UNIT(*) SI_UNIT(.MILLI.,.METRE.) );
#1179 = ( NAMED_UNIT(*) PLANE_ANGLE_UNIT() SI_UNIT($,.RADIAN.) );
#1180 = ( NAMED_UNIT(*) SI_UNIT($,.STERADIAN.) SOLID_ANGLE_UNIT() );
#1181 = UNCERTAINTY_MEASURE_WITH_UNIT(LENGTH_MEASURE(1.E-07),#1178,
  'distance_accuracy_value','confusion accuracy');
#1182 = CONTEXT_DEPENDENT_SHAPE_REPRESENTATION(#1183,#1185);
#1183 = ( REPRESENTATION_RELATIONSHIP('','',#849,#10) 
REPRESENTATION_RELATIONSHIP_WITH_TRANSFORMATION(#1184) 
SHAPE_REPRESENTATION_RELATIONSHIP() );
#1184 = ITEM_DEFINED_TRANSFORMATION('','',#11,#19);
#1185 = PRODUCT_DEFINITION_SHAPE('Placement','Placement of an item',
  #1186);
#1186 = NEXT_ASSEMBLY_USAGE_OCCURRENCE('2','=>[0:1:1:3]','',#5,#844,$);
#1187 = PRODUCT_RELATED_PRODUCT_CATEGORY('part',$,(#846));
#1188 = SHAPE_DEFINITION_REPRESENTATION(#1189,#1195);
#1189 = PRODUCT_DEFINITION_SHAPE('','',#1190);
#1190 = PRODUCT_DEFINITION('design','',#1191,#1194);
#1191 = PRODUCT_DEFINITION_FORMATION('','',#1192);
#1192 = PRODUCT('Lightgate(LDR)_PCB','Lightgate(LDR)_PCB','',(#1193));
#1193 = PRODUCT_CONTEXT('',#2,'mechanical');
#1194 = PRODUCT_DEFINITION_CONTEXT('part definition',#2,'design');
#1195 = ADVANCED_BREP_SHAPE_REPRESENTATION('',(#11,#1196),#2199);
#1196 = MANIFOLD_SOLID_BREP('',#1197);
#1197 = CLOSED_SHELL('',(#1198,#1240,#1271,#1304,#1335,#1368,#1399,#1432
    ,#1463,#1496,#1527,#1560,#1591,#1624,#1655,#1688,#1719,#1752,#1783,
    #1816,#1847,#1880,#1911,#1942,#1975,#2006,#2039,#2070,#2103,#2125,
    #2162));
#1198 = ADVANCED_FACE('',(#1199),#1235,.T.);
#1199 = FACE_BOUND('',#1200,.T.);
#1200 = EDGE_LOOP('',(#1201,#1211,#1220,#1228));
#1201 = ORIENTED_EDGE('',*,*,#1202,.T.);
#1202 = EDGE_CURVE('',#1203,#1205,#1207,.T.);
#1203 = VERTEX_POINT('',#1204);
#1204 = CARTESIAN_POINT('',(154.463423,-72.150012,0.));
#1205 = VERTEX_POINT('',#1206);
#1206 = CARTESIAN_POINT('',(154.463423,-72.150012,1.51));
#1207 = LINE('',#1208,#1209);
#1208 = CARTESIAN_POINT('',(154.463423,-72.150012,0.));
#1209 = VECTOR('',#1210,1.);
#1210 = DIRECTION('',(0.,0.,1.));
#1211 = ORIENTED_EDGE('',*,*,#1212,.T.);
#1212 = EDGE_CURVE('',#1205,#1213,#1215,.T.);
#1213 = VERTEX_POINT('',#1214);
#1214 = CARTESIAN_POINT('',(154.963458,-72.64282,1.51));
#1215 = CIRCLE('',#1216,0.500160165785);
#1216 = AXIS2_PLACEMENT_3D('',#1217,#1218,#1219);
#1217 = CARTESIAN_POINT('',(154.46335187409,-72.65017216072,1.51));
#1218 = DIRECTION('',(0.,0.,-1.));
#1219 = DIRECTION('',(1.422062619225E-04,0.999999989889,0.));
#1220 = ORIENTED_EDGE('',*,*,#1221,.F.);
#1221 = EDGE_CURVE('',#1222,#1213,#1224,.T.);
#1222 = VERTEX_POINT('',#1223);
#1223 = CARTESIAN_POINT('',(154.963458,-72.64282,0.));
#1224 = LINE('',#1225,#1226);
#1225 = CARTESIAN_POINT('',(154.963458,-72.64282,0.));
#1226 = VECTOR('',#1227,1.);
#1227 = DIRECTION('',(0.,0.,1.));
#1228 = ORIENTED_EDGE('',*,*,#1229,.F.);
#1229 = EDGE_CURVE('',#1203,#1222,#1230,.T.);
#1230 = CIRCLE('',#1231,0.500160165785);
#1231 = AXIS2_PLACEMENT_3D('',#1232,#1233,#1234);
#1232 = CARTESIAN_POINT('',(154.46335187409,-72.65017216072,0.));
#1233 = DIRECTION('',(0.,0.,-1.));
#1234 = DIRECTION('',(1.422062619225E-04,0.999999989889,0.));
#1235 = CYLINDRICAL_SURFACE('',#1236,0.500160165785);
#1236 = AXIS2_PLACEMENT_3D('',#1237,#1238,#1239);
#1237 = CARTESIAN_POINT('',(154.46335187409,-72.65017216072,0.));
#1238 = DIRECTION('',(0.,0.,-1.));
#1239 = DIRECTION('',(1.422062619225E-04,0.999999989889,0.));
#1240 = ADVANCED_FACE('',(#1241),#1266,.T.);
#1241 = FACE_BOUND('',#1242,.T.);
#1242 = EDGE_LOOP('',(#1243,#1244,#1252,#1260));
#1243 = ORIENTED_EDGE('',*,*,#1221,.T.);
#1244 = ORIENTED_EDGE('',*,*,#1245,.T.);
#1245 = EDGE_CURVE('',#1213,#1246,#1248,.T.);
#1246 = VERTEX_POINT('',#1247);
#1247 = CARTESIAN_POINT('',(154.963458,-83.250012,1.51));
#1248 = LINE('',#1249,#1250);
#1249 = CARTESIAN_POINT('',(154.963458,-72.64282,1.51));
#1250 = VECTOR('',#1251,1.);
#1251 = DIRECTION('',(0.,-1.,0.));
#1252 = ORIENTED_EDGE('',*,*,#1253,.F.);
#1253 = EDGE_CURVE('',#1254,#1246,#1256,.T.);
#1254 = VERTEX_POINT('',#1255);
#1255 = CARTESIAN_POINT('',(154.963458,-83.250012,0.));
#1256 = LINE('',#1257,#1258);
#1257 = CARTESIAN_POINT('',(154.963458,-83.250012,0.));
#1258 = VECTOR('',#1259,1.);
#1259 = DIRECTION('',(0.,0.,1.));
#1260 = ORIENTED_EDGE('',*,*,#1261,.F.);
#1261 = EDGE_CURVE('',#1222,#1254,#1262,.T.);
#1262 = LINE('',#1263,#1264);
#1263 = CARTESIAN_POINT('',(154.963458,-72.64282,0.));
#1264 = VECTOR('',#1265,1.);
#1265 = DIRECTION('',(0.,-1.,0.));
#1266 = PLANE('',#1267);
#1267 = AXIS2_PLACEMENT_3D('',#1268,#1269,#1270);
#1268 = CARTESIAN_POINT('',(154.963458,-72.64282,0.));
#1269 = DIRECTION('',(1.,0.,-0.));
#1270 = DIRECTION('',(0.,-1.,0.));
#1271 = ADVANCED_FACE('',(#1272),#1299,.F.);
#1272 = FACE_BOUND('',#1273,.T.);
#1273 = EDGE_LOOP('',(#1274,#1275,#1284,#1292));
#1274 = ORIENTED_EDGE('',*,*,#1253,.T.);
#1275 = ORIENTED_EDGE('',*,*,#1276,.T.);
#1276 = EDGE_CURVE('',#1246,#1277,#1279,.T.);
#1277 = VERTEX_POINT('',#1278);
#1278 = CARTESIAN_POINT('',(155.463423,-83.750012,1.51));
#1279 = CIRCLE('',#1280,0.499933058455);
#1280 = AXIS2_PLACEMENT_3D('',#1281,#1282,#1283);
#1281 = CARTESIAN_POINT('',(155.46339105397,-83.25007894256,1.51));
#1282 = DIRECTION('',(0.,0.,1.));
#1283 = DIRECTION('',(-0.999999991035,1.339030595132E-04,0.));
#1284 = ORIENTED_EDGE('',*,*,#1285,.F.);
#1285 = EDGE_CURVE('',#1286,#1277,#1288,.T.);
#1286 = VERTEX_POINT('',#1287);
#1287 = CARTESIAN_POINT('',(155.463423,-83.750012,0.));
#1288 = LINE('',#1289,#1290);
#1289 = CARTESIAN_POINT('',(155.463423,-83.750012,0.));
#1290 = VECTOR('',#1291,1.);
#1291 = DIRECTION('',(0.,0.,1.));
#1292 = ORIENTED_EDGE('',*,*,#1293,.F.);
#1293 = EDGE_CURVE('',#1254,#1286,#1294,.T.);
#1294 = CIRCLE('',#1295,0.499933058455);
#1295 = AXIS2_PLACEMENT_3D('',#1296,#1297,#1298);
#1296 = CARTESIAN_POINT('',(155.46339105397,-83.25007894256,0.));
#1297 = DIRECTION('',(0.,0.,1.));
#1298 = DIRECTION('',(-0.999999991035,1.339030595132E-04,0.));
#1299 = CYLINDRICAL_SURFACE('',#1300,0.499933058455);
#1300 = AXIS2_PLACEMENT_3D('',#1301,#1302,#1303);
#1301 = CARTESIAN_POINT('',(155.46339105397,-83.25007894256,0.));
#1302 = DIRECTION('',(-0.,-0.,-1.));
#1303 = DIRECTION('',(-0.999999991035,1.339030595132E-04,0.));
#1304 = ADVANCED_FACE('',(#1305),#1330,.T.);
#1305 = FACE_BOUND('',#1306,.T.);
#1306 = EDGE_LOOP('',(#1307,#1308,#1316,#1324));
#1307 = ORIENTED_EDGE('',*,*,#1285,.T.);
#1308 = ORIENTED_EDGE('',*,*,#1309,.T.);
#1309 = EDGE_CURVE('',#1277,#1310,#1312,.T.);
#1310 = VERTEX_POINT('',#1311);
#1311 = CARTESIAN_POINT('',(156.676923,-83.750012,1.51));
#1312 = LINE('',#1313,#1314);
#1313 = CARTESIAN_POINT('',(155.463423,-83.750012,1.51));
#1314 = VECTOR('',#1315,1.);
#1315 = DIRECTION('',(1.,0.,0.));
#1316 = ORIENTED_EDGE('',*,*,#1317,.F.);
#1317 = EDGE_CURVE('',#1318,#1310,#1320,.T.);
#1318 = VERTEX_POINT('',#1319);
#1319 = CARTESIAN_POINT('',(156.676923,-83.750012,0.));
#1320 = LINE('',#1321,#1322);
#1321 = CARTESIAN_POINT('',(156.676923,-83.750012,0.));
#1322 = VECTOR('',#1323,1.);
#1323 = DIRECTION('',(0.,0.,1.));
#1324 = ORIENTED_EDGE('',*,*,#1325,.F.);
#1325 = EDGE_CURVE('',#1286,#1318,#1326,.T.);
#1326 = LINE('',#1327,#1328);
#1327 = CARTESIAN_POINT('',(155.463423,-83.750012,0.));
#1328 = VECTOR('',#1329,1.);
#1329 = DIRECTION('',(1.,0.,0.));
#1330 = PLANE('',#1331);
#1331 = AXIS2_PLACEMENT_3D('',#1332,#1333,#1334);
#1332 = CARTESIAN_POINT('',(155.463423,-83.750012,0.));
#1333 = DIRECTION('',(0.,1.,0.));
#1334 = DIRECTION('',(1.,0.,0.));
#1335 = ADVANCED_FACE('',(#1336),#1363,.T.);
#1336 = FACE_BOUND('',#1337,.T.);
#1337 = EDGE_LOOP('',(#1338,#1339,#1348,#1356));
#1338 = ORIENTED_EDGE('',*,*,#1317,.T.);
#1339 = ORIENTED_EDGE('',*,*,#1340,.T.);
#1340 = EDGE_CURVE('',#1310,#1341,#1343,.T.);
#1341 = VERTEX_POINT('',#1342);
#1342 = CARTESIAN_POINT('',(157.176916,-84.250012,1.51));
#1343 = CIRCLE('',#1344,0.499996212289);
#1344 = AXIS2_PLACEMENT_3D('',#1345,#1346,#1347);
#1345 = CARTESIAN_POINT('',(156.67691978772,-84.25000821227,1.51));
#1346 = DIRECTION('',(0.,0.,-1.));
#1347 = DIRECTION('',(6.424598734317E-06,0.999999999979,0.));
#1348 = ORIENTED_EDGE('',*,*,#1349,.F.);
#1349 = EDGE_CURVE('',#1350,#1341,#1352,.T.);
#1350 = VERTEX_POINT('',#1351);
#1351 = CARTESIAN_POINT('',(157.176916,-84.250012,0.));
#1352 = LINE('',#1353,#1354);
#1353 = CARTESIAN_POINT('',(157.176916,-84.250012,0.));
#1354 = VECTOR('',#1355,1.);
#1355 = DIRECTION('',(0.,0.,1.));
#1356 = ORIENTED_EDGE('',*,*,#1357,.F.);
#1357 = EDGE_CURVE('',#1318,#1350,#1358,.T.);
#1358 = CIRCLE('',#1359,0.499996212289);
#1359 = AXIS2_PLACEMENT_3D('',#1360,#1361,#1362);
#1360 = CARTESIAN_POINT('',(156.67691978772,-84.25000821227,0.));
#1361 = DIRECTION('',(0.,0.,-1.));
#1362 = DIRECTION('',(6.424598734317E-06,0.999999999979,0.));
#1363 = CYLINDRICAL_SURFACE('',#1364,0.499996212289);
#1364 = AXIS2_PLACEMENT_3D('',#1365,#1366,#1367);
#1365 = CARTESIAN_POINT('',(156.67691978772,-84.25000821227,0.));
#1366 = DIRECTION('',(0.,0.,-1.));
#1367 = DIRECTION('',(6.424598734317E-06,0.999999999979,0.));
#1368 = ADVANCED_FACE('',(#1369),#1394,.T.);
#1369 = FACE_BOUND('',#1370,.T.);
#1370 = EDGE_LOOP('',(#1371,#1372,#1380,#1388));
#1371 = ORIENTED_EDGE('',*,*,#1349,.T.);
#1372 = ORIENTED_EDGE('',*,*,#1373,.T.);
#1373 = EDGE_CURVE('',#1341,#1374,#1376,.T.);
#1374 = VERTEX_POINT('',#1375);
#1375 = CARTESIAN_POINT('',(157.176916,-92.75,1.51));
#1376 = LINE('',#1377,#1378);
#1377 = CARTESIAN_POINT('',(157.176916,-84.250012,1.51));
#1378 = VECTOR('',#1379,1.);
#1379 = DIRECTION('',(0.,-1.,0.));
#1380 = ORIENTED_EDGE('',*,*,#1381,.F.);
#1381 = EDGE_CURVE('',#1382,#1374,#1384,.T.);
#1382 = VERTEX_POINT('',#1383);
#1383 = CARTESIAN_POINT('',(157.176916,-92.75,0.));
#1384 = LINE('',#1385,#1386);
#1385 = CARTESIAN_POINT('',(157.176916,-92.75,0.));
#1386 = VECTOR('',#1387,1.);
#1387 = DIRECTION('',(0.,0.,1.));
#1388 = ORIENTED_EDGE('',*,*,#1389,.F.);
#1389 = EDGE_CURVE('',#1350,#1382,#1390,.T.);
#1390 = LINE('',#1391,#1392);
#1391 = CARTESIAN_POINT('',(157.176916,-84.250012,0.));
#1392 = VECTOR('',#1393,1.);
#1393 = DIRECTION('',(0.,-1.,0.));
#1394 = PLANE('',#1395);
#1395 = AXIS2_PLACEMENT_3D('',#1396,#1397,#1398);
#1396 = CARTESIAN_POINT('',(157.176916,-84.250012,0.));
#1397 = DIRECTION('',(1.,0.,-0.));
#1398 = DIRECTION('',(0.,-1.,0.));
#1399 = ADVANCED_FACE('',(#1400),#1427,.F.);
#1400 = FACE_BOUND('',#1401,.T.);
#1401 = EDGE_LOOP('',(#1402,#1403,#1412,#1420));
#1402 = ORIENTED_EDGE('',*,*,#1381,.T.);
#1403 = ORIENTED_EDGE('',*,*,#1404,.T.);
#1404 = EDGE_CURVE('',#1374,#1405,#1407,.T.);
#1405 = VERTEX_POINT('',#1406);
#1406 = CARTESIAN_POINT('',(157.676923,-93.250012,1.51));
#1407 = CIRCLE('',#1408,0.500003040838);
#1408 = AXIS2_PLACEMENT_3D('',#1409,#1410,#1411);
#1409 = CARTESIAN_POINT('',(157.67691904075,-92.75000895917,1.51));
#1410 = DIRECTION('',(0.,0.,1.));
#1411 = DIRECTION('',(-0.999999999839,1.791824601169E-05,0.));
#1412 = ORIENTED_EDGE('',*,*,#1413,.F.);
#1413 = EDGE_CURVE('',#1414,#1405,#1416,.T.);
#1414 = VERTEX_POINT('',#1415);
#1415 = CARTESIAN_POINT('',(157.676923,-93.250012,0.));
#1416 = LINE('',#1417,#1418);
#1417 = CARTESIAN_POINT('',(157.676923,-93.250012,0.));
#1418 = VECTOR('',#1419,1.);
#1419 = DIRECTION('',(0.,0.,1.));
#1420 = ORIENTED_EDGE('',*,*,#1421,.F.);
#1421 = EDGE_CURVE('',#1382,#1414,#1422,.T.);
#1422 = CIRCLE('',#1423,0.500003040838);
#1423 = AXIS2_PLACEMENT_3D('',#1424,#1425,#1426);
#1424 = CARTESIAN_POINT('',(157.67691904075,-92.75000895917,0.));
#1425 = DIRECTION('',(0.,0.,1.));
#1426 = DIRECTION('',(-0.999999999839,1.791824601169E-05,0.));
#1427 = CYLINDRICAL_SURFACE('',#1428,0.500003040838);
#1428 = AXIS2_PLACEMENT_3D('',#1429,#1430,#1431);
#1429 = CARTESIAN_POINT('',(157.67691904075,-92.75000895917,0.));
#1430 = DIRECTION('',(-0.,-0.,-1.));
#1431 = DIRECTION('',(-0.999999999839,1.791824601169E-05,0.));
#1432 = ADVANCED_FACE('',(#1433),#1458,.T.);
#1433 = FACE_BOUND('',#1434,.T.);
#1434 = EDGE_LOOP('',(#1435,#1436,#1444,#1452));
#1435 = ORIENTED_EDGE('',*,*,#1413,.T.);
#1436 = ORIENTED_EDGE('',*,*,#1437,.T.);
#1437 = EDGE_CURVE('',#1405,#1438,#1440,.T.);
#1438 = VERTEX_POINT('',#1439);
#1439 = CARTESIAN_POINT('',(166.676923,-93.250012,1.51));
#1440 = LINE('',#1441,#1442);
#1441 = CARTESIAN_POINT('',(157.676923,-93.250012,1.51));
#1442 = VECTOR('',#1443,1.);
#1443 = DIRECTION('',(1.,0.,0.));
#1444 = ORIENTED_EDGE('',*,*,#1445,.F.);
#1445 = EDGE_CURVE('',#1446,#1438,#1448,.T.);
#1446 = VERTEX_POINT('',#1447);
#1447 = CARTESIAN_POINT('',(166.676923,-93.250012,0.));
#1448 = LINE('',#1449,#1450);
#1449 = CARTESIAN_POINT('',(166.676923,-93.250012,0.));
#1450 = VECTOR('',#1451,1.);
#1451 = DIRECTION('',(0.,0.,1.));
#1452 = ORIENTED_EDGE('',*,*,#1453,.F.);
#1453 = EDGE_CURVE('',#1414,#1446,#1454,.T.);
#1454 = LINE('',#1455,#1456);
#1455 = CARTESIAN_POINT('',(157.676923,-93.250012,0.));
#1456 = VECTOR('',#1457,1.);
#1457 = DIRECTION('',(1.,0.,0.));
#1458 = PLANE('',#1459);
#1459 = AXIS2_PLACEMENT_3D('',#1460,#1461,#1462);
#1460 = CARTESIAN_POINT('',(157.676923,-93.250012,0.));
#1461 = DIRECTION('',(0.,1.,0.));
#1462 = DIRECTION('',(1.,0.,0.));
#1463 = ADVANCED_FACE('',(#1464),#1491,.T.);
#1464 = FACE_BOUND('',#1465,.T.);
#1465 = EDGE_LOOP('',(#1466,#1467,#1476,#1484));
#1466 = ORIENTED_EDGE('',*,*,#1445,.T.);
#1467 = ORIENTED_EDGE('',*,*,#1468,.T.);
#1468 = EDGE_CURVE('',#1438,#1469,#1471,.T.);
#1469 = VERTEX_POINT('',#1470);
#1470 = CARTESIAN_POINT('',(167.176916,-93.750012,1.51));
#1471 = CIRCLE('',#1472,0.499996212289);
#1472 = AXIS2_PLACEMENT_3D('',#1473,#1474,#1475);
#1473 = CARTESIAN_POINT('',(166.67691978772,-93.75000821227,1.51));
#1474 = DIRECTION('',(0.,0.,-1.));
#1475 = DIRECTION('',(6.424598734317E-06,0.999999999979,0.));
#1476 = ORIENTED_EDGE('',*,*,#1477,.F.);
#1477 = EDGE_CURVE('',#1478,#1469,#1480,.T.);
#1478 = VERTEX_POINT('',#1479);
#1479 = CARTESIAN_POINT('',(167.176916,-93.750012,0.));
#1480 = LINE('',#1481,#1482);
#1481 = CARTESIAN_POINT('',(167.176916,-93.750012,0.));
#1482 = VECTOR('',#1483,1.);
#1483 = DIRECTION('',(0.,0.,1.));
#1484 = ORIENTED_EDGE('',*,*,#1485,.F.);
#1485 = EDGE_CURVE('',#1446,#1478,#1486,.T.);
#1486 = CIRCLE('',#1487,0.499996212289);
#1487 = AXIS2_PLACEMENT_3D('',#1488,#1489,#1490);
#1488 = CARTESIAN_POINT('',(166.67691978772,-93.75000821227,0.));
#1489 = DIRECTION('',(0.,0.,-1.));
#1490 = DIRECTION('',(6.424598734317E-06,0.999999999979,0.));
#1491 = CYLINDRICAL_SURFACE('',#1492,0.499996212289);
#1492 = AXIS2_PLACEMENT_3D('',#1493,#1494,#1495);
#1493 = CARTESIAN_POINT('',(166.67691978772,-93.75000821227,0.));
#1494 = DIRECTION('',(0.,0.,-1.));
#1495 = DIRECTION('',(6.424598734317E-06,0.999999999979,0.));
#1496 = ADVANCED_FACE('',(#1497),#1522,.T.);
#1497 = FACE_BOUND('',#1498,.T.);
#1498 = EDGE_LOOP('',(#1499,#1500,#1508,#1516));
#1499 = ORIENTED_EDGE('',*,*,#1477,.T.);
#1500 = ORIENTED_EDGE('',*,*,#1501,.T.);
#1501 = EDGE_CURVE('',#1469,#1502,#1504,.T.);
#1502 = VERTEX_POINT('',#1503);
#1503 = CARTESIAN_POINT('',(167.176916,-117.75,1.51));
#1504 = LINE('',#1505,#1506);
#1505 = CARTESIAN_POINT('',(167.176916,-93.750012,1.51));
#1506 = VECTOR('',#1507,1.);
#1507 = DIRECTION('',(0.,-1.,0.));
#1508 = ORIENTED_EDGE('',*,*,#1509,.F.);
#1509 = EDGE_CURVE('',#1510,#1502,#1512,.T.);
#1510 = VERTEX_POINT('',#1511);
#1511 = CARTESIAN_POINT('',(167.176916,-117.75,0.));
#1512 = LINE('',#1513,#1514);
#1513 = CARTESIAN_POINT('',(167.176916,-117.75,0.));
#1514 = VECTOR('',#1515,1.);
#1515 = DIRECTION('',(0.,0.,1.));
#1516 = ORIENTED_EDGE('',*,*,#1517,.F.);
#1517 = EDGE_CURVE('',#1478,#1510,#1518,.T.);
#1518 = LINE('',#1519,#1520);
#1519 = CARTESIAN_POINT('',(167.176916,-93.750012,0.));
#1520 = VECTOR('',#1521,1.);
#1521 = DIRECTION('',(0.,-1.,0.));
#1522 = PLANE('',#1523);
#1523 = AXIS2_PLACEMENT_3D('',#1524,#1525,#1526);
#1524 = CARTESIAN_POINT('',(167.176916,-93.750012,0.));
#1525 = DIRECTION('',(1.,0.,-0.));
#1526 = DIRECTION('',(0.,-1.,0.));
#1527 = ADVANCED_FACE('',(#1528),#1555,.T.);
#1528 = FACE_BOUND('',#1529,.T.);
#1529 = EDGE_LOOP('',(#1530,#1531,#1540,#1548));
#1530 = ORIENTED_EDGE('',*,*,#1509,.T.);
#1531 = ORIENTED_EDGE('',*,*,#1532,.T.);
#1532 = EDGE_CURVE('',#1502,#1533,#1535,.T.);
#1533 = VERTEX_POINT('',#1534);
#1534 = CARTESIAN_POINT('',(166.676916,-118.250012,1.51));
#1535 = CIRCLE('',#1536,0.500025234406);
#1536 = AXIS2_PLACEMENT_3D('',#1537,#1538,#1539);
#1537 = CARTESIAN_POINT('',(166.67689076576,-117.7499867662,1.51));
#1538 = DIRECTION('',(0.,0.,-1.));
#1539 = DIRECTION('',(0.99999999965,-2.646620338299E-05,0.));
#1540 = ORIENTED_EDGE('',*,*,#1541,.F.);
#1541 = EDGE_CURVE('',#1542,#1533,#1544,.T.);
#1542 = VERTEX_POINT('',#1543);
#1543 = CARTESIAN_POINT('',(166.676916,-118.250012,0.));
#1544 = LINE('',#1545,#1546);
#1545 = CARTESIAN_POINT('',(166.676916,-118.250012,0.));
#1546 = VECTOR('',#1547,1.);
#1547 = DIRECTION('',(0.,0.,1.));
#1548 = ORIENTED_EDGE('',*,*,#1549,.F.);
#1549 = EDGE_CURVE('',#1510,#1542,#1550,.T.);
#1550 = CIRCLE('',#1551,0.500025234406);
#1551 = AXIS2_PLACEMENT_3D('',#1552,#1553,#1554);
#1552 = CARTESIAN_POINT('',(166.67689076576,-117.7499867662,0.));
#1553 = DIRECTION('',(0.,0.,-1.));
#1554 = DIRECTION('',(0.99999999965,-2.646620338299E-05,0.));
#1555 = CYLINDRICAL_SURFACE('',#1556,0.500025234406);
#1556 = AXIS2_PLACEMENT_3D('',#1557,#1558,#1559);
#1557 = CARTESIAN_POINT('',(166.67689076576,-117.7499867662,0.));
#1558 = DIRECTION('',(0.,0.,-1.));
#1559 = DIRECTION('',(0.99999999965,-2.646620338299E-05,0.));
#1560 = ADVANCED_FACE('',(#1561),#1586,.T.);
#1561 = FACE_BOUND('',#1562,.T.);
#1562 = EDGE_LOOP('',(#1563,#1564,#1572,#1580));
#1563 = ORIENTED_EDGE('',*,*,#1541,.T.);
#1564 = ORIENTED_EDGE('',*,*,#1565,.T.);
#1565 = EDGE_CURVE('',#1533,#1566,#1568,.T.);
#1566 = VERTEX_POINT('',#1567);
#1567 = CARTESIAN_POINT('',(155.463458,-118.250012,1.51));
#1568 = LINE('',#1569,#1570);
#1569 = CARTESIAN_POINT('',(166.676916,-118.250012,1.51));
#1570 = VECTOR('',#1571,1.);
#1571 = DIRECTION('',(-1.,0.,0.));
#1572 = ORIENTED_EDGE('',*,*,#1573,.F.);
#1573 = EDGE_CURVE('',#1574,#1566,#1576,.T.);
#1574 = VERTEX_POINT('',#1575);
#1575 = CARTESIAN_POINT('',(155.463458,-118.250012,0.));
#1576 = LINE('',#1577,#1578);
#1577 = CARTESIAN_POINT('',(155.463458,-118.250012,0.));
#1578 = VECTOR('',#1579,1.);
#1579 = DIRECTION('',(0.,0.,1.));
#1580 = ORIENTED_EDGE('',*,*,#1581,.F.);
#1581 = EDGE_CURVE('',#1542,#1574,#1582,.T.);
#1582 = LINE('',#1583,#1584);
#1583 = CARTESIAN_POINT('',(166.676916,-118.250012,0.));
#1584 = VECTOR('',#1585,1.);
#1585 = DIRECTION('',(-1.,0.,0.));
#1586 = PLANE('',#1587);
#1587 = AXIS2_PLACEMENT_3D('',#1588,#1589,#1590);
#1588 = CARTESIAN_POINT('',(166.676916,-118.250012,0.));
#1589 = DIRECTION('',(0.,-1.,0.));
#1590 = DIRECTION('',(-1.,0.,0.));
#1591 = ADVANCED_FACE('',(#1592),#1619,.F.);
#1592 = FACE_BOUND('',#1593,.T.);
#1593 = EDGE_LOOP('',(#1594,#1595,#1604,#1612));
#1594 = ORIENTED_EDGE('',*,*,#1573,.T.);
#1595 = ORIENTED_EDGE('',*,*,#1596,.T.);
#1596 = EDGE_CURVE('',#1566,#1597,#1599,.T.);
#1597 = VERTEX_POINT('',#1598);
#1598 = CARTESIAN_POINT('',(154.963458,-118.75,1.51));
#1599 = CIRCLE('',#1600,0.500003041018);
#1600 = AXIS2_PLACEMENT_3D('',#1601,#1602,#1603);
#1601 = CARTESIAN_POINT('',(155.46346104079,-118.750015041,1.51));
#1602 = DIRECTION('',(0.,0.,1.));
#1603 = DIRECTION('',(-6.081547456732E-06,0.999999999982,0.));
#1604 = ORIENTED_EDGE('',*,*,#1605,.F.);
#1605 = EDGE_CURVE('',#1606,#1597,#1608,.T.);
#1606 = VERTEX_POINT('',#1607);
#1607 = CARTESIAN_POINT('',(154.963458,-118.75,0.));
#1608 = LINE('',#1609,#1610);
#1609 = CARTESIAN_POINT('',(154.963458,-118.75,0.));
#1610 = VECTOR('',#1611,1.);
#1611 = DIRECTION('',(0.,0.,1.));
#1612 = ORIENTED_EDGE('',*,*,#1613,.F.);
#1613 = EDGE_CURVE('',#1574,#1606,#1614,.T.);
#1614 = CIRCLE('',#1615,0.500003041018);
#1615 = AXIS2_PLACEMENT_3D('',#1616,#1617,#1618);
#1616 = CARTESIAN_POINT('',(155.46346104079,-118.750015041,0.));
#1617 = DIRECTION('',(0.,0.,1.));
#1618 = DIRECTION('',(-6.081547456732E-06,0.999999999982,0.));
#1619 = CYLINDRICAL_SURFACE('',#1620,0.500003041018);
#1620 = AXIS2_PLACEMENT_3D('',#1621,#1622,#1623);
#1621 = CARTESIAN_POINT('',(155.46346104079,-118.750015041,0.));
#1622 = DIRECTION('',(-0.,-0.,-1.));
#1623 = DIRECTION('',(-6.081547456732E-06,0.999999999982,0.));
#1624 = ADVANCED_FACE('',(#1625),#1650,.T.);
#1625 = FACE_BOUND('',#1626,.T.);
#1626 = EDGE_LOOP('',(#1627,#1628,#1636,#1644));
#1627 = ORIENTED_EDGE('',*,*,#1605,.T.);
#1628 = ORIENTED_EDGE('',*,*,#1629,.T.);
#1629 = EDGE_CURVE('',#1597,#1630,#1632,.T.);
#1630 = VERTEX_POINT('',#1631);
#1631 = CARTESIAN_POINT('',(154.963458,-119.35,1.51));
#1632 = LINE('',#1633,#1634);
#1633 = CARTESIAN_POINT('',(154.963458,-118.75,1.51));
#1634 = VECTOR('',#1635,1.);
#1635 = DIRECTION('',(0.,-1.,0.));
#1636 = ORIENTED_EDGE('',*,*,#1637,.F.);
#1637 = EDGE_CURVE('',#1638,#1630,#1640,.T.);
#1638 = VERTEX_POINT('',#1639);
#1639 = CARTESIAN_POINT('',(154.963458,-119.35,0.));
#1640 = LINE('',#1641,#1642);
#1641 = CARTESIAN_POINT('',(154.963458,-119.35,0.));
#1642 = VECTOR('',#1643,1.);
#1643 = DIRECTION('',(0.,0.,1.));
#1644 = ORIENTED_EDGE('',*,*,#1645,.F.);
#1645 = EDGE_CURVE('',#1606,#1638,#1646,.T.);
#1646 = LINE('',#1647,#1648);
#1647 = CARTESIAN_POINT('',(154.963458,-118.75,0.));
#1648 = VECTOR('',#1649,1.);
#1649 = DIRECTION('',(0.,-1.,0.));
#1650 = PLANE('',#1651);
#1651 = AXIS2_PLACEMENT_3D('',#1652,#1653,#1654);
#1652 = CARTESIAN_POINT('',(154.963458,-118.75,0.));
#1653 = DIRECTION('',(1.,0.,-0.));
#1654 = DIRECTION('',(0.,-1.,0.));
#1655 = ADVANCED_FACE('',(#1656),#1683,.T.);
#1656 = FACE_BOUND('',#1657,.T.);
#1657 = EDGE_LOOP('',(#1658,#1659,#1668,#1676));
#1658 = ORIENTED_EDGE('',*,*,#1637,.T.);
#1659 = ORIENTED_EDGE('',*,*,#1660,.T.);
#1660 = EDGE_CURVE('',#1630,#1661,#1663,.T.);
#1661 = VERTEX_POINT('',#1662);
#1662 = CARTESIAN_POINT('',(154.468113,-119.850012,1.51));
#1663 = CIRCLE('',#1664,0.500033739785);
#1664 = AXIS2_PLACEMENT_3D('',#1665,#1666,#1667);
#1665 = CARTESIAN_POINT('',(154.46342426021,-119.3500002434,1.51));
#1666 = DIRECTION('',(0.,0.,-1.));
#1667 = DIRECTION('',(1.,4.869582952212E-07,0.));
#1668 = ORIENTED_EDGE('',*,*,#1669,.F.);
#1669 = EDGE_CURVE('',#1670,#1661,#1672,.T.);
#1670 = VERTEX_POINT('',#1671);
#1671 = CARTESIAN_POINT('',(154.468113,-119.850012,0.));
#1672 = LINE('',#1673,#1674);
#1673 = CARTESIAN_POINT('',(154.468113,-119.850012,0.));
#1674 = VECTOR('',#1675,1.);
#1675 = DIRECTION('',(0.,0.,1.));
#1676 = ORIENTED_EDGE('',*,*,#1677,.F.);
#1677 = EDGE_CURVE('',#1638,#1670,#1678,.T.);
#1678 = CIRCLE('',#1679,0.500033739785);
#1679 = AXIS2_PLACEMENT_3D('',#1680,#1681,#1682);
#1680 = CARTESIAN_POINT('',(154.46342426021,-119.3500002434,0.));
#1681 = DIRECTION('',(0.,0.,-1.));
#1682 = DIRECTION('',(1.,4.869582952212E-07,0.));
#1683 = CYLINDRICAL_SURFACE('',#1684,0.500033739785);
#1684 = AXIS2_PLACEMENT_3D('',#1685,#1686,#1687);
#1685 = CARTESIAN_POINT('',(154.46342426021,-119.3500002434,0.));
#1686 = DIRECTION('',(0.,0.,-1.));
#1687 = DIRECTION('',(1.,4.869582952212E-07,0.));
#1688 = ADVANCED_FACE('',(#1689),#1714,.T.);
#1689 = FACE_BOUND('',#1690,.T.);
#1690 = EDGE_LOOP('',(#1691,#1692,#1700,#1708));
#1691 = ORIENTED_EDGE('',*,*,#1669,.T.);
#1692 = ORIENTED_EDGE('',*,*,#1693,.T.);
#1693 = EDGE_CURVE('',#1661,#1694,#1696,.T.);
#1694 = VERTEX_POINT('',#1695);
#1695 = CARTESIAN_POINT('',(145.463423,-119.850012,1.51));
#1696 = LINE('',#1697,#1698);
#1697 = CARTESIAN_POINT('',(154.468113,-119.850012,1.51));
#1698 = VECTOR('',#1699,1.);
#1699 = DIRECTION('',(-1.,0.,0.));
#1700 = ORIENTED_EDGE('',*,*,#1701,.F.);
#1701 = EDGE_CURVE('',#1702,#1694,#1704,.T.);
#1702 = VERTEX_POINT('',#1703);
#1703 = CARTESIAN_POINT('',(145.463423,-119.850012,0.));
#1704 = LINE('',#1705,#1706);
#1705 = CARTESIAN_POINT('',(145.463423,-119.850012,0.));
#1706 = VECTOR('',#1707,1.);
#1707 = DIRECTION('',(0.,0.,1.));
#1708 = ORIENTED_EDGE('',*,*,#1709,.F.);
#1709 = EDGE_CURVE('',#1670,#1702,#1710,.T.);
#1710 = LINE('',#1711,#1712);
#1711 = CARTESIAN_POINT('',(154.468113,-119.850012,0.));
#1712 = VECTOR('',#1713,1.);
#1713 = DIRECTION('',(-1.,0.,0.));
#1714 = PLANE('',#1715);
#1715 = AXIS2_PLACEMENT_3D('',#1716,#1717,#1718);
#1716 = CARTESIAN_POINT('',(154.468113,-119.850012,0.));
#1717 = DIRECTION('',(0.,-1.,0.));
#1718 = DIRECTION('',(-1.,0.,0.));
#1719 = ADVANCED_FACE('',(#1720),#1747,.T.);
#1720 = FACE_BOUND('',#1721,.T.);
#1721 = EDGE_LOOP('',(#1722,#1723,#1732,#1740));
#1722 = ORIENTED_EDGE('',*,*,#1701,.T.);
#1723 = ORIENTED_EDGE('',*,*,#1724,.T.);
#1724 = EDGE_CURVE('',#1694,#1725,#1727,.T.);
#1725 = VERTEX_POINT('',#1726);
#1726 = CARTESIAN_POINT('',(144.963458,-119.350012,1.51));
#1727 = CIRCLE('',#1728,0.499933058455);
#1728 = AXIS2_PLACEMENT_3D('',#1729,#1730,#1731);
#1729 = CARTESIAN_POINT('',(145.46339105397,-119.3500789425,1.51));
#1730 = DIRECTION('',(0.,0.,-1.));
#1731 = DIRECTION('',(6.390060973819E-05,-0.999999997958,0.));
#1732 = ORIENTED_EDGE('',*,*,#1733,.F.);
#1733 = EDGE_CURVE('',#1734,#1725,#1736,.T.);
#1734 = VERTEX_POINT('',#1735);
#1735 = CARTESIAN_POINT('',(144.963458,-119.350012,0.));
#1736 = LINE('',#1737,#1738);
#1737 = CARTESIAN_POINT('',(144.963458,-119.350012,0.));
#1738 = VECTOR('',#1739,1.);
#1739 = DIRECTION('',(0.,0.,1.));
#1740 = ORIENTED_EDGE('',*,*,#1741,.F.);
#1741 = EDGE_CURVE('',#1702,#1734,#1742,.T.);
#1742 = CIRCLE('',#1743,0.499933058455);
#1743 = AXIS2_PLACEMENT_3D('',#1744,#1745,#1746);
#1744 = CARTESIAN_POINT('',(145.46339105397,-119.3500789425,0.));
#1745 = DIRECTION('',(0.,0.,-1.));
#1746 = DIRECTION('',(6.390060973819E-05,-0.999999997958,0.));
#1747 = CYLINDRICAL_SURFACE('',#1748,0.499933058455);
#1748 = AXIS2_PLACEMENT_3D('',#1749,#1750,#1751);
#1749 = CARTESIAN_POINT('',(145.46339105397,-119.3500789425,0.));
#1750 = DIRECTION('',(0.,0.,-1.));
#1751 = DIRECTION('',(6.390060973819E-05,-0.999999997958,0.));
#1752 = ADVANCED_FACE('',(#1753),#1778,.T.);
#1753 = FACE_BOUND('',#1754,.T.);
#1754 = EDGE_LOOP('',(#1755,#1756,#1764,#1772));
#1755 = ORIENTED_EDGE('',*,*,#1733,.T.);
#1756 = ORIENTED_EDGE('',*,*,#1757,.T.);
#1757 = EDGE_CURVE('',#1725,#1758,#1760,.T.);
#1758 = VERTEX_POINT('',#1759);
#1759 = CARTESIAN_POINT('',(144.963458,-118.757311,1.51));
#1760 = LINE('',#1761,#1762);
#1761 = CARTESIAN_POINT('',(144.963458,-119.350012,1.51));
#1762 = VECTOR('',#1763,1.);
#1763 = DIRECTION('',(0.,1.,0.));
#1764 = ORIENTED_EDGE('',*,*,#1765,.F.);
#1765 = EDGE_CURVE('',#1766,#1758,#1768,.T.);
#1766 = VERTEX_POINT('',#1767);
#1767 = CARTESIAN_POINT('',(144.963458,-118.757311,0.));
#1768 = LINE('',#1769,#1770);
#1769 = CARTESIAN_POINT('',(144.963458,-118.757311,0.));
#1770 = VECTOR('',#1771,1.);
#1771 = DIRECTION('',(0.,0.,1.));
#1772 = ORIENTED_EDGE('',*,*,#1773,.F.);
#1773 = EDGE_CURVE('',#1734,#1766,#1774,.T.);
#1774 = LINE('',#1775,#1776);
#1775 = CARTESIAN_POINT('',(144.963458,-119.350012,0.));
#1776 = VECTOR('',#1777,1.);
#1777 = DIRECTION('',(0.,1.,0.));
#1778 = PLANE('',#1779);
#1779 = AXIS2_PLACEMENT_3D('',#1780,#1781,#1782);
#1780 = CARTESIAN_POINT('',(144.963458,-119.350012,0.));
#1781 = DIRECTION('',(-1.,0.,0.));
#1782 = DIRECTION('',(0.,1.,0.));
#1783 = ADVANCED_FACE('',(#1784),#1811,.F.);
#1784 = FACE_BOUND('',#1785,.T.);
#1785 = EDGE_LOOP('',(#1786,#1787,#1796,#1804));
#1786 = ORIENTED_EDGE('',*,*,#1765,.T.);
#1787 = ORIENTED_EDGE('',*,*,#1788,.T.);
#1788 = EDGE_CURVE('',#1758,#1789,#1791,.T.);
#1789 = VERTEX_POINT('',#1790);
#1790 = CARTESIAN_POINT('',(144.463323,-118.250012,1.51));
#1791 = CIRCLE('',#1792,0.500155009812);
#1792 = AXIS2_PLACEMENT_3D('',#1793,#1794,#1795);
#1793 = CARTESIAN_POINT('',(144.46335401358,-118.7501670088,1.51));
#1794 = DIRECTION('',(0.,0.,1.));
#1795 = DIRECTION('',(0.999897984837,-1.428355411777E-02,0.));
#1796 = ORIENTED_EDGE('',*,*,#1797,.F.);
#1797 = EDGE_CURVE('',#1798,#1789,#1800,.T.);
#1798 = VERTEX_POINT('',#1799);
#1799 = CARTESIAN_POINT('',(144.463323,-118.250012,0.));
#1800 = LINE('',#1801,#1802);
#1801 = CARTESIAN_POINT('',(144.463323,-118.250012,0.));
#1802 = VECTOR('',#1803,1.);
#1803 = DIRECTION('',(0.,0.,1.));
#1804 = ORIENTED_EDGE('',*,*,#1805,.F.);
#1805 = EDGE_CURVE('',#1766,#1798,#1806,.T.);
#1806 = CIRCLE('',#1807,0.500155009812);
#1807 = AXIS2_PLACEMENT_3D('',#1808,#1809,#1810);
#1808 = CARTESIAN_POINT('',(144.46335401358,-118.7501670088,0.));
#1809 = DIRECTION('',(0.,0.,1.));
#1810 = DIRECTION('',(0.999897984837,-1.428355411777E-02,0.));
#1811 = CYLINDRICAL_SURFACE('',#1812,0.500155009812);
#1812 = AXIS2_PLACEMENT_3D('',#1813,#1814,#1815);
#1813 = CARTESIAN_POINT('',(144.46335401358,-118.7501670088,0.));
#1814 = DIRECTION('',(-0.,-0.,-1.));
#1815 = DIRECTION('',(0.999897984837,-1.428355411777E-02,0.));
#1816 = ADVANCED_FACE('',(#1817),#1842,.T.);
#1817 = FACE_BOUND('',#1818,.T.);
#1818 = EDGE_LOOP('',(#1819,#1820,#1828,#1836));
#1819 = ORIENTED_EDGE('',*,*,#1797,.T.);
#1820 = ORIENTED_EDGE('',*,*,#1821,.T.);
#1821 = EDGE_CURVE('',#1789,#1822,#1824,.T.);
#1822 = VERTEX_POINT('',#1823);
#1823 = CARTESIAN_POINT('',(143.250023,-118.250012,1.51));
#1824 = LINE('',#1825,#1826);
#1825 = CARTESIAN_POINT('',(144.463323,-118.250012,1.51));
#1826 = VECTOR('',#1827,1.);
#1827 = DIRECTION('',(-1.,0.,0.));
#1828 = ORIENTED_EDGE('',*,*,#1829,.F.);
#1829 = EDGE_CURVE('',#1830,#1822,#1832,.T.);
#1830 = VERTEX_POINT('',#1831);
#1831 = CARTESIAN_POINT('',(143.250023,-118.250012,0.));
#1832 = LINE('',#1833,#1834);
#1833 = CARTESIAN_POINT('',(143.250023,-118.250012,0.));
#1834 = VECTOR('',#1835,1.);
#1835 = DIRECTION('',(0.,0.,1.));
#1836 = ORIENTED_EDGE('',*,*,#1837,.F.);
#1837 = EDGE_CURVE('',#1798,#1830,#1838,.T.);
#1838 = LINE('',#1839,#1840);
#1839 = CARTESIAN_POINT('',(144.463323,-118.250012,0.));
#1840 = VECTOR('',#1841,1.);
#1841 = DIRECTION('',(-1.,0.,0.));
#1842 = PLANE('',#1843);
#1843 = AXIS2_PLACEMENT_3D('',#1844,#1845,#1846);
#1844 = CARTESIAN_POINT('',(144.463323,-118.250012,0.));
#1845 = DIRECTION('',(0.,-1.,0.));
#1846 = DIRECTION('',(-1.,0.,0.));
#1847 = ADVANCED_FACE('',(#1848),#1875,.T.);
#1848 = FACE_BOUND('',#1849,.T.);
#1849 = EDGE_LOOP('',(#1850,#1851,#1860,#1868));
#1850 = ORIENTED_EDGE('',*,*,#1829,.T.);
#1851 = ORIENTED_EDGE('',*,*,#1852,.T.);
#1852 = EDGE_CURVE('',#1822,#1853,#1855,.T.);
#1853 = VERTEX_POINT('',#1854);
#1854 = CARTESIAN_POINT('',(142.750011,-117.75,1.51));
#1855 = CIRCLE('',#1856,0.500011576133);
#1856 = AXIS2_PLACEMENT_3D('',#1857,#1858,#1859);
#1857 = CARTESIAN_POINT('',(143.25002257613,-117.7500004238,1.51));
#1858 = DIRECTION('',(0.,0.,-1.));
#1859 = DIRECTION('',(8.477149848752E-07,-1.,0.));
#1860 = ORIENTED_EDGE('',*,*,#1861,.F.);
#1861 = EDGE_CURVE('',#1862,#1853,#1864,.T.);
#1862 = VERTEX_POINT('',#1863);
#1863 = CARTESIAN_POINT('',(142.750011,-117.75,0.));
#1864 = LINE('',#1865,#1866);
#1865 = CARTESIAN_POINT('',(142.750011,-117.75,0.));
#1866 = VECTOR('',#1867,1.);
#1867 = DIRECTION('',(0.,0.,1.));
#1868 = ORIENTED_EDGE('',*,*,#1869,.F.);
#1869 = EDGE_CURVE('',#1830,#1862,#1870,.T.);
#1870 = CIRCLE('',#1871,0.500011576133);
#1871 = AXIS2_PLACEMENT_3D('',#1872,#1873,#1874);
#1872 = CARTESIAN_POINT('',(143.25002257613,-117.7500004238,0.));
#1873 = DIRECTION('',(0.,0.,-1.));
#1874 = DIRECTION('',(8.477149848752E-07,-1.,0.));
#1875 = CYLINDRICAL_SURFACE('',#1876,0.500011576133);
#1876 = AXIS2_PLACEMENT_3D('',#1877,#1878,#1879);
#1877 = CARTESIAN_POINT('',(143.25002257613,-117.7500004238,0.));
#1878 = DIRECTION('',(0.,0.,-1.));
#1879 = DIRECTION('',(8.477149848752E-07,-1.,0.));
#1880 = ADVANCED_FACE('',(#1881),#1906,.T.);
#1881 = FACE_BOUND('',#1882,.T.);
#1882 = EDGE_LOOP('',(#1883,#1884,#1892,#1900));
#1883 = ORIENTED_EDGE('',*,*,#1861,.T.);
#1884 = ORIENTED_EDGE('',*,*,#1885,.T.);
#1885 = EDGE_CURVE('',#1853,#1886,#1888,.T.);
#1886 = VERTEX_POINT('',#1887);
#1887 = CARTESIAN_POINT('',(142.75,-117.75,1.51));
#1888 = LINE('',#1889,#1890);
#1889 = CARTESIAN_POINT('',(142.750011,-117.75,1.51));
#1890 = VECTOR('',#1891,1.);
#1891 = DIRECTION('',(-1.,0.,0.));
#1892 = ORIENTED_EDGE('',*,*,#1893,.F.);
#1893 = EDGE_CURVE('',#1894,#1886,#1896,.T.);
#1894 = VERTEX_POINT('',#1895);
#1895 = CARTESIAN_POINT('',(142.75,-117.75,0.));
#1896 = LINE('',#1897,#1898);
#1897 = CARTESIAN_POINT('',(142.75,-117.75,0.));
#1898 = VECTOR('',#1899,1.);
#1899 = DIRECTION('',(0.,0.,1.));
#1900 = ORIENTED_EDGE('',*,*,#1901,.F.);
#1901 = EDGE_CURVE('',#1862,#1894,#1902,.T.);
#1902 = LINE('',#1903,#1904);
#1903 = CARTESIAN_POINT('',(142.750011,-117.75,0.));
#1904 = VECTOR('',#1905,1.);
#1905 = DIRECTION('',(-1.,0.,0.));
#1906 = PLANE('',#1907);
#1907 = AXIS2_PLACEMENT_3D('',#1908,#1909,#1910);
#1908 = CARTESIAN_POINT('',(142.750011,-117.75,0.));
#1909 = DIRECTION('',(0.,-1.,0.));
#1910 = DIRECTION('',(-1.,0.,0.));
#1911 = ADVANCED_FACE('',(#1912),#1937,.T.);
#1912 = FACE_BOUND('',#1913,.T.);
#1913 = EDGE_LOOP('',(#1914,#1915,#1923,#1931));
#1914 = ORIENTED_EDGE('',*,*,#1893,.T.);
#1915 = ORIENTED_EDGE('',*,*,#1916,.T.);
#1916 = EDGE_CURVE('',#1886,#1917,#1919,.T.);
#1917 = VERTEX_POINT('',#1918);
#1918 = CARTESIAN_POINT('',(142.75,-84.25,1.51));
#1919 = LINE('',#1920,#1921);
#1920 = CARTESIAN_POINT('',(142.75,-117.75,1.51));
#1921 = VECTOR('',#1922,1.);
#1922 = DIRECTION('',(0.,1.,0.));
#1923 = ORIENTED_EDGE('',*,*,#1924,.F.);
#1924 = EDGE_CURVE('',#1925,#1917,#1927,.T.);
#1925 = VERTEX_POINT('',#1926);
#1926 = CARTESIAN_POINT('',(142.75,-84.25,0.));
#1927 = LINE('',#1928,#1929);
#1928 = CARTESIAN_POINT('',(142.75,-84.25,0.));
#1929 = VECTOR('',#1930,1.);
#1930 = DIRECTION('',(0.,0.,1.));
#1931 = ORIENTED_EDGE('',*,*,#1932,.F.);
#1932 = EDGE_CURVE('',#1894,#1925,#1933,.T.);
#1933 = LINE('',#1934,#1935);
#1934 = CARTESIAN_POINT('',(142.75,-117.75,0.));
#1935 = VECTOR('',#1936,1.);
#1936 = DIRECTION('',(0.,1.,0.));
#1937 = PLANE('',#1938);
#1938 = AXIS2_PLACEMENT_3D('',#1939,#1940,#1941);
#1939 = CARTESIAN_POINT('',(142.75,-117.75,0.));
#1940 = DIRECTION('',(-1.,0.,0.));
#1941 = DIRECTION('',(0.,1.,0.));
#1942 = ADVANCED_FACE('',(#1943),#1970,.T.);
#1943 = FACE_BOUND('',#1944,.T.);
#1944 = EDGE_LOOP('',(#1945,#1946,#1955,#1963));
#1945 = ORIENTED_EDGE('',*,*,#1924,.T.);
#1946 = ORIENTED_EDGE('',*,*,#1947,.T.);
#1947 = EDGE_CURVE('',#1917,#1948,#1950,.T.);
#1948 = VERTEX_POINT('',#1949);
#1949 = CARTESIAN_POINT('',(143.25,-83.750012,1.51));
#1950 = CIRCLE('',#1951,0.49996378034);
#1951 = AXIS2_PLACEMENT_3D('',#1952,#1953,#1954);
#1952 = CARTESIAN_POINT('',(143.24996377975,-84.24997577902,1.51));
#1953 = DIRECTION('',(0.,0.,-1.));
#1954 = DIRECTION('',(-0.999999998827,-4.844545280419E-05,-0.));
#1955 = ORIENTED_EDGE('',*,*,#1956,.F.);
#1956 = EDGE_CURVE('',#1957,#1948,#1959,.T.);
#1957 = VERTEX_POINT('',#1958);
#1958 = CARTESIAN_POINT('',(143.25,-83.750012,0.));
#1959 = LINE('',#1960,#1961);
#1960 = CARTESIAN_POINT('',(143.25,-83.750012,0.));
#1961 = VECTOR('',#1962,1.);
#1962 = DIRECTION('',(0.,0.,1.));
#1963 = ORIENTED_EDGE('',*,*,#1964,.F.);
#1964 = EDGE_CURVE('',#1925,#1957,#1965,.T.);
#1965 = CIRCLE('',#1966,0.49996378034);
#1966 = AXIS2_PLACEMENT_3D('',#1967,#1968,#1969);
#1967 = CARTESIAN_POINT('',(143.24996377975,-84.24997577902,0.));
#1968 = DIRECTION('',(0.,0.,-1.));
#1969 = DIRECTION('',(-0.999999998827,-4.844545280419E-05,-0.));
#1970 = CYLINDRICAL_SURFACE('',#1971,0.49996378034);
#1971 = AXIS2_PLACEMENT_3D('',#1972,#1973,#1974);
#1972 = CARTESIAN_POINT('',(143.24996377975,-84.24997577902,0.));
#1973 = DIRECTION('',(0.,0.,-1.));
#1974 = DIRECTION('',(-0.999999998827,-4.844545280419E-05,-0.));
#1975 = ADVANCED_FACE('',(#1976),#2001,.T.);
#1976 = FACE_BOUND('',#1977,.T.);
#1977 = EDGE_LOOP('',(#1978,#1979,#1987,#1995));
#1978 = ORIENTED_EDGE('',*,*,#1956,.T.);
#1979 = ORIENTED_EDGE('',*,*,#1980,.T.);
#1980 = EDGE_CURVE('',#1948,#1981,#1983,.T.);
#1981 = VERTEX_POINT('',#1982);
#1982 = CARTESIAN_POINT('',(144.458733,-83.750012,1.51));
#1983 = LINE('',#1984,#1985);
#1984 = CARTESIAN_POINT('',(143.25,-83.750012,1.51));
#1985 = VECTOR('',#1986,1.);
#1986 = DIRECTION('',(1.,0.,0.));
#1987 = ORIENTED_EDGE('',*,*,#1988,.F.);
#1988 = EDGE_CURVE('',#1989,#1981,#1991,.T.);
#1989 = VERTEX_POINT('',#1990);
#1990 = CARTESIAN_POINT('',(144.458733,-83.750012,0.));
#1991 = LINE('',#1992,#1993);
#1992 = CARTESIAN_POINT('',(144.458733,-83.750012,0.));
#1993 = VECTOR('',#1994,1.);
#1994 = DIRECTION('',(0.,0.,1.));
#1995 = ORIENTED_EDGE('',*,*,#1996,.F.);
#1996 = EDGE_CURVE('',#1957,#1989,#1997,.T.);
#1997 = LINE('',#1998,#1999);
#1998 = CARTESIAN_POINT('',(143.25,-83.750012,0.));
#1999 = VECTOR('',#2000,1.);
#2000 = DIRECTION('',(1.,0.,0.));
#2001 = PLANE('',#2002);
#2002 = AXIS2_PLACEMENT_3D('',#2003,#2004,#2005);
#2003 = CARTESIAN_POINT('',(143.25,-83.750012,0.));
#2004 = DIRECTION('',(0.,1.,0.));
#2005 = DIRECTION('',(1.,0.,0.));
#2006 = ADVANCED_FACE('',(#2007),#2034,.F.);
#2007 = FACE_BOUND('',#2008,.T.);
#2008 = EDGE_LOOP('',(#2009,#2010,#2019,#2027));
#2009 = ORIENTED_EDGE('',*,*,#1988,.T.);
#2010 = ORIENTED_EDGE('',*,*,#2011,.T.);
#2011 = EDGE_CURVE('',#1981,#2012,#2014,.T.);
#2012 = VERTEX_POINT('',#2013);
#2013 = CARTESIAN_POINT('',(144.963458,-83.25,1.51));
#2014 = CIRCLE('',#2015,0.500033779503);
#2015 = AXIS2_PLACEMENT_3D('',#2016,#2017,#2018);
#2016 = CARTESIAN_POINT('',(144.46342422049,-83.25000022704,1.51));
#2017 = DIRECTION('',(0.,0.,1.));
#2018 = DIRECTION('',(-9.381807168822E-03,-0.999955989879,0.));
#2019 = ORIENTED_EDGE('',*,*,#2020,.F.);
#2020 = EDGE_CURVE('',#2021,#2012,#2023,.T.);
#2021 = VERTEX_POINT('',#2022);
#2022 = CARTESIAN_POINT('',(144.963458,-83.25,0.));
#2023 = LINE('',#2024,#2025);
#2024 = CARTESIAN_POINT('',(144.963458,-83.25,0.));
#2025 = VECTOR('',#2026,1.);
#2026 = DIRECTION('',(0.,0.,1.));
#2027 = ORIENTED_EDGE('',*,*,#2028,.F.);
#2028 = EDGE_CURVE('',#1989,#2021,#2029,.T.);
#2029 = CIRCLE('',#2030,0.500033779503);
#2030 = AXIS2_PLACEMENT_3D('',#2031,#2032,#2033);
#2031 = CARTESIAN_POINT('',(144.46342422049,-83.25000022704,0.));
#2032 = DIRECTION('',(0.,0.,1.));
#2033 = DIRECTION('',(-9.381807168822E-03,-0.999955989879,0.));
#2034 = CYLINDRICAL_SURFACE('',#2035,0.500033779503);
#2035 = AXIS2_PLACEMENT_3D('',#2036,#2037,#2038);
#2036 = CARTESIAN_POINT('',(144.46342422049,-83.25000022704,0.));
#2037 = DIRECTION('',(-0.,-0.,-1.));
#2038 = DIRECTION('',(-9.381807168822E-03,-0.999955989879,0.));
#2039 = ADVANCED_FACE('',(#2040),#2065,.T.);
#2040 = FACE_BOUND('',#2041,.T.);
#2041 = EDGE_LOOP('',(#2042,#2043,#2051,#2059));
#2042 = ORIENTED_EDGE('',*,*,#2020,.T.);
#2043 = ORIENTED_EDGE('',*,*,#2044,.T.);
#2044 = EDGE_CURVE('',#2012,#2045,#2047,.T.);
#2045 = VERTEX_POINT('',#2046);
#2046 = CARTESIAN_POINT('',(144.963458,-72.65,1.51));
#2047 = LINE('',#2048,#2049);
#2048 = CARTESIAN_POINT('',(144.963458,-83.25,1.51));
#2049 = VECTOR('',#2050,1.);
#2050 = DIRECTION('',(0.,1.,0.));
#2051 = ORIENTED_EDGE('',*,*,#2052,.F.);
#2052 = EDGE_CURVE('',#2053,#2045,#2055,.T.);
#2053 = VERTEX_POINT('',#2054);
#2054 = CARTESIAN_POINT('',(144.963458,-72.65,0.));
#2055 = LINE('',#2056,#2057);
#2056 = CARTESIAN_POINT('',(144.963458,-72.65,0.));
#2057 = VECTOR('',#2058,1.);
#2058 = DIRECTION('',(0.,0.,1.));
#2059 = ORIENTED_EDGE('',*,*,#2060,.F.);
#2060 = EDGE_CURVE('',#2021,#2053,#2061,.T.);
#2061 = LINE('',#2062,#2063);
#2062 = CARTESIAN_POINT('',(144.963458,-83.25,0.));
#2063 = VECTOR('',#2064,1.);
#2064 = DIRECTION('',(0.,1.,0.));
#2065 = PLANE('',#2066);
#2066 = AXIS2_PLACEMENT_3D('',#2067,#2068,#2069);
#2067 = CARTESIAN_POINT('',(144.963458,-83.25,0.));
#2068 = DIRECTION('',(-1.,0.,0.));
#2069 = DIRECTION('',(0.,1.,0.));
#2070 = ADVANCED_FACE('',(#2071),#2098,.T.);
#2071 = FACE_BOUND('',#2072,.T.);
#2072 = EDGE_LOOP('',(#2073,#2074,#2083,#2091));
#2073 = ORIENTED_EDGE('',*,*,#2052,.T.);
#2074 = ORIENTED_EDGE('',*,*,#2075,.T.);
#2075 = EDGE_CURVE('',#2045,#2076,#2078,.T.);
#2076 = VERTEX_POINT('',#2077);
#2077 = CARTESIAN_POINT('',(145.463458,-72.150012,1.51));
#2078 = CIRCLE('',#2079,0.500003041018);
#2079 = AXIS2_PLACEMENT_3D('',#2080,#2081,#2082);
#2080 = CARTESIAN_POINT('',(145.46346104079,-72.650015041,1.51));
#2081 = DIRECTION('',(0.,0.,-1.));
#2082 = DIRECTION('',(-0.999999999548,3.008183548185E-05,0.));
#2083 = ORIENTED_EDGE('',*,*,#2084,.F.);
#2084 = EDGE_CURVE('',#2085,#2076,#2087,.T.);
#2085 = VERTEX_POINT('',#2086);
#2086 = CARTESIAN_POINT('',(145.463458,-72.150012,0.));
#2087 = LINE('',#2088,#2089);
#2088 = CARTESIAN_POINT('',(145.463458,-72.150012,0.));
#2089 = VECTOR('',#2090,1.);
#2090 = DIRECTION('',(0.,0.,1.));
#2091 = ORIENTED_EDGE('',*,*,#2092,.F.);
#2092 = EDGE_CURVE('',#2053,#2085,#2093,.T.);
#2093 = CIRCLE('',#2094,0.500003041018);
#2094 = AXIS2_PLACEMENT_3D('',#2095,#2096,#2097);
#2095 = CARTESIAN_POINT('',(145.46346104079,-72.650015041,0.));
#2096 = DIRECTION('',(0.,0.,-1.));
#2097 = DIRECTION('',(-0.999999999548,3.008183548185E-05,0.));
#2098 = CYLINDRICAL_SURFACE('',#2099,0.500003041018);
#2099 = AXIS2_PLACEMENT_3D('',#2100,#2101,#2102);
#2100 = CARTESIAN_POINT('',(145.46346104079,-72.650015041,0.));
#2101 = DIRECTION('',(0.,0.,-1.));
#2102 = DIRECTION('',(-0.999999999548,3.008183548185E-05,0.));
#2103 = ADVANCED_FACE('',(#2104),#2120,.T.);
#2104 = FACE_BOUND('',#2105,.T.);
#2105 = EDGE_LOOP('',(#2106,#2107,#2113,#2114));
#2106 = ORIENTED_EDGE('',*,*,#2084,.T.);
#2107 = ORIENTED_EDGE('',*,*,#2108,.T.);
#2108 = EDGE_CURVE('',#2076,#1205,#2109,.T.);
#2109 = LINE('',#2110,#2111);
#2110 = CARTESIAN_POINT('',(145.463458,-72.150012,1.51));
#2111 = VECTOR('',#2112,1.);
#2112 = DIRECTION('',(1.,0.,0.));
#2113 = ORIENTED_EDGE('',*,*,#1202,.F.);
#2114 = ORIENTED_EDGE('',*,*,#2115,.F.);
#2115 = EDGE_CURVE('',#2085,#1203,#2116,.T.);
#2116 = LINE('',#2117,#2118);
#2117 = CARTESIAN_POINT('',(145.463458,-72.150012,0.));
#2118 = VECTOR('',#2119,1.);
#2119 = DIRECTION('',(1.,0.,0.));
#2120 = PLANE('',#2121);
#2121 = AXIS2_PLACEMENT_3D('',#2122,#2123,#2124);
#2122 = CARTESIAN_POINT('',(145.463458,-72.150012,0.));
#2123 = DIRECTION('',(0.,1.,0.));
#2124 = DIRECTION('',(1.,0.,0.));
#2125 = ADVANCED_FACE('',(#2126),#2157,.F.);
#2126 = FACE_BOUND('',#2127,.T.);
#2127 = EDGE_LOOP('',(#2128,#2129,#2130,#2131,#2132,#2133,#2134,#2135,
    #2136,#2137,#2138,#2139,#2140,#2141,#2142,#2143,#2144,#2145,#2146,
    #2147,#2148,#2149,#2150,#2151,#2152,#2153,#2154,#2155,#2156));
#2128 = ORIENTED_EDGE('',*,*,#1229,.T.);
#2129 = ORIENTED_EDGE('',*,*,#1261,.T.);
#2130 = ORIENTED_EDGE('',*,*,#1293,.T.);
#2131 = ORIENTED_EDGE('',*,*,#1325,.T.);
#2132 = ORIENTED_EDGE('',*,*,#1357,.T.);
#2133 = ORIENTED_EDGE('',*,*,#1389,.T.);
#2134 = ORIENTED_EDGE('',*,*,#1421,.T.);
#2135 = ORIENTED_EDGE('',*,*,#1453,.T.);
#2136 = ORIENTED_EDGE('',*,*,#1485,.T.);
#2137 = ORIENTED_EDGE('',*,*,#1517,.T.);
#2138 = ORIENTED_EDGE('',*,*,#1549,.T.);
#2139 = ORIENTED_EDGE('',*,*,#1581,.T.);
#2140 = ORIENTED_EDGE('',*,*,#1613,.T.);
#2141 = ORIENTED_EDGE('',*,*,#1645,.T.);
#2142 = ORIENTED_EDGE('',*,*,#1677,.T.);
#2143 = ORIENTED_EDGE('',*,*,#1709,.T.);
#2144 = ORIENTED_EDGE('',*,*,#1741,.T.);
#2145 = ORIENTED_EDGE('',*,*,#1773,.T.);
#2146 = ORIENTED_EDGE('',*,*,#1805,.T.);
#2147 = ORIENTED_EDGE('',*,*,#1837,.T.);
#2148 = ORIENTED_EDGE('',*,*,#1869,.T.);
#2149 = ORIENTED_EDGE('',*,*,#1901,.T.);
#2150 = ORIENTED_EDGE('',*,*,#1932,.T.);
#2151 = ORIENTED_EDGE('',*,*,#1964,.T.);
#2152 = ORIENTED_EDGE('',*,*,#1996,.T.);
#2153 = ORIENTED_EDGE('',*,*,#2028,.T.);
#2154 = ORIENTED_EDGE('',*,*,#2060,.T.);
#2155 = ORIENTED_EDGE('',*,*,#2092,.T.);
#2156 = ORIENTED_EDGE('',*,*,#2115,.T.);
#2157 = PLANE('',#2158);
#2158 = AXIS2_PLACEMENT_3D('',#2159,#2160,#2161);
#2159 = CARTESIAN_POINT('',(0.,0.,0.));
#2160 = DIRECTION('',(0.,0.,1.));
#2161 = DIRECTION('',(1.,0.,-0.));
#2162 = ADVANCED_FACE('',(#2163),#2194,.T.);
#2163 = FACE_BOUND('',#2164,.F.);
#2164 = EDGE_LOOP('',(#2165,#2166,#2167,#2168,#2169,#2170,#2171,#2172,
    #2173,#2174,#2175,#2176,#2177,#2178,#2179,#2180,#2181,#2182,#2183,
    #2184,#2185,#2186,#2187,#2188,#2189,#2190,#2191,#2192,#2193));
#2165 = ORIENTED_EDGE('',*,*,#1212,.T.);
#2166 = ORIENTED_EDGE('',*,*,#1245,.T.);
#2167 = ORIENTED_EDGE('',*,*,#1276,.T.);
#2168 = ORIENTED_EDGE('',*,*,#1309,.T.);
#2169 = ORIENTED_EDGE('',*,*,#1340,.T.);
#2170 = ORIENTED_EDGE('',*,*,#1373,.T.);
#2171 = ORIENTED_EDGE('',*,*,#1404,.T.);
#2172 = ORIENTED_EDGE('',*,*,#1437,.T.);
#2173 = ORIENTED_EDGE('',*,*,#1468,.T.);
#2174 = ORIENTED_EDGE('',*,*,#1501,.T.);
#2175 = ORIENTED_EDGE('',*,*,#1532,.T.);
#2176 = ORIENTED_EDGE('',*,*,#1565,.T.);
#2177 = ORIENTED_EDGE('',*,*,#1596,.T.);
#2178 = ORIENTED_EDGE('',*,*,#1629,.T.);
#2179 = ORIENTED_EDGE('',*,*,#1660,.T.);
#2180 = ORIENTED_EDGE('',*,*,#1693,.T.);
#2181 = ORIENTED_EDGE('',*,*,#1724,.T.);
#2182 = ORIENTED_EDGE('',*,*,#1757,.T.);
#2183 = ORIENTED_EDGE('',*,*,#1788,.T.);
#2184 = ORIENTED_EDGE('',*,*,#1821,.T.);
#2185 = ORIENTED_EDGE('',*,*,#1852,.T.);
#2186 = ORIENTED_EDGE('',*,*,#1885,.T.);
#2187 = ORIENTED_EDGE('',*,*,#1916,.T.);
#2188 = ORIENTED_EDGE('',*,*,#1947,.T.);
#2189 = ORIENTED_EDGE('',*,*,#1980,.T.);
#2190 = ORIENTED_EDGE('',*,*,#2011,.T.);
#2191 = ORIENTED_EDGE('',*,*,#2044,.T.);
#2192 = ORIENTED_EDGE('',*,*,#2075,.T.);
#2193 = ORIENTED_EDGE('',*,*,#2108,.T.);
#2194 = PLANE('',#2195);
#2195 = AXIS2_PLACEMENT_3D('',#2196,#2197,#2198);
#2196 = CARTESIAN_POINT('',(0.,0.,1.51));
#2197 = DIRECTION('',(0.,0.,1.));
#2198 = DIRECTION('',(1.,0.,-0.));
#2199 = ( GEOMETRIC_REPRESENTATION_CONTEXT(3) 
GLOBAL_UNCERTAINTY_ASSIGNED_CONTEXT((#2203)) 
GLOBAL_UNIT_ASSIGNED_CONTEXT((#2200,#2201,#2202)) REPRESENTATION_CONTEXT
('Context #1','3D Context with UNIT and UNCERTAINTY') );
#2200 = ( LENGTH_UNIT() NAMED_UNIT(*) SI_UNIT(.MILLI.,.METRE.) );
#2201 = ( NAMED_UNIT(*) PLANE_ANGLE_UNIT() SI_UNIT($,.RADIAN.) );
#2202 = ( NAMED_UNIT(*) SI_UNIT($,.STERADIAN.) SOLID_ANGLE_UNIT() );
#2203 = UNCERTAINTY_MEASURE_WITH_UNIT(LENGTH_MEASURE(1.E-07),#2200,
  'distance_accuracy_value','confusion accuracy');
#2204 = CONTEXT_DEPENDENT_SHAPE_REPRESENTATION(#2205,#2207);
#2205 = ( REPRESENTATION_RELATIONSHIP('','',#1195,#10) 
REPRESENTATION_RELATIONSHIP_WITH_TRANSFORMATION(#2206) 
SHAPE_REPRESENTATION_RELATIONSHIP() );
#2206 = ITEM_DEFINED_TRANSFORMATION('','',#11,#23);
#2207 = PRODUCT_DEFINITION_SHAPE('Placement','Placement of an item',
  #2208);
#2208 = NEXT_ASSEMBLY_USAGE_OCCURRENCE('3','=>[0:1:1:4]','',#5,#1190,$);
#2209 = PRODUCT_RELATED_PRODUCT_CATEGORY('part',$,(#1192));
#2210 = MECHANICAL_DESIGN_GEOMETRIC_PRESENTATION_REPRESENTATION('',(
    #2211,#2219,#2226,#2233,#2240,#2247,#2254,#2261,#2269,#2276,#2283,
    #2290,#2297,#2304,#2312,#2319,#2326,#2333,#2340,#2347,#2354,#2361,
    #2368,#2375,#2382,#2389),#831);
#2211 = STYLED_ITEM('color',(#2212),#43);
#2212 = PRESENTATION_STYLE_ASSIGNMENT((#2213));
#2213 = SURFACE_STYLE_USAGE(.BOTH.,#2214);
#2214 = SURFACE_SIDE_STYLE('',(#2215));
#2215 = SURFACE_STYLE_FILL_AREA(#2216);
#2216 = FILL_AREA_STYLE('',(#2217));
#2217 = FILL_AREA_STYLE_COLOUR('',#2218);
#2218 = COLOUR_RGB('',0.823999987314,0.819999987296,0.781000009244);
#2219 = STYLED_ITEM('color',(#2220),#83);
#2220 = PRESENTATION_STYLE_ASSIGNMENT((#2221));
#2221 = SURFACE_STYLE_USAGE(.BOTH.,#2222);
#2222 = SURFACE_SIDE_STYLE('',(#2223));
#2223 = SURFACE_STYLE_FILL_AREA(#2224);
#2224 = FILL_AREA_STYLE('',(#2225));
#2225 = FILL_AREA_STYLE_COLOUR('',#2218);
#2226 = STYLED_ITEM('color',(#2227),#166);
#2227 = PRESENTATION_STYLE_ASSIGNMENT((#2228));
#2228 = SURFACE_STYLE_USAGE(.BOTH.,#2229);
#2229 = SURFACE_SIDE_STYLE('',(#2230));
#2230 = SURFACE_STYLE_FILL_AREA(#2231);
#2231 = FILL_AREA_STYLE('',(#2232));
#2232 = FILL_AREA_STYLE_COLOUR('',#2218);
#2233 = STYLED_ITEM('color',(#2234),#191);
#2234 = PRESENTATION_STYLE_ASSIGNMENT((#2235));
#2235 = SURFACE_STYLE_USAGE(.BOTH.,#2236);
#2236 = SURFACE_SIDE_STYLE('',(#2237));
#2237 = SURFACE_STYLE_FILL_AREA(#2238);
#2238 = FILL_AREA_STYLE('',(#2239));
#2239 = FILL_AREA_STYLE_COLOUR('',#2218);
#2240 = STYLED_ITEM('color',(#2241),#216);
#2241 = PRESENTATION_STYLE_ASSIGNMENT((#2242));
#2242 = SURFACE_STYLE_USAGE(.BOTH.,#2243);
#2243 = SURFACE_SIDE_STYLE('',(#2244));
#2244 = SURFACE_STYLE_FILL_AREA(#2245);
#2245 = FILL_AREA_STYLE('',(#2246));
#2246 = FILL_AREA_STYLE_COLOUR('',#2218);
#2247 = STYLED_ITEM('color',(#2248),#283);
#2248 = PRESENTATION_STYLE_ASSIGNMENT((#2249));
#2249 = SURFACE_STYLE_USAGE(.BOTH.,#2250);
#2250 = SURFACE_SIDE_STYLE('',(#2251));
#2251 = SURFACE_STYLE_FILL_AREA(#2252);
#2252 = FILL_AREA_STYLE('',(#2253));
#2253 = FILL_AREA_STYLE_COLOUR('',#2218);
#2254 = STYLED_ITEM('color',(#2255),#300);
#2255 = PRESENTATION_STYLE_ASSIGNMENT((#2256));
#2256 = SURFACE_STYLE_USAGE(.BOTH.,#2257);
#2257 = SURFACE_SIDE_STYLE('',(#2258));
#2258 = SURFACE_STYLE_FILL_AREA(#2259);
#2259 = FILL_AREA_STYLE('',(#2260));
#2260 = FILL_AREA_STYLE_COLOUR('',#2218);
#2261 = STYLED_ITEM('color',(#2262),#317);
#2262 = PRESENTATION_STYLE_ASSIGNMENT((#2263));
#2263 = SURFACE_STYLE_USAGE(.BOTH.,#2264);
#2264 = SURFACE_SIDE_STYLE('',(#2265));
#2265 = SURFACE_STYLE_FILL_AREA(#2266);
#2266 = FILL_AREA_STYLE('',(#2267));
#2267 = FILL_AREA_STYLE_COLOUR('',#2268);
#2268 = COLOUR_RGB('',0.894999966383,0.890999961016,0.813000030345);
#2269 = STYLED_ITEM('color',(#2270),#366);
#2270 = PRESENTATION_STYLE_ASSIGNMENT((#2271));
#2271 = SURFACE_STYLE_USAGE(.BOTH.,#2272);
#2272 = SURFACE_SIDE_STYLE('',(#2273));
#2273 = SURFACE_STYLE_FILL_AREA(#2274);
#2274 = FILL_AREA_STYLE('',(#2275));
#2275 = FILL_AREA_STYLE_COLOUR('',#2218);
#2276 = STYLED_ITEM('color',(#2277),#383);
#2277 = PRESENTATION_STYLE_ASSIGNMENT((#2278));
#2278 = SURFACE_STYLE_USAGE(.BOTH.,#2279);
#2279 = SURFACE_SIDE_STYLE('',(#2280));
#2280 = SURFACE_STYLE_FILL_AREA(#2281);
#2281 = FILL_AREA_STYLE('',(#2282));
#2282 = FILL_AREA_STYLE_COLOUR('',#2218);
#2283 = STYLED_ITEM('color',(#2284),#400);
#2284 = PRESENTATION_STYLE_ASSIGNMENT((#2285));
#2285 = SURFACE_STYLE_USAGE(.BOTH.,#2286);
#2286 = SURFACE_SIDE_STYLE('',(#2287));
#2287 = SURFACE_STYLE_FILL_AREA(#2288);
#2288 = FILL_AREA_STYLE('',(#2289));
#2289 = FILL_AREA_STYLE_COLOUR('',#2268);
#2290 = STYLED_ITEM('color',(#2291),#449);
#2291 = PRESENTATION_STYLE_ASSIGNMENT((#2292));
#2292 = SURFACE_STYLE_USAGE(.BOTH.,#2293);
#2293 = SURFACE_SIDE_STYLE('',(#2294));
#2294 = SURFACE_STYLE_FILL_AREA(#2295);
#2295 = FILL_AREA_STYLE('',(#2296));
#2296 = FILL_AREA_STYLE_COLOUR('',#2268);
#2297 = STYLED_ITEM('color',(#2298),#466);
#2298 = PRESENTATION_STYLE_ASSIGNMENT((#2299));
#2299 = SURFACE_STYLE_USAGE(.BOTH.,#2300);
#2300 = SURFACE_SIDE_STYLE('',(#2301));
#2301 = SURFACE_STYLE_FILL_AREA(#2302);
#2302 = FILL_AREA_STYLE('',(#2303));
#2303 = FILL_AREA_STYLE_COLOUR('',#2218);
#2304 = STYLED_ITEM('color',(#2305),#535);
#2305 = PRESENTATION_STYLE_ASSIGNMENT((#2306));
#2306 = SURFACE_STYLE_USAGE(.BOTH.,#2307);
#2307 = SURFACE_SIDE_STYLE('',(#2308));
#2308 = SURFACE_STYLE_FILL_AREA(#2309);
#2309 = FILL_AREA_STYLE('',(#2310));
#2310 = FILL_AREA_STYLE_COLOUR('',#2311);
#2311 = COLOUR_RGB('',8.200000279077E-02,8.600000121357E-02,
  9.399999706163E-02);
#2312 = STYLED_ITEM('color',(#2313),#566);
#2313 = PRESENTATION_STYLE_ASSIGNMENT((#2314));
#2314 = SURFACE_STYLE_USAGE(.BOTH.,#2315);
#2315 = SURFACE_SIDE_STYLE('',(#2316));
#2316 = SURFACE_STYLE_FILL_AREA(#2317);
#2317 = FILL_AREA_STYLE('',(#2318));
#2318 = FILL_AREA_STYLE_COLOUR('',#2311);
#2319 = STYLED_ITEM('color',(#2320),#590);
#2320 = PRESENTATION_STYLE_ASSIGNMENT((#2321));
#2321 = SURFACE_STYLE_USAGE(.BOTH.,#2322);
#2322 = SURFACE_SIDE_STYLE('',(#2323));
#2323 = SURFACE_STYLE_FILL_AREA(#2324);
#2324 = FILL_AREA_STYLE('',(#2325));
#2325 = FILL_AREA_STYLE_COLOUR('',#2218);
#2326 = STYLED_ITEM('color',(#2327),#659);
#2327 = PRESENTATION_STYLE_ASSIGNMENT((#2328));
#2328 = SURFACE_STYLE_USAGE(.BOTH.,#2329);
#2329 = SURFACE_SIDE_STYLE('',(#2330));
#2330 = SURFACE_STYLE_FILL_AREA(#2331);
#2331 = FILL_AREA_STYLE('',(#2332));
#2332 = FILL_AREA_STYLE_COLOUR('',#2311);
#2333 = STYLED_ITEM('color',(#2334),#683);
#2334 = PRESENTATION_STYLE_ASSIGNMENT((#2335));
#2335 = SURFACE_STYLE_USAGE(.BOTH.,#2336);
#2336 = SURFACE_SIDE_STYLE('',(#2337));
#2337 = SURFACE_STYLE_FILL_AREA(#2338);
#2338 = FILL_AREA_STYLE('',(#2339));
#2339 = FILL_AREA_STYLE_COLOUR('',#2218);
#2340 = STYLED_ITEM('color',(#2341),#700);
#2341 = PRESENTATION_STYLE_ASSIGNMENT((#2342));
#2342 = SURFACE_STYLE_USAGE(.BOTH.,#2343);
#2343 = SURFACE_SIDE_STYLE('',(#2344));
#2344 = SURFACE_STYLE_FILL_AREA(#2345);
#2345 = FILL_AREA_STYLE('',(#2346));
#2346 = FILL_AREA_STYLE_COLOUR('',#2218);
#2347 = STYLED_ITEM('color',(#2348),#717);
#2348 = PRESENTATION_STYLE_ASSIGNMENT((#2349));
#2349 = SURFACE_STYLE_USAGE(.BOTH.,#2350);
#2350 = SURFACE_SIDE_STYLE('',(#2351));
#2351 = SURFACE_STYLE_FILL_AREA(#2352);
#2352 = FILL_AREA_STYLE('',(#2353));
#2353 = FILL_AREA_STYLE_COLOUR('',#2218);
#2354 = STYLED_ITEM('color',(#2355),#734);
#2355 = PRESENTATION_STYLE_ASSIGNMENT((#2356));
#2356 = SURFACE_STYLE_USAGE(.BOTH.,#2357);
#2357 = SURFACE_SIDE_STYLE('',(#2358));
#2358 = SURFACE_STYLE_FILL_AREA(#2359);
#2359 = FILL_AREA_STYLE('',(#2360));
#2360 = FILL_AREA_STYLE_COLOUR('',#2218);
#2361 = STYLED_ITEM('color',(#2362),#751);
#2362 = PRESENTATION_STYLE_ASSIGNMENT((#2363));
#2363 = SURFACE_STYLE_USAGE(.BOTH.,#2364);
#2364 = SURFACE_SIDE_STYLE('',(#2365));
#2365 = SURFACE_STYLE_FILL_AREA(#2366);
#2366 = FILL_AREA_STYLE('',(#2367));
#2367 = FILL_AREA_STYLE_COLOUR('',#2218);
#2368 = STYLED_ITEM('color',(#2369),#768);
#2369 = PRESENTATION_STYLE_ASSIGNMENT((#2370));
#2370 = SURFACE_STYLE_USAGE(.BOTH.,#2371);
#2371 = SURFACE_SIDE_STYLE('',(#2372));
#2372 = SURFACE_STYLE_FILL_AREA(#2373);
#2373 = FILL_AREA_STYLE('',(#2374));
#2374 = FILL_AREA_STYLE_COLOUR('',#2218);
#2375 = STYLED_ITEM('color',(#2376),#785);
#2376 = PRESENTATION_STYLE_ASSIGNMENT((#2377));
#2377 = SURFACE_STYLE_USAGE(.BOTH.,#2378);
#2378 = SURFACE_SIDE_STYLE('',(#2379));
#2379 = SURFACE_STYLE_FILL_AREA(#2380);
#2380 = FILL_AREA_STYLE('',(#2381));
#2381 = FILL_AREA_STYLE_COLOUR('',#2218);
#2382 = STYLED_ITEM('color',(#2383),#802);
#2383 = PRESENTATION_STYLE_ASSIGNMENT((#2384));
#2384 = SURFACE_STYLE_USAGE(.BOTH.,#2385);
#2385 = SURFACE_SIDE_STYLE('',(#2386));
#2386 = SURFACE_STYLE_FILL_AREA(#2387);
#2387 = FILL_AREA_STYLE('',(#2388));
#2388 = FILL_AREA_STYLE_COLOUR('',#2311);
#2389 = STYLED_ITEM('color',(#2390),#819);
#2390 = PRESENTATION_STYLE_ASSIGNMENT((#2391));
#2391 = SURFACE_STYLE_USAGE(.BOTH.,#2392);
#2392 = SURFACE_SIDE_STYLE('',(#2393));
#2393 = SURFACE_STYLE_FILL_AREA(#2394);
#2394 = FILL_AREA_STYLE('',(#2395));
#2395 = FILL_AREA_STYLE_COLOUR('',#2311);
#2396 = MECHANICAL_DESIGN_GEOMETRIC_PRESENTATION_REPRESENTATION('',(
    #2397),#2199);
#2397 = STYLED_ITEM('color',(#2398),#1196);
#2398 = PRESENTATION_STYLE_ASSIGNMENT((#2399));
#2399 = SURFACE_STYLE_USAGE(.BOTH.,#2400);
#2400 = SURFACE_SIDE_STYLE('',(#2401));
#2401 = SURFACE_STYLE_FILL_AREA(#2402);
#2402 = FILL_AREA_STYLE('',(#2403));
#2403 = FILL_AREA_STYLE_COLOUR('',#2404);
#2404 = COLOUR_RGB('',0.313304153717,0.484529207832,0.410020903123);
#2405 = MECHANICAL_DESIGN_GEOMETRIC_PRESENTATION_REPRESENTATION('',(
    #2406,#2416,#2425,#2434,#2443),#1177);
#2406 = STYLED_ITEM('color',(#2407),#852);
#2407 = PRESENTATION_STYLE_ASSIGNMENT((#2408));
#2408 = SURFACE_STYLE_USAGE(.BOTH.,#2409);
#2409 = SURFACE_SIDE_STYLE('',(#2410,#2414));
#2410 = SURFACE_STYLE_FILL_AREA(#2411);
#2411 = FILL_AREA_STYLE('',(#2412));
#2412 = FILL_AREA_STYLE_COLOUR('',#2413);
#2413 = DRAUGHTING_PRE_DEFINED_COLOUR('white');
#2414 = SURFACE_STYLE_RENDERING_WITH_PROPERTIES(.NORMAL_SHADING.,#2413,(
    #2415));
#2415 = SURFACE_STYLE_TRANSPARENT(0.100000023842);
#2416 = STYLED_ITEM('color',(#2417),#904);
#2417 = PRESENTATION_STYLE_ASSIGNMENT((#2418));
#2418 = SURFACE_STYLE_USAGE(.BOTH.,#2419);
#2419 = SURFACE_SIDE_STYLE('',(#2420,#2423));
#2420 = SURFACE_STYLE_FILL_AREA(#2421);
#2421 = FILL_AREA_STYLE('',(#2422));
#2422 = FILL_AREA_STYLE_COLOUR('',#2413);
#2423 = SURFACE_STYLE_RENDERING_WITH_PROPERTIES(.NORMAL_SHADING.,#2413,(
    #2424));
#2424 = SURFACE_STYLE_TRANSPARENT(0.100000023842);
#2425 = STYLED_ITEM('color',(#2426),#956);
#2426 = PRESENTATION_STYLE_ASSIGNMENT((#2427));
#2427 = SURFACE_STYLE_USAGE(.BOTH.,#2428);
#2428 = SURFACE_SIDE_STYLE('',(#2429,#2432));
#2429 = SURFACE_STYLE_FILL_AREA(#2430);
#2430 = FILL_AREA_STYLE('',(#2431));
#2431 = FILL_AREA_STYLE_COLOUR('',#2413);
#2432 = SURFACE_STYLE_RENDERING_WITH_PROPERTIES(.NORMAL_SHADING.,#2413,(
    #2433));
#2433 = SURFACE_STYLE_TRANSPARENT(0.100000023842);
#2434 = STYLED_ITEM('color',(#2435),#1058);
#2435 = PRESENTATION_STYLE_ASSIGNMENT((#2436));
#2436 = SURFACE_STYLE_USAGE(.BOTH.,#2437);
#2437 = SURFACE_SIDE_STYLE('',(#2438,#2441));
#2438 = SURFACE_STYLE_FILL_AREA(#2439);
#2439 = FILL_AREA_STYLE('',(#2440));
#2440 = FILL_AREA_STYLE_COLOUR('',#2413);
#2441 = SURFACE_STYLE_RENDERING_WITH_PROPERTIES(.NORMAL_SHADING.,#2413,(
    #2442));
#2442 = SURFACE_STYLE_TRANSPARENT(0.100000023842);
#2443 = STYLED_ITEM('color',(#2444),#1135);
#2444 = PRESENTATION_STYLE_ASSIGNMENT((#2445));
#2445 = SURFACE_STYLE_USAGE(.BOTH.,#2446);
#2446 = SURFACE_SIDE_STYLE('',(#2447,#2450));
#2447 = SURFACE_STYLE_FILL_AREA(#2448);
#2448 = FILL_AREA_STYLE('',(#2449));
#2449 = FILL_AREA_STYLE_COLOUR('',#2413);
#2450 = SURFACE_STYLE_RENDERING_WITH_PROPERTIES(.NORMAL_SHADING.,#2413,(
    #2451));
#2451 = SURFACE_STYLE_TRANSPARENT(0.100000023842);
ENDSEC;
END-ISO-10303-21;
