ISO-10303-21;
HEADER;
FILE_DESCRIPTION (( 'STEP AP214' ),
    '1' );
FILE_NAME ('LM2587S-ADJ.STEP',
    '2024-02-06T07:33:00',
    ( '' ),
    ( '' ),
    'SwSTEP 2.0',
    'SolidWorks 2022',
    '' );
FILE_SCHEMA (( 'AUTOMOTIVE_DESIGN' ));
ENDSEC;

DATA;
#1 = PRESENTATION_LAYER_ASSIGNMENT (  '', '', ( #3268 ) ) ;
#2 = ORIENTED_EDGE ( 'NONE', *, *, #1175, .F. ) ;
#3 = CARTESIAN_POINT ( 'NONE',  ( -2.596394702581847014, 4.648200000000000109, -4.998865367200658660 ) ) ;
#4 = EDGE_CURVE ( 'NONE', #3666, #2603, #2929, .T. ) ;
#5 = ADVANCED_FACE ( 'NONE', ( #921 ), #1924, .T. ) ;
#6 = SURFACE_SIDE_STYLE ('',( #4077 ) ) ;
#7 = ORIENTED_EDGE ( 'NONE', *, *, #3068, .T. ) ;
#8 = CIRCLE ( 'NONE', #572, 0.6985000000000003428 ) ;
#9 = VECTOR ( 'NONE', #3610, 1000.000000000000000 ) ;
#10 = ORIENTED_EDGE ( 'NONE', *, *, #190, .T. ) ;
#11 = FACE_OUTER_BOUND ( 'NONE', #677, .T. ) ;
#12 = CARTESIAN_POINT ( 'NONE',  ( -7.141607158954611734, -0.1524000000000022004, 3.822699999999999765 ) ) ;
#13 = PRESENTATION_LAYER_ASSIGNMENT (  '', '', ( #1567 ) ) ;
#14 = ORIENTED_EDGE ( 'NONE', *, *, #3050, .F. ) ;
#15 = DIRECTION ( 'NONE',  ( 0.9945218953682734009, -0.1045284632676539288, 9.020562075079400589E-17 ) ) ;
#16 = FILL_AREA_STYLE_COLOUR ( '', #3828 ) ;
#17 = VECTOR ( 'NONE', #1887, 1000.000000000000000 ) ;
#18 = CIRCLE ( 'NONE', #2483, 0.6985000000000003428 ) ;
#19 = VERTEX_POINT ( 'NONE', #1618 ) ;
#20 = PRESENTATION_STYLE_ASSIGNMENT (( #1610 ) ) ;
#21 = LINE ( 'NONE', #1394, #1358 ) ;
#22 = FACE_OUTER_BOUND ( 'NONE', #1928, .T. ) ;
#23 = DIRECTION ( 'NONE',  ( 1.039407658645533642E-17, 5.447304715939438865E-19, 1.000000000000000000 ) ) ;
#24 = VERTEX_POINT ( 'NONE', #1304 ) ;
#25 = CARTESIAN_POINT ( 'NONE',  ( -5.838353819507971387, 0.6772927841693252571, -2.120899999999998453 ) ) ;
#26 = DIRECTION ( 'NONE',  ( -1.000000000000000000, -3.362406479023543248E-17, -1.059358394363802799E-16 ) ) ;
#27 = EDGE_LOOP ( 'NONE', ( #3370, #3027, #4102, #931, #2550, #3278, #200 ) ) ;
#28 = PRESENTATION_STYLE_ASSIGNMENT (( #2348 ) ) ;
#29 = EDGE_CURVE ( 'NONE', #2905, #1621, #2971, .T. ) ;
#30 = EDGE_CURVE ( 'NONE', #3660, #2682, #1324, .T. ) ;
#31 = DIRECTION ( 'NONE',  ( 0.000000000000000000, 0.000000000000000000, 1.000000000000000000 ) ) ;
#32 = DIRECTION ( 'NONE',  ( 0.9986295347545739443, 0.05233595624294334198, 3.575628945497221471E-16 ) ) ;
#33 = EDGE_LOOP ( 'NONE', ( #208, #48, #10, #1981 ) ) ;
#34 = DIRECTION ( 'NONE',  ( 1.059358394363802552E-16, 3.885780586188047891E-16, -1.000000000000000000 ) ) ;
#35 = EDGE_CURVE ( 'NONE', #2121, #1521, #292, .T. ) ;
#36 =( NAMED_UNIT ( * ) PLANE_ANGLE_UNIT ( ) SI_UNIT ( $, .RADIAN. ) );
#37 = VERTEX_POINT ( 'NONE', #4030 ) ;
#38 = EDGE_CURVE ( 'NONE', #540, #4394, #4054, .T. ) ;
#39 = CARTESIAN_POINT ( 'NONE',  ( -4.266578654407219950, 2.146398552000185145, 1.282700000000001062 ) ) ;
#40 = ORIENTED_EDGE ( 'NONE', *, *, #3494, .T. ) ;
#41 = CARTESIAN_POINT ( 'NONE',  ( -5.194299999999997475, 0.6095999999999998087, -1.282699999999997731 ) ) ;
#42 = STYLED_ITEM ( 'NONE', ( #2315 ), #933 ) ;
#43 = DIRECTION ( 'NONE',  ( -6.489527639858039740E-15, -1.000000000000000000, -4.055954774911274837E-16 ) ) ;
#44 = SURFACE_STYLE_USAGE ( .BOTH. , #972 ) ;
#45 = EDGE_LOOP ( 'NONE', ( #3164, #1271, #4021, #1558 ) ) ;
#46 = DIRECTION ( 'NONE',  ( -0.9986295347545739443, -0.05233595624294405668, -3.575628945497221471E-16 ) ) ;
#47 = FACE_OUTER_BOUND ( 'NONE', #2139, .T. ) ;
#48 = ORIENTED_EDGE ( 'NONE', *, *, #2596, .T. ) ;
#49 = CARTESIAN_POINT ( 'NONE',  ( -5.838353819507971387, 0.6772927841693273665, 1.282700000000001284 ) ) ;
#50 = AXIS2_PLACEMENT_3D ( 'NONE', #2780, #3777, #1109 ) ;
#51 = MECHANICAL_DESIGN_GEOMETRIC_PRESENTATION_REPRESENTATION (  '', ( #265 ), #123 ) ;
#52 = CARTESIAN_POINT ( 'NONE',  ( -5.971277244371142601, 0.6912635990884621329, -1.282699999999997731 ) ) ;
#53 =( NAMED_UNIT ( * ) SI_UNIT ( $, .STERADIAN. ) SOLID_ANGLE_UNIT ( ) );
#54 = ORIENTED_EDGE ( 'NONE', *, *, #2786, .T. ) ;
#55 = EDGE_CURVE ( 'NONE', #139, #3984, #3717, .T. ) ;
#56 = EDGE_CURVE ( 'NONE', #2113, #2603, #1466, .T. ) ;
#57 = PLANE ( 'NONE',  #3395 ) ;
#58 = DIRECTION ( 'NONE',  ( 0.9945218953682734009, -0.1045284632676539288, 9.020562075079400589E-17 ) ) ;
#59 = DIRECTION ( 'NONE',  ( 8.715687545503703074E-18, -1.663052253832853828E-16, 1.000000000000000000 ) ) ;
#60 =( GEOMETRIC_REPRESENTATION_CONTEXT ( 3 ) GLOBAL_UNCERTAINTY_ASSIGNED_CONTEXT ( ( #4361 ) ) GLOBAL_UNIT_ASSIGNED_CONTEXT ( ( #349, #671, #1968 ) ) REPRESENTATION_CONTEXT ( 'NONE', 'WORKASPACE' ) );
#61 = CYLINDRICAL_SURFACE ( 'NONE', #1056, 0.6985000000000003428 ) ;
#62 = FILL_AREA_STYLE ('',( #3456 ) ) ;
#63 = DIRECTION ( 'NONE',  ( 1.000000000000000000, 3.362406479023530306E-17, 4.474168386444131945E-16 ) ) ;
#64 = FILL_AREA_STYLE_COLOUR ( '', #1291 ) ;
#65 = VECTOR ( 'NONE', #635, 1000.000000000000000 ) ;
#66 = CARTESIAN_POINT ( 'NONE',  ( -5.930389409470221196, -0.08892276752132094453, 1.282700000000001284 ) ) ;
#67 = STYLED_ITEM ( 'NONE', ( #4303 ), #438 ) ;
#68 = VERTEX_POINT ( 'NONE', #3081 ) ;
#69 = PRESENTATION_LAYER_ASSIGNMENT (  '', '', ( #2400 ) ) ;
#70 =( NAMED_UNIT ( * ) SI_UNIT ( $, .STERADIAN. ) SOLID_ANGLE_UNIT ( ) );
#71 = CIRCLE ( 'NONE', #289, 0.6985000000000003428 ) ;
#72 = CARTESIAN_POINT ( 'NONE',  ( -2.730500000000001926, 2.146398552000186033, -1.282699999999997509 ) ) ;
#73 = PRESENTATION_LAYER_ASSIGNMENT (  '', '', ( #3627 ) ) ;
#74 = CARTESIAN_POINT ( 'NONE',  ( 5.905499999999995531, 1.320799999999993979, -5.056945350242796344 ) ) ;
#75 = VERTEX_POINT ( 'NONE', #1401 ) ;
#76 = CARTESIAN_POINT ( 'NONE',  ( -5.668458158185817553, 2.293742025179460686, -0.4190999999999989734 ) ) ;
#77 = PRESENTATION_LAYER_ASSIGNMENT (  '', '', ( #1074 ) ) ;
#78 =( GEOMETRIC_REPRESENTATION_CONTEXT ( 3 ) GLOBAL_UNCERTAINTY_ASSIGNED_CONTEXT ( ( #3280 ) ) GLOBAL_UNIT_ASSIGNED_CONTEXT ( ( #4150, #4214, #3120 ) ) REPRESENTATION_CONTEXT ( 'NONE', 'WORKASPACE' ) );
#79 = CIRCLE ( 'NONE', #1219, 0.7812570522476320889 ) ;
#80 = VERTEX_POINT ( 'NONE', #3480 ) ;
#81 = AXIS2_PLACEMENT_3D ( 'NONE', #2090, #2480, #31 ) ;
#82 = ADVANCED_FACE ( 'NONE', ( #1450 ), #4112, .T. ) ;
#83 = FILL_AREA_STYLE_COLOUR ( '', #3423 ) ;
#84 = STYLED_ITEM ( 'NONE', ( #3754 ), #2441 ) ;
#85 =( NAMED_UNIT ( * ) SI_UNIT ( $, .STERADIAN. ) SOLID_ANGLE_UNIT ( ) );
#86 = DIRECTION ( 'NONE',  ( -2.761188984262314656E-32, -1.110223024625156540E-16, 1.000000000000000000 ) ) ;
#87 = MECHANICAL_DESIGN_GEOMETRIC_PRESENTATION_REPRESENTATION (  '', ( #663 ), #2344 ) ;
#88 = VERTEX_POINT ( 'NONE', #41 ) ;
#89 = SURFACE_SIDE_STYLE ('',( #759 ) ) ;
#90 = ORIENTED_EDGE ( 'NONE', *, *, #2091, .T. ) ;
#91 = DIRECTION ( 'NONE',  ( 0.9986295347545739443, 0.05233595624294405668, 3.575628945497221471E-16 ) ) ;
#92 = DIRECTION ( 'NONE',  ( -0.05233595624294259951, 0.9986295347545740553, 0.000000000000000000 ) ) ;
#93 = SURFACE_STYLE_FILL_AREA ( #2112 ) ;
#94 = EDGE_CURVE ( 'NONE', #1204, #3679, #3495, .T. ) ;
#95 = ORIENTED_EDGE ( 'NONE', *, *, #4107, .F. ) ;
#96 = SURFACE_STYLE_FILL_AREA ( #2420 ) ;
#97 = FACE_OUTER_BOUND ( 'NONE', #251, .T. ) ;
#98 = VERTEX_POINT ( 'NONE', #2382 ) ;
#99 = SURFACE_STYLE_FILL_AREA ( #2776 ) ;
#100 = ORIENTED_EDGE ( 'NONE', *, *, #2621, .T. ) ;
#101 = DIRECTION ( 'NONE',  ( 0.9986295347545739443, 0.05233595624294409138, 0.000000000000000000 ) ) ;
#102 = SURFACE_SIDE_STYLE ('',( #440 ) ) ;
#103 = ORIENTED_EDGE ( 'NONE', *, *, #3917, .T. ) ;
#104 = DIRECTION ( 'NONE',  ( 1.059358394363802552E-16, 3.885780586188047891E-16, -1.000000000000000000 ) ) ;
#105 = SURFACE_STYLE_USAGE ( .BOTH. , #1700 ) ;
#106 = DIRECTION ( 'NONE',  ( -6.489527639858039740E-15, -1.000000000000000000, -4.055954774911274837E-16 ) ) ;
#107 = DIRECTION ( 'NONE',  ( 1.000000000000000000, 3.362406479023546330E-17, 2.056558963437204200E-17 ) ) ;
#108 = ADVANCED_FACE ( 'NONE', ( #1379 ), #1721, .F. ) ;
#109 = SURFACE_STYLE_FILL_AREA ( #1162 ) ;
#110 = DIRECTION ( 'NONE',  ( -0.1045284632676532627, -0.9945218953682734009, -2.668225570433294553E-16 ) ) ;
#111 = ORIENTED_EDGE ( 'NONE', *, *, #3941, .F. ) ;
#112 = CARTESIAN_POINT ( 'NONE',  ( 7.656740635491961612E-18, 1.320799999999998864, 3.469446951953614189E-15 ) ) ;
#113 = AXIS2_PLACEMENT_3D ( 'NONE', #66, #2478, #1093 ) ;
#114 = LINE ( 'NONE', #72, #3914 ) ;
#115 = ORIENTED_EDGE ( 'NONE', *, *, #968, .F. ) ;
#116 = CARTESIAN_POINT ( 'NONE',  ( 6.884384154850322624, -2.385244779468109755E-15, 5.080000000000000071 ) ) ;
#117 = MECHANICAL_DESIGN_GEOMETRIC_PRESENTATION_REPRESENTATION (  '', ( #3025 ), #1546 ) ;
#118 = UNCERTAINTY_MEASURE_WITH_UNIT (LENGTH_MEASURE( 1.000000000000000082E-05 ), #2852, 'distance_accuracy_value', 'NONE');
#119 = VERTEX_POINT ( 'NONE', #4142 ) ;
#120 =( NAMED_UNIT ( * ) PLANE_ANGLE_UNIT ( ) SI_UNIT ( $, .RADIAN. ) );
#121 = ORIENTED_EDGE ( 'NONE', *, *, #1977, .F. ) ;
#122 = DIRECTION ( 'NONE',  ( 1.059358394363802552E-16, 3.885780586188047891E-16, -1.000000000000000000 ) ) ;
#123 =( GEOMETRIC_REPRESENTATION_CONTEXT ( 3 ) GLOBAL_UNCERTAINTY_ASSIGNED_CONTEXT ( ( #4022 ) ) GLOBAL_UNIT_ASSIGNED_CONTEXT ( ( #1821, #545, #3587 ) ) REPRESENTATION_CONTEXT ( 'NONE', 'WORKASPACE' ) );
#124 = ORIENTED_EDGE ( 'NONE', *, *, #3214, .F. ) ;
#125 = SURFACE_STYLE_USAGE ( .BOTH. , #1222 ) ;
#126 = DIRECTION ( 'NONE',  ( 0.1218510577266553041, -0.9923972267410201553, -0.01732235802734433117 ) ) ;
#127 = DIRECTION ( 'NONE',  ( -0.1045284632676540953, -0.9945218953682734009, 0.000000000000000000 ) ) ;
#128 = CARTESIAN_POINT ( 'NONE',  ( -4.266578654407219950, 3.555999999999963634, -0.4190999999999985848 ) ) ;
#129 = DIRECTION ( 'NONE',  ( 2.487057936124655726E-16, 1.000000000000000000, 1.110223024625156540E-16 ) ) ;
#130 = LINE ( 'NONE', #3572, #1808 ) ;
#131 = VECTOR ( 'NONE', #4167, 999.9999999999998863 ) ;
#132 = ADVANCED_FACE ( 'NONE', ( #1089 ), #2428, .F. ) ;
#133 = EDGE_CURVE ( 'NONE', #3222, #3789, #8, .T. ) ;
#134 = ORIENTED_EDGE ( 'NONE', *, *, #3863, .T. ) ;
#135 = CARTESIAN_POINT ( 'NONE',  ( -2.730500000000001926, 2.908398552000185600, -0.4190999999999985848 ) ) ;
#136 = CARTESIAN_POINT ( 'NONE',  ( -4.266578654407219950, 3.555999999999965411, -1.282699999999997065 ) ) ;
#137 = SURFACE_SIDE_STYLE ('',( #3446 ) ) ;
#138 = VECTOR ( 'NONE', #3353, 1000.000000000000000 ) ;
#139 = VERTEX_POINT ( 'NONE', #3867 ) ;
#140 = SURFACE_STYLE_USAGE ( .BOTH. , #2440 ) ;
#141 = PLANE ( 'NONE',  #4180 ) ;
#142 = PRESENTATION_LAYER_ASSIGNMENT (  '', '', ( #2398 ) ) ;
#143 = ORIENTED_EDGE ( 'NONE', *, *, #2911, .T. ) ;
#144 = AXIS2_PLACEMENT_3D ( 'NONE', #3953, #831, #1554 ) ;
#145 = ORIENTED_EDGE ( 'NONE', *, *, #2124, .T. ) ;
#146 = EDGE_CURVE ( 'NONE', #803, #540, #1196, .T. ) ;
#147 = CARTESIAN_POINT ( 'NONE',  ( -2.596394702581847458, 4.648199999999997445, 4.998865367200660437 ) ) ;
#148 = CIRCLE ( 'NONE', #2406, 1.409601447999776047 ) ;
#149 = VECTOR ( 'NONE', #4362, 1000.000000000000000 ) ;
#150 = FACE_OUTER_BOUND ( 'NONE', #485, .T. ) ;
#151 = MECHANICAL_DESIGN_GEOMETRIC_PRESENTATION_REPRESENTATION (  '', ( #1640 ), #221 ) ;
#152 = MECHANICAL_DESIGN_GEOMETRIC_PRESENTATION_REPRESENTATION (  '', ( #3918 ), #4134 ) ;
#153 = CARTESIAN_POINT ( 'NONE',  ( -5.838353819507970499, 0.6772927841693299200, -3.822699999999998433 ) ) ;
#154 = PRESENTATION_STYLE_ASSIGNMENT (( #2825 ) ) ;
#155 = PRESENTATION_LAYER_ASSIGNMENT (  '', '', ( #2074 ) ) ;
#156 = CARTESIAN_POINT ( 'NONE',  ( 0.8254999999999994564, 1.320799999999998198, 2.540000000000001812 ) ) ;
#157 = COLOUR_RGB ( '',0.8431372549019607865, 0.8431372549019607865, 0.8431372549019607865 ) ;
#158 = DIRECTION ( 'NONE',  ( 1.000000000000000000, 3.362406479023549411E-17, 1.306557381906261354E-32 ) ) ;
#159 = DIRECTION ( 'NONE',  ( -0.9986295347545739443, -0.05233595624294421628, 0.000000000000000000 ) ) ;
#160 = FILL_AREA_STYLE_COLOUR ( '', #2945 ) ;
#161 = ORIENTED_EDGE ( 'NONE', *, *, #30, .T. ) ;
#162 = LINE ( 'NONE', #2171, #2812 ) ;
#163 = EDGE_CURVE ( 'NONE', #3457, #3107, #71, .T. ) ;
#164 = EDGE_CURVE ( 'NONE', #4009, #98, #2874, .T. ) ;
#165 = ORIENTED_EDGE ( 'NONE', *, *, #1626, .F. ) ;
#166 = DIRECTION ( 'NONE',  ( -1.000000000000000000, 2.487057936124655726E-16, 0.000000000000000000 ) ) ;
#167 = ADVANCED_FACE ( 'NONE', ( #1178 ), #849, .T. ) ;
#168 = SURFACE_STYLE_FILL_AREA ( #2865 ) ;
#169 = ORIENTED_EDGE ( 'NONE', *, *, #1753, .F. ) ;
#170 = ORIENTED_EDGE ( 'NONE', *, *, #1873, .T. ) ;
#171 = DIRECTION ( 'NONE',  ( 1.059358394363802552E-16, 3.885780586188047891E-16, -1.000000000000000000 ) ) ;
#172 =( NAMED_UNIT ( * ) PLANE_ANGLE_UNIT ( ) SI_UNIT ( $, .RADIAN. ) );
#173 = DIRECTION ( 'NONE',  ( 0.000000000000000000, -1.000000000000000000, -3.845775605664945006E-16 ) ) ;
#174 = FILL_AREA_STYLE ('',( #2561 ) ) ;
#175 = STYLED_ITEM ( 'NONE', ( #2697 ), #691 ) ;
#176 = PLANE ( 'NONE',  #2470 ) ;
#177 = DIRECTION ( 'NONE',  ( -1.059358394363801936E-16, -3.885780586188046905E-16, 1.000000000000000000 ) ) ;
#178 = UNCERTAINTY_MEASURE_WITH_UNIT (LENGTH_MEASURE( 1.000000000000000082E-05 ), #2542, 'distance_accuracy_value', 'NONE');
#179 = ORIENTED_EDGE ( 'NONE', *, *, #665, .T. ) ;
#180 = SURFACE_STYLE_FILL_AREA ( #224 ) ;
#181 = DIRECTION ( 'NONE',  ( 0.000000000000000000, -1.000000000000000000, -5.551065014344850824E-16 ) ) ;
#182 = PRESENTATION_LAYER_ASSIGNMENT (  '', '', ( #3671 ) ) ;
#183 = ORIENTED_EDGE ( 'NONE', *, *, #269, .T. ) ;
#184 = DIRECTION ( 'NONE',  ( 3.362406479023549411E-17, -1.000000000000000000, -3.885780586188046905E-16 ) ) ;
#185 = VECTOR ( 'NONE', #353, 1000.000000000000000 ) ;
#186 = STYLED_ITEM ( 'NONE', ( #3086 ), #4158 ) ;
#187 =( LENGTH_UNIT ( ) NAMED_UNIT ( * ) SI_UNIT ( .MILLI., .METRE. ) );
#188 = ORIENTED_EDGE ( 'NONE', *, *, #4, .F. ) ;
#189 = EDGE_CURVE ( 'NONE', #253, #4318, #148, .T. ) ;
#190 = EDGE_CURVE ( 'NONE', #1032, #1370, #1532, .T. ) ;
#191 = CARTESIAN_POINT ( 'NONE',  ( -5.668458158185816664, 2.293742025179462463, -2.120899999999998453 ) ) ;
#192 = CARTESIAN_POINT ( 'NONE',  ( -4.266578654407219950, 2.146398552000184701, 2.120900000000002006 ) ) ;
#193 = DIRECTION ( 'NONE',  ( -2.761188984262314656E-32, -1.110223024625156540E-16, 1.000000000000000000 ) ) ;
#194 = ORIENTED_EDGE ( 'NONE', *, *, #2324, .F. ) ;
#195 = SURFACE_SIDE_STYLE ('',( #2899 ) ) ;
#196 = CYLINDRICAL_SURFACE ( 'NONE', #144, 0.1336556042478582174 ) ;
#197 = PLANE ( 'NONE',  #840 ) ;
#198 = CARTESIAN_POINT ( 'NONE',  ( -7.175499999999991552, 0.4943139327224014834, 1.282700000000001284 ) ) ;
#199 = STYLED_ITEM ( 'NONE', ( #643 ), #2952 ) ;
#200 = ORIENTED_EDGE ( 'NONE', *, *, #2377, .T. ) ;
#201 = DIRECTION ( 'NONE',  ( -1.059358394363802552E-16, -3.885780586188047891E-16, 1.000000000000000000 ) ) ;
#202 = AXIS2_PLACEMENT_3D ( 'NONE', #2662, #2704, #4039 ) ;
#203 = AXIS2_PLACEMENT_3D ( 'NONE', #2251, #3630, #1888 ) ;
#204 = EDGE_LOOP ( 'NONE', ( #436, #3894, #463, #505 ) ) ;
#205 = CARTESIAN_POINT ( 'NONE',  ( -2.730500000000001926, 2.908398552000186044, -2.120899999999998453 ) ) ;
#207 = MECHANICAL_DESIGN_GEOMETRIC_PRESENTATION_REPRESENTATION (  '', ( #3268 ), #782 ) ;
#206 = SURFACE_STYLE_FILL_AREA ( #910 ) ;
#208 = ORIENTED_EDGE ( 'NONE', *, *, #2546, .T. ) ;
#209 = LINE ( 'NONE', #4219, #2108 ) ;
#210 = CIRCLE ( 'NONE', #3908, 0.1336556042478582174 ) ;
#211 = EDGE_CURVE ( 'NONE', #1856, #68, #2538, .T. ) ;
#212 = UNCERTAINTY_MEASURE_WITH_UNIT (LENGTH_MEASURE( 1.000000000000000082E-05 ), #4341, 'distance_accuracy_value', 'NONE');
#213 = SURFACE_STYLE_USAGE ( .BOTH. , #89 ) ;
#214 = COLOUR_RGB ( '',0.8431372549019607865, 0.8431372549019607865, 0.8431372549019607865 ) ;
#215 = VECTOR ( 'NONE', #541, 1000.000000000000114 ) ;
#216 = SURFACE_STYLE_FILL_AREA ( #174 ) ;
#217 = DIRECTION ( 'NONE',  ( -1.000000000000000000, -3.362406479023549411E-17, -1.306557381906261354E-32 ) ) ;
#218 = ORIENTED_EDGE ( 'NONE', *, *, #577, .F. ) ;
#219 = AXIS2_PLACEMENT_3D ( 'NONE', #591, #1229, #1925 ) ;
#220 = VECTOR ( 'NONE', #816, 1000.000000000000000 ) ;
#221 =( GEOMETRIC_REPRESENTATION_CONTEXT ( 3 ) GLOBAL_UNCERTAINTY_ASSIGNED_CONTEXT ( ( #2950 ) ) GLOBAL_UNIT_ASSIGNED_CONTEXT ( ( #680, #974, #4081 ) ) REPRESENTATION_CONTEXT ( 'NONE', 'WORKASPACE' ) );
#222 = VERTEX_POINT ( 'NONE', #3608 ) ;
#223 =( NAMED_UNIT ( * ) PLANE_ANGLE_UNIT ( ) SI_UNIT ( $, .RADIAN. ) );
#224 = FILL_AREA_STYLE ('',( #1206 ) ) ;
#225 = EDGE_CURVE ( 'NONE', #3963, #1521, #3270, .T. ) ;
#226 = EDGE_CURVE ( 'NONE', #861, #80, #2963, .T. ) ;
#227 = DIRECTION ( 'NONE',  ( 0.05233595624293851251, -0.9986295347545741663, -3.348362409732851171E-16 ) ) ;
#228 = ORIENTED_EDGE ( 'NONE', *, *, #686, .T. ) ;
#229 = DIRECTION ( 'NONE',  ( 1.059358394363802552E-16, 3.885780586188047891E-16, -1.000000000000000000 ) ) ;
#230 =( NAMED_UNIT ( * ) SI_UNIT ( $, .STERADIAN. ) SOLID_ANGLE_UNIT ( ) );
#231 = PLANE ( 'NONE',  #3398 ) ;
#232 = ORIENTED_EDGE ( 'NONE', *, *, #2487, .T. ) ;
#233 = CARTESIAN_POINT ( 'NONE',  ( -5.194299999999997475, 0.6096000000000000307, -2.120899999999998009 ) ) ;
#234 = LINE ( 'NONE', #2627, #3207 ) ;
#235 = CARTESIAN_POINT ( 'NONE',  ( -2.730500000000001926, 3.555999999999964079, 1.282700000000002838 ) ) ;
#236 = CARTESIAN_POINT ( 'NONE',  ( -7.175499999999996881, 0.4943139327224019275, 0.4191000000000010828 ) ) ;
#237 = LINE ( 'NONE', #1592, #4393 ) ;
#238 = SURFACE_SIDE_STYLE ('',( #587 ) ) ;
#239 = EDGE_CURVE ( 'NONE', #2011, #3644, #579, .T. ) ;
#240 = ADVANCED_FACE ( 'NONE', ( #4382 ), #4024, .F. ) ;
#241 = ORIENTED_EDGE ( 'NONE', *, *, #2457, .T. ) ;
#242 = LINE ( 'NONE', #3987, #3265 ) ;
#243 = UNCERTAINTY_MEASURE_WITH_UNIT (LENGTH_MEASURE( 1.000000000000000082E-05 ), #1033, 'distance_accuracy_value', 'NONE');
#244 = ORIENTED_EDGE ( 'NONE', *, *, #1314, .F. ) ;
#245 = UNCERTAINTY_MEASURE_WITH_UNIT (LENGTH_MEASURE( 1.000000000000000082E-05 ), #1268, 'distance_accuracy_value', 'NONE');
#246 = CARTESIAN_POINT ( 'NONE',  ( -2.730500000000001926, 2.908398552000184711, 2.120900000000002006 ) ) ;
#247 = ORIENTED_EDGE ( 'NONE', *, *, #4147, .T. ) ;
#248 = FILL_AREA_STYLE_COLOUR ( '', #727 ) ;
#249 = SURFACE_STYLE_FILL_AREA ( #2305 ) ;
#250 = FACE_OUTER_BOUND ( 'NONE', #2836, .T. ) ;
#251 = EDGE_LOOP ( 'NONE', ( #503, #3020, #688, #3439, #469, #2777, #3880, #2497, #1847, #3016 ) ) ;
#252 = VECTOR ( 'NONE', #4364, 1000.000000000000000 ) ;
#253 = VERTEX_POINT ( 'NONE', #986 ) ;
#254 = FACE_OUTER_BOUND ( 'NONE', #1104, .T. ) ;
#255 = VERTEX_POINT ( 'NONE', #2577 ) ;
#256 = AXIS2_PLACEMENT_3D ( 'NONE', #1042, #3451, #3401 ) ;
#257 = UNCERTAINTY_MEASURE_WITH_UNIT (LENGTH_MEASURE( 1.000000000000000082E-05 ), #4165, 'distance_accuracy_value', 'NONE');
#258 = AXIS2_PLACEMENT_3D ( 'NONE', #3687, #2281, #617 ) ;
#259 = PRESENTATION_LAYER_ASSIGNMENT (  '', '', ( #3243 ) ) ;
#260 = CARTESIAN_POINT ( 'NONE',  ( 7.656740635491961612E-18, 1.320799999999997754, 2.540000000000002256 ) ) ;
#261 = SURFACE_STYLE_FILL_AREA ( #1919 ) ;
#262 = SURFACE_STYLE_FILL_AREA ( #2668 ) ;
#263 = VECTOR ( 'NONE', #892, 1000.000000000000000 ) ;
#264 = CARTESIAN_POINT ( 'NONE',  ( -2.730500000000001926, 2.908398552000184711, 0.4191000000000025261 ) ) ;
#265 = STYLED_ITEM ( 'NONE', ( #3927 ), #4040 ) ;
#266 = ORIENTED_EDGE ( 'NONE', *, *, #2701, .F. ) ;
#267 = CARTESIAN_POINT ( 'NONE',  ( -4.266578654407220839, 2.146398552000182924, 3.822700000000001985 ) ) ;
#268 = PLANE ( 'NONE',  #565 ) ;
#269 = EDGE_CURVE ( 'NONE', #3689, #3377, #3951, .T. ) ;
#270 = DIRECTION ( 'NONE',  ( -0.1045284632676538594, -0.9945218953682732899, -4.002338355649944541E-16 ) ) ;
#271 = AXIS2_PLACEMENT_3D ( 'NONE', #3662, #4281, #3966 ) ;
#272 = ORIENTED_EDGE ( 'NONE', *, *, #3645, .F. ) ;
#273 = DIRECTION ( 'NONE',  ( -1.059358394363802552E-16, -3.885780586188047891E-16, 1.000000000000000000 ) ) ;
#274 = SURFACE_SIDE_STYLE ('',( #2615 ) ) ;
#275 = DIRECTION ( 'NONE',  ( -2.761188984262314656E-32, -1.110223024625156540E-16, 1.000000000000000000 ) ) ;
#276 = LINE ( 'NONE', #1936, #1907 ) ;
#277 = ORIENTED_EDGE ( 'NONE', *, *, #1059, .F. ) ;
#278 = UNCERTAINTY_MEASURE_WITH_UNIT (LENGTH_MEASURE( 1.000000000000000082E-05 ), #1063, 'distance_accuracy_value', 'NONE');
#279 = DIRECTION ( 'NONE',  ( -1.059358394363802799E-16, 0.000000000000000000, 1.000000000000000000 ) ) ;
#280 = MECHANICAL_DESIGN_GEOMETRIC_PRESENTATION_REPRESENTATION (  '', ( #3976 ), #784 ) ;
#281 = ADVANCED_FACE ( 'NONE', ( #670 ), #2314, .T. ) ;
#282 = CARTESIAN_POINT ( 'NONE',  ( -5.971277244371142601, 0.6912635990884637982, -3.822699999999998433 ) ) ;
#283 =( LENGTH_UNIT ( ) NAMED_UNIT ( * ) SI_UNIT ( .MILLI., .METRE. ) );
#284 = CLOSED_SHELL ( 'NONE', ( #281, #1208, #828, #1676, #3965, #3406, #351, #4001, #853, #3882, #350, #3970, #1625, #4040 ) ) ;
#285 = CIRCLE ( 'NONE', #2748, 0.7619999999999996776 ) ;
#286 = DIRECTION ( 'NONE',  ( -3.362406479023549411E-17, 1.000000000000000000, 3.885780586188046905E-16 ) ) ;
#287 = CARTESIAN_POINT ( 'NONE',  ( 5.905499999999999083, -2.323974923663645246E-15, 5.079999999999993854 ) ) ;
#288 = CARTESIAN_POINT ( 'NONE',  ( -4.266578654407219950, 2.908398552000185600, 1.282700000000001284 ) ) ;
#289 = AXIS2_PLACEMENT_3D ( 'NONE', #1511, #3848, #2560 ) ;
#290 = PRESENTATION_LAYER_ASSIGNMENT (  '', '', ( #2753 ) ) ;
#291 = CARTESIAN_POINT ( 'NONE',  ( -4.266578654407219950, 2.146398552000185145, 1.282700000000002394 ) ) ;
#292 = LINE ( 'NONE', #1643, #1210 ) ;
#293 = ORIENTED_EDGE ( 'NONE', *, *, #2705, .T. ) ;
#294 =( GEOMETRIC_REPRESENTATION_CONTEXT ( 3 ) GLOBAL_UNCERTAINTY_ASSIGNED_CONTEXT ( ( #3606 ) ) GLOBAL_UNIT_ASSIGNED_CONTEXT ( ( #187, #120, #2468 ) ) REPRESENTATION_CONTEXT ( 'NONE', 'WORKASPACE' ) );
#295 = VECTOR ( 'NONE', #1781, 1000.000000000000000 ) ;
#296 = MECHANICAL_DESIGN_GEOMETRIC_PRESENTATION_REPRESENTATION (  '', ( #2069 ), #2762 ) ;
#297 =( GEOMETRIC_REPRESENTATION_CONTEXT ( 3 ) GLOBAL_UNCERTAINTY_ASSIGNED_CONTEXT ( ( #2153 ) ) GLOBAL_UNIT_ASSIGNED_CONTEXT ( ( #639, #997, #4373 ) ) REPRESENTATION_CONTEXT ( 'NONE', 'WORKASPACE' ) );
#298 = VERTEX_POINT ( 'NONE', #3361 ) ;
#299 = SURFACE_SIDE_STYLE ('',( #1732 ) ) ;
#300 = COLOUR_RGB ( '',0.8431372549019607865, 0.8431372549019607865, 0.8431372549019607865 ) ;
#301 = EDGE_CURVE ( 'NONE', #458, #3039, #649, .T. ) ;
#302 = ORIENTED_EDGE ( 'NONE', *, *, #3678, .F. ) ;
#303 = EDGE_CURVE ( 'NONE', #3738, #621, #3570, .T. ) ;
#304 = CYLINDRICAL_SURFACE ( 'NONE', #4175, 0.1336556042478582174 ) ;
#305 = CYLINDRICAL_SURFACE ( 'NONE', #3135, 0.7812570522476320889 ) ;
#306 = CARTESIAN_POINT ( 'NONE',  ( -4.266578654407219950, 2.908398552000185600, -2.120899999999998009 ) ) ;
#307 =( NAMED_UNIT ( * ) PLANE_ANGLE_UNIT ( ) SI_UNIT ( $, .RADIAN. ) );
#308 = LINE ( 'NONE', #1338, #1216 ) ;
#309 = DIRECTION ( 'NONE',  ( -0.1218693434051442703, 0.9925461516413223162, 0.000000000000000000 ) ) ;
#310 = CARTESIAN_POINT ( 'NONE',  ( -4.266578654407219950, 3.555999999999966299, -2.120899999999998453 ) ) ;
#311 = VERTEX_POINT ( 'NONE', #4073 ) ;
#312 = DIRECTION ( 'NONE',  ( 1.059358394363802552E-16, 3.885780586188047891E-16, -1.000000000000000000 ) ) ;
#313 = ORIENTED_EDGE ( 'NONE', *, *, #610, .T. ) ;
#314 = SURFACE_SIDE_STYLE ('',( #2365 ) ) ;
#315 = CYLINDRICAL_SURFACE ( 'NONE', #2693, 0.6985000000000003428 ) ;
#316 = LINE ( 'NONE', #12, #732 ) ;
#317 = ORIENTED_EDGE ( 'NONE', *, *, #2404, .F. ) ;
#318 = FILL_AREA_STYLE ('',( #3072 ) ) ;
#319 = CARTESIAN_POINT ( 'NONE',  ( -5.838353819507971387, 0.6772927841693228146, 3.822700000000001097 ) ) ;
#320 = ORIENTED_EDGE ( 'NONE', *, *, #1447, .F. ) ;
#321 = DIRECTION ( 'NONE',  ( 0.000000000000000000, -1.000000000000000000, 0.000000000000000000 ) ) ;
#322 = COLOUR_RGB ( '',0.8431372549019607865, 0.8431372549019607865, 0.8431372549019607865 ) ;
#323 = ADVANCED_FACE ( 'NONE', ( #2376 ), #2709, .F. ) ;
#324 = EDGE_CURVE ( 'NONE', #3457, #3222, #2778, .T. ) ;
#325 = SURFACE_STYLE_USAGE ( .BOTH. , #938 ) ;
#326 = CARTESIAN_POINT ( 'NONE',  ( 7.175499999999998657, 6.505213034913026604E-16, 3.429000000000002490 ) ) ;
#327 =( GEOMETRIC_REPRESENTATION_CONTEXT ( 3 ) GLOBAL_UNCERTAINTY_ASSIGNED_CONTEXT ( ( #613 ) ) GLOBAL_UNIT_ASSIGNED_CONTEXT ( ( #2630, #1299, #4007 ) ) REPRESENTATION_CONTEXT ( 'NONE', 'WORKASPACE' ) );
#328 = CARTESIAN_POINT ( 'NONE',  ( -4.266578654407220839, 2.146398552000182924, 3.822700000000001985 ) ) ;
#329 =( GEOMETRIC_REPRESENTATION_CONTEXT ( 3 ) GLOBAL_UNCERTAINTY_ASSIGNED_CONTEXT ( ( #3321 ) ) GLOBAL_UNIT_ASSIGNED_CONTEXT ( ( #696, #4050, #3034 ) ) REPRESENTATION_CONTEXT ( 'NONE', 'WORKASPACE' ) );
#330 = DIRECTION ( 'NONE',  ( -1.059358394363802552E-16, -3.885780586188047891E-16, 1.000000000000000000 ) ) ;
#331 = AXIS2_PLACEMENT_3D ( 'NONE', #1485, #4201, #1157 ) ;
#332 = LINE ( 'NONE', #3366, #1728 ) ;
#333 = CYLINDRICAL_SURFACE ( 'NONE', #3420, 1.409601447999776047 ) ;
#334 = ORIENTED_EDGE ( 'NONE', *, *, #475, .F. ) ;
#335 = CARTESIAN_POINT ( 'NONE',  ( -5.024404338677844528, 2.226049241010137791, -1.282699999999997731 ) ) ;
#336 = ORIENTED_EDGE ( 'NONE', *, *, #3092, .T. ) ;
#337 = DIRECTION ( 'NONE',  ( -3.362406479023546330E-17, 1.000000000000000000, 1.110223024625156540E-16 ) ) ;
#338 = MECHANICAL_DESIGN_GEOMETRIC_PRESENTATION_REPRESENTATION (  '', ( #2804 ), #2035 ) ;
#339 = DIRECTION ( 'NONE',  ( 0.000000000000000000, -1.000000000000000000, -5.551065014344850824E-16 ) ) ;
#340 = ORIENTED_EDGE ( 'NONE', *, *, #163, .T. ) ;
#341 = CARTESIAN_POINT ( 'NONE',  ( -2.730500000000001926, 2.908398552000183379, 3.822700000000001985 ) ) ;
#342 = CARTESIAN_POINT ( 'NONE',  ( -0.9453947025818487671, 4.521199999999998553, -4.046365367200657204 ) ) ;
#343 = AXIS2_PLACEMENT_3D ( 'NONE', #3641, #1255, #2958 ) ;
#344 = FILL_AREA_STYLE ('',( #2744 ) ) ;
#345 = EDGE_LOOP ( 'NONE', ( #2790, #2473, #3599, #1372 ) ) ;
#346 = VECTOR ( 'NONE', #4254, 1000.000000000000000 ) ;
#347 = EDGE_CURVE ( 'NONE', #2396, #1867, #21, .T. ) ;
#348 = FILL_AREA_STYLE_COLOUR ( '', #1668 ) ;
#349 =( LENGTH_UNIT ( ) NAMED_UNIT ( * ) SI_UNIT ( .MILLI., .METRE. ) );
#350 = ADVANCED_FACE ( 'NONE', ( #1375 ), #392, .F. ) ;
#351 = ADVANCED_FACE ( 'NONE', ( #1415 ), #3124, .F. ) ;
#352 = DIRECTION ( 'NONE',  ( 6.153240969063912009E-16, -1.000000000000000000, -3.076620484531956004E-16 ) ) ;
#353 = DIRECTION ( 'NONE',  ( 1.000000000000000000, 3.362406479023549411E-17, 1.306557381906261354E-32 ) ) ;
#354 = CARTESIAN_POINT ( 'NONE',  ( -5.838353819507971387, 0.6772927841693259232, -2.984499999999997488 ) ) ;
#355 = DIRECTION ( 'NONE',  ( 0.000000000000000000, -1.000000000000000000, -5.551065014344850824E-16 ) ) ;
#356 = ORIENTED_EDGE ( 'NONE', *, *, #1195, .F. ) ;
#357 = EDGE_CURVE ( 'NONE', #2707, #3142, #3928, .T. ) ;
#358 = CARTESIAN_POINT ( 'NONE',  ( 6.884384154850322624, 1.951563910473907981E-15, -5.079999999999998295 ) ) ;
#359 = CLOSED_SHELL ( 'NONE', ( #3236, #108, #1918, #2510, #556, #522, #407, #4359, #3007, #3552, #2951, #82 ) ) ;
#360 = SURFACE_STYLE_FILL_AREA ( #3067 ) ;
#361 = VECTOR ( 'NONE', #217, 1000.000000000000000 ) ;
#362 = MECHANICAL_DESIGN_GEOMETRIC_PRESENTATION_REPRESENTATION (  '', ( #1147 ), #4067 ) ;
#363 = EDGE_LOOP ( 'NONE', ( #143, #594, #2698, #3023, #1527, #165, #1701, #982, #1412, #3210, #2813, #2383 ) ) ;
#364 =( GEOMETRIC_REPRESENTATION_CONTEXT ( 3 ) GLOBAL_UNCERTAINTY_ASSIGNED_CONTEXT ( ( #800 ) ) GLOBAL_UNIT_ASSIGNED_CONTEXT ( ( #3866, #172, #779 ) ) REPRESENTATION_CONTEXT ( 'NONE', 'WORKASPACE' ) );
#365 = EDGE_CURVE ( 'NONE', #3183, #2862, #1855, .T. ) ;
#366 = SURFACE_STYLE_FILL_AREA ( #2774 ) ;
#367 = VECTOR ( 'NONE', #1368, 1000.000000000000000 ) ;
#368 = ORIENTED_EDGE ( 'NONE', *, *, #1726, .T. ) ;
#369 = PRESENTATION_STYLE_ASSIGNMENT (( #3744 ) ) ;
#370 =( NAMED_UNIT ( * ) PLANE_ANGLE_UNIT ( ) SI_UNIT ( $, .RADIAN. ) );
#371 = CARTESIAN_POINT ( 'NONE',  ( -0.9453947025818488781, 4.521200000000000330, -3.347865367200657083 ) ) ;
#372 = CARTESIAN_POINT ( 'NONE',  ( -0.9453947025818487671, 4.648200000000000109, -4.046365367200657204 ) ) ;
#373 = DIRECTION ( 'NONE',  ( 0.000000000000000000, 0.000000000000000000, 1.000000000000000000 ) ) ;
#374 = ORIENTED_EDGE ( 'NONE', *, *, #3746, .T. ) ;
#375 = FILL_AREA_STYLE_COLOUR ( '', #3419 ) ;
#376 = CARTESIAN_POINT ( 'NONE',  ( -5.971277244371143489, 0.6912635990884608006, 0.4191000000000021375 ) ) ;
#377 = PLANE ( 'NONE',  #1008 ) ;
#378 = EDGE_LOOP ( 'NONE', ( #4235, #3836, #3531, #1876, #2664, #2696, #368, #232, #2190, #3813, #2757, #801 ) ) ;
#379 = CARTESIAN_POINT ( 'NONE',  ( -7.141607158954611734, -0.1524000000000008404, -0.4190999999999985848 ) ) ;
#380 = SURFACE_SIDE_STYLE ('',( #4356 ) ) ;
#381 = ADVANCED_FACE ( 'NONE', ( #457 ), #2848, .F. ) ;
#382 = DIRECTION ( 'NONE',  ( 0.000000000000000000, -1.000000000000000000, -3.885780586188046905E-16 ) ) ;
#383 = EDGE_CURVE ( 'NONE', #1077, #2196, #889, .T. ) ;
#384 = CARTESIAN_POINT ( 'NONE',  ( -0.9453947025818488781, 4.521200000000000330, -3.347865367200657083 ) ) ;
#385 = ORIENTED_EDGE ( 'NONE', *, *, #3863, .F. ) ;
#386 = SURFACE_STYLE_USAGE ( .BOTH. , #299 ) ;
#387 = LINE ( 'NONE', #664, #3559 ) ;
#388 = CIRCLE ( 'NONE', #3501, 0.1336556042478582174 ) ;
#389 = SURFACE_STYLE_USAGE ( .BOTH. , #3328 ) ;
#390 = ORIENTED_EDGE ( 'NONE', *, *, #2675, .T. ) ;
#391 = FILL_AREA_STYLE_COLOUR ( '', #2379 ) ;
#392 = PLANE ( 'NONE',  #2831 ) ;
#393 = CARTESIAN_POINT ( 'NONE',  ( 0.8254999999999996785, 1.320799999999998864, 3.469446951953614189E-15 ) ) ;
#394 = FACE_OUTER_BOUND ( 'NONE', #3343, .T. ) ;
#395 = CARTESIAN_POINT ( 'NONE',  ( -4.266578654407219950, 2.146398552000184257, 0.4191000000000021375 ) ) ;
#396 = EDGE_LOOP ( 'NONE', ( #3303, #1861 ) ) ;
#397 = MECHANICAL_DESIGN_GEOMETRIC_PRESENTATION_REPRESENTATION (  '', ( #2513 ), #4098 ) ;
#398 = SURFACE_STYLE_FILL_AREA ( #3780 ) ;
#399 = CARTESIAN_POINT ( 'NONE',  ( -4.266578654407219950, 2.908398552000186488, -1.282699999999997509 ) ) ;
#400 = DIRECTION ( 'NONE',  ( -1.143348424510086976E-16, -5.992035187533611937E-18, 1.000000000000000000 ) ) ;
#401 = LINE ( 'NONE', #1256, #3096 ) ;
#402 = PLANE ( 'NONE',  #3140 ) ;
#403 = ORIENTED_EDGE ( 'NONE', *, *, #1524, .F. ) ;
#404 = DIRECTION ( 'NONE',  ( -0.05233595624294259951, 0.9986295347545740553, 0.000000000000000000 ) ) ;
#405 = VECTOR ( 'NONE', #847, 1000.000000000000000 ) ;
#406 = PLANE ( 'NONE',  #856 ) ;
#407 = ADVANCED_FACE ( 'NONE', ( #3194 ), #3238, .F. ) ;
#408 = ADVANCED_FACE ( 'NONE', ( #3997 ), #2983, .T. ) ;
#409 = CARTESIAN_POINT ( 'NONE',  ( -2.730500000000001481, 3.555999999999966743, -2.120899999999998453 ) ) ;
#410 = PRESENTATION_STYLE_ASSIGNMENT (( #2356 ) ) ;
#411 = ORIENTED_EDGE ( 'NONE', *, *, #56, .F. ) ;
#412 = LINE ( 'NONE', #4173, #2548 ) ;
#413 = FACE_OUTER_BOUND ( 'NONE', #4195, .T. ) ;
#414 = ORIENTED_EDGE ( 'NONE', *, *, #4192, .F. ) ;
#415 =( LENGTH_UNIT ( ) NAMED_UNIT ( * ) SI_UNIT ( .MILLI., .METRE. ) );
#416 = DIRECTION ( 'NONE',  ( 0.000000000000000000, -1.000000000000000000, 0.000000000000000000 ) ) ;
#417 = DIRECTION ( 'NONE',  ( -0.9986295347545739443, -0.05233595624294411913, -3.575628945497201256E-16 ) ) ;
#418 = EDGE_CURVE ( 'NONE', #2682, #3560, #276, .T. ) ;
#419 = ORIENTED_EDGE ( 'NONE', *, *, #934, .F. ) ;
#420 = COLOUR_RGB ( '',0.8431372549019607865, 0.8431372549019607865, 0.8431372549019607865 ) ;
#421 = DIRECTION ( 'NONE',  ( -1.059358394363802552E-16, -3.885780586188047891E-16, 1.000000000000000000 ) ) ;
#422 = VERTEX_POINT ( 'NONE', #981 ) ;
#423 = CARTESIAN_POINT ( 'NONE',  ( -5.971277244371143489, 0.6912635990884606896, 1.282700000000001506 ) ) ;
#424 =( NAMED_UNIT ( * ) PLANE_ANGLE_UNIT ( ) SI_UNIT ( $, .RADIAN. ) );
#425 = MECHANICAL_DESIGN_GEOMETRIC_PRESENTATION_REPRESENTATION (  '', ( #1691 ), #648 ) ;
#426 = CYLINDRICAL_SURFACE ( 'NONE', #81, 0.6985000000000003428 ) ;
#427 = ORIENTED_EDGE ( 'NONE', *, *, #1894, .T. ) ;
#428 = AXIS2_PLACEMENT_3D ( 'NONE', #3368, #633, #3680 ) ;
#429 = PRESENTATION_LAYER_ASSIGNMENT (  '', '', ( #2976 ) ) ;
#430 = PLANE ( 'NONE',  #3508 ) ;
#431 = AXIS2_PLACEMENT_3D ( 'NONE', #2328, #3685, #1371 ) ;
#432 = CARTESIAN_POINT ( 'NONE',  ( -7.141607158954611734, -0.1524000000000004518, -1.282699999999998841 ) ) ;
#433 = ORIENTED_EDGE ( 'NONE', *, *, #1250, .F. ) ;
#434 = AXIS2_PLACEMENT_3D ( 'NONE', #787, #3512, #404 ) ;
#435 = VECTOR ( 'NONE', #4127, 1000.000000000000114 ) ;
#436 = ORIENTED_EDGE ( 'NONE', *, *, #239, .T. ) ;
#437 = SURFACE_STYLE_USAGE ( .BOTH. , #3818 ) ;
#438 = ADVANCED_FACE ( 'NONE', ( #3664 ), #3004, .F. ) ;
#439 = STYLED_ITEM ( 'NONE', ( #4031 ), #2460 ) ;
#440 = SURFACE_STYLE_FILL_AREA ( #3104 ) ;
#441 = CARTESIAN_POINT ( 'NONE',  ( -4.266578654407219950, 2.908398552000184267, 2.984500000000002817 ) ) ;
#442 = PRESENTATION_STYLE_ASSIGNMENT (( #3133 ) ) ;
#443 = ORIENTED_EDGE ( 'NONE', *, *, #3465, .T. ) ;
#444 =( NAMED_UNIT ( * ) PLANE_ANGLE_UNIT ( ) SI_UNIT ( $, .RADIAN. ) );
#445 = CARTESIAN_POINT ( 'NONE',  ( -7.175499999999994216, 0.4943139327224035928, -3.822699999999998433 ) ) ;
#446 = DIRECTION ( 'NONE',  ( 0.000000000000000000, -1.000000000000000000, -5.551065014344850824E-16 ) ) ;
#447 = LINE ( 'NONE', #3113, #2767 ) ;
#448 = ORIENTED_EDGE ( 'NONE', *, *, #2103, .T. ) ;
#449 = LINE ( 'NONE', #1164, #3209 ) ;
#450 = DIRECTION ( 'NONE',  ( 3.362406479023549411E-17, -1.000000000000000000, -3.885780586188046905E-16 ) ) ;
#451 = DIRECTION ( 'NONE',  ( 1.138269997360110167E-15, -1.000000000000000000, -3.557093741750343903E-16 ) ) ;
#452 = ORIENTED_EDGE ( 'NONE', *, *, #4215, .T. ) ;
#453 = CARTESIAN_POINT ( 'NONE',  ( -5.194299999999997475, 0.6095999999999979213, 3.822700000000000653 ) ) ;
#454 = PLANE ( 'NONE',  #2170 ) ;
#455 =( GEOMETRIC_REPRESENTATION_CONTEXT ( 3 ) GLOBAL_UNCERTAINTY_ASSIGNED_CONTEXT ( ( #576 ) ) GLOBAL_UNIT_ASSIGNED_CONTEXT ( ( #2146, #444, #1136 ) ) REPRESENTATION_CONTEXT ( 'NONE', 'WORKASPACE' ) );
#456 = ORIENTED_EDGE ( 'NONE', *, *, #94, .F. ) ;
#457 = FACE_OUTER_BOUND ( 'NONE', #3806, .T. ) ;
#458 = VERTEX_POINT ( 'NONE', #2259 ) ;
#459 = DIRECTION ( 'NONE',  ( 0.000000000000000000, -1.000000000000000000, -5.691349986800550837E-16 ) ) ;
#460 = DIRECTION ( 'NONE',  ( 0.000000000000000000, -1.000000000000000000, -3.885780586188046905E-16 ) ) ;
#461 = EDGE_CURVE ( 'NONE', #621, #4322, #4283, .T. ) ;
#462 = EDGE_CURVE ( 'NONE', #3275, #1547, #3263, .T. ) ;
#463 = ORIENTED_EDGE ( 'NONE', *, *, #1716, .F. ) ;
#464 = DIRECTION ( 'NONE',  ( -8.971146492195128762E-17, 9.429054915185289069E-18, 1.000000000000000000 ) ) ;
#465 = FILL_AREA_STYLE_COLOUR ( '', #504 ) ;
#466 = SURFACE_STYLE_USAGE ( .BOTH. , #1117 ) ;
#467 = MECHANICAL_DESIGN_GEOMETRIC_PRESENTATION_REPRESENTATION (  '', ( #42 ), #2031 ) ;
#468 = PRESENTATION_STYLE_ASSIGNMENT (( #4163 ) ) ;
#469 = ORIENTED_EDGE ( 'NONE', *, *, #1351, .F. ) ;
#470 = LINE ( 'NONE', #135, #3282 ) ;
#471 = CIRCLE ( 'NONE', #3736, 0.7619999999999996776 ) ;
#472 = LINE ( 'NONE', #1775, #1134 ) ;
#473 = AXIS2_PLACEMENT_3D ( 'NONE', #3261, #2573, #1283 ) ;
#474 = VECTOR ( 'NONE', #2001, 1000.000000000000000 ) ;
#475 = EDGE_CURVE ( 'NONE', #953, #885, #3945, .T. ) ;
#476 = CARTESIAN_POINT ( 'NONE',  ( 5.905499999999999972, 1.320799999999999086, 3.469446951953614189E-15 ) ) ;
#477 = COLOUR_RGB ( '',0.8431372549019607865, 0.8431372549019607865, 0.8431372549019607865 ) ;
#478 = ORIENTED_EDGE ( 'NONE', *, *, #742, .F. ) ;
#479 = PRESENTATION_STYLE_ASSIGNMENT (( #4233 ) ) ;
#480 = SURFACE_SIDE_STYLE ('',( #206 ) ) ;
#481 = PRESENTATION_LAYER_ASSIGNMENT (  '', '', ( #3956 ) ) ;
#482 = UNCERTAINTY_MEASURE_WITH_UNIT (LENGTH_MEASURE( 1.000000000000000082E-05 ), #1574, 'distance_accuracy_value', 'NONE');
#483 = ORIENTED_EDGE ( 'NONE', *, *, #2355, .F. ) ;
#484 = SURFACE_SIDE_STYLE ('',( #1801 ) ) ;
#485 = EDGE_LOOP ( 'NONE', ( #3698, #1975, #2253, #951 ) ) ;
#486 = LINE ( 'NONE', #191, #3946 ) ;
#487 = SURFACE_STYLE_USAGE ( .BOTH. , #3242 ) ;
#488 = ORIENTED_EDGE ( 'NONE', *, *, #3405, .F. ) ;
#489 = FACE_OUTER_BOUND ( 'NONE', #969, .T. ) ;
#490 = EDGE_CURVE ( 'NONE', #3919, #88, #1915, .T. ) ;
#491 = CARTESIAN_POINT ( 'NONE',  ( -5.668458158185816664, 2.293742025179462463, -3.822699999999998433 ) ) ;
#492 = FILL_AREA_STYLE_COLOUR ( '', #3488 ) ;
#493 = COLOUR_RGB ( '',0.8431372549019607865, 0.8431372549019607865, 0.8431372549019607865 ) ;
#494 = EDGE_CURVE ( 'NONE', #3755, #976, #3643, .T. ) ;
#495 = MECHANICAL_DESIGN_GEOMETRIC_PRESENTATION_REPRESENTATION (  '', ( #2394 ), #4116 ) ;
#496 = ORIENTED_EDGE ( 'NONE', *, *, #2499, .F. ) ;
#497 = DIRECTION ( 'NONE',  ( -0.000000000000000000, 3.885780586188046905E-16, -1.000000000000000000 ) ) ;
#498 = PRESENTATION_LAYER_ASSIGNMENT (  '', '', ( #1691 ) ) ;
#499 = DIRECTION ( 'NONE',  ( -1.000000000000000000, 4.116434282634202676E-32, -1.059358394363801936E-16 ) ) ;
#500 = EDGE_LOOP ( 'NONE', ( #1373, #2634, #3564, #3901, #1819, #3878, #561, #3943, #452, #3705, #4056, #3665 ) ) ;
#501 = FILL_AREA_STYLE ('',( #1419 ) ) ;
#502 = SURFACE_STYLE_USAGE ( .BOTH. , #480 ) ;
#503 = ORIENTED_EDGE ( 'NONE', *, *, #2594, .F. ) ;
#504 = COLOUR_RGB ( '',0.8431372549019607865, 0.8431372549019607865, 0.8431372549019607865 ) ;
#505 = ORIENTED_EDGE ( 'NONE', *, *, #3008, .F. ) ;
#506 =( NAMED_UNIT ( * ) SI_UNIT ( $, .STERADIAN. ) SOLID_ANGLE_UNIT ( ) );
#507 =( GEOMETRIC_REPRESENTATION_CONTEXT ( 3 ) GLOBAL_UNCERTAINTY_ASSIGNED_CONTEXT ( ( #3290 ) ) GLOBAL_UNIT_ASSIGNED_CONTEXT ( ( #2059, #3790, #756 ) ) REPRESENTATION_CONTEXT ( 'NONE', 'WORKASPACE' ) );
#508 = VECTOR ( 'NONE', #616, 1000.000000000000114 ) ;
#509 = VECTOR ( 'NONE', #3607, 1000.000000000000000 ) ;
#510 = CYLINDRICAL_SURFACE ( 'NONE', #1813, 1.409601447999776047 ) ;
#511 =( GEOMETRIC_REPRESENTATION_CONTEXT ( 3 ) GLOBAL_UNCERTAINTY_ASSIGNED_CONTEXT ( ( #924 ) ) GLOBAL_UNIT_ASSIGNED_CONTEXT ( ( #4351, #1646, #2325 ) ) REPRESENTATION_CONTEXT ( 'NONE', 'WORKASPACE' ) );
#512 =( GEOMETRIC_REPRESENTATION_CONTEXT ( 3 ) GLOBAL_UNCERTAINTY_ASSIGNED_CONTEXT ( ( #3690 ) ) GLOBAL_UNIT_ASSIGNED_CONTEXT ( ( #2858, #223, #1183 ) ) REPRESENTATION_CONTEXT ( 'NONE', 'WORKASPACE' ) );
#513 = SURFACE_STYLE_FILL_AREA ( #2517 ) ;
#514 = PRESENTATION_STYLE_ASSIGNMENT (( #213 ) ) ;
#515 = VECTOR ( 'NONE', #2736, 1000.000000000000114 ) ;
#516 = CARTESIAN_POINT ( 'NONE',  ( -4.266578654407219950, 3.555999999999963634, 2.120900000000002006 ) ) ;
#517 = CARTESIAN_POINT ( 'NONE',  ( -5.194299999999997475, 0.6095999999999995866, -1.282699999999998397 ) ) ;
#518 = ORIENTED_EDGE ( 'NONE', *, *, #3940, .F. ) ;
#519 = DIRECTION ( 'NONE',  ( 0.000000000000000000, -1.000000000000000000, -5.551065014344850824E-16 ) ) ;
#520 = DIRECTION ( 'NONE',  ( 0.9945218953682734009, -0.1045284632676539288, 9.020562075079400589E-17 ) ) ;
#521 = ADVANCED_FACE ( 'NONE', ( #4330 ), #3307, .F. ) ;
#522 = ADVANCED_FACE ( 'NONE', ( #254 ), #1286, .F. ) ;
#523 = ORIENTED_EDGE ( 'NONE', *, *, #3575, .F. ) ;
#524 = CARTESIAN_POINT ( 'NONE',  ( -2.730500000000001481, 2.908398552000170056, 3.469446951953614189E-15 ) ) ;
#525 = PRESENTATION_STYLE_ASSIGNMENT (( #3750 ) ) ;
#526 = VERTEX_POINT ( 'NONE', #2096 ) ;
#527 = LINE ( 'NONE', #3240, #4136 ) ;
#528 = DIRECTION ( 'NONE',  ( 0.000000000000000000, -1.000000000000000000, -3.076620484531956004E-16 ) ) ;
#529 = CARTESIAN_POINT ( 'NONE',  ( -7.141607158954611734, -0.1523999999999995913, -2.120899999999999785 ) ) ;
#530 = CARTESIAN_POINT ( 'NONE',  ( 5.496946652051673432, 4.648200000000000109, -4.998865367200655996 ) ) ;
#531 = ORIENTED_EDGE ( 'NONE', *, *, #3267, .F. ) ;
#532 = STYLED_ITEM ( 'NONE', ( #1768 ), #715 ) ;
#533 =( NAMED_UNIT ( * ) PLANE_ANGLE_UNIT ( ) SI_UNIT ( $, .RADIAN. ) );
#534 = DIRECTION ( 'NONE',  ( 0.1045284632676535957, 0.9945218953682734009, 4.002338355649934187E-16 ) ) ;
#535 = UNCERTAINTY_MEASURE_WITH_UNIT (LENGTH_MEASURE( 1.000000000000000082E-05 ), #3347, 'distance_accuracy_value', 'NONE');
#536 = ORIENTED_EDGE ( 'NONE', *, *, #2674, .T. ) ;
#537 = FILL_AREA_STYLE ('',( #859 ) ) ;
#538 =( GEOMETRIC_REPRESENTATION_CONTEXT ( 3 ) GLOBAL_UNCERTAINTY_ASSIGNED_CONTEXT ( ( #3518 ) ) GLOBAL_UNIT_ASSIGNED_CONTEXT ( ( #878, #307, #2965 ) ) REPRESENTATION_CONTEXT ( 'NONE', 'WORKASPACE' ) );
#539 = SURFACE_STYLE_USAGE ( .BOTH. , #1908 ) ;
#540 = VERTEX_POINT ( 'NONE', #74 ) ;
#541 = DIRECTION ( 'NONE',  ( 0.9986295347545738332, 0.05233595624294441057, 1.340860854561457682E-16 ) ) ;
#542 = CIRCLE ( 'NONE', #3468, 0.7812570522476320889 ) ;
#543 = EDGE_CURVE ( 'NONE', #757, #2659, #2969, .T. ) ;
#544 = DIRECTION ( 'NONE',  ( 3.362406479023549411E-17, -1.000000000000000000, -3.885780586188046905E-16 ) ) ;
#545 =( NAMED_UNIT ( * ) PLANE_ANGLE_UNIT ( ) SI_UNIT ( $, .RADIAN. ) );
#546 = VECTOR ( 'NONE', #3151, 1000.000000000000114 ) ;
#547 = ORIENTED_EDGE ( 'NONE', *, *, #365, .F. ) ;
#548 = PRESENTATION_LAYER_ASSIGNMENT (  '', '', ( #628 ) ) ;
#549 = DIRECTION ( 'NONE',  ( -1.059358394363802552E-16, -3.885780586188047891E-16, 1.000000000000000000 ) ) ;
#550 = DIRECTION ( 'NONE',  ( -0.000000000000000000, 3.885780586188046905E-16, -1.000000000000000000 ) ) ;
#551 = DIRECTION ( 'NONE',  ( 0.000000000000000000, 3.885780586188046905E-16, -1.000000000000000000 ) ) ;
#552 =( GEOMETRIC_REPRESENTATION_CONTEXT ( 3 ) GLOBAL_UNCERTAINTY_ASSIGNED_CONTEXT ( ( #2623 ) ) GLOBAL_UNIT_ASSIGNED_CONTEXT ( ( #2645, #4333, #4072 ) ) REPRESENTATION_CONTEXT ( 'NONE', 'WORKASPACE' ) );
#553 = ORIENTED_EDGE ( 'NONE', *, *, #1493, .T. ) ;
#554 = CARTESIAN_POINT ( 'NONE',  ( -5.024404338677843640, 2.226049241010137791, -2.120899999999998453 ) ) ;
#555 = STYLED_ITEM ( 'NONE', ( #1243 ), #4359 ) ;
#556 = ADVANCED_FACE ( 'NONE', ( #2438 ), #2034, .F. ) ;
#557 = CARTESIAN_POINT ( 'NONE',  ( 5.905499999999989313, 1.320799999999974883, 3.469446951953614189E-15 ) ) ;
#558 = ORIENTED_EDGE ( 'NONE', *, *, #2306, .F. ) ;
#559 = CARTESIAN_POINT ( 'NONE',  ( -7.141607158954611734, -0.1524000000000017008, 2.984500000000001929 ) ) ;
#560 = COLOUR_RGB ( '',0.8431372549019607865, 0.8431372549019607865, 0.8431372549019607865 ) ;
#561 = ORIENTED_EDGE ( 'NONE', *, *, #2566, .T. ) ;
#562 = AXIS2_PLACEMENT_3D ( 'NONE', #3939, #4278, #1620 ) ;
#563 = PRESENTATION_STYLE_ASSIGNMENT (( #1597 ) ) ;
#564 = LINE ( 'NONE', #3233, #1080 ) ;
#565 = AXIS2_PLACEMENT_3D ( 'NONE', #2296, #1405, #3085 ) ;
#566 = ORIENTED_EDGE ( 'NONE', *, *, #2143, .T. ) ;
#567 = LINE ( 'NONE', #524, #3770 ) ;
#569 = AXIS2_PLACEMENT_3D ( 'NONE', #2206, #3295, #3910 ) ;
#568 = SURFACE_STYLE_USAGE ( .BOTH. , #2889 ) ;
#570 = VECTOR ( 'NONE', #1011, 1000.000000000000000 ) ;
#571 = DIRECTION ( 'NONE',  ( -1.000000000000000000, 2.487057936124655726E-16, 0.000000000000000000 ) ) ;
#572 = AXIS2_PLACEMENT_3D ( 'NONE', #876, #3174, #3594 ) ;
#573 = CARTESIAN_POINT ( 'NONE',  ( -5.838353819507971387, 0.6772927841693255901, -0.4190999999999985848 ) ) ;
#574 =( GEOMETRIC_REPRESENTATION_CONTEXT ( 3 ) GLOBAL_UNCERTAINTY_ASSIGNED_CONTEXT ( ( #1632 ) ) GLOBAL_UNIT_ASSIGNED_CONTEXT ( ( #3850, #3109, #809 ) ) REPRESENTATION_CONTEXT ( 'NONE', 'WORKASPACE' ) );
#575 = ADVANCED_FACE ( 'NONE', ( #3396 ), #3467, .F. ) ;
#576 = UNCERTAINTY_MEASURE_WITH_UNIT (LENGTH_MEASURE( 1.000000000000000082E-05 ), #2146, 'distance_accuracy_value', 'NONE');
#577 = EDGE_CURVE ( 'NONE', #3718, #2808, #771, .T. ) ;
#578 = CARTESIAN_POINT ( 'NONE',  ( -0.9453947025818487671, 4.648200000000000109, -4.046365367200657204 ) ) ;
#579 = LINE ( 'NONE', #3381, #864 ) ;
#580 =( GEOMETRIC_REPRESENTATION_CONTEXT ( 3 ) GLOBAL_UNCERTAINTY_ASSIGNED_CONTEXT ( ( #3957 ) ) GLOBAL_UNIT_ASSIGNED_CONTEXT ( ( #2335, #1005, #4406 ) ) REPRESENTATION_CONTEXT ( 'NONE', 'WORKASPACE' ) );
#581 = COLOUR_RGB ( '',0.7921568627450980005, 0.8196078431372548767, 0.9333333333333333481 ) ;
#582 = VERTEX_POINT ( 'NONE', #1026 ) ;
#583 = SURFACE_STYLE_USAGE ( .BOTH. , #2604 ) ;
#584 = MECHANICAL_DESIGN_GEOMETRIC_PRESENTATION_REPRESENTATION (  '', ( #3771 ), #2982 ) ;
#585 = LINE ( 'NONE', #2245, #3701 ) ;
#586 = CARTESIAN_POINT ( 'NONE',  ( -1.199360670646494690E-15, 8.505004896855318464, 2.540000000000004032 ) ) ;
#587 = SURFACE_STYLE_FILL_AREA ( #3955 ) ;
#588 = VECTOR ( 'NONE', #3854, 1000.000000000000000 ) ;
#589 = UNCERTAINTY_MEASURE_WITH_UNIT (LENGTH_MEASURE( 1.000000000000000082E-05 ), #3885, 'distance_accuracy_value', 'NONE');
#590 = ORIENTED_EDGE ( 'NONE', *, *, #881, .F. ) ;
#591 = CARTESIAN_POINT ( 'NONE',  ( -5.024404338677843640, 2.226049241010136903, -0.4190999999999985848 ) ) ;
#592 = DIRECTION ( 'NONE',  ( 0.000000000000000000, -1.000000000000000000, 0.000000000000000000 ) ) ;
#593 = FILL_AREA_STYLE_COLOUR ( '', #946 ) ;
#594 = ORIENTED_EDGE ( 'NONE', *, *, #1530, .F. ) ;
#595 = ORIENTED_EDGE ( 'NONE', *, *, #1448, .F. ) ;
#596 = CARTESIAN_POINT ( 'NONE',  ( 5.905499999999999083, 1.320799999999999086, 3.469446951953614189E-15 ) ) ;
#597 = ORIENTED_EDGE ( 'NONE', *, *, #1145, .T. ) ;
#598 =( NAMED_UNIT ( * ) PLANE_ANGLE_UNIT ( ) SI_UNIT ( $, .RADIAN. ) );
#599 = CARTESIAN_POINT ( 'NONE',  ( -5.838353819507971387, 0.6772927841693248130, 1.282700000000001284 ) ) ;
#600 = FACE_OUTER_BOUND ( 'NONE', #1228, .T. ) ;
#601 = LINE ( 'NONE', #3012, #1481 ) ;
#602 = EDGE_CURVE ( 'NONE', #1464, #2135, #3654, .T. ) ;
#603 = EDGE_CURVE ( 'NONE', #1212, #3433, #332, .T. ) ;
#604 = LINE ( 'NONE', #4227, #857 ) ;
#605 = DIRECTION ( 'NONE',  ( 0.9986295347545739443, 0.05233595624294405668, 0.000000000000000000 ) ) ;
#606 = VECTOR ( 'NONE', #91, 1000.000000000000000 ) ;
#607 = DIRECTION ( 'NONE',  ( 1.059358394363802552E-16, 3.885780586188047891E-16, -1.000000000000000000 ) ) ;
#608 = ORIENTED_EDGE ( 'NONE', *, *, #1288, .F. ) ;
#609 = FACE_OUTER_BOUND ( 'NONE', #1140, .T. ) ;
#610 = EDGE_CURVE ( 'NONE', #2808, #3681, #2995, .T. ) ;
#611 = UNCERTAINTY_MEASURE_WITH_UNIT (LENGTH_MEASURE( 1.000000000000000082E-05 ), #1743, 'distance_accuracy_value', 'NONE');
#612 = ORIENTED_EDGE ( 'NONE', *, *, #4387, .F. ) ;
#613 = UNCERTAINTY_MEASURE_WITH_UNIT (LENGTH_MEASURE( 1.000000000000000082E-05 ), #2630, 'distance_accuracy_value', 'NONE');
#614 = FACE_OUTER_BOUND ( 'NONE', #1952, .T. ) ;
#615 = ORIENTED_EDGE ( 'NONE', *, *, #3727, .F. ) ;
#616 = DIRECTION ( 'NONE',  ( 0.05233595624293851251, -0.9986295347545741663, -6.696724819465702341E-16 ) ) ;
#617 = DIRECTION ( 'NONE',  ( 0.000000000000000000, 0.000000000000000000, 1.000000000000000000 ) ) ;
#618 = ORIENTED_EDGE ( 'NONE', *, *, #543, .F. ) ;
#619 = VECTOR ( 'NONE', #1862, 1000.000000000000000 ) ;
#620 = FILL_AREA_STYLE_COLOUR ( '', #3417 ) ;
#621 = VERTEX_POINT ( 'NONE', #1703 ) ;
#622 = UNCERTAINTY_MEASURE_WITH_UNIT (LENGTH_MEASURE( 1.000000000000000082E-05 ), #3874, 'distance_accuracy_value', 'NONE');
#623 =( NAMED_UNIT ( * ) SI_UNIT ( $, .STERADIAN. ) SOLID_ANGLE_UNIT ( ) );
#624 = VECTOR ( 'NONE', #534, 1000.000000000000114 ) ;
#625 = DIRECTION ( 'NONE',  ( -8.971146492195128762E-17, 9.429054915185289069E-18, 1.000000000000000000 ) ) ;
#626 = FILL_AREA_STYLE_COLOUR ( '', #1215 ) ;
#627 = CARTESIAN_POINT ( 'NONE',  ( -5.194299999999997475, 0.6095999999999992536, -0.4190999999999987513 ) ) ;
#628 = STYLED_ITEM ( 'NONE', ( #1357 ), #3715 ) ;
#629 = CARTESIAN_POINT ( 'NONE',  ( -5.194299999999998363, 0.6095999999999979213, 3.822700000000001097 ) ) ;
#630 = PRESENTATION_LAYER_ASSIGNMENT (  '', '', ( #2452 ) ) ;
#631 = CARTESIAN_POINT ( 'NONE',  ( -2.730500000000001926, 2.146398552000184257, 3.822700000000001097 ) ) ;
#632 = VERTEX_POINT ( 'NONE', #2272 ) ;
#633 = DIRECTION ( 'NONE',  ( -0.05233595624294421628, 0.9986295347545739443, 1.665334536937734564E-16 ) ) ;
#634 = ORIENTED_EDGE ( 'NONE', *, *, #1727, .T. ) ;
#635 = DIRECTION ( 'NONE',  ( 3.362406479023543248E-17, -1.000000000000000000, 3.561993528816828104E-33 ) ) ;
#636 = ORIENTED_EDGE ( 'NONE', *, *, #4109, .T. ) ;
#637 = EDGE_CURVE ( 'NONE', #3502, #3377, #2294, .T. ) ;
#638 = LINE ( 'NONE', #2954, #3772 ) ;
#639 =( LENGTH_UNIT ( ) NAMED_UNIT ( * ) SI_UNIT ( .MILLI., .METRE. ) );
#640 = AXIS2_PLACEMENT_3D ( 'NONE', #3651, #1658, #3694 ) ;
#641 = ORIENTED_EDGE ( 'NONE', *, *, #2596, .F. ) ;
#642 = LINE ( 'NONE', #2683, #1777 ) ;
#643 = PRESENTATION_STYLE_ASSIGNMENT (( #1933 ) ) ;
#644 = CARTESIAN_POINT ( 'NONE',  ( -7.141607158954611734, -0.1523999999999999799, -2.984499999999997932 ) ) ;
#645 = AXIS2_PLACEMENT_3D ( 'NONE', #2421, #2685, #3722 ) ;
#646 = VERTEX_POINT ( 'NONE', #3 ) ;
#647 = UNCERTAINTY_MEASURE_WITH_UNIT (LENGTH_MEASURE( 1.000000000000000082E-05 ), #2530, 'distance_accuracy_value', 'NONE');
#648 =( GEOMETRIC_REPRESENTATION_CONTEXT ( 3 ) GLOBAL_UNCERTAINTY_ASSIGNED_CONTEXT ( ( #4306 ) ) GLOBAL_UNIT_ASSIGNED_CONTEXT ( ( #4403, #36, #1083 ) ) REPRESENTATION_CONTEXT ( 'NONE', 'WORKASPACE' ) );
#649 = LINE ( 'NONE', #1994, #726 ) ;
#650 = CARTESIAN_POINT ( 'NONE',  ( -2.730500000000001481, 3.555999999999966299, -5.017929789115256334 ) ) ;
#651 = LINE ( 'NONE', #2694, #1049 ) ;
#652 = VECTOR ( 'NONE', #4308, 1000.000000000000000 ) ;
#653 = ORIENTED_EDGE ( 'NONE', *, *, #3032, .T. ) ;
#654 =( NAMED_UNIT ( * ) PLANE_ANGLE_UNIT ( ) SI_UNIT ( $, .RADIAN. ) );
#655 = ORIENTED_EDGE ( 'NONE', *, *, #190, .F. ) ;
#656 = SURFACE_STYLE_FILL_AREA ( #2009 ) ;
#657 = PRESENTATION_LAYER_ASSIGNMENT (  '', '', ( #3771 ) ) ;
#658 = COLOUR_RGB ( '',0.8431372549019607865, 0.8431372549019607865, 0.8431372549019607865 ) ;
#659 = FACE_OUTER_BOUND ( 'NONE', #1003, .T. ) ;
#660 = MECHANICAL_DESIGN_GEOMETRIC_PRESENTATION_REPRESENTATION (  '', ( #84 ), #2188 ) ;
#661 = DIRECTION ( 'NONE',  ( -0.05233595624294259951, 0.9986295347545740553, 0.000000000000000000 ) ) ;
#662 = ORIENTED_EDGE ( 'NONE', *, *, #4, .T. ) ;
#663 = STYLED_ITEM ( 'NONE', ( #2448 ), #1923 ) ;
#664 = CARTESIAN_POINT ( 'NONE',  ( -5.930389409470221196, -0.08892276752132281803, 2.984500000000001485 ) ) ;
#665 = EDGE_CURVE ( 'NONE', #2228, #728, #3676, .T. ) ;
#666 = EDGE_CURVE ( 'NONE', #3142, #253, #4029, .T. ) ;
#667 = CARTESIAN_POINT ( 'NONE',  ( -4.266578654407220839, 2.908398552000183823, 2.984500000000003261 ) ) ;
#668 = ORIENTED_EDGE ( 'NONE', *, *, #3437, .F. ) ;
#669 = FILL_AREA_STYLE ('',( #2989 ) ) ;
#670 = FACE_OUTER_BOUND ( 'NONE', #378, .T. ) ;
#671 =( NAMED_UNIT ( * ) PLANE_ANGLE_UNIT ( ) SI_UNIT ( $, .RADIAN. ) );
#672 = CARTESIAN_POINT ( 'NONE',  ( -4.266578654407219950, 2.146398552000186033, -2.120899999999998897 ) ) ;
#673 = EDGE_CURVE ( 'NONE', #3377, #2282, #1323, .T. ) ;
#674 = DIRECTION ( 'NONE',  ( -1.059358394363802552E-16, -3.885780586188047891E-16, 1.000000000000000000 ) ) ;
#675 = CARTESIAN_POINT ( 'NONE',  ( -5.964282250515601014, 0.5577911652010817400, 1.282700000000001284 ) ) ;
#676 = PLANE ( 'NONE',  #428 ) ;
#677 = EDGE_LOOP ( 'NONE', ( #1305, #3515, #2881, #1189 ) ) ;
#678 = DIRECTION ( 'NONE',  ( 0.9986295347545740553, 0.05233595624294259951, 1.144917494144692682E-16 ) ) ;
#679 = MECHANICAL_DESIGN_GEOMETRIC_PRESENTATION_REPRESENTATION (  '', ( #532 ), #455 ) ;
#680 =( LENGTH_UNIT ( ) NAMED_UNIT ( * ) SI_UNIT ( .MILLI., .METRE. ) );
#681 = CARTESIAN_POINT ( 'NONE',  ( -5.971277244371143489, 0.6912635990884603565, 2.120900000000002006 ) ) ;
#682 = VERTEX_POINT ( 'NONE', #1642 ) ;
#683 = PRESENTATION_STYLE_ASSIGNMENT (( #3089 ) ) ;
#684 = CARTESIAN_POINT ( 'NONE',  ( -5.930389409470221196, -0.08892276752132184658, 2.120900000000001118 ) ) ;
#685 = SURFACE_SIDE_STYLE ('',( #366 ) ) ;
#686 = EDGE_CURVE ( 'NONE', #2508, #1127, #1342, .T. ) ;
#687 = EDGE_CURVE ( 'NONE', #2057, #3142, #4053, .T. ) ;
#688 = ORIENTED_EDGE ( 'NONE', *, *, #1472, .F. ) ;
#689 = PRESENTATION_LAYER_ASSIGNMENT (  '', '', ( #1108 ) ) ;
#690 = DIRECTION ( 'NONE',  ( 1.138269997360110167E-15, -1.000000000000000000, -5.691349986800550837E-16 ) ) ;
#691 = ADVANCED_FACE ( 'NONE', ( #3733 ), #2005, .T. ) ;
#692 = SURFACE_STYLE_USAGE ( .BOTH. , #1376 ) ;
#693 = SURFACE_STYLE_FILL_AREA ( #4005 ) ;
#694 = AXIS2_PLACEMENT_3D ( 'NONE', #1710, #3996, #2935 ) ;
#695 = CARTESIAN_POINT ( 'NONE',  ( -5.964282250515602790, 0.5577911652010810739, 2.984500000000001929 ) ) ;
#696 =( LENGTH_UNIT ( ) NAMED_UNIT ( * ) SI_UNIT ( .MILLI., .METRE. ) );
#697 = FACE_OUTER_BOUND ( 'NONE', #1662, .T. ) ;
#698 = FILL_AREA_STYLE ('',( #375 ) ) ;
#699 = VERTEX_POINT ( 'NONE', #2631 ) ;
#700 = SURFACE_STYLE_FILL_AREA ( #2715 ) ;
#701 = ORIENTED_EDGE ( 'NONE', *, *, #55, .T. ) ;
#702 = MECHANICAL_DESIGN_GEOMETRIC_PRESENTATION_REPRESENTATION (  '', ( #3102 ), #3475 ) ;
#703 = DIRECTION ( 'NONE',  ( 0.000000000000000000, -1.000000000000000000, -5.691349986800550837E-16 ) ) ;
#704 = LINE ( 'NONE', #1685, #2003 ) ;
#705 = ORIENTED_EDGE ( 'NONE', *, *, #2594, .T. ) ;
#706 =( NAMED_UNIT ( * ) PLANE_ANGLE_UNIT ( ) SI_UNIT ( $, .RADIAN. ) );
#707 = SURFACE_STYLE_USAGE ( .BOTH. , #3421 ) ;
#708 = ORIENTED_EDGE ( 'NONE', *, *, #3678, .T. ) ;
#709 = COLOUR_RGB ( '',0.8431372549019607865, 0.8431372549019607865, 0.8431372549019607865 ) ;
#710 = PRESENTATION_STYLE_ASSIGNMENT (( #2445 ) ) ;
#711 = STYLED_ITEM ( 'NONE', ( #1161 ), #3493 ) ;
#712 = PRESENTATION_STYLE_ASSIGNMENT (( #3075 ) ) ;
#713 = DIRECTION ( 'NONE',  ( -3.362406479023546330E-17, 1.000000000000000000, 1.110223024625156540E-16 ) ) ;
#714 = CARTESIAN_POINT ( 'NONE',  ( -7.141607158954611734, -0.1524000000000003130, -1.282699999999998619 ) ) ;
#715 = ADVANCED_FACE ( 'NONE', ( #3983 ), #1660, .F. ) ;
#716 = EDGE_CURVE ( 'NONE', #2282, #1077, #2088, .T. ) ;
#717 = ORIENTED_EDGE ( 'NONE', *, *, #4387, .T. ) ;
#718 =( NAMED_UNIT ( * ) SI_UNIT ( $, .STERADIAN. ) SOLID_ANGLE_UNIT ( ) );
#719 = DIRECTION ( 'NONE',  ( -1.059358394363802552E-16, -3.885780586188047891E-16, 1.000000000000000000 ) ) ;
#720 =( NAMED_UNIT ( * ) SI_UNIT ( $, .STERADIAN. ) SOLID_ANGLE_UNIT ( ) );
#721 = ORIENTED_EDGE ( 'NONE', *, *, #3551, .F. ) ;
#722 = CARTESIAN_POINT ( 'NONE',  ( -0.9453947025818488781, 4.521199999999998553, -2.649365367200656962 ) ) ;
#723 = DIRECTION ( 'NONE',  ( -1.059358394363802799E-16, 0.000000000000000000, 1.000000000000000000 ) ) ;
#724 = VECTOR ( 'NONE', #4074, 1000.000000000000000 ) ;
#725 = CARTESIAN_POINT ( 'NONE',  ( -7.175499999999993328, 0.4943139327224028157, -2.120899999999998897 ) ) ;
#726 = VECTOR ( 'NONE', #2667, 1000.000000000000000 ) ;
#727 = COLOUR_RGB ( '',0.8431372549019607865, 0.8431372549019607865, 0.8431372549019607865 ) ;
#728 = VERTEX_POINT ( 'NONE', #1789 ) ;
#729 = CARTESIAN_POINT ( 'NONE',  ( -5.668458158185817553, 2.293742025179461574, -3.822699999999998433 ) ) ;
#730 = PRESENTATION_LAYER_ASSIGNMENT (  '', '', ( #1638 ) ) ;
#731 = DIRECTION ( 'NONE',  ( 1.059358394363802552E-16, 3.885780586188047891E-16, -1.000000000000000000 ) ) ;
#732 = VECTOR ( 'NONE', #32, 1000.000000000000000 ) ;
#733 = CARTESIAN_POINT ( 'NONE',  ( -4.266578654407220839, 3.555999999999961414, 2.984500000000001929 ) ) ;
#734 = ORIENTED_EDGE ( 'NONE', *, *, #3760, .T. ) ;
#735 = PLANE ( 'NONE',  #1474 ) ;
#736 = PLANE ( 'NONE',  #4166 ) ;
#737 = SURFACE_SIDE_STYLE ('',( #1872 ) ) ;
#738 = FILL_AREA_STYLE_COLOUR ( '', #477 ) ;
#739 = ORIENTED_EDGE ( 'NONE', *, *, #189, .T. ) ;
#740 = SURFACE_STYLE_FILL_AREA ( #1111 ) ;
#741 =( NAMED_UNIT ( * ) SI_UNIT ( $, .STERADIAN. ) SOLID_ANGLE_UNIT ( ) );
#742 = EDGE_CURVE ( 'NONE', #582, #3689, #2068, .T. ) ;
#743 = EDGE_CURVE ( 'NONE', #1955, #1713, #2413, .T. ) ;
#744 = PRESENTATION_STYLE_ASSIGNMENT (( #2432 ) ) ;
#745 = CARTESIAN_POINT ( 'NONE',  ( -5.964282250515601014, 0.5577911652010808519, 3.822700000000000653 ) ) ;
#746 = SURFACE_STYLE_USAGE ( .BOTH. , #2075 ) ;
#747 = CARTESIAN_POINT ( 'NONE',  ( 7.175499999999998657, 1.320799999999997754, 3.429000000000005155 ) ) ;
#748 = ORIENTED_EDGE ( 'NONE', *, *, #2264, .T. ) ;
#749 = SURFACE_STYLE_FILL_AREA ( #2393 ) ;
#750 = LINE ( 'NONE', #3856, #220 ) ;
#751 = DIRECTION ( 'NONE',  ( -2.355451597716528073E-16, 0.000000000000000000, -1.000000000000000000 ) ) ;
#752 = ORIENTED_EDGE ( 'NONE', *, *, #2371, .F. ) ;
#753 = CARTESIAN_POINT ( 'NONE',  ( -7.175499999999991552, 0.4943139327224006507, 2.984500000000001929 ) ) ;
#754 =( GEOMETRIC_REPRESENTATION_CONTEXT ( 3 ) GLOBAL_UNCERTAINTY_ASSIGNED_CONTEXT ( ( #212 ) ) GLOBAL_UNIT_ASSIGNED_CONTEXT ( ( #4341, #2652, #2319 ) ) REPRESENTATION_CONTEXT ( 'NONE', 'WORKASPACE' ) );
#755 = EDGE_CURVE ( 'NONE', #1962, #1797, #1170, .T. ) ;
#756 =( NAMED_UNIT ( * ) SI_UNIT ( $, .STERADIAN. ) SOLID_ANGLE_UNIT ( ) );
#757 = VERTEX_POINT ( 'NONE', #25 ) ;
#758 =( NAMED_UNIT ( * ) PLANE_ANGLE_UNIT ( ) SI_UNIT ( $, .RADIAN. ) );
#759 = SURFACE_STYLE_FILL_AREA ( #3798 ) ;
#760 = LINE ( 'NONE', #2109, #1598 ) ;
#761 =( GEOMETRIC_REPRESENTATION_CONTEXT ( 3 ) GLOBAL_UNCERTAINTY_ASSIGNED_CONTEXT ( ( #2953 ) ) GLOBAL_UNIT_ASSIGNED_CONTEXT ( ( #3674, #3061, #1719 ) ) REPRESENTATION_CONTEXT ( 'NONE', 'WORKASPACE' ) );
#762 = MECHANICAL_DESIGN_GEOMETRIC_PRESENTATION_REPRESENTATION (  '', ( #2585 ), #3812 ) ;
#763 = PLANE ( 'NONE',  #3359 ) ;
#764 = ORIENTED_EDGE ( 'NONE', *, *, #991, .F. ) ;
#765 = DIRECTION ( 'NONE',  ( 0.1045284632676535957, 0.9945218953682734009, 4.335866551954095452E-16 ) ) ;
#766 = STYLED_ITEM ( 'NONE', ( #3266 ), #3882 ) ;
#767 = LINE ( 'NONE', #3875, #3968 ) ;
#768 = EDGE_CURVE ( 'NONE', #834, #1749, #3082, .T. ) ;
#769 = COLOUR_RGB ( '',0.8431372549019607865, 0.8431372549019607865, 0.8431372549019607865 ) ;
#770 = DIRECTION ( 'NONE',  ( 0.000000000000000000, -1.000000000000000000, -2.775532507172425412E-16 ) ) ;
#771 = LINE ( 'NONE', #432, #570 ) ;
#772 = ORIENTED_EDGE ( 'NONE', *, *, #1194, .T. ) ;
#773 = VECTOR ( 'NONE', #3978, 1000.000000000000000 ) ;
#774 = ORIENTED_EDGE ( 'NONE', *, *, #4239, .T. ) ;
#775 = PRESENTATION_STYLE_ASSIGNMENT (( #437 ) ) ;
#776 = SURFACE_STYLE_FILL_AREA ( #2446 ) ;
#777 = LINE ( 'NONE', #1805, #546 ) ;
#778 = VECTOR ( 'NONE', #2973, 1000.000000000000000 ) ;
#779 =( NAMED_UNIT ( * ) SI_UNIT ( $, .STERADIAN. ) SOLID_ANGLE_UNIT ( ) );
#780 = CARTESIAN_POINT ( 'NONE',  ( -7.141607158954611734, -0.1524000000000022004, 2.984500000000001485 ) ) ;
#781 =( LENGTH_UNIT ( ) NAMED_UNIT ( * ) SI_UNIT ( .MILLI., .METRE. ) );
#782 =( GEOMETRIC_REPRESENTATION_CONTEXT ( 3 ) GLOBAL_UNCERTAINTY_ASSIGNED_CONTEXT ( ( #2208 ) ) GLOBAL_UNIT_ASSIGNED_CONTEXT ( ( #3228, #533, #4271 ) ) REPRESENTATION_CONTEXT ( 'NONE', 'WORKASPACE' ) );
#783 = DIRECTION ( 'NONE',  ( 0.000000000000000000, -1.000000000000000000, -4.163298760758638118E-16 ) ) ;
#784 =( GEOMETRIC_REPRESENTATION_CONTEXT ( 3 ) GLOBAL_UNCERTAINTY_ASSIGNED_CONTEXT ( ( #1588 ) ) GLOBAL_UNIT_ASSIGNED_CONTEXT ( ( #3767, #1100, #1035 ) ) REPRESENTATION_CONTEXT ( 'NONE', 'WORKASPACE' ) );
#785 = CARTESIAN_POINT ( 'NONE',  ( -5.964282250515602790, 0.5577911652010824062, 0.4191000000000017489 ) ) ;
#786 = ORIENTED_EDGE ( 'NONE', *, *, #796, .T. ) ;
#787 = CARTESIAN_POINT ( 'NONE',  ( -7.141607158954611734, -0.1523999999999993693, -3.822699999999998433 ) ) ;
#788 =( GEOMETRIC_REPRESENTATION_CONTEXT ( 3 ) GLOBAL_UNCERTAINTY_ASSIGNED_CONTEXT ( ( #3297 ) ) GLOBAL_UNIT_ASSIGNED_CONTEXT ( ( #2410, #1423, #741 ) ) REPRESENTATION_CONTEXT ( 'NONE', 'WORKASPACE' ) );
#789 =( NAMED_UNIT ( * ) PLANE_ANGLE_UNIT ( ) SI_UNIT ( $, .RADIAN. ) );
#790 = VECTOR ( 'NONE', #3909, 1000.000000000000000 ) ;
#791 = AXIS2_PLACEMENT_3D ( 'NONE', #1758, #58, #3747 ) ;
#792 = CARTESIAN_POINT ( 'NONE',  ( -5.964282250515601014, 0.5577911652010821841, -0.4190999999999985848 ) ) ;
#793 = MECHANICAL_DESIGN_GEOMETRIC_PRESENTATION_REPRESENTATION (  '', ( #1567 ), #2758 ) ;
#794 = ORIENTED_EDGE ( 'NONE', *, *, #1524, .T. ) ;
#795 =( NAMED_UNIT ( * ) SI_UNIT ( $, .STERADIAN. ) SOLID_ANGLE_UNIT ( ) );
#796 = EDGE_CURVE ( 'NONE', #3644, #4009, #388, .T. ) ;
#797 = EDGE_CURVE ( 'NONE', #890, #3554, #1404, .T. ) ;
#798 = AXIS2_PLACEMENT_3D ( 'NONE', #1795, #4123, #2114 ) ;
#799 = STYLED_ITEM ( 'NONE', ( #3765 ), #1536 ) ;
#800 = UNCERTAINTY_MEASURE_WITH_UNIT (LENGTH_MEASURE( 1.000000000000000082E-05 ), #3866, 'distance_accuracy_value', 'NONE');
#801 = ORIENTED_EDGE ( 'NONE', *, *, #1576, .T. ) ;
#802 = DIRECTION ( 'NONE',  ( 0.9986295347545739443, 0.05233595624294405668, 3.575628945497221471E-16 ) ) ;
#803 = VERTEX_POINT ( 'NONE', #1067 ) ;
#804 = DIRECTION ( 'NONE',  ( 8.715687545503681504E-18, -1.663052253832853828E-16, 1.000000000000000000 ) ) ;
#805 = ORIENTED_EDGE ( 'NONE', *, *, #1034, .F. ) ;
#806 = CYLINDRICAL_SURFACE ( 'NONE', #2258, 0.7619999999999996776 ) ;
#807 = FILL_AREA_STYLE_COLOUR ( '', #3498 ) ;
#808 = DIRECTION ( 'NONE',  ( 0.000000000000000000, -1.000000000000000000, -2.845674993400275418E-16 ) ) ;
#809 =( NAMED_UNIT ( * ) SI_UNIT ( $, .STERADIAN. ) SOLID_ANGLE_UNIT ( ) );
#810 = PRESENTATION_STYLE_ASSIGNMENT (( #2477 ) ) ;
#811 = LINE ( 'NONE', #3157, #3675 ) ;
#812 = CARTESIAN_POINT ( 'NONE',  ( 5.905499999999997307, 1.320799999999999530, -2.539999999999999591 ) ) ;
#813 = ORIENTED_EDGE ( 'NONE', *, *, #755, .F. ) ;
#814 = DIRECTION ( 'NONE',  ( 1.059358394363802552E-16, 3.885780586188047891E-16, -1.000000000000000000 ) ) ;
#815 = DIRECTION ( 'NONE',  ( -3.416738256948492597E-17, -1.000000000000000000, -6.024631407188336201E-18 ) ) ;
#816 = DIRECTION ( 'NONE',  ( 3.362406479023547562E-17, -1.000000000000000000, 0.000000000000000000 ) ) ;
#817 = MANIFOLD_SOLID_BREP ( 'Housing', #1841 ) ;
#818 = EDGE_LOOP ( 'NONE', ( #183, #2678, #2273, #1285 ) ) ;
#819 = LINE ( 'NONE', #116, #295 ) ;
#820 = FACE_OUTER_BOUND ( 'NONE', #2332, .T. ) ;
#821 = VECTOR ( 'NONE', #464, 1000.000000000000000 ) ;
#822 = ORIENTED_EDGE ( 'NONE', *, *, #673, .T. ) ;
#823 = EDGE_CURVE ( 'NONE', #4394, #2113, #760, .T. ) ;
#824 = EDGE_CURVE ( 'NONE', #2603, #1752, #3825, .T. ) ;
#825 = DIRECTION ( 'NONE',  ( 0.000000000000000000, -1.000000000000000000, -3.885780586188046905E-16 ) ) ;
#826 = VERTEX_POINT ( 'NONE', #851 ) ;
#827 = CARTESIAN_POINT ( 'NONE',  ( -2.730500000000001926, 3.555999999999964079, 3.469446951953614189E-15 ) ) ;
#828 = ADVANCED_FACE ( 'NONE', ( #3175 ), #3886, .F. ) ;
#829 =( NAMED_UNIT ( * ) PLANE_ANGLE_UNIT ( ) SI_UNIT ( $, .RADIAN. ) );
#830 = ORIENTED_EDGE ( 'NONE', *, *, #1705, .T. ) ;
#831 = DIRECTION ( 'NONE',  ( -1.059358394363802552E-16, -3.885780586188047891E-16, 1.000000000000000000 ) ) ;
#832 = DIRECTION ( 'NONE',  ( -0.05233595624294421628, 0.9986295347545739443, 1.665334536937734564E-16 ) ) ;
#833 = MECHANICAL_DESIGN_GEOMETRIC_PRESENTATION_REPRESENTATION (  '', ( #4162 ), #538 ) ;
#834 = VERTEX_POINT ( 'NONE', #156 ) ;
#835 = SURFACE_SIDE_STYLE ('',( #3487 ) ) ;
#836 = STYLED_ITEM ( 'NONE', ( #712 ), #961 ) ;
#837 = CARTESIAN_POINT ( 'NONE',  ( 0.8254999999999963478, 1.320799999999999752, 2.540000000000002256 ) ) ;
#838 = AXIS2_PLACEMENT_3D ( 'NONE', #198, #1555, #1902 ) ;
#839 = LINE ( 'NONE', #2861, #3426 ) ;
#840 = AXIS2_PLACEMENT_3D ( 'NONE', #586, #3652, #2902 ) ;
#841 = ORIENTED_EDGE ( 'NONE', *, *, #2805, .T. ) ;
#842 =( LENGTH_UNIT ( ) NAMED_UNIT ( * ) SI_UNIT ( .MILLI., .METRE. ) );
#843 = CARTESIAN_POINT ( 'NONE',  ( 0.8254999999999985683, 8.505004896855320240, 2.540000000000002256 ) ) ;
#844 = EDGE_LOOP ( 'NONE', ( #3496, #3393, #1198, #553 ) ) ;
#845 = SURFACE_SIDE_STYLE ('',( #2218 ) ) ;
#846 = ORIENTED_EDGE ( 'NONE', *, *, #2934, .T. ) ;
#847 = DIRECTION ( 'NONE',  ( -1.059358394363802552E-16, -3.885780586188047891E-16, 1.000000000000000000 ) ) ;
#848 = DIRECTION ( 'NONE',  ( -8.971146492195128762E-17, 9.429054915185306017E-18, 1.000000000000000000 ) ) ;
#849 = CYLINDRICAL_SURFACE ( 'NONE', #2907, 1.409601447999776047 ) ;
#850 = MECHANICAL_DESIGN_GEOMETRIC_PRESENTATION_REPRESENTATION (  '', ( #199 ), #1682 ) ;
#851 = CARTESIAN_POINT ( 'NONE',  ( -4.266578654407219950, 3.555999999999964079, -2.120899999999998453 ) ) ;
#852 = CARTESIAN_POINT ( 'NONE',  ( -4.266578654407219950, 2.146398552000186033, -3.822699999999998877 ) ) ;
#853 = ADVANCED_FACE ( 'NONE', ( #1159 ), #1832, .F. ) ;
#854 = EDGE_CURVE ( 'NONE', #222, #3602, #2853, .T. ) ;
#855 = SURFACE_STYLE_FILL_AREA ( #897 ) ;
#856 = AXIS2_PLACEMENT_3D ( 'NONE', #112, #2149, #1456 ) ;
#857 = VECTOR ( 'NONE', #2521, 999.9999999999998863 ) ;
#858 = VERTEX_POINT ( 'NONE', #1179 ) ;
#859 = FILL_AREA_STYLE_COLOUR ( '', #1364 ) ;
#860 = MANIFOLD_SOLID_BREP ( 'Tab', #359 ) ;
#861 = VERTEX_POINT ( 'NONE', #4004 ) ;
#862 = PLANE ( 'NONE',  #998 ) ;
#863 = FILL_AREA_STYLE_COLOUR ( '', #1892 ) ;
#864 = VECTOR ( 'NONE', #3010, 999.9999999999998863 ) ;
#865 = CIRCLE ( 'NONE', #3766, 1.409601447999776047 ) ;
#866 = CARTESIAN_POINT ( 'NONE',  ( -7.175499999999991552, 0.4943139327224028157, -2.120899999999998453 ) ) ;
#867 = ORIENTED_EDGE ( 'NONE', *, *, #2062, .T. ) ;
#868 = SURFACE_SIDE_STYLE ('',( #4237 ) ) ;
#869 = VECTOR ( 'NONE', #2891, 1000.000000000000000 ) ;
#871 = MANIFOLD_SOLID_BREP ( 'Pin 1 Mark', #2330 ) ;
#870 = VECTOR ( 'NONE', #1128, 1000.000000000000000 ) ;
#872 = AXIS2_PLACEMENT_3D ( 'NONE', #2485, #3833, #4148 ) ;
#873 = DIRECTION ( 'NONE',  ( 1.059358394363802552E-16, 3.885780586188047891E-16, -1.000000000000000000 ) ) ;
#874 =( GEOMETRIC_REPRESENTATION_CONTEXT ( 3 ) GLOBAL_UNCERTAINTY_ASSIGNED_CONTEXT ( ( #2276 ) ) GLOBAL_UNIT_ASSIGNED_CONTEXT ( ( #3601, #1930, #1520 ) ) REPRESENTATION_CONTEXT ( 'NONE', 'WORKASPACE' ) );
#875 = MECHANICAL_DESIGN_GEOMETRIC_PRESENTATION_REPRESENTATION (  '', ( #2343 ), #2134 ) ;
#876 = CARTESIAN_POINT ( 'NONE',  ( -0.9453947025818488781, 4.648200000000000109, -3.347865367200657083 ) ) ;
#877 = AXIS2_PLACEMENT_3D ( 'NONE', #1347, #2681, #4101 ) ;
#878 =( LENGTH_UNIT ( ) NAMED_UNIT ( * ) SI_UNIT ( .MILLI., .METRE. ) );
#879 = LINE ( 'NONE', #4287, #3052 ) ;
#880 = CARTESIAN_POINT ( 'NONE',  ( -2.730500000000001481, 3.555999999999964079, -3.822699999999998433 ) ) ;
#881 = EDGE_CURVE ( 'NONE', #1601, #3540, #3226, .T. ) ;
#882 = EDGE_CURVE ( 'NONE', #1258, #1528, #1672, .T. ) ;
#883 = ORIENTED_EDGE ( 'NONE', *, *, #1705, .F. ) ;
#884 = DIRECTION ( 'NONE',  ( -1.000000000000000000, 2.487057936124655726E-16, 0.000000000000000000 ) ) ;
#885 = VERTEX_POINT ( 'NONE', #3382 ) ;
#886 =( NAMED_UNIT ( * ) SI_UNIT ( $, .STERADIAN. ) SOLID_ANGLE_UNIT ( ) );
#887 = CARTESIAN_POINT ( 'NONE',  ( -5.964282250515601014, 0.5577911652010830723, -2.120899999999998453 ) ) ;
#888 = DIRECTION ( 'NONE',  ( 3.362406479023546330E-17, -1.000000000000000000, -0.000000000000000000 ) ) ;
#889 = LINE ( 'NONE', #1824, #4119 ) ;
#890 = VERTEX_POINT ( 'NONE', #627 ) ;
#891 = EDGE_CURVE ( 'NONE', #2006, #3666, #2940, .T. ) ;
#892 = DIRECTION ( 'NONE',  ( -2.355451597716528073E-16, 0.000000000000000000, -1.000000000000000000 ) ) ;
#893 = UNCERTAINTY_MEASURE_WITH_UNIT (LENGTH_MEASURE( 1.000000000000000082E-05 ), #2429, 'distance_accuracy_value', 'NONE');
#894 = CARTESIAN_POINT ( 'NONE',  ( -5.964282250515601014, 0.5577911652010817400, 1.282700000000000395 ) ) ;
#895 = CARTESIAN_POINT ( 'NONE',  ( 2.847184475458229118E-16, 4.648199999999996557, 4.998865367200660437 ) ) ;
#896 = DIRECTION ( 'NONE',  ( 0.000000000000000000, -1.000000000000000000, -3.885780586188046905E-16 ) ) ;
#897 = FILL_AREA_STYLE ('',( #1864 ) ) ;
#898 = SURFACE_STYLE_FILL_AREA ( #3936 ) ;
#899 = UNCERTAINTY_MEASURE_WITH_UNIT (LENGTH_MEASURE( 1.000000000000000082E-05 ), #2500, 'distance_accuracy_value', 'NONE');
#900 = VERTEX_POINT ( 'NONE', #1266 ) ;
#901 = DIRECTION ( 'NONE',  ( 0.000000000000000000, -1.000000000000000000, 0.000000000000000000 ) ) ;
#902 = CARTESIAN_POINT ( 'NONE',  ( -5.971277244371142601, 0.6912635990884637982, -3.822699999999998433 ) ) ;
#903 = PRESENTATION_LAYER_ASSIGNMENT (  '', '', ( #42 ) ) ;
#904 = VERTEX_POINT ( 'NONE', #2337 ) ;
#905 = MECHANICAL_DESIGN_GEOMETRIC_PRESENTATION_REPRESENTATION (  '', ( #836 ), #3018 ) ;
#906 = ORIENTED_EDGE ( 'NONE', *, *, #1469, .F. ) ;
#907 = VECTOR ( 'NONE', #3529, 1000.000000000000114 ) ;
#908 = FILL_AREA_STYLE ('',( #4324 ) ) ;
#909 = ADVANCED_FACE ( 'NONE', ( #600 ), #3712, .F. ) ;
#910 = FILL_AREA_STYLE ('',( #863 ) ) ;
#911 = PRESENTATION_LAYER_ASSIGNMENT (  '', '', ( #766 ) ) ;
#912 = ORIENTED_EDGE ( 'NONE', *, *, #2540, .F. ) ;
#913 = LINE ( 'NONE', #985, #4132 ) ;
#914 = CARTESIAN_POINT ( 'NONE',  ( -2.730500000000001481, 3.555999999999965411, -3.822699999999998433 ) ) ;
#915 = ORIENTED_EDGE ( 'NONE', *, *, #2621, .F. ) ;
#916 = PRESENTATION_STYLE_ASSIGNMENT (( #1199 ) ) ;
#917 = DIRECTION ( 'NONE',  ( 0.000000000000000000, -1.000000000000000000, -3.076620484531956004E-16 ) ) ;
#918 = LINE ( 'NONE', #880, #3171 ) ;
#919 = LINE ( 'NONE', #517, #624 ) ;
#920 = COLOUR_RGB ( '',0.8431372549019607865, 0.8431372549019607865, 0.8431372549019607865 ) ;
#921 = FACE_OUTER_BOUND ( 'NONE', #1132, .T. ) ;
#922 = PRESENTATION_LAYER_ASSIGNMENT (  '', '', ( #4111 ) ) ;
#923 = CYLINDRICAL_SURFACE ( 'NONE', #4256, 0.1336556042478582174 ) ;
#924 = UNCERTAINTY_MEASURE_WITH_UNIT (LENGTH_MEASURE( 1.000000000000000082E-05 ), #4351, 'distance_accuracy_value', 'NONE');
#925 = COLOUR_RGB ( '',0.8431372549019607865, 0.8431372549019607865, 0.8431372549019607865 ) ;
#926 = ORIENTED_EDGE ( 'NONE', *, *, #2103, .F. ) ;
#927 = CARTESIAN_POINT ( 'NONE',  ( -4.266578654407219950, 2.146398552000184701, 0.4191000000000021375 ) ) ;
#928 =( NAMED_UNIT ( * ) SI_UNIT ( $, .STERADIAN. ) SOLID_ANGLE_UNIT ( ) );
#929 = LINE ( 'NONE', #2415, #2105 ) ;
#930 = VECTOR ( 'NONE', #1650, 1000.000000000000000 ) ;
#931 = ORIENTED_EDGE ( 'NONE', *, *, #38, .T. ) ;
#932 =( NAMED_UNIT ( * ) PLANE_ANGLE_UNIT ( ) SI_UNIT ( $, .RADIAN. ) );
#933 = ADVANCED_FACE ( 'NONE', ( #1657 ), #1336, .F. ) ;
#934 = EDGE_CURVE ( 'NONE', #4155, #139, #2298, .T. ) ;
#935 = VERTEX_POINT ( 'NONE', #1133 ) ;
#936 = VECTOR ( 'NONE', #23, 1000.000000000000000 ) ;
#937 = DIRECTION ( 'NONE',  ( 0.000000000000000000, -1.000000000000000000, 0.000000000000000000 ) ) ;
#938 = SURFACE_SIDE_STYLE ('',( #261 ) ) ;
#939 =( GEOMETRIC_REPRESENTATION_CONTEXT ( 3 ) GLOBAL_UNCERTAINTY_ASSIGNED_CONTEXT ( ( #4315 ) ) GLOBAL_UNIT_ASSIGNED_CONTEXT ( ( #415, #370, #2359 ) ) REPRESENTATION_CONTEXT ( 'NONE', 'WORKASPACE' ) );
#940 = VECTOR ( 'NONE', #3561, 1000.000000000000114 ) ;
#941 = VERTEX_POINT ( 'NONE', #1717 ) ;
#942 = CARTESIAN_POINT ( 'NONE',  ( 5.905499999999998195, 1.084202172485504434E-15, -2.539999999999996927 ) ) ;
#943 = AXIS2_PLACEMENT_3D ( 'NONE', #2252, #4212, #1166 ) ;
#944 =( NAMED_UNIT ( * ) PLANE_ANGLE_UNIT ( ) SI_UNIT ( $, .RADIAN. ) );
#945 = AXIS2_PLACEMENT_3D ( 'NONE', #4294, #2608, #901 ) ;
#946 = COLOUR_RGB ( '',0.8431372549019607865, 0.8431372549019607865, 0.8431372549019607865 ) ;
#947 = DIRECTION ( 'NONE',  ( 1.059358394363802552E-16, 3.885780586188047891E-16, -1.000000000000000000 ) ) ;
#948 = ADVANCED_FACE ( 'NONE', ( #22 ), #1692, .T. ) ;
#949 = EDGE_LOOP ( 'NONE', ( #1402, #3589, #4378, #2794 ) ) ;
#950 =( NAMED_UNIT ( * ) SI_UNIT ( $, .STERADIAN. ) SOLID_ANGLE_UNIT ( ) );
#951 = ORIENTED_EDGE ( 'NONE', *, *, #992, .T. ) ;
#952 = CARTESIAN_POINT ( 'NONE',  ( -5.668458158185817553, 2.293742025179460686, -1.282699999999997953 ) ) ;
#953 = VERTEX_POINT ( 'NONE', #1395 ) ;
#954 = LINE ( 'NONE', #3895, #215 ) ;
#955 = SURFACE_SIDE_STYLE ('',( #249 ) ) ;
#956 =( NAMED_UNIT ( * ) SI_UNIT ( $, .STERADIAN. ) SOLID_ANGLE_UNIT ( ) );
#957 = DIRECTION ( 'NONE',  ( -1.000000000000000000, 7.991336894475289117E-33, -2.056558963437201118E-17 ) ) ;
#958 = ORIENTED_EDGE ( 'NONE', *, *, #1060, .T. ) ;
#959 = UNCERTAINTY_MEASURE_WITH_UNIT (LENGTH_MEASURE( 1.000000000000000082E-05 ), #2558, 'distance_accuracy_value', 'NONE');
#960 = FACE_OUTER_BOUND ( 'NONE', #2819, .T. ) ;
#961 = ADVANCED_FACE ( 'NONE', ( #3748 ), #736, .F. ) ;
#962 = EDGE_CURVE ( 'NONE', #1757, #1596, #2085, .T. ) ;
#963 = DIRECTION ( 'NONE',  ( -3.362406479023546330E-17, 1.000000000000000000, 1.110223024625156540E-16 ) ) ;
#964 = CARTESIAN_POINT ( 'NONE',  ( -2.433202763113510706E-16, -9.638292386426885308E-13, 5.080000000000000959 ) ) ;
#965 = DIRECTION ( 'NONE',  ( -0.9945218953682734009, 0.1045284632676540953, -9.020562075079400589E-17 ) ) ;
#966 = CARTESIAN_POINT ( 'NONE',  ( 5.905499999999999972, 4.648199999999997445, 3.469446951953614189E-15 ) ) ;
#967 = CARTESIAN_POINT ( 'NONE',  ( 5.905499999999998195, 1.320799999999999752, -2.539999999999996927 ) ) ;
#968 = EDGE_CURVE ( 'NONE', #68, #3718, #2102, .T. ) ;
#969 = EDGE_LOOP ( 'NONE', ( #2419, #2048, #3682, #3768 ) ) ;
#970 = CARTESIAN_POINT ( 'NONE',  ( -2.730500000000001926, 3.555999999999963634, -0.4190999999999985848 ) ) ;
#971 = VERTEX_POINT ( 'NONE', #1418 ) ;
#972 = SURFACE_SIDE_STYLE ('',( #656 ) ) ;
#973 = ORIENTED_EDGE ( 'NONE', *, *, #226, .T. ) ;
#974 =( NAMED_UNIT ( * ) PLANE_ANGLE_UNIT ( ) SI_UNIT ( $, .RADIAN. ) );
#975 = DIRECTION ( 'NONE',  ( 0.000000000000000000, 0.000000000000000000, 1.000000000000000000 ) ) ;
#976 = VERTEX_POINT ( 'NONE', #4135 ) ;
#977 =( LENGTH_UNIT ( ) NAMED_UNIT ( * ) SI_UNIT ( .MILLI., .METRE. ) );
#978 = LINE ( 'NONE', #2888, #346 ) ;
#979 = PRESENTATION_STYLE_ASSIGNMENT (( #746 ) ) ;
#980 = ADVANCED_BREP_SHAPE_REPRESENTATION ( 'LM2587S-ADJ', ( #3715, #871, #2297, #817, #2237, #860, #2222, #3796, #2101 ), #761 ) ;
#981 = CARTESIAN_POINT ( 'NONE',  ( -5.024404338677844528, 2.226049241010136015, 2.120900000000002006 ) ) ;
#982 = ORIENTED_EDGE ( 'NONE', *, *, #796, .F. ) ;
#983 = UNCERTAINTY_MEASURE_WITH_UNIT (LENGTH_MEASURE( 1.000000000000000082E-05 ), #781, 'distance_accuracy_value', 'NONE');
#984 = VECTOR ( 'NONE', #275, 1000.000000000000000 ) ;
#985 = CARTESIAN_POINT ( 'NONE',  ( -5.024404338677844528, 2.226049241010138235, -2.120899999999998453 ) ) ;
#986 = CARTESIAN_POINT ( 'NONE',  ( -4.266578654407219950, 3.555999999999962302, 0.4191000000000028036 ) ) ;
#987 = DIRECTION ( 'NONE',  ( 0.1045284632676531517, 0.9945218953682734009, 2.668225570433291595E-16 ) ) ;
#988 = CARTESIAN_POINT ( 'NONE',  ( 6.884384154850322624, 1.320799999999996865, 5.080000000000000959 ) ) ;
#989 = COLOUR_RGB ( '',0.8431372549019607865, 0.8431372549019607865, 0.8431372549019607865 ) ;
#990 = FILL_AREA_STYLE_COLOUR ( '', #4017 ) ;
#991 = EDGE_CURVE ( 'NONE', #3740, #3325, #1087, .T. ) ;
#992 = EDGE_CURVE ( 'NONE', #2643, #2892, #486, .T. ) ;
#993 = EDGE_LOOP ( 'NONE', ( #3616, #734, #3785, #2443, #772, #2482 ) ) ;
#994 =( NAMED_UNIT ( * ) PLANE_ANGLE_UNIT ( ) SI_UNIT ( $, .RADIAN. ) );
#995 = ORIENTED_EDGE ( 'NONE', *, *, #4139, .F. ) ;
#996 = CARTESIAN_POINT ( 'NONE',  ( -5.930389409470221196, -0.08892276752132249884, 2.984500000000001929 ) ) ;
#997 =( NAMED_UNIT ( * ) PLANE_ANGLE_UNIT ( ) SI_UNIT ( $, .RADIAN. ) );
#998 = AXIS2_PLACEMENT_3D ( 'NONE', #2199, #184, #2711 ) ;
#999 = EDGE_LOOP ( 'NONE', ( #612, #2703, #124, #590 ) ) ;
#1000 =( NAMED_UNIT ( * ) SI_UNIT ( $, .STERADIAN. ) SOLID_ANGLE_UNIT ( ) );
#1001 = PRESENTATION_LAYER_ASSIGNMENT (  '', '', ( #4044 ) ) ;
#1002 = DIRECTION ( 'NONE',  ( 1.059358394363801936E-16, 3.885780586188046905E-16, -1.000000000000000000 ) ) ;
#1003 = EDGE_LOOP ( 'NONE', ( #2267, #3355, #2107, #1191 ) ) ;
#1004 =( NAMED_UNIT ( * ) PLANE_ANGLE_UNIT ( ) SI_UNIT ( $, .RADIAN. ) );
#1005 =( NAMED_UNIT ( * ) PLANE_ANGLE_UNIT ( ) SI_UNIT ( $, .RADIAN. ) );
#1006 = DIRECTION ( 'NONE',  ( -0.000000000000000000, -0.9998476951563912696, 0.01745240643727996588 ) ) ;
#1007 = COLOUR_RGB ( '',0.8431372549019607865, 0.8431372549019607865, 0.8431372549019607865 ) ;
#1008 = AXIS2_PLACEMENT_3D ( 'NONE', #128, #3781, #4206 ) ;
#1009 = CARTESIAN_POINT ( 'NONE',  ( -0.9453947025818487671, 4.521200000000000330, -4.046365367200657204 ) ) ;
#1010 = AXIS2_PLACEMENT_3D ( 'NONE', #2215, #2933, #3617 ) ;
#1011 = DIRECTION ( 'NONE',  ( 0.9986295347545739443, 0.05233595624294405668, 0.000000000000000000 ) ) ;
#1012 = DIRECTION ( 'NONE',  ( 0.000000000000000000, -0.9998476951563910475, -0.01745240643728963870 ) ) ;
#1013 = ORIENTED_EDGE ( 'NONE', *, *, #2263, .F. ) ;
#1014 = LINE ( 'NONE', #1345, #65 ) ;
#1015 = EDGE_CURVE ( 'NONE', #422, #4222, #471, .T. ) ;
#1016 = FILL_AREA_STYLE_COLOUR ( '', #1155 ) ;
#1017 = DIRECTION ( 'NONE',  ( 1.000000000000000000, -4.116434282634202676E-32, 1.059358394363801936E-16 ) ) ;
#1018 = ORIENTED_EDGE ( 'NONE', *, *, #1038, .T. ) ;
#1019 = SURFACE_SIDE_STYLE ('',( #4065 ) ) ;
#1020 = SURFACE_STYLE_USAGE ( .BOTH. , #4401 ) ;
#1021 = ORIENTED_EDGE ( 'NONE', *, *, #490, .F. ) ;
#1022 = DIRECTION ( 'NONE',  ( -0.000000000000000000, 1.000000000000000000, 3.885780586188046905E-16 ) ) ;
#1023 = ADVANCED_FACE ( 'NONE', ( #614 ), #2977, .T. ) ;
#1024 = LINE ( 'NONE', #2649, #3201 ) ;
#1025 = DIRECTION ( 'NONE',  ( 0.9986295347545740553, 0.05233595624294259951, 1.144917494144692682E-16 ) ) ;
#1026 = CARTESIAN_POINT ( 'NONE',  ( -2.730500000000001926, 3.555999999999962302, 2.120900000000002006 ) ) ;
#1027 = DIRECTION ( 'NONE',  ( 1.059358394363802552E-16, 3.885780586188047891E-16, -1.000000000000000000 ) ) ;
#1028 = ORIENTED_EDGE ( 'NONE', *, *, #1493, .F. ) ;
#1029 = CARTESIAN_POINT ( 'NONE',  ( -4.266578654407219950, 2.146398552000185145, -0.4190999999999991399 ) ) ;
#1030 = CARTESIAN_POINT ( 'NONE',  ( -4.266578654407220839, 2.146398552000183368, 2.984500000000002817 ) ) ;
#1031 = LINE ( 'NONE', #3415, #1709 ) ;
#1032 = VERTEX_POINT ( 'NONE', #147 ) ;
#1033 =( LENGTH_UNIT ( ) NAMED_UNIT ( * ) SI_UNIT ( .MILLI., .METRE. ) );
#1034 = EDGE_CURVE ( 'NONE', #2502, #3929, #1826, .T. ) ;
#1035 =( NAMED_UNIT ( * ) SI_UNIT ( $, .STERADIAN. ) SOLID_ANGLE_UNIT ( ) );
#1036 = VERTEX_POINT ( 'NONE', #4320 ) ;
#1037 = ADVANCED_FACE ( 'NONE', ( #1176 ), #1192, .T. ) ;
#1038 = EDGE_CURVE ( 'NONE', #253, #1909, #527, .T. ) ;
#1039 = CARTESIAN_POINT ( 'NONE',  ( -2.730500000000001926, 3.555999999999963634, 2.984500000000002817 ) ) ;
#1040 = PRESENTATION_LAYER_ASSIGNMENT (  '', '', ( #1736 ) ) ;
#1041 = SURFACE_STYLE_FILL_AREA ( #2729 ) ;
#1042 = CARTESIAN_POINT ( 'NONE',  ( -5.971277244371143489, 0.6912635990884598014, 2.984500000000001929 ) ) ;
#1043 = VECTOR ( 'NONE', #59, 1000.000000000000000 ) ;
#1044 = CARTESIAN_POINT ( 'NONE',  ( -2.730500000000001926, 2.908398552000185600, -0.4190999999999985848 ) ) ;
#1045 = LINE ( 'NONE', #1695, #4103 ) ;
#1046 = FACE_OUTER_BOUND ( 'NONE', #1486, .T. ) ;
#1047 = SURFACE_STYLE_FILL_AREA ( #2127 ) ;
#1048 = ORIENTED_EDGE ( 'NONE', *, *, #3577, .F. ) ;
#1049 = VECTOR ( 'NONE', #4075, 1000.000000000000000 ) ;
#1050 = LINE ( 'NONE', #379, #4407 ) ;
#1051 = MECHANICAL_DESIGN_GEOMETRIC_PRESENTATION_REPRESENTATION (  '', ( #3956 ), #4105 ) ;
#1052 = DIRECTION ( 'NONE',  ( -1.059358394363802552E-16, -3.885780586188047891E-16, 1.000000000000000000 ) ) ;
#1053 = FACE_OUTER_BOUND ( 'NONE', #2975, .T. ) ;
#1054 = EDGE_LOOP ( 'NONE', ( #4037, #313, #3584, #2439 ) ) ;
#1055 = CARTESIAN_POINT ( 'NONE',  ( -4.266578654407219950, 2.146398552000185589, -2.984499999999997488 ) ) ;
#1056 = AXIS2_PLACEMENT_3D ( 'NONE', #371, #713, #2864 ) ;
#1057 = EDGE_LOOP ( 'NONE', ( #1503, #3925, #121, #3258 ) ) ;
#1058 = VECTOR ( 'NONE', #2504, 1000.000000000000000 ) ;
#1059 = EDGE_CURVE ( 'NONE', #2584, #2707, #1277, .T. ) ;
#1060 = EDGE_CURVE ( 'NONE', #3433, #3411, #3683, .T. ) ;
#1061 = DIRECTION ( 'NONE',  ( 0.05233595624294409138, -0.9986295347545739443, -1.665334536937734564E-16 ) ) ;
#1062 = MECHANICAL_DESIGN_GEOMETRIC_PRESENTATION_REPRESENTATION (  '', ( #67 ), #2472 ) ;
#1063 =( LENGTH_UNIT ( ) NAMED_UNIT ( * ) SI_UNIT ( .MILLI., .METRE. ) );
#1064 =( LENGTH_UNIT ( ) NAMED_UNIT ( * ) SI_UNIT ( .MILLI., .METRE. ) );
#1065 = ORIENTED_EDGE ( 'NONE', *, *, #163, .F. ) ;
#1066 = COLOUR_RGB ( '',0.8431372549019607865, 0.8431372549019607865, 0.8431372549019607865 ) ;
#1067 = CARTESIAN_POINT ( 'NONE',  ( 5.496946652051674320, 4.648200000000000109, -4.998865367200656884 ) ) ;
#1068 = FACE_OUTER_BOUND ( 'NONE', #1433, .T. ) ;
#1069 = PRESENTATION_STYLE_ASSIGNMENT (( #1515 ) ) ;
#1070 = AXIS2_PLACEMENT_3D ( 'NONE', #2991, #2266, #4363 ) ;
#1071 = LINE ( 'NONE', #2959, #984 ) ;
#1072 = PRESENTATION_LAYER_ASSIGNMENT (  '', '', ( #2331 ) ) ;
#1073 = CARTESIAN_POINT ( 'NONE',  ( -5.668458158185818441, 2.293742025179458910, 3.822700000000001097 ) ) ;
#1074 = STYLED_ITEM ( 'NONE', ( #775 ), #351 ) ;
#1075 = SURFACE_STYLE_FILL_AREA ( #4121 ) ;
#1076 = AXIS2_PLACEMENT_3D ( 'NONE', #927, #229, #3585 ) ;
#1077 = VERTEX_POINT ( 'NONE', #4397 ) ;
#1078 = LINE ( 'NONE', #2436, #588 ) ;
#1079 = AXIS2_PLACEMENT_3D ( 'NONE', #1635, #2600, #937 ) ;
#1080 = VECTOR ( 'NONE', #1845, 1000.000000000000000 ) ;
#1081 = VECTOR ( 'NONE', #3345, 1000.000000000000000 ) ;
#1082 = CARTESIAN_POINT ( 'NONE',  ( -5.194299999999997475, 0.6095999999999988095, 1.282700000000001062 ) ) ;
#1083 =( NAMED_UNIT ( * ) SI_UNIT ( $, .STERADIAN. ) SOLID_ANGLE_UNIT ( ) );
#1084 = EDGE_LOOP ( 'NONE', ( #2961, #2364, #3444, #3861 ) ) ;
#1085 = PRODUCT ( 'LM2587S-ADJ', 'LM2587S-ADJ', '', ( #2362 ) ) ;
#1086 = CARTESIAN_POINT ( 'NONE',  ( -5.964282250515602790, 0.5577911652010824062, -0.4190999999999989734 ) ) ;
#1087 = LINE ( 'NONE', #3791, #3167 ) ;
#1088 = SURFACE_STYLE_USAGE ( .BOTH. , #3386 ) ;
#1089 = FACE_OUTER_BOUND ( 'NONE', #818, .T. ) ;
#1090 = CARTESIAN_POINT ( 'NONE',  ( -5.024404338677844528, 2.226049241010137791, -3.822699999999998877 ) ) ;
#1091 = EDGE_CURVE ( 'NONE', #3130, #422, #2367, .T. ) ;
#1092 =( NAMED_UNIT ( * ) PLANE_ANGLE_UNIT ( ) SI_UNIT ( $, .RADIAN. ) );
#1093 = DIRECTION ( 'NONE',  ( -0.9986295347545739443, -0.05233595624294421628, 0.000000000000000000 ) ) ;
#1094 = VERTEX_POINT ( 'NONE', #2638 ) ;
#1095 = CARTESIAN_POINT ( 'NONE',  ( -4.266578654407219950, 3.555999999999962302, -0.4190999999999985848 ) ) ;
#1096 = ORIENTED_EDGE ( 'NONE', *, *, #1976, .F. ) ;
#1097 = CARTESIAN_POINT ( 'NONE',  ( 0.8254999999999964588, 2.168404344971008868E-16, -2.540000000000000924 ) ) ;
#1098 = LINE ( 'NONE', #837, #2118 ) ;
#1099 = CARTESIAN_POINT ( 'NONE',  ( 7.175499999999998657, 9.085183856642188254E-16, -3.428999999999999826 ) ) ;
#1100 =( NAMED_UNIT ( * ) PLANE_ANGLE_UNIT ( ) SI_UNIT ( $, .RADIAN. ) );
#1101 = VERTEX_POINT ( 'NONE', #3443 ) ;
#1102 = CARTESIAN_POINT ( 'NONE',  ( -4.266578654407219950, 2.146398552000185145, -0.4190999999999985848 ) ) ;
#1103 = FILL_AREA_STYLE_COLOUR ( '', #769 ) ;
#1104 = EDGE_LOOP ( 'NONE', ( #2783, #4172, #518, #2527 ) ) ;
#1105 = SURFACE_STYLE_FILL_AREA ( #2688 ) ;
#1106 = FILL_AREA_STYLE_COLOUR ( '', #3876 ) ;
#1107 =( LENGTH_UNIT ( ) NAMED_UNIT ( * ) SI_UNIT ( .MILLI., .METRE. ) );
#1108 = STYLED_ITEM ( 'NONE', ( #2223 ), #828 ) ;
#1109 = DIRECTION ( 'NONE',  ( 0.000000000000000000, -3.885780586188046905E-16, 1.000000000000000000 ) ) ;
#1110 = ORIENTED_EDGE ( 'NONE', *, *, #1175, .T. ) ;
#1111 = FILL_AREA_STYLE ('',( #4154 ) ) ;
#1112 = DIRECTION ( 'NONE',  ( 0.000000000000000000, 3.885780586188046905E-16, -1.000000000000000000 ) ) ;
#1113 = EDGE_LOOP ( 'NONE', ( #448, #2145, #1149, #3000 ) ) ;
#1114 = PRESENTATION_LAYER_ASSIGNMENT (  '', '', ( #2164 ) ) ;
#1115 =( GEOMETRIC_REPRESENTATION_CONTEXT ( 3 ) GLOBAL_UNCERTAINTY_ASSIGNED_CONTEXT ( ( #3634 ) ) GLOBAL_UNIT_ASSIGNED_CONTEXT ( ( #2695, #2342, #3696 ) ) REPRESENTATION_CONTEXT ( 'NONE', 'WORKASPACE' ) );
#1116 = PLANE ( 'NONE',  #2180 ) ;
#1117 = SURFACE_SIDE_STYLE ('',( #109 ) ) ;
#1118 = ADVANCED_FACE ( 'NONE', ( #2051 ), #1980, .T. ) ;
#1119 = ADVANCED_FACE ( 'NONE', ( #3002 ), #1329, .F. ) ;
#1120 = ORIENTED_EDGE ( 'NONE', *, *, #743, .T. ) ;
#1121 = FACE_OUTER_BOUND ( 'NONE', #1113, .T. ) ;
#1122 = PRESENTATION_LAYER_ASSIGNMENT (  '', '', ( #1123 ) ) ;
#1123 = STYLED_ITEM ( 'NONE', ( #369 ), #4026 ) ;
#1124 =( NAMED_UNIT ( * ) PLANE_ANGLE_UNIT ( ) SI_UNIT ( $, .RADIAN. ) );
#1125 = PRODUCT_DEFINITION_FORMATION_WITH_SPECIFIED_SOURCE ( 'ANY', '', #1085, .NOT_KNOWN. ) ;
#1126 = EDGE_CURVE ( 'NONE', #3039, #1204, #316, .T. ) ;
#1127 = VERTEX_POINT ( 'NONE', #2010 ) ;
#1128 = DIRECTION ( 'NONE',  ( 1.000000000000000000, 3.362406479023549411E-17, 1.306557381906261354E-32 ) ) ;
#1129 =( LENGTH_UNIT ( ) NAMED_UNIT ( * ) SI_UNIT ( .MILLI., .METRE. ) );
#1130 = VERTEX_POINT ( 'NONE', #2719 ) ;
#1131 = FILL_AREA_STYLE_COLOUR ( '', #4257 ) ;
#1132 = EDGE_LOOP ( 'NONE', ( #3329, #3397, #2120, #531 ) ) ;
#1133 = CARTESIAN_POINT ( 'NONE',  ( -2.730500000000001926, 3.555999999999964967, -5.017929789115255446 ) ) ;
#1134 = VECTOR ( 'NONE', #4211, 1000.000000000000114 ) ;
#1135 = COLOUR_RGB ( '',0.8431372549019607865, 0.8431372549019607865, 0.8431372549019607865 ) ;
#1136 =( NAMED_UNIT ( * ) SI_UNIT ( $, .STERADIAN. ) SOLID_ANGLE_UNIT ( ) );
#1137 = DIRECTION ( 'NONE',  ( -3.362406479023546330E-17, 1.000000000000000000, 0.000000000000000000 ) ) ;
#1138 = AXIS2_PLACEMENT_3D ( 'NONE', #4377, #1259, #1311 ) ;
#1139 =( NAMED_UNIT ( * ) PLANE_ANGLE_UNIT ( ) SI_UNIT ( $, .RADIAN. ) );
#1140 = EDGE_LOOP ( 'NONE', ( #566, #1823, #1690, #4177 ) ) ;
#1141 = VECTOR ( 'NONE', #1971, 1000.000000000000000 ) ;
#1142 = FACE_OUTER_BOUND ( 'NONE', #4277, .T. ) ;
#1143 = COLOUR_RGB ( '',0.8431372549019607865, 0.8431372549019607865, 0.8431372549019607865 ) ;
#1144 = EDGE_CURVE ( 'NONE', #2396, #4394, #3372, .T. ) ;
#1145 = EDGE_CURVE ( 'NONE', #1442, #1308, #4204, .T. ) ;
#1146 = CARTESIAN_POINT ( 'NONE',  ( -4.266578654407219950, 2.146398552000185145, -0.4190999999999988623 ) ) ;
#1147 = STYLED_ITEM ( 'NONE', ( #3445 ), #2222 ) ;
#1148 = CIRCLE ( 'NONE', #1079, 0.1336556042478582174 ) ;
#1149 = ORIENTED_EDGE ( 'NONE', *, *, #3646, .F. ) ;
#1150 = CARTESIAN_POINT ( 'NONE',  ( 7.175499999999998657, 1.320799999999999086, 3.469446951953614189E-15 ) ) ;
#1151 = EDGE_CURVE ( 'NONE', #4360, #119, #4062, .T. ) ;
#1152 = PRESENTATION_LAYER_ASSIGNMENT (  '', '', ( #3428 ) ) ;
#1153 = UNCERTAINTY_MEASURE_WITH_UNIT (LENGTH_MEASURE( 1.000000000000000082E-05 ), #4179, 'distance_accuracy_value', 'NONE');
#1154 = ORIENTED_EDGE ( 'NONE', *, *, #2786, .F. ) ;
#1155 = COLOUR_RGB ( '',0.8431372549019607865, 0.8431372549019607865, 0.8431372549019607865 ) ;
#1156 = ORIENTED_EDGE ( 'NONE', *, *, #4291, .T. ) ;
#1157 = DIRECTION ( 'NONE',  ( 3.362406479023547562E-17, -1.000000000000000000, 0.000000000000000000 ) ) ;
#1158 = LINE ( 'NONE', #441, #1702 ) ;
#1159 = FACE_OUTER_BOUND ( 'NONE', #2249, .T. ) ;
#1160 =( NAMED_UNIT ( * ) PLANE_ANGLE_UNIT ( ) SI_UNIT ( $, .RADIAN. ) );
#1161 = PRESENTATION_STYLE_ASSIGNMENT (( #2787 ) ) ;
#1162 = FILL_AREA_STYLE ('',( #1836 ) ) ;
#1163 = ORIENTED_EDGE ( 'NONE', *, *, #1838, .F. ) ;
#1164 = CARTESIAN_POINT ( 'NONE',  ( -5.194299999999997475, 0.6095999999999988095, 0.4191000000000014158 ) ) ;
#1165 = LINE ( 'NONE', #2115, #3262 ) ;
#1166 = DIRECTION ( 'NONE',  ( 0.000000000000000000, 0.000000000000000000, 1.000000000000000000 ) ) ;
#1167 = ORIENTED_EDGE ( 'NONE', *, *, #1015, .T. ) ;
#1168 = SURFACE_STYLE_FILL_AREA ( #3814 ) ;
#1169 = DIRECTION ( 'NONE',  ( -0.9986295347545741663, -0.05233595624294061499, 1.040834085586084103E-17 ) ) ;
#1170 = CIRCLE ( 'NONE', #4220, 0.1336556042478582174 ) ;
#1171 = ORIENTED_EDGE ( 'NONE', *, *, #2071, .T. ) ;
#1172 = FILL_AREA_STYLE ('',( #1131 ) ) ;
#1173 = VERTEX_POINT ( 'NONE', #2350 ) ;
#1174 = EDGE_CURVE ( 'NONE', #3080, #3751, #1502, .T. ) ;
#1175 = EDGE_CURVE ( 'NONE', #1036, #3411, #704, .T. ) ;
#1176 = FACE_OUTER_BOUND ( 'NONE', #949, .T. ) ;
#1177 = CARTESIAN_POINT ( 'NONE',  ( -5.930389409470221196, -0.08892276752131891837, -3.822699999999998877 ) ) ;
#1178 = FACE_OUTER_BOUND ( 'NONE', #3481, .T. ) ;
#1179 = CARTESIAN_POINT ( 'NONE',  ( 5.905499999999999083, 1.320800000000001084, -5.079999999999998295 ) ) ;
#1180 = CARTESIAN_POINT ( 'NONE',  ( 2.847184475458229118E-16, 4.648200000000000109, -4.998865367200656884 ) ) ;
#1181 = PRESENTATION_LAYER_ASSIGNMENT (  '', '', ( #2513 ) ) ;
#1182 = ORIENTED_EDGE ( 'NONE', *, *, #1726, .F. ) ;
#1183 =( NAMED_UNIT ( * ) SI_UNIT ( $, .STERADIAN. ) SOLID_ANGLE_UNIT ( ) );
#1184 = AXIS2_PLACEMENT_3D ( 'NONE', #1865, #1537, #3625 ) ;
#1185 = SURFACE_STYLE_USAGE ( .BOTH. , #3216 ) ;
#1186 = AXIS2_PLACEMENT_3D ( 'NONE', #827, #1399, #3500 ) ;
#1187 = ORIENTED_EDGE ( 'NONE', *, *, #3317, .F. ) ;
#1188 = CARTESIAN_POINT ( 'NONE',  ( -5.838353819507971387, 0.6772927841693239248, 0.4191000000000018044 ) ) ;
#1189 = ORIENTED_EDGE ( 'NONE', *, *, #1145, .F. ) ;
#1190 = PRESENTATION_STYLE_ASSIGNMENT (( #2176 ) ) ;
#1191 = ORIENTED_EDGE ( 'NONE', *, *, #3558, .F. ) ;
#1192 = CYLINDRICAL_SURFACE ( 'NONE', #2201, 0.7812570522476320889 ) ;
#1193 = CARTESIAN_POINT ( 'NONE',  ( 6.884384154850322624, 1.320799999999997087, 5.080000000000000959 ) ) ;
#1194 = EDGE_CURVE ( 'NONE', #1867, #540, #1369, .T. ) ;
#1195 = EDGE_CURVE ( 'NONE', #1749, #4213, #1031, .T. ) ;
#1196 = LINE ( 'NONE', #530, #1693 ) ;
#1197 = CIRCLE ( 'NONE', #640, 1.409601447999776047 ) ;
#1198 = ORIENTED_EDGE ( 'NONE', *, *, #1946, .T. ) ;
#1199 = SURFACE_STYLE_USAGE ( .BOTH. , #1534 ) ;
#1200 = CARTESIAN_POINT ( 'NONE',  ( -5.668458158185817553, 2.293742025179460686, -2.984499999999997488 ) ) ;
#1201 = VECTOR ( 'NONE', #731, 1000.000000000000000 ) ;
#1202 = UNCERTAINTY_MEASURE_WITH_UNIT (LENGTH_MEASURE( 1.000000000000000082E-05 ), #2055, 'distance_accuracy_value', 'NONE');
#1203 = COLOUR_RGB ( '',0.8431372549019607865, 0.8431372549019607865, 0.8431372549019607865 ) ;
#1204 = VERTEX_POINT ( 'NONE', #2418 ) ;
#1205 = DIRECTION ( 'NONE',  ( 0.1045284632676531655, 0.9945218953682734009, 2.668225570433292088E-16 ) ) ;
#1206 = FILL_AREA_STYLE_COLOUR ( '', #420 ) ;
#1207 = MECHANICAL_DESIGN_GEOMETRIC_PRESENTATION_REPRESENTATION (  '', ( #1983 ), #2684 ) ;
#1208 = ADVANCED_FACE ( 'NONE', ( #47 ), #806, .F. ) ;
#1209 = CARTESIAN_POINT ( 'NONE',  ( -2.730500000000001926, 2.908398552000185600, 1.282700000000002838 ) ) ;
#1210 = VECTOR ( 'NONE', #2653, 1000.000000000000000 ) ;
#1211 = AXIS2_PLACEMENT_3D ( 'NONE', #2129, #107, #1137 ) ;
#1212 = VERTEX_POINT ( 'NONE', #1552 ) ;
#1213 = SURFACE_STYLE_USAGE ( .BOTH. , #3661 ) ;
#1214 = CARTESIAN_POINT ( 'NONE',  ( -7.141607158954611734, -0.1524000000000020894, 3.822700000000000653 ) ) ;
#1215 = COLOUR_RGB ( '',0.8431372549019607865, 0.8431372549019607865, 0.8431372549019607865 ) ;
#1216 = VECTOR ( 'NONE', #2360, 1000.000000000000114 ) ;
#1217 = FILL_AREA_STYLE ('',( #3841 ) ) ;
#1218 = ORIENTED_EDGE ( 'NONE', *, *, #1448, .T. ) ;
#1219 = AXIS2_PLACEMENT_3D ( 'NONE', #52, #3514, #770 ) ;
#1220 = SURFACE_STYLE_USAGE ( .BOTH. , #1877 ) ;
#1221 = VECTOR ( 'NONE', #2768, 1000.000000000000114 ) ;
#1222 = SURFACE_SIDE_STYLE ('',( #513 ) ) ;
#1223 = ORIENTED_EDGE ( 'NONE', *, *, #461, .F. ) ;
#1224 = VECTOR ( 'NONE', #2789, 1000.000000000000000 ) ;
#1225 = PRESENTATION_STYLE_ASSIGNMENT (( #2246 ) ) ;
#1226 = PLANE ( 'NONE',  #1670 ) ;
#1227 = EDGE_CURVE ( 'NONE', #621, #2083, #1158, .T. ) ;
#1228 = EDGE_LOOP ( 'NONE', ( #188, #3857, #3721, #655, #2154, #3898, #3373 ) ) ;
#1229 = DIRECTION ( 'NONE',  ( -0.9945218953682734009, 0.1045284632676540953, -9.020562075079400589E-17 ) ) ;
#1230 =( NAMED_UNIT ( * ) PLANE_ANGLE_UNIT ( ) SI_UNIT ( $, .RADIAN. ) );
#1231 = FACE_OUTER_BOUND ( 'NONE', #1054, .T. ) ;
#1232 = ORIENTED_EDGE ( 'NONE', *, *, #637, .T. ) ;
#1233 = CARTESIAN_POINT ( 'NONE',  ( -5.964282250515600126, 0.5577911652010830723, -3.822699999999998877 ) ) ;
#1234 = PRESENTATION_STYLE_ASSIGNMENT (( #2572 ) ) ;
#1235 =( NAMED_UNIT ( * ) SI_UNIT ( $, .STERADIAN. ) SOLID_ANGLE_UNIT ( ) );
#1236 = CARTESIAN_POINT ( 'NONE',  ( -4.266578654407220839, 3.555999999999963634, 2.984500000000003261 ) ) ;
#1237 = CARTESIAN_POINT ( 'NONE',  ( -2.730500000000001926, 2.908398552000183823, 2.984500000000002817 ) ) ;
#1238 = UNCERTAINTY_MEASURE_WITH_UNIT (LENGTH_MEASURE( 1.000000000000000082E-05 ), #3221, 'distance_accuracy_value', 'NONE');
#1239 = DIRECTION ( 'NONE',  ( -3.362406479023546330E-17, 1.000000000000000000, 0.000000000000000000 ) ) ;
#1240 = DIRECTION ( 'NONE',  ( 3.362406479023549411E-17, -1.000000000000000000, -3.885780586188046905E-16 ) ) ;
#1241 = SURFACE_STYLE_USAGE ( .BOTH. , #3571 ) ;
#1242 = LINE ( 'NONE', #3247, #1904 ) ;
#1243 = PRESENTATION_STYLE_ASSIGNMENT (( #1578 ) ) ;
#1244 = ORIENTED_EDGE ( 'NONE', *, *, #2159, .F. ) ;
#1245 = UNCERTAINTY_MEASURE_WITH_UNIT (LENGTH_MEASURE( 1.000000000000000082E-05 ), #4264, 'distance_accuracy_value', 'NONE');
#1246 = DIRECTION ( 'NONE',  ( -1.000000000000000000, -1.858795175432126070E-18, -1.064903042799688852E-16 ) ) ;
#1247 = CARTESIAN_POINT ( 'NONE',  ( -5.971277244371142601, 0.6912635990884624659, -2.120899999999998009 ) ) ;
#1248 = EDGE_LOOP ( 'NONE', ( #4122, #103, #1154, #3868 ) ) ;
#1249 = EDGE_CURVE ( 'NONE', #2584, #298, #2126, .T. ) ;
#1250 = EDGE_CURVE ( 'NONE', #2469, #2905, #4203, .T. ) ;
#1251 = VECTOR ( 'NONE', #1739, 1000.000000000000000 ) ;
#1252 = ORIENTED_EDGE ( 'NONE', *, *, #1060, .F. ) ;
#1253 = CARTESIAN_POINT ( 'NONE',  ( -7.175499999999994216, 0.4943139327224018165, -0.4190999999999985848 ) ) ;
#1254 = STYLED_ITEM ( 'NONE', ( #979 ), #4106 ) ;
#1255 = DIRECTION ( 'NONE',  ( -1.059358394363801936E-16, -3.885780586188046905E-16, 1.000000000000000000 ) ) ;
#1256 = CARTESIAN_POINT ( 'NONE',  ( -4.266578654407220839, 2.908398552000184711, 2.120900000000002450 ) ) ;
#1257 = CIRCLE ( 'NONE', #1606, 1.409601447999776047 ) ;
#1258 = VERTEX_POINT ( 'NONE', #3173 ) ;
#1259 = DIRECTION ( 'NONE',  ( -3.362406479023549411E-17, 1.000000000000000000, 3.885780586188046905E-16 ) ) ;
#1260 = DIRECTION ( 'NONE',  ( -3.362406479023546330E-17, 1.000000000000000000, 1.110223024625156540E-16 ) ) ;
#1261 = ADVANCED_FACE ( 'NONE', ( #489 ), #3547, .F. ) ;
#1262 = DIRECTION ( 'NONE',  ( 1.059358394363802552E-16, 3.885780586188047891E-16, -1.000000000000000000 ) ) ;
#1263 = PRESENTATION_STYLE_ASSIGNMENT (( #325 ) ) ;
#1264 = EDGE_CURVE ( 'NONE', #890, #19, #3504, .T. ) ;
#1265 = ORIENTED_EDGE ( 'NONE', *, *, #3524, .F. ) ;
#1266 = CARTESIAN_POINT ( 'NONE',  ( -7.175499999999997769, 0.4943139327224031487, -2.984499999999999265 ) ) ;
#1267 = SURFACE_STYLE_FILL_AREA ( #2225 ) ;
#1268 =( LENGTH_UNIT ( ) NAMED_UNIT ( * ) SI_UNIT ( .MILLI., .METRE. ) );
#1269 = COLOUR_RGB ( '',0.8431372549019607865, 0.8431372549019607865, 0.8431372549019607865 ) ;
#1270 = DIRECTION ( 'NONE',  ( -1.059358394363801936E-16, -3.885780586188046905E-16, 1.000000000000000000 ) ) ;
#1271 = ORIENTED_EDGE ( 'NONE', *, *, #1249, .F. ) ;
#1272 = FILL_AREA_STYLE_COLOUR ( '', #2002 ) ;
#1273 =( GEOMETRIC_REPRESENTATION_CONTEXT ( 3 ) GLOBAL_UNCERTAINTY_ASSIGNED_CONTEXT ( ( #1202 ) ) GLOBAL_UNIT_ASSIGNED_CONTEXT ( ( #2055, #2013, #1000 ) ) REPRESENTATION_CONTEXT ( 'NONE', 'WORKASPACE' ) );
#1274 = SURFACE_STYLE_USAGE ( .BOTH. , #3300 ) ;
#1275 = UNCERTAINTY_MEASURE_WITH_UNIT (LENGTH_MEASURE( 1.000000000000000082E-05 ), #3442, 'distance_accuracy_value', 'NONE');
#1276 = SURFACE_STYLE_FILL_AREA ( #1978 ) ;
#1277 = LINE ( 'NONE', #3993, #3637 ) ;
#1278 = ORIENTED_EDGE ( 'NONE', *, *, #3524, .T. ) ;
#1279 =( NAMED_UNIT ( * ) PLANE_ANGLE_UNIT ( ) SI_UNIT ( $, .RADIAN. ) );
#1280 = EDGE_CURVE ( 'NONE', #1212, #1036, #3568, .T. ) ;
#1281 = EDGE_CURVE ( 'NONE', #1723, #3738, #1788, .T. ) ;
#1282 =( LENGTH_UNIT ( ) NAMED_UNIT ( * ) SI_UNIT ( .MILLI., .METRE. ) );
#1283 = DIRECTION ( 'NONE',  ( 0.000000000000000000, -1.000000000000000000, -3.076620484531956004E-16 ) ) ;
#1284 = MECHANICAL_DESIGN_GEOMETRIC_PRESENTATION_REPRESENTATION (  '', ( #1431 ), #3338 ) ;
#1285 = ORIENTED_EDGE ( 'NONE', *, *, #742, .T. ) ;
#1286 = PLANE ( 'NONE',  #3899 ) ;
#1287 = ORIENTED_EDGE ( 'NONE', *, *, #4192, .T. ) ;
#1288 = EDGE_CURVE ( 'NONE', #68, #3681, #3593, .T. ) ;
#1289 = CLOSED_SHELL ( 'NONE', ( #1536, #933, #3093, #715, #3125, #1023, #4158, #1119, #4358, #2405, #2211, #167, #132, #4026 ) ) ;
#1290 = UNCERTAINTY_MEASURE_WITH_UNIT (LENGTH_MEASURE( 1.000000000000000082E-05 ), #2047, 'distance_accuracy_value', 'NONE');
#1291 = COLOUR_RGB ( '',0.8431372549019607865, 0.8431372549019607865, 0.8431372549019607865 ) ;
#1292 = CARTESIAN_POINT ( 'NONE',  ( -0.9453947025818488781, 4.648200000000000109, -2.649365367200656962 ) ) ;
#1293 = SURFACE_STYLE_USAGE ( .BOTH. , #4336 ) ;
#1294 = VECTOR ( 'NONE', #2496, 1000.000000000000114 ) ;
#1295 = CIRCLE ( 'NONE', #1995, 0.7619999999999996776 ) ;
#1296 = VECTOR ( 'NONE', #4242, 999.9999999999998863 ) ;
#1297 = COLOUR_RGB ( '',0.8431372549019607865, 0.8431372549019607865, 0.8431372549019607865 ) ;
#1298 = PLANE ( 'NONE',  #2949 ) ;
#1299 =( NAMED_UNIT ( * ) PLANE_ANGLE_UNIT ( ) SI_UNIT ( $, .RADIAN. ) );
#1300 = VECTOR ( 'NONE', #1434, 1000.000000000000000 ) ;
#1301 = MECHANICAL_DESIGN_GEOMETRIC_PRESENTATION_REPRESENTATION (  '', ( #3428 ), #297 ) ;
#1302 = VECTOR ( 'NONE', #1430, 1000.000000000000000 ) ;
#1303 = SURFACE_STYLE_USAGE ( .BOTH. , #2606 ) ;
#1304 = CARTESIAN_POINT ( 'NONE',  ( 5.905499999999999083, 3.891835057207083079E-16, -2.539999999999999591 ) ) ;
#1305 = ORIENTED_EDGE ( 'NONE', *, *, #2769, .F. ) ;
#1306 = PRESENTATION_STYLE_ASSIGNMENT (( #3720 ) ) ;
#1307 = DIRECTION ( 'NONE',  ( -3.362406479023546330E-17, 1.000000000000000000, 1.110223024625156540E-16 ) ) ;
#1308 = VERTEX_POINT ( 'NONE', #1292 ) ;
#1309 = DIRECTION ( 'NONE',  ( 8.715687545503681504E-18, -1.663052253832853828E-16, 1.000000000000000000 ) ) ;
#1310 = PLANE ( 'NONE',  #694 ) ;
#1311 = DIRECTION ( 'NONE',  ( 0.000000000000000000, -3.885780586188046905E-16, 1.000000000000000000 ) ) ;
#1312 = ORIENTED_EDGE ( 'NONE', *, *, #2235, .T. ) ;
#1313 = UNCERTAINTY_MEASURE_WITH_UNIT (LENGTH_MEASURE( 1.000000000000000082E-05 ), #1129, 'distance_accuracy_value', 'NONE');
#1314 = EDGE_CURVE ( 'NONE', #139, #1212, #1656, .T. ) ;
#1315 = ADVANCED_FACE ( 'NONE', ( #3269 ), #305, .T. ) ;
#1316 = LINE ( 'NONE', #260, #1365 ) ;
#1317 = DIRECTION ( 'NONE',  ( 1.059358394363802552E-16, 3.885780586188047891E-16, -1.000000000000000000 ) ) ;
#1318 = FILL_AREA_STYLE_COLOUR ( '', #3732 ) ;
#1319 = DIRECTION ( 'NONE',  ( 1.000000000000000000, -4.116434282634202676E-32, 1.059358394363801936E-16 ) ) ;
#1320 = SURFACE_STYLE_USAGE ( .BOTH. , #4006 ) ;
#1321 = APPLICATION_PROTOCOL_DEFINITION ( 'draft international standard', 'automotive_design', 1998, #3977 ) ;
#1322 = SURFACE_STYLE_FILL_AREA ( #1617 ) ;
#1323 = CIRCLE ( 'NONE', #1529, 1.409601447999776047 ) ;
#1324 = LINE ( 'NONE', #2633, #2747 ) ;
#1325 = DIRECTION ( 'NONE',  ( 1.138269997360110167E-15, -1.000000000000000000, -5.691349986800550837E-16 ) ) ;
#1326 = ORIENTED_EDGE ( 'NONE', *, *, #1091, .T. ) ;
#1327 =( NAMED_UNIT ( * ) SI_UNIT ( $, .STERADIAN. ) SOLID_ANGLE_UNIT ( ) );
#1328 = LINE ( 'NONE', #4034, #3354 ) ;
#1329 = PLANE ( 'NONE',  #3774 ) ;
#1330 = ORIENTED_EDGE ( 'NONE', *, *, #3941, .T. ) ;
#1331 =( NAMED_UNIT ( * ) PLANE_ANGLE_UNIT ( ) SI_UNIT ( $, .RADIAN. ) );
#1332 = PLANE ( 'NONE',  #202 ) ;
#1333 =( GEOMETRIC_REPRESENTATION_CONTEXT ( 3 ) GLOBAL_UNCERTAINTY_ASSIGNED_CONTEXT ( ( #2921 ) ) GLOBAL_UNIT_ASSIGNED_CONTEXT ( ( #2183, #3869, #3595 ) ) REPRESENTATION_CONTEXT ( 'NONE', 'WORKASPACE' ) );
#1334 = ORIENTED_EDGE ( 'NONE', *, *, #3619, .F. ) ;
#1335 = PRESENTATION_STYLE_ASSIGNMENT (( #1293 ) ) ;
#1336 = PLANE ( 'NONE',  #3090 ) ;
#1337 = VECTOR ( 'NONE', #3404, 1000.000000000000000 ) ;
#1338 = CARTESIAN_POINT ( 'NONE',  ( -7.141607158954611734, -0.1524000000000004518, -2.984499999999998820 ) ) ;
#1339 = ADVANCED_FACE ( 'NONE', ( #4335 ), #3360, .T. ) ;
#1340 = DIRECTION ( 'NONE',  ( -0.05232800705137536507, 0.9984778551437668570, 0.01742849579091853424 ) ) ;
#1341 = CARTESIAN_POINT ( 'NONE',  ( -2.730500000000001926, 2.146398552000185145, 1.282700000000001506 ) ) ;
#1342 = LINE ( 'NONE', #1945, #3078 ) ;
#1343 = ORIENTED_EDGE ( 'NONE', *, *, #1280, .F. ) ;
#1344 = FACE_OUTER_BOUND ( 'NONE', #1931, .T. ) ;
#1345 = CARTESIAN_POINT ( 'NONE',  ( -2.730500000000001481, 3.555999999999965411, -2.120899999999998453 ) ) ;
#1346 = FACE_OUTER_BOUND ( 'NONE', #45, .T. ) ;
#1347 = CARTESIAN_POINT ( 'NONE',  ( -0.9453947025818488781, 4.648200000000000109, -3.347865367200657083 ) ) ;
#1348 = CIRCLE ( 'NONE', #1619, 0.6985000000000003428 ) ;
#1349 = ORIENTED_EDGE ( 'NONE', *, *, #3177, .T. ) ;
#1350 = CARTESIAN_POINT ( 'NONE',  ( -7.175499999999991552, 0.4943139327224012058, 2.984500000000001929 ) ) ;
#1351 = EDGE_CURVE ( 'NONE', #3817, #3755, #234, .T. ) ;
#1352 = PRESENTATION_LAYER_ASSIGNMENT (  '', '', ( #2895 ) ) ;
#1353 = ORIENTED_EDGE ( 'NONE', *, *, #3494, .F. ) ;
#1354 = CIRCLE ( 'NONE', #569, 0.7619999999999996776 ) ;
#1355 = CARTESIAN_POINT ( 'NONE',  ( -5.930389409470221196, -0.08892276752131964002, -2.120899999999998453 ) ) ;
#1356 = CARTESIAN_POINT ( 'NONE',  ( 5.905499999999999083, -9.638182615277800863E-13, 5.080000000000001847 ) ) ;
#1357 = PRESENTATION_STYLE_ASSIGNMENT (( #1320 ) ) ;
#1358 = VECTOR ( 'NONE', #2122, 1000.000000000000000 ) ;
#1359 = MECHANICAL_DESIGN_GEOMETRIC_PRESENTATION_REPRESENTATION (  '', ( #2194 ), #2616 ) ;
#1360 = CARTESIAN_POINT ( 'NONE',  ( -4.266578654407220839, 2.146398552000183368, 2.984500000000001485 ) ) ;
#1361 = CARTESIAN_POINT ( 'NONE',  ( -4.266578654407219950, 2.146398552000186033, -2.984499999999997488 ) ) ;
#1362 = SURFACE_STYLE_USAGE ( .BOTH. , #6 ) ;
#1363 = ORIENTED_EDGE ( 'NONE', *, *, #1599, .F. ) ;
#1364 = COLOUR_RGB ( '',0.8431372549019607865, 0.8431372549019607865, 0.8431372549019607865 ) ;
#1365 = VECTOR ( 'NONE', #1611, 1000.000000000000000 ) ;
#1366 = MECHANICAL_DESIGN_GEOMETRIC_PRESENTATION_REPRESENTATION (  '', ( #4070 ), #874 ) ;
#1367 = EDGE_CURVE ( 'NONE', #3666, #861, #2576, .T. ) ;
#1368 = DIRECTION ( 'NONE',  ( 1.000000000000000000, 3.362406479023549411E-17, 1.306557381906261354E-32 ) ) ;
#1369 = LINE ( 'NONE', #1730, #3992 ) ;
#1370 = VERTEX_POINT ( 'NONE', #3950 ) ;
#1371 = DIRECTION ( 'NONE',  ( 0.000000000000000000, 0.000000000000000000, 1.000000000000000000 ) ) ;
#1372 = ORIENTED_EDGE ( 'NONE', *, *, #687, .F. ) ;
#1373 = ORIENTED_EDGE ( 'NONE', *, *, #3551, .T. ) ;
#1374 = SURFACE_SIDE_STYLE ('',( #1990 ) ) ;
#1375 = FACE_OUTER_BOUND ( 'NONE', #999, .T. ) ;
#1376 = SURFACE_SIDE_STYLE ('',( #776 ) ) ;
#1377 = DIRECTION ( 'NONE',  ( -0.1045284632676540953, -0.9945218953682734009, 0.000000000000000000 ) ) ;
#1378 = CARTESIAN_POINT ( 'NONE',  ( -5.838353819507971387, 0.6772927841693242579, -0.4190999999999989734 ) ) ;
#1379 = FACE_OUTER_BOUND ( 'NONE', #3047, .T. ) ;
#1380 = CARTESIAN_POINT ( 'NONE',  ( 0.8254999999999996785, 1.320799999999998864, 3.469446951953614189E-15 ) ) ;
#1381 = ORIENTED_EDGE ( 'NONE', *, *, #1977, .T. ) ;
#1382 = DIRECTION ( 'NONE',  ( 0.000000000000000000, -1.000000000000000000, -5.551065014344850824E-16 ) ) ;
#1383 = VECTOR ( 'NONE', #3063, 1000.000000000000000 ) ;
#1384 = CARTESIAN_POINT ( 'NONE',  ( -5.668458158185818441, 2.293742025179458910, 2.984500000000001929 ) ) ;
#1385 = SURFACE_STYLE_FILL_AREA ( #3852 ) ;
#1386 = FILL_AREA_STYLE_COLOUR ( '', #3580 ) ;
#1387 = ORIENTED_EDGE ( 'NONE', *, *, #3152, .F. ) ;
#1388 = FILL_AREA_STYLE_COLOUR ( '', #493 ) ;
#1389 = PRODUCT_RELATED_PRODUCT_CATEGORY ( 'part', '', ( #1085 ) ) ;
#1390 = EDGE_CURVE ( 'NONE', #3890, #3435, #913, .T. ) ;
#1391 =( LENGTH_UNIT ( ) NAMED_UNIT ( * ) SI_UNIT ( .MILLI., .METRE. ) );
#1392 = ORIENTED_EDGE ( 'NONE', *, *, #4325, .F. ) ;
#1393 = FACE_OUTER_BOUND ( 'NONE', #2868, .T. ) ;
#1394 = CARTESIAN_POINT ( 'NONE',  ( 5.905499999999999972, 4.648199999999997445, -2.540000000000000480 ) ) ;
#1395 = CARTESIAN_POINT ( 'NONE',  ( 5.905499999999999083, -1.790427152905111142E-15, 2.540000000000002256 ) ) ;
#1396 = PRESENTATION_LAYER_ASSIGNMENT (  '', '', ( #2721 ) ) ;
#1397 = DIRECTION ( 'NONE',  ( 1.059358394363802552E-16, 3.885780586188047891E-16, -1.000000000000000000 ) ) ;
#1398 = COLOUR_RGB ( '',0.8431372549019607865, 0.8431372549019607865, 0.8431372549019607865 ) ;
#1399 = DIRECTION ( 'NONE',  ( 0.9925461516413224272, -0.1218693434051440899, -3.469446951953613573E-17 ) ) ;
#1400 = ORIENTED_EDGE ( 'NONE', *, *, #4215, .F. ) ;
#1401 = CARTESIAN_POINT ( 'NONE',  ( 5.905499999999997307, 1.320799999999970664, 2.540000000000001812 ) ) ;
#1402 = ORIENTED_EDGE ( 'NONE', *, *, #4269, .F. ) ;
#1403 =( GEOMETRIC_REPRESENTATION_CONTEXT ( 3 ) GLOBAL_UNCERTAINTY_ASSIGNED_CONTEXT ( ( #1963 ) ) GLOBAL_UNIT_ASSIGNED_CONTEXT ( ( #4181, #1446, #2425 ) ) REPRESENTATION_CONTEXT ( 'NONE', 'WORKASPACE' ) );
#1404 = LINE ( 'NONE', #2734, #2842 ) ;
#1405 = DIRECTION ( 'NONE',  ( -0.05233595624294421628, 0.9986295347545739443, 1.665334536937734564E-16 ) ) ;
#1406 = AXIS2_PLACEMENT_3D ( 'NONE', #1655, #3331, #279 ) ;
#1407 = CARTESIAN_POINT ( 'NONE',  ( -2.730500000000002370, 3.555999999999955197, 5.017929789115255446 ) ) ;
#1408 = CARTESIAN_POINT ( 'NONE',  ( -5.964282250515601014, 0.5577911652010826282, 0.4191000000000013603 ) ) ;
#1409 = SURFACE_STYLE_FILL_AREA ( #62 ) ;
#1410 = ORIENTED_EDGE ( 'NONE', *, *, #1174, .F. ) ;
#1411 = LINE ( 'NONE', #2743, #435 ) ;
#1412 = ORIENTED_EDGE ( 'NONE', *, *, #239, .F. ) ;
#1414 =( GEOMETRIC_REPRESENTATION_CONTEXT ( 3 ) GLOBAL_UNCERTAINTY_ASSIGNED_CONTEXT ( ( #1866 ) ) GLOBAL_UNIT_ASSIGNED_CONTEXT ( ( #3809, #789, #70 ) ) REPRESENTATION_CONTEXT ( 'NONE', 'WORKASPACE' ) );
#1413 = DIRECTION ( 'NONE',  ( 0.000000000000000000, -1.000000000000000000, -3.885780586188046905E-16 ) ) ;
#1415 = FACE_OUTER_BOUND ( 'NONE', #2886, .T. ) ;
#1416 = EDGE_CURVE ( 'NONE', #2898, #4279, #18, .T. ) ;
#1417 = CIRCLE ( 'NONE', #3115, 1.409601447999776047 ) ;
#1418 = CARTESIAN_POINT ( 'NONE',  ( 7.175499999999999545, 1.320799999999999530, -3.428999999999990944 ) ) ;
#1419 = FILL_AREA_STYLE_COLOUR ( '', #2318 ) ;
#1420 = AXIS2_PLACEMENT_3D ( 'NONE', #3542, #2511, #825 ) ;
#1421 = FILL_AREA_STYLE ('',( #3129 ) ) ;
#1422 = SURFACE_SIDE_STYLE ('',( #740 ) ) ;
#1423 =( NAMED_UNIT ( * ) PLANE_ANGLE_UNIT ( ) SI_UNIT ( $, .RADIAN. ) );
#1424 = ORIENTED_EDGE ( 'NONE', *, *, #3070, .T. ) ;
#1425 = VECTOR ( 'NONE', #1246, 1000.000000000000000 ) ;
#1426 = PRESENTATION_LAYER_ASSIGNMENT (  '', '', ( #439 ) ) ;
#1427 = FILL_AREA_STYLE ('',( #492 ) ) ;
#1428 = STYLED_ITEM ( 'NONE', ( #4133 ), #323 ) ;
#1429 = SURFACE_STYLE_USAGE ( .BOTH. , #3889 ) ;
#1430 = DIRECTION ( 'NONE',  ( -0.1736481776669307475, -3.880305409920314078E-16, 0.9848077530122080203 ) ) ;
#1431 = STYLED_ITEM ( 'NONE', ( #3879 ), #381 ) ;
#1432 = PRESENTATION_LAYER_ASSIGNMENT (  '', '', ( #2909 ) ) ;
#1433 = EDGE_LOOP ( 'NONE', ( #1440, #536, #1483, #2299 ) ) ;
#1434 = DIRECTION ( 'NONE',  ( -1.000000000000000000, -3.362406479023549411E-17, -1.306557381906261354E-32 ) ) ;
#1435 = VECTOR ( 'NONE', #2138, 1000.000000000000000 ) ;
#1436 = LINE ( 'NONE', #2792, #131 ) ;
#1437 = COLOUR_RGB ( '',0.7921568627450980005, 0.8196078431372548767, 0.9333333333333333481 ) ;
#1438 = CARTESIAN_POINT ( 'NONE',  ( -5.964282250515601014, 0.5577911652010835164, -2.984499999999997488 ) ) ;
#1439 = COLOUR_RGB ( '',0.8431372549019607865, 0.8431372549019607865, 0.8431372549019607865 ) ;
#1440 = ORIENTED_EDGE ( 'NONE', *, *, #962, .T. ) ;
#1441 = FILL_AREA_STYLE_COLOUR ( '', #3631 ) ;
#1442 = VERTEX_POINT ( 'NONE', #578 ) ;
#1443 = DIRECTION ( 'NONE',  ( -3.362406479023546330E-17, 1.000000000000000000, 1.110223024625156540E-16 ) ) ;
#1444 = SURFACE_STYLE_FILL_AREA ( #3773 ) ;
#1445 = PLANE ( 'NONE',  #343 ) ;
#1446 =( NAMED_UNIT ( * ) PLANE_ANGLE_UNIT ( ) SI_UNIT ( $, .RADIAN. ) );
#1447 = EDGE_CURVE ( 'NONE', #4151, #1258, #4347, .T. ) ;
#1448 = EDGE_CURVE ( 'NONE', #2196, #3984, #1148, .T. ) ;
#1449 = ORIENTED_EDGE ( 'NONE', *, *, #4226, .T. ) ;
#1450 = FACE_OUTER_BOUND ( 'NONE', #2065, .T. ) ;
#1451 = EDGE_LOOP ( 'NONE', ( #2141, #1171, #3188, #3367 ) ) ;
#1452 = DIRECTION ( 'NONE',  ( 0.000000000000000000, -1.000000000000000000, 0.000000000000000000 ) ) ;
#1453 = SURFACE_SIDE_STYLE ('',( #93 ) ) ;
#1454 = ORIENTED_EDGE ( 'NONE', *, *, #1390, .T. ) ;
#1455 = SURFACE_STYLE_USAGE ( .BOTH. , #3786 ) ;
#1456 = DIRECTION ( 'NONE',  ( 0.000000000000000000, 3.885780586188046905E-16, -1.000000000000000000 ) ) ;
#1457 =( LENGTH_UNIT ( ) NAMED_UNIT ( * ) SI_UNIT ( .MILLI., .METRE. ) );
#1458 = ORIENTED_EDGE ( 'NONE', *, *, #2840, .F. ) ;
#1459 = PLANE ( 'NONE',  #4131 ) ;
#1460 =( LENGTH_UNIT ( ) NAMED_UNIT ( * ) SI_UNIT ( .MILLI., .METRE. ) );
#1461 = UNCERTAINTY_MEASURE_WITH_UNIT (LENGTH_MEASURE( 1.000000000000000082E-05 ), #3635, 'distance_accuracy_value', 'NONE');
#1462 = ORIENTED_EDGE ( 'NONE', *, *, #301, .T. ) ;
#1463 = SHAPE_DEFINITION_REPRESENTATION ( #1509, #980 ) ;
#1464 = VERTEX_POINT ( 'NONE', #3647 ) ;
#1465 = PRESENTATION_STYLE_ASSIGNMENT (( #125 ) ) ;
#1466 = LINE ( 'NONE', #1744, #936 ) ;
#1467 = DIRECTION ( 'NONE',  ( 0.000000000000000000, 3.885780586188046905E-16, -1.000000000000000000 ) ) ;
#1468 = CIRCLE ( 'NONE', #258, 0.6985000000000003428 ) ;
#1469 = EDGE_CURVE ( 'NONE', #4155, #2196, #2990, .T. ) ;
#1470 = LINE ( 'NONE', #1591, #1634 ) ;
#1471 = PLANE ( 'NONE',  #2326 ) ;
#1472 = EDGE_CURVE ( 'NONE', #976, #1757, #1316, .T. ) ;
#1473 = ORIENTED_EDGE ( 'NONE', *, *, #1126, .T. ) ;
#1474 = AXIS2_PLACEMENT_3D ( 'NONE', #3450, #3837, #1413 ) ;
#1475 = DIRECTION ( 'NONE',  ( 0.000000000000000000, 3.885780586188046905E-16, -1.000000000000000000 ) ) ;
#1476 = VECTOR ( 'NONE', #2173, 1000.000000000000000 ) ;
#1477 = SURFACE_STYLE_USAGE ( .BOTH. , #137 ) ;
#1478 = ORIENTED_EDGE ( 'NONE', *, *, #3979, .F. ) ;
#1479 = DIRECTION ( 'NONE',  ( -1.059358394363802552E-16, -3.885780586188047891E-16, 1.000000000000000000 ) ) ;
#1480 =( LENGTH_UNIT ( ) NAMED_UNIT ( * ) SI_UNIT ( .MILLI., .METRE. ) );
#1481 = VECTOR ( 'NONE', #1674, 1000.000000000000000 ) ;
#1482 = ORIENTED_EDGE ( 'NONE', *, *, #1575, .F. ) ;
#1483 = ORIENTED_EDGE ( 'NONE', *, *, #1704, .F. ) ;
#1484 = SURFACE_SIDE_STYLE ('',( #1954 ) ) ;
#1485 = CARTESIAN_POINT ( 'NONE',  ( 5.905499999999999972, 4.648199999999997445, 3.469446951953614189E-15 ) ) ;
#1486 = EDGE_LOOP ( 'NONE', ( #2956, #3003, #4370, #2097 ) ) ;
#1487 = CARTESIAN_POINT ( 'NONE',  ( -4.266578654407219950, 3.555999999999964079, 1.282700000000002838 ) ) ;
#1488 = DIRECTION ( 'NONE',  ( -1.059358394363802552E-16, -3.885780586188047891E-16, 1.000000000000000000 ) ) ;
#1489 = CARTESIAN_POINT ( 'NONE',  ( -4.266578654407219950, 2.908398552000184711, 2.120900000000002450 ) ) ;
#1490 = ORIENTED_EDGE ( 'NONE', *, *, #1683, .F. ) ;
#1491 = DIRECTION ( 'NONE',  ( 1.000000000000000000, -7.991336894475289117E-33, 2.056558963437201118E-17 ) ) ;
#1492 = DIRECTION ( 'NONE',  ( -1.000000000000000000, 4.116434282634202676E-32, -1.059358394363801936E-16 ) ) ;
#1493 = EDGE_CURVE ( 'NONE', #4095, #4069, #2288, .T. ) ;
#1494 = ADVANCED_FACE ( 'NONE', ( #1965 ), #2082, .T. ) ;
#1495 =( GEOMETRIC_REPRESENTATION_CONTEXT ( 3 ) GLOBAL_UNCERTAINTY_ASSIGNED_CONTEXT ( ( #589 ) ) GLOBAL_UNIT_ASSIGNED_CONTEXT ( ( #3885, #829, #3548 ) ) REPRESENTATION_CONTEXT ( 'NONE', 'WORKASPACE' ) );
#1496 = VECTOR ( 'NONE', #550, 1000.000000000000000 ) ;
#1497 = ORIENTED_EDGE ( 'NONE', *, *, #1367, .F. ) ;
#1498 = CARTESIAN_POINT ( 'NONE',  ( 5.905499999999999083, 1.320799999999898278, 5.056945350242801673 ) ) ;
#1499 = PRESENTATION_LAYER_ASSIGNMENT (  '', '', ( #1640 ) ) ;
#1500 = CARTESIAN_POINT ( 'NONE',  ( -7.141607158954611734, -0.1523999999999990917, -3.822699999999998433 ) ) ;
#1501 = COLOUR_RGB ( '',0.8431372549019607865, 0.8431372549019607865, 0.8431372549019607865 ) ;
#1502 = CIRCLE ( 'NONE', #3921, 0.7812570522476320889 ) ;
#1503 = ORIENTED_EDGE ( 'NONE', *, *, #1351, .T. ) ;
#1504 = MECHANICAL_DESIGN_GEOMETRIC_PRESENTATION_REPRESENTATION (  '', ( #2626 ), #1854 ) ;
#1505 =( NAMED_UNIT ( * ) SI_UNIT ( $, .STERADIAN. ) SOLID_ANGLE_UNIT ( ) );
#1506 = EDGE_LOOP ( 'NONE', ( #3846, #2125, #169, #2411, #2795, #1497, #662, #411 ) ) ;
#1507 = PRESENTATION_STYLE_ASSIGNMENT (( #2471 ) ) ;
#1508 = CARTESIAN_POINT ( 'NONE',  ( -5.024404338677844528, 2.226049241010137791, -2.120899999999998453 ) ) ;
#1509 = PRODUCT_DEFINITION_SHAPE ( 'NONE', 'NONE',  #1837 ) ;
#1510 = SURFACE_STYLE_USAGE ( .BOTH. , #2162 ) ;
#1511 = CARTESIAN_POINT ( 'NONE',  ( -0.9453947025818488781, 4.521199999999998553, -3.347865367200657083 ) ) ;
#1512 = ORIENTED_EDGE ( 'NONE', *, *, #2700, .F. ) ;
#1513 = DIRECTION ( 'NONE',  ( 0.1045284632676539288, 0.9945218953682734009, 0.000000000000000000 ) ) ;
#1514 = DIRECTION ( 'NONE',  ( -0.1045284632676533321, -0.9945218953682734009, -2.668225570433296525E-16 ) ) ;
#1515 = SURFACE_STYLE_USAGE ( .BOTH. , #4207 ) ;
#1516 = CARTESIAN_POINT ( 'NONE',  ( -7.141607158954611734, -0.1524000000000023947, 2.984500000000001929 ) ) ;
#1517 = ORIENTED_EDGE ( 'NONE', *, *, #1194, .F. ) ;
#1518 = SURFACE_SIDE_STYLE ('',( #2274 ) ) ;
#1519 = FILL_AREA_STYLE ('',( #3831 ) ) ;
#1520 =( NAMED_UNIT ( * ) SI_UNIT ( $, .STERADIAN. ) SOLID_ANGLE_UNIT ( ) );
#1521 = VERTEX_POINT ( 'NONE', #3162 ) ;
#1522 = FACE_OUTER_BOUND ( 'NONE', #2910, .T. ) ;
#1523 = EDGE_CURVE ( 'NONE', #1130, #2502, #3466, .T. ) ;
#1524 = EDGE_CURVE ( 'NONE', #75, #861, #750, .T. ) ;
#1525 =( NAMED_UNIT ( * ) PLANE_ANGLE_UNIT ( ) SI_UNIT ( $, .RADIAN. ) );
#1526 = PRESENTATION_STYLE_ASSIGNMENT (( #568 ) ) ;
#1527 = ORIENTED_EDGE ( 'NONE', *, *, #2143, .F. ) ;
#1528 = VERTEX_POINT ( 'NONE', #1438 ) ;
#1529 = AXIS2_PLACEMENT_3D ( 'NONE', #291, #1678, #4314 ) ;
#1530 = EDGE_CURVE ( 'NONE', #3554, #298, #3632, .T. ) ;
#1531 = DIRECTION ( 'NONE',  ( -1.059358394363802799E-16, 0.000000000000000000, 1.000000000000000000 ) ) ;
#1532 = LINE ( 'NONE', #895, #3629 ) ;
#1533 = ORIENTED_EDGE ( 'NONE', *, *, #347, .F. ) ;
#1534 = SURFACE_SIDE_STYLE ('',( #216 ) ) ;
#1535 = CARTESIAN_POINT ( 'NONE',  ( 7.175499999999999545, 1.320799999999997310, 3.429000000000001602 ) ) ;
#1536 = ADVANCED_FACE ( 'NONE', ( #2437 ), #4170, .F. ) ;
#1537 = DIRECTION ( 'NONE',  ( -1.059358394363802552E-16, -3.885780586188047891E-16, 1.000000000000000000 ) ) ;
#1538 = COLOUR_RGB ( '',0.2509803921568627416, 0.2509803921568627416, 0.2509803921568627416 ) ;
#1539 = ORIENTED_EDGE ( 'NONE', *, *, #891, .T. ) ;
#1540 =( NAMED_UNIT ( * ) PLANE_ANGLE_UNIT ( ) SI_UNIT ( $, .RADIAN. ) );
#1541 =( GEOMETRIC_REPRESENTATION_CONTEXT ( 3 ) GLOBAL_UNCERTAINTY_ASSIGNED_CONTEXT ( ( #1654 ) ) GLOBAL_UNIT_ASSIGNED_CONTEXT ( ( #3642, #1934, #956 ) ) REPRESENTATION_CONTEXT ( 'NONE', 'WORKASPACE' ) );
#1542 = VECTOR ( 'NONE', #1260, 1000.000000000000000 ) ;
#1543 = ORIENTED_EDGE ( 'NONE', *, *, #2651, .F. ) ;
#1544 = DIRECTION ( 'NONE',  ( -0.000000000000000000, -3.885780586188046905E-16, 1.000000000000000000 ) ) ;
#1545 = CARTESIAN_POINT ( 'NONE',  ( -4.266578654407219950, 2.146398552000186033, -2.120899999999998453 ) ) ;
#1546 =( GEOMETRIC_REPRESENTATION_CONTEXT ( 3 ) GLOBAL_UNCERTAINTY_ASSIGNED_CONTEXT ( ( #2987 ) ) GLOBAL_UNIT_ASSIGNED_CONTEXT ( ( #1480, #2397, #1782 ) ) REPRESENTATION_CONTEXT ( 'NONE', 'WORKASPACE' ) );
#1547 = VERTEX_POINT ( 'NONE', #733 ) ;
#1548 = FILL_AREA_STYLE_COLOUR ( '', #1600 ) ;
#1550 = VECTOR ( 'NONE', #166, 1000.000000000000000 ) ;
#1549 =( NAMED_UNIT ( * ) PLANE_ANGLE_UNIT ( ) SI_UNIT ( $, .RADIAN. ) );
#1551 = EDGE_CURVE ( 'NONE', #4009, #1797, #3116, .T. ) ;
#1552 = CARTESIAN_POINT ( 'NONE',  ( -7.175499999999991552, 0.4943139327224014834, 1.282700000000000395 ) ) ;
#1553 = SURFACE_STYLE_USAGE ( .BOTH. , #195 ) ;
#1554 = DIRECTION ( 'NONE',  ( 0.000000000000000000, -1.000000000000000000, 0.000000000000000000 ) ) ;
#1555 = DIRECTION ( 'NONE',  ( 0.05233595624294409138, -0.9986295347545739443, -1.665334536937734564E-16 ) ) ;
#1556 = UNCERTAINTY_MEASURE_WITH_UNIT (LENGTH_MEASURE( 1.000000000000000082E-05 ), #3017, 'distance_accuracy_value', 'NONE');
#1557 = MECHANICAL_DESIGN_GEOMETRIC_PRESENTATION_REPRESENTATION (  '', ( #2895 ), #4051 ) ;
#1558 = ORIENTED_EDGE ( 'NONE', *, *, #4147, .F. ) ;
#1559 = FACE_OUTER_BOUND ( 'NONE', #3422, .T. ) ;
#1560 = CARTESIAN_POINT ( 'NONE',  ( -5.838353819507971387, 0.6772927841693270334, -3.822699999999998433 ) ) ;
#1561 = MECHANICAL_DESIGN_GEOMETRIC_PRESENTATION_REPRESENTATION (  '', ( #3490 ), #3273 ) ;
#1562 = ORIENTED_EDGE ( 'NONE', *, *, #992, .F. ) ;
#1563 = PRESENTATION_STYLE_ASSIGNMENT (( #1185 ) ) ;
#1564 = PRESENTATION_LAYER_ASSIGNMENT (  '', '', ( #3840 ) ) ;
#1565 = EDGE_LOOP ( 'NONE', ( #3684, #3536, #2586, #2030 ) ) ;
#1566 = CARTESIAN_POINT ( 'NONE',  ( -4.266578654407219950, 3.555999999999963190, -2.984499999999997044 ) ) ;
#1567 = STYLED_ITEM ( 'NONE', ( #479 ), #2016 ) ;
#1568 = DIRECTION ( 'NONE',  ( -3.362406479023549411E-17, 1.000000000000000000, 3.885780586188046905E-16 ) ) ;
#1569 = VERTEX_POINT ( 'NONE', #1082 ) ;
#1570 = STYLED_ITEM ( 'NONE', ( #3252 ), #2405 ) ;
#1571 = VECTOR ( 'NONE', #625, 1000.000000000000000 ) ;
#1572 = LINE ( 'NONE', #2872, #263 ) ;
#1573 = VECTOR ( 'NONE', #499, 1000.000000000000000 ) ;
#1574 =( LENGTH_UNIT ( ) NAMED_UNIT ( * ) SI_UNIT ( .MILLI., .METRE. ) );
#1575 = EDGE_CURVE ( 'NONE', #1825, #3540, #114, .T. ) ;
#1576 = EDGE_CURVE ( 'NONE', #2808, #88, #79, .T. ) ;
#1577 = DIRECTION ( 'NONE',  ( 0.05233595624294409138, -0.9986295347545739443, -1.665334536937734564E-16 ) ) ;
#1578 = SURFACE_STYLE_USAGE ( .BOTH. , #2226 ) ;
#1579 = ORIENTED_EDGE ( 'NONE', *, *, #1250, .T. ) ;
#1580 = LINE ( 'NONE', #2882, #17 ) ;
#1581 = UNCERTAINTY_MEASURE_WITH_UNIT (LENGTH_MEASURE( 1.000000000000000082E-05 ), #3181, 'distance_accuracy_value', 'NONE');
#1582 = SURFACE_STYLE_FILL_AREA ( #2547 ) ;
#1583 = ORIENTED_EDGE ( 'NONE', *, *, #603, .F. ) ;
#1584 = CARTESIAN_POINT ( 'NONE',  ( 0.8254999999999990123, -4.551631395863430460E-16, -2.540000000000000480 ) ) ;
#1585 = CARTESIAN_POINT ( 'NONE',  ( -5.668458158185818441, 2.293742025179458910, 3.822700000000001541 ) ) ;
#1586 = CARTESIAN_POINT ( 'NONE',  ( -5.194299999999998363, 0.6095999999999995866, -2.120899999999998453 ) ) ;
#1587 = CARTESIAN_POINT ( 'NONE',  ( -2.730500000000001926, 2.908398552000186488, -2.984499999999997488 ) ) ;
#1588 = UNCERTAINTY_MEASURE_WITH_UNIT (LENGTH_MEASURE( 1.000000000000000082E-05 ), #3767, 'distance_accuracy_value', 'NONE');
#1589 =( NAMED_UNIT ( * ) PLANE_ANGLE_UNIT ( ) SI_UNIT ( $, .RADIAN. ) );
#1590 =( NAMED_UNIT ( * ) PLANE_ANGLE_UNIT ( ) SI_UNIT ( $, .RADIAN. ) );
#1591 = CARTESIAN_POINT ( 'NONE',  ( -5.668458158185817553, 2.293742025179462463, -3.822699999999998433 ) ) ;
#1592 = CARTESIAN_POINT ( 'NONE',  ( -5.668458158185817553, 2.293742025179460686, 1.282700000000001062 ) ) ;
#1593 = EDGE_CURVE ( 'NONE', #37, #858, #1750, .T. ) ;
#1594 = EDGE_CURVE ( 'NONE', #3929, #1464, #2150, .T. ) ;
#1595 = UNCERTAINTY_MEASURE_WITH_UNIT (LENGTH_MEASURE( 1.000000000000000082E-05 ), #3623, 'distance_accuracy_value', 'NONE');
#1596 = VERTEX_POINT ( 'NONE', #2395 ) ;
#1597 = SURFACE_STYLE_USAGE ( .BOTH. , #3657 ) ;
#1598 = VECTOR ( 'NONE', #2450, 1000.000000000000000 ) ;
#1599 = EDGE_CURVE ( 'NONE', #3919, #3890, #1411, .T. ) ;
#1600 = COLOUR_RGB ( '',0.8431372549019607865, 0.8431372549019607865, 0.8431372549019607865 ) ;
#1601 = VERTEX_POINT ( 'NONE', #409 ) ;
#1602 = SURFACE_STYLE_FILL_AREA ( #3304 ) ;
#1603 = AXIS2_PLACEMENT_3D ( 'NONE', #2766, #4208, #783 ) ;
#1604 = MECHANICAL_DESIGN_GEOMETRIC_PRESENTATION_REPRESENTATION (  '', ( #3243 ), #3810 ) ;
#1605 = LINE ( 'NONE', #2595, #2519 ) ;
#1606 = AXIS2_PLACEMENT_3D ( 'NONE', #192, #171, #1895 ) ;
#1607 = EDGE_LOOP ( 'NONE', ( #1653, #2309, #2932, #4164 ) ) ;
#1608 = FILL_AREA_STYLE ('',( #2642 ) ) ;
#1609 = EDGE_LOOP ( 'NONE', ( #1287, #653, #1163, #1028 ) ) ;
#1610 = SURFACE_STYLE_USAGE ( .BOTH. , #1374 ) ;
#1611 = DIRECTION ( 'NONE',  ( -1.000000000000000000, -3.362406479023549411E-17, -1.306557381906261354E-32 ) ) ;
#1612 = SURFACE_STYLE_FILL_AREA ( #3310 ) ;
#1613 = CARTESIAN_POINT ( 'NONE',  ( -5.024404338677844528, 2.226049241010136015, 2.984500000000001929 ) ) ;
#1614 = CARTESIAN_POINT ( 'NONE',  ( 6.884384154850322624, -2.646935015598508063E-15, 5.080000000000000959 ) ) ;
#1615 = CARTESIAN_POINT ( 'NONE',  ( -0.9453947025818488781, 4.521199999999998553, -2.649365367200656962 ) ) ;
#1616 = AXIS2_PLACEMENT_3D ( 'NONE', #3031, #286, #1941 ) ;
#1617 = FILL_AREA_STYLE ('',( #990 ) ) ;
#1618 = CARTESIAN_POINT ( 'NONE',  ( -5.194299999999997475, 0.6095999999999992536, 0.4191000000000018044 ) ) ;
#1619 = AXIS2_PLACEMENT_3D ( 'NONE', #3213, #4146, #3144 ) ;
#1620 = DIRECTION ( 'NONE',  ( 3.362406479023548795E-17, -1.000000000000000000, 0.000000000000000000 ) ) ;
#1621 = VERTEX_POINT ( 'NONE', #1099 ) ;
#1622 = CARTESIAN_POINT ( 'NONE',  ( -2.730500000000001481, 2.908398552000186488, -3.822699999999998433 ) ) ;
#1623 = EDGE_LOOP ( 'NONE', ( #3830, #830, #995, #1763 ) ) ;
#1624 = FACE_OUTER_BOUND ( 'NONE', #2936, .T. ) ;
#1625 = ADVANCED_FACE ( 'NONE', ( #2117 ), #430, .F. ) ;
#1626 = EDGE_CURVE ( 'NONE', #98, #2092, #3301, .T. ) ;
#1627 = PRESENTATION_LAYER_ASSIGNMENT (  '', '', ( #3200 ) ) ;
#1628 = AXIS2_PLACEMENT_3D ( 'NONE', #970, #26, #4010 ) ;
#1629 = CARTESIAN_POINT ( 'NONE',  ( 6.884384154850322624, 1.320799999999996865, 5.080000000000000959 ) ) ;
#1630 = EDGE_LOOP ( 'NONE', ( #1988, #3122, #3731, #708 ) ) ;
#1631 = PRESENTATION_LAYER_ASSIGNMENT (  '', '', ( #1428 ) ) ;
#1632 = UNCERTAINTY_MEASURE_WITH_UNIT (LENGTH_MEASURE( 1.000000000000000082E-05 ), #3850, 'distance_accuracy_value', 'NONE');
#1633 = LINE ( 'NONE', #2333, #2041 ) ;
#1634 = VECTOR ( 'NONE', #3887, 1000.000000000000000 ) ;
#1635 = CARTESIAN_POINT ( 'NONE',  ( -5.971277244371143489, 0.6912635990884603565, 2.120900000000002006 ) ) ;
#1636 = MECHANICAL_DESIGN_GEOMETRIC_PRESENTATION_REPRESENTATION (  '', ( #1074 ), #294 ) ;
#1637 = MECHANICAL_DESIGN_GEOMETRIC_PRESENTATION_REPRESENTATION (  '', ( #3573 ), #78 ) ;
#1638 = STYLED_ITEM ( 'NONE', ( #1465 ), #1261 ) ;
#1639 = LINE ( 'NONE', #2992, #1751 ) ;
#1640 = STYLED_ITEM ( 'NONE', ( #1306 ), #1734 ) ;
#1641 = LINE ( 'NONE', #2629, #2449 ) ;
#1642 = CARTESIAN_POINT ( 'NONE',  ( -4.266578654407220839, 3.555999999999960970, 3.822700000000002429 ) ) ;
#1643 = CARTESIAN_POINT ( 'NONE',  ( -2.730500000000001926, 2.908398552000185600, -2.120899999999998453 ) ) ;
#1644 = ORIENTED_EDGE ( 'NONE', *, *, #2840, .T. ) ;
#1645 = DIRECTION ( 'NONE',  ( 8.715687545503703074E-18, -1.663052253832853828E-16, 1.000000000000000000 ) ) ;
#1646 =( NAMED_UNIT ( * ) PLANE_ANGLE_UNIT ( ) SI_UNIT ( $, .RADIAN. ) );
#1647 = ORIENTED_EDGE ( 'NONE', *, *, #303, .F. ) ;
#1648 = DIRECTION ( 'NONE',  ( 0.1045284632676539288, 0.9945218953682734009, 0.000000000000000000 ) ) ;
#1649 =( LENGTH_UNIT ( ) NAMED_UNIT ( * ) SI_UNIT ( .MILLI., .METRE. ) );
#1650 = DIRECTION ( 'NONE',  ( 0.000000000000000000, 3.885780586188046905E-16, -1.000000000000000000 ) ) ;
#1651 = EDGE_CURVE ( 'NONE', #4080, #3159, #1869, .T. ) ;
#1652 = EDGE_CURVE ( 'NONE', #4329, #858, #3615, .T. ) ;
#1653 = ORIENTED_EDGE ( 'NONE', *, *, #543, .T. ) ;
#1654 = UNCERTAINTY_MEASURE_WITH_UNIT (LENGTH_MEASURE( 1.000000000000000082E-05 ), #3642, 'distance_accuracy_value', 'NONE');
#1655 = CARTESIAN_POINT ( 'NONE',  ( -2.730500000000001481, 3.555999999999965411, -2.120899999999998453 ) ) ;
#1656 = LINE ( 'NONE', #894, #509 ) ;
#1657 = FACE_OUTER_BOUND ( 'NONE', #3735, .T. ) ;
#1658 = DIRECTION ( 'NONE',  ( -1.059358394363802552E-16, -3.885780586188047891E-16, 1.000000000000000000 ) ) ;
#1659 = DIRECTION ( 'NONE',  ( 0.9925461516413224272, 0.1218693434051442842, 3.469446951953614189E-17 ) ) ;
#1660 = CYLINDRICAL_SURFACE ( 'NONE', #3302, 0.7619999999999996776 ) ;
#1661 = EDGE_CURVE ( 'NONE', #3080, #2506, #564, .T. ) ;
#1662 = EDGE_LOOP ( 'NONE', ( #4236, #2984, #1096, #2512 ) ) ;
#1663 = LINE ( 'NONE', #3734, #3123 ) ;
#1664 = ORIENTED_EDGE ( 'NONE', *, *, #2124, .F. ) ;
#1665 = CARTESIAN_POINT ( 'NONE',  ( -1.023219521838761309E-16, -7.072120666862174558E-17, -2.540000000000000480 ) ) ;
#1666 = CARTESIAN_POINT ( 'NONE',  ( 5.905499999999999083, -8.591425609416516527E-16, 3.469446951953614189E-15 ) ) ;
#1667 = ORIENTED_EDGE ( 'NONE', *, *, #755, .T. ) ;
#1668 = COLOUR_RGB ( '',0.8431372549019607865, 0.8431372549019607865, 0.8431372549019607865 ) ;
#1669 = EDGE_LOOP ( 'NONE', ( #3699, #912, #483, #641 ) ) ;
#1670 = AXIS2_PLACEMENT_3D ( 'NONE', #988, #3385, #2994 ) ;
#1671 = VECTOR ( 'NONE', #3695, 1000.000000000000000 ) ;
#1672 = LINE ( 'NONE', #3650, #4094 ) ;
#1673 = MECHANICAL_DESIGN_GEOMETRIC_PRESENTATION_REPRESENTATION (  '', ( #1123 ), #3253 ) ;
#1674 = DIRECTION ( 'NONE',  ( 1.000000000000000000, -4.116434282634202676E-32, 1.059358394363801936E-16 ) ) ;
#1675 = DIRECTION ( 'NONE',  ( 1.059358394363802552E-16, 3.885780586188047891E-16, -1.000000000000000000 ) ) ;
#1676 = ADVANCED_FACE ( 'NONE', ( #1231 ), #4297, .T. ) ;
#1677 = FACE_OUTER_BOUND ( 'NONE', #1966, .T. ) ;
#1678 = DIRECTION ( 'NONE',  ( -1.059358394363802552E-16, -3.885780586188047891E-16, 1.000000000000000000 ) ) ;
#1679 = FILL_AREA_STYLE_COLOUR ( '', #4058 ) ;
#1680 = EDGE_LOOP ( 'NONE', ( #867, #1349, #2998, #2036 ) ) ;
#1681 = DIRECTION ( 'NONE',  ( 1.000000000000000000, -4.116434282634202676E-32, 1.059358394363801936E-16 ) ) ;
#1682 =( GEOMETRIC_REPRESENTATION_CONTEXT ( 3 ) GLOBAL_UNCERTAINTY_ASSIGNED_CONTEXT ( ( #4274 ) ) GLOBAL_UNIT_ASSIGNED_CONTEXT ( ( #1282, #3326, #3260 ) ) REPRESENTATION_CONTEXT ( 'NONE', 'WORKASPACE' ) );
#1683 = EDGE_CURVE ( 'NONE', #3107, #3457, #3640, .T. ) ;
#1684 = CARTESIAN_POINT ( 'NONE',  ( -2.730500000000000149, 2.908398552000176718, 5.029233714437697955 ) ) ;
#1685 = CARTESIAN_POINT ( 'NONE',  ( -7.141607158954611734, -0.1524000000000012567, 1.282700000000001284 ) ) ;
#1686 = MECHANICAL_DESIGN_GEOMETRIC_PRESENTATION_REPRESENTATION (  '', ( #2243 ), #4188 ) ;
#1687 = ORIENTED_EDGE ( 'NONE', *, *, #3917, .F. ) ;
#1688 = COLOUR_RGB ( '',0.8431372549019607865, 0.8431372549019607865, 0.8431372549019607865 ) ;
#1689 = SURFACE_STYLE_FILL_AREA ( #344 ) ;
#1690 = ORIENTED_EDGE ( 'NONE', *, *, #30, .F. ) ;
#1691 = STYLED_ITEM ( 'NONE', ( #2422 ), #522 ) ;
#1692 = CYLINDRICAL_SURFACE ( 'NONE', #256, 0.7812570522476320889 ) ;
#1693 = VECTOR ( 'NONE', #126, 1000.000000000000227 ) ;
#1694 =( GEOMETRIC_REPRESENTATION_CONTEXT ( 3 ) GLOBAL_UNCERTAINTY_ASSIGNED_CONTEXT ( ( #2962 ) ) GLOBAL_UNIT_ASSIGNED_CONTEXT ( ( #2347, #654, #720 ) ) REPRESENTATION_CONTEXT ( 'NONE', 'WORKASPACE' ) );
#1695 = CARTESIAN_POINT ( 'NONE',  ( -7.175499999999998657, 0.4943139327224029267, -2.984499999999998376 ) ) ;
#1696 = CARTESIAN_POINT ( 'NONE',  ( 5.905499999999999083, 1.577100352528190994E-15, -5.079999999999991189 ) ) ;
#1697 = VECTOR ( 'NONE', #2221, 1000.000000000000114 ) ;
#1698 = PRESENTATION_LAYER_ASSIGNMENT (  '', '', ( #1147 ) ) ;
#1699 = DIRECTION ( 'NONE',  ( 0.000000000000000000, -1.000000000000000000, -3.076620484531956004E-16 ) ) ;
#1700 = SURFACE_SIDE_STYLE ('',( #4183 ) ) ;
#1701 = ORIENTED_EDGE ( 'NONE', *, *, #164, .F. ) ;
#1702 = VECTOR ( 'NONE', #193, 1000.000000000000000 ) ;
#1703 = CARTESIAN_POINT ( 'NONE',  ( -4.266578654407220839, 2.908398552000183823, 2.984500000000002817 ) ) ;
#1704 = EDGE_CURVE ( 'NONE', #885, #2209, #839, .T. ) ;
#1705 = EDGE_CURVE ( 'NONE', #119, #1731, #2193, .T. ) ;
#1706 = SURFACE_STYLE_FILL_AREA ( #2947 ) ;
#1707 = CARTESIAN_POINT ( 'NONE',  ( -5.971277244371142601, 0.6912635990884634651, -2.984500000000001041 ) ) ;
#1708 =( GEOMETRIC_REPRESENTATION_CONTEXT ( 3 ) GLOBAL_UNCERTAINTY_ASSIGNED_CONTEXT ( ( #622 ) ) GLOBAL_UNIT_ASSIGNED_CONTEXT ( ( #3874, #1840, #2791 ) ) REPRESENTATION_CONTEXT ( 'NONE', 'WORKASPACE' ) );
#1709 = VECTOR ( 'NONE', #1712, 1000.000000000000000 ) ;
#1710 = CARTESIAN_POINT ( 'NONE',  ( -1.023219521838761309E-16, -1.057709475560387341E-15, 3.469446951953614189E-15 ) ) ;
#1711 = VECTOR ( 'NONE', #227, 1000.000000000000114 ) ;
#1712 = DIRECTION ( 'NONE',  ( 0.000000000000000000, -1.000000000000000000, -3.885780586188046905E-16 ) ) ;
#1713 = VERTEX_POINT ( 'NONE', #996 ) ;
#1714 = PRESENTATION_STYLE_ASSIGNMENT (( #707 ) ) ;
#1715 = ORIENTED_EDGE ( 'NONE', *, *, #3237, .T. ) ;
#1716 = EDGE_CURVE ( 'NONE', #4318, #1962, #638, .T. ) ;
#1717 = CARTESIAN_POINT ( 'NONE',  ( -5.024404338677844528, 2.226049241010135571, 3.822700000000001541 ) ) ;
#1718 = DIRECTION ( 'NONE',  ( 1.059358394363802552E-16, 3.885780586188047891E-16, -1.000000000000000000 ) ) ;
#1719 =( NAMED_UNIT ( * ) SI_UNIT ( $, .STERADIAN. ) SOLID_ANGLE_UNIT ( ) );
#1720 = CARTESIAN_POINT ( 'NONE',  ( -7.141607158954611734, -0.1524000000000010902, -0.4190999999999985848 ) ) ;
#1721 = PLANE ( 'NONE',  #3700 ) ;
#1722 = DIRECTION ( 'NONE',  ( 1.059358394363802552E-16, 3.885780586188047891E-16, -1.000000000000000000 ) ) ;
#1723 = VERTEX_POINT ( 'NONE', #3021 ) ;
#1724 = CARTESIAN_POINT ( 'NONE',  ( -7.141607158954611734, -0.1523999999999998134, -2.120899999999998453 ) ) ;
#1725 = SURFACE_STYLE_USAGE ( .BOTH. , #380 ) ;
#1726 = EDGE_CURVE ( 'NONE', #2892, #2784, #2680, .T. ) ;
#1727 = EDGE_CURVE ( 'NONE', #2655, #3660, #1328, .T. ) ;
#1728 = VECTOR ( 'NONE', #2363, 1000.000000000000000 ) ;
#1729 = CARTESIAN_POINT ( 'NONE',  ( -4.266578654407219950, 2.146398552000185145, -0.4190999999999985848 ) ) ;
#1730 = CARTESIAN_POINT ( 'NONE',  ( 5.905499999999987537, 1.320799999999998198, 3.469446951953614189E-15 ) ) ;
#1731 = VERTEX_POINT ( 'NONE', #246 ) ;
#1732 = SURFACE_STYLE_FILL_AREA ( #2352 ) ;
#1733 = FACE_OUTER_BOUND ( 'NONE', #4190, .T. ) ;
#1734 = ADVANCED_FACE ( 'NONE', ( #659 ), #3990, .F. ) ;
#1735 = ORIENTED_EDGE ( 'NONE', *, *, #1367, .T. ) ;
#1736 = STYLED_ITEM ( 'NONE', ( #3952 ), #853 ) ;
#1737 = CARTESIAN_POINT ( 'NONE',  ( -4.266578654407219950, 3.555999999999966299, -2.120899999999998453 ) ) ;
#1738 = PRESENTATION_LAYER_ASSIGNMENT (  '', '', ( #4169 ) ) ;
#1739 = DIRECTION ( 'NONE',  ( 0.000000000000000000, 3.885780586188046905E-16, -1.000000000000000000 ) ) ;
#1740 = FILL_AREA_STYLE_COLOUR ( '', #1269 ) ;
#1741 = COLOUR_RGB ( '',0.8431372549019607865, 0.8431372549019607865, 0.8431372549019607865 ) ;
#1742 = DIRECTION ( 'NONE',  ( -1.059358394363801936E-16, -3.885780586188046905E-16, 1.000000000000000000 ) ) ;
#1743 =( LENGTH_UNIT ( ) NAMED_UNIT ( * ) SI_UNIT ( .MILLI., .METRE. ) );
#1744 = CARTESIAN_POINT ( 'NONE',  ( -2.578077290619663398, 2.322724607668290421E-15, 3.469446951953614189E-15 ) ) ;
#1745 = SURFACE_SIDE_STYLE ('',( #398 ) ) ;
#1746 = AXIS2_PLACEMENT_3D ( 'NONE', #1355, #1964, #1938 ) ;
#1747 = CARTESIAN_POINT ( 'NONE',  ( 0.8254999999999994564, -8.781028732844741341E-16, -2.540000000000000480 ) ) ;
#1748 = CARTESIAN_POINT ( 'NONE',  ( -4.266578654407219950, 2.146398552000185145, -0.4190999999999985848 ) ) ;
#1749 = VERTEX_POINT ( 'NONE', #1953 ) ;
#1750 = LINE ( 'NONE', #476, #3707 ) ;
#1751 = VECTOR ( 'NONE', #1319, 1000.000000000000000 ) ;
#1752 = VERTEX_POINT ( 'NONE', #1684 ) ;
#1753 = EDGE_CURVE ( 'NONE', #4213, #2396, #3044, .T. ) ;
#1754 = ADVANCED_FACE ( 'NONE', ( #11 ), #315, .F. ) ;
#1756 = MECHANICAL_DESIGN_GEOMETRIC_PRESENTATION_REPRESENTATION (  '', ( #4044 ), #2390 ) ;
#1755 = FILL_AREA_STYLE_COLOUR ( '', #2591 ) ;
#1757 = VERTEX_POINT ( 'NONE', #2050 ) ;
#1758 = CARTESIAN_POINT ( 'NONE',  ( -5.838353819507971387, 0.6772927841693278106, -0.4190999999999985848 ) ) ;
#1759 = DIRECTION ( 'NONE',  ( -1.059358394363802799E-16, 0.000000000000000000, 1.000000000000000000 ) ) ;
#1760 =( LENGTH_UNIT ( ) NAMED_UNIT ( * ) SI_UNIT ( .MILLI., .METRE. ) );
#1761 = VECTOR ( 'NONE', #2937, 1000.000000000000000 ) ;
#1762 =( NAMED_UNIT ( * ) SI_UNIT ( $, .STERADIAN. ) SOLID_ANGLE_UNIT ( ) );
#1763 = ORIENTED_EDGE ( 'NONE', *, *, #2934, .F. ) ;
#1764 = FILL_AREA_STYLE_COLOUR ( '', #1439 ) ;
#1765 = ORIENTED_EDGE ( 'NONE', *, *, #3940, .T. ) ;
#1766 = COLOUR_RGB ( '',0.8431372549019607865, 0.8431372549019607865, 0.8431372549019607865 ) ;
#1767 = COLOUR_RGB ( '',0.8431372549019607865, 0.8431372549019607865, 0.8431372549019607865 ) ;
#1768 = PRESENTATION_STYLE_ASSIGNMENT (( #4389 ) ) ;
#1769 = AXIS2_PLACEMENT_3D ( 'NONE', #4046, #2751, #690 ) ;
#1770 =( NAMED_UNIT ( * ) PLANE_ANGLE_UNIT ( ) SI_UNIT ( $, .RADIAN. ) );
#1771 = FACE_OUTER_BOUND ( 'NONE', #3119, .T. ) ;
#1772 = ORIENTED_EDGE ( 'NONE', *, *, #1594, .F. ) ;
#1773 = CARTESIAN_POINT ( 'NONE',  ( -5.668458158185817553, 2.293742025179460686, 1.282700000000001728 ) ) ;
#1774 = COLOUR_RGB ( '',0.8431372549019607865, 0.8431372549019607865, 0.8431372549019607865 ) ;
#1775 = CARTESIAN_POINT ( 'NONE',  ( -7.175499999999998657, 0.4943139327224029267, -1.282699999999998619 ) ) ;
#1776 = PRESENTATION_LAYER_ASSIGNMENT (  '', '', ( #3136 ) ) ;
#1777 = VECTOR ( 'NONE', #2012, 1000.000000000000000 ) ;
#1778 = FILL_AREA_STYLE_COLOUR ( '', #1297 ) ;
#1779 = PRESENTATION_LAYER_ASSIGNMENT (  '', '', ( #663 ) ) ;
#1780 = ORIENTED_EDGE ( 'NONE', *, *, #1946, .F. ) ;
#1781 = DIRECTION ( 'NONE',  ( -1.000000000000000000, 4.116434282634202676E-32, -1.059358394363801936E-16 ) ) ;
#1782 =( NAMED_UNIT ( * ) SI_UNIT ( $, .STERADIAN. ) SOLID_ANGLE_UNIT ( ) );
#1783 = ORIENTED_EDGE ( 'NONE', *, *, #1015, .F. ) ;
#1784 = ADVANCED_FACE ( 'NONE', ( #1346 ), #3659, .F. ) ;
#1785 = EDGE_CURVE ( 'NONE', #1094, #3628, #2077, .T. ) ;
#1786 = SURFACE_STYLE_USAGE ( .BOTH. , #3400 ) ;
#1787 =( NAMED_UNIT ( * ) PLANE_ANGLE_UNIT ( ) SI_UNIT ( $, .RADIAN. ) );
#1788 = LINE ( 'NONE', #3224, #1296 ) ;
#1789 = CARTESIAN_POINT ( 'NONE',  ( -2.730500000000001926, 3.555999999999962302, 3.822700000000001985 ) ) ;
#1790 = DIRECTION ( 'NONE',  ( -1.059358394363802552E-16, -3.885780586188047891E-16, 1.000000000000000000 ) ) ;
#1791 = SURFACE_STYLE_FILL_AREA ( #2130 ) ;
#1792 =( NAMED_UNIT ( * ) SI_UNIT ( $, .STERADIAN. ) SOLID_ANGLE_UNIT ( ) );
#1793 = FILL_AREA_STYLE_COLOUR ( '', #157 ) ;
#1794 = ORIENTED_EDGE ( 'NONE', *, *, #2306, .T. ) ;
#1795 = CARTESIAN_POINT ( 'NONE',  ( -5.971277244371143489, 0.6912635990884594683, 3.822700000000001097 ) ) ;
#1796 = CARTESIAN_POINT ( 'NONE',  ( -2.730500000000001926, 2.146398552000183368, 2.984500000000002817 ) ) ;
#1797 = VERTEX_POINT ( 'NONE', #785 ) ;
#1798 = CARTESIAN_POINT ( 'NONE',  ( -2.730500000000001926, 3.555999999999963634, -0.4190999999999985848 ) ) ;
#1799 = UNCERTAINTY_MEASURE_WITH_UNIT (LENGTH_MEASURE( 1.000000000000000082E-05 ), #2850, 'distance_accuracy_value', 'NONE');
#1800 = ORIENTED_EDGE ( 'NONE', *, *, #2291, .F. ) ;
#1801 = SURFACE_STYLE_FILL_AREA ( #1217 ) ;
#1802 = ORIENTED_EDGE ( 'NONE', *, *, #383, .T. ) ;
#1803 = FILL_AREA_STYLE ('',( #3843 ) ) ;
#1804 = AXIS2_PLACEMENT_3D ( 'NONE', #554, #3272, #127 ) ;
#1805 = CARTESIAN_POINT ( 'NONE',  ( 5.496946652051673432, 4.648199999999996557, 4.998865367200660437 ) ) ;
#1806 = ORIENTED_EDGE ( 'NONE', *, *, #357, .F. ) ;
#1807 = AXIS2_PLACEMENT_3D ( 'NONE', #2157, #3544, #4352 ) ;
#1808 = VECTOR ( 'NONE', #2832, 1000.000000000000114 ) ;
#1809 = ADVANCED_FACE ( 'NONE', ( #1053 ), #426, .F. ) ;
#1810 = ADVANCED_FACE ( 'NONE', ( #4144 ), #402, .F. ) ;
#1811 = FACE_OUTER_BOUND ( 'NONE', #1451, .T. ) ;
#1812 = DIRECTION ( 'NONE',  ( 0.9986295347545740553, 0.05233595624294259951, 1.144917494144692682E-16 ) ) ;
#1813 = AXIS2_PLACEMENT_3D ( 'NONE', #3621, #549, #528 ) ;
#1814 = ORIENTED_EDGE ( 'NONE', *, *, #133, .F. ) ;
#1815 = CARTESIAN_POINT ( 'NONE',  ( -2.596394702581849678, 4.648199999999996557, 4.998865367200660437 ) ) ;
#1816 =( GEOMETRIC_REPRESENTATION_CONTEXT ( 3 ) GLOBAL_UNCERTAINTY_ASSIGNED_CONTEXT ( ( #3357 ) ) GLOBAL_UNIT_ASSIGNED_CONTEXT ( ( #3358, #598, #623 ) ) REPRESENTATION_CONTEXT ( 'NONE', 'WORKASPACE' ) );
#1817 = DIRECTION ( 'NONE',  ( 1.000000000000000000, 3.362406479023549411E-17, 1.306557381906261354E-32 ) ) ;
#1818 = DIRECTION ( 'NONE',  ( -0.000000000000000000, 1.000000000000000000, 3.885780586188046905E-16 ) ) ;
#1819 = ORIENTED_EDGE ( 'NONE', *, *, #602, .T. ) ;
#1820 =( NAMED_UNIT ( * ) PLANE_ANGLE_UNIT ( ) SI_UNIT ( $, .RADIAN. ) );
#1821 =( LENGTH_UNIT ( ) NAMED_UNIT ( * ) SI_UNIT ( .MILLI., .METRE. ) );
#1822 = CIRCLE ( 'NONE', #2240, 0.7619999999999996776 ) ;
#1823 = ORIENTED_EDGE ( 'NONE', *, *, #418, .F. ) ;
#1824 = CARTESIAN_POINT ( 'NONE',  ( -5.668458158185818441, 2.293742025179458910, 2.120900000000002006 ) ) ;
#1825 = VERTEX_POINT ( 'NONE', #4100 ) ;
#1826 = LINE ( 'NONE', #1622, #2944 ) ;
#1827 = VECTOR ( 'NONE', #4084, 1000.000000000000000 ) ;
#1828 = FILL_AREA_STYLE_COLOUR ( '', #3324 ) ;
#1829 = ORIENTED_EDGE ( 'NONE', *, *, #4226, .F. ) ;
#1830 = VECTOR ( 'NONE', #4143, 1000.000000000000114 ) ;
#1831 = PRESENTATION_STYLE_ASSIGNMENT (( #1510 ) ) ;
#1832 = PLANE ( 'NONE',  #3802 ) ;
#1833 = PRESENTATION_LAYER_ASSIGNMENT (  '', '', ( #67 ) ) ;
#1834 = DIRECTION ( 'NONE',  ( 0.000000000000000000, -3.885780586188046905E-16, 1.000000000000000000 ) ) ;
#1835 = FACE_OUTER_BOUND ( 'NONE', #3193, .T. ) ;
#1836 = FILL_AREA_STYLE_COLOUR ( '', #1398 ) ;
#1837 = PRODUCT_DEFINITION ( 'UNKNOWN', '', #1125, #2636 ) ;
#1838 = EDGE_CURVE ( 'NONE', #4069, #3088, #3759, .T. ) ;
#1839 = VERTEX_POINT ( 'NONE', #3784 ) ;
#1840 =( NAMED_UNIT ( * ) PLANE_ANGLE_UNIT ( ) SI_UNIT ( $, .RADIAN. ) );
#1841 = CLOSED_SHELL ( 'NONE', ( #1809, #3776, #1754, #3745, #1494, #3658, #909, #408, #3294, #4085, #4099, #3803, #3246, #3653, #5, #1339, #3604 ) ) ;
#1842 = CARTESIAN_POINT ( 'NONE',  ( -0.9453947025818488781, 4.648200000000000109, -2.649365367200656962 ) ) ;
#1843 = VECTOR ( 'NONE', #3870, 1000.000000000000000 ) ;
#1844 = MECHANICAL_DESIGN_GEOMETRIC_PRESENTATION_REPRESENTATION (  '', ( #3769 ), #507 ) ;
#1845 = DIRECTION ( 'NONE',  ( 1.059358394363802552E-16, 3.885780586188047891E-16, -1.000000000000000000 ) ) ;
#1846 = PRESENTATION_LAYER_ASSIGNMENT (  '', '', ( #3573 ) ) ;
#1847 = ORIENTED_EDGE ( 'NONE', *, *, #2541, .F. ) ;
#1848 = CARTESIAN_POINT ( 'NONE',  ( -4.266578654407219950, 2.146398552000185589, -2.984500000000001041 ) ) ;
#1849 = PRESENTATION_LAYER_ASSIGNMENT (  '', '', ( #1999 ) ) ;
#1850 = DIRECTION ( 'NONE',  ( 0.000000000000000000, -1.000000000000000000, -3.885780586188046905E-16 ) ) ;
#1851 = VECTOR ( 'NONE', #814, 1000.000000000000000 ) ;
#1852 = MECHANICAL_DESIGN_GEOMETRIC_PRESENTATION_REPRESENTATION (  '', ( #2074 ), #364 ) ;
#1853 = ORIENTED_EDGE ( 'NONE', *, *, #2805, .F. ) ;
#1854 =( GEOMETRIC_REPRESENTATION_CONTEXT ( 3 ) GLOBAL_UNCERTAINTY_ASSIGNED_CONTEXT ( ( #4295 ) ) GLOBAL_UNIT_ASSIGNED_CONTEXT ( ( #2066, #2043, #3822 ) ) REPRESENTATION_CONTEXT ( 'NONE', 'WORKASPACE' ) );
#1855 = LINE ( 'NONE', #2867, #3351 ) ;
#1856 = VERTEX_POINT ( 'NONE', #725 ) ;
#1857 =( NAMED_UNIT ( * ) PLANE_ANGLE_UNIT ( ) SI_UNIT ( $, .RADIAN. ) );
#1858 = LINE ( 'NONE', #573, #2375 ) ;
#1859 = CARTESIAN_POINT ( 'NONE',  ( -7.175499999999991552, 0.4943139327224015944, 1.282700000000000395 ) ) ;
#1860 =( NAMED_UNIT ( * ) PLANE_ANGLE_UNIT ( ) SI_UNIT ( $, .RADIAN. ) );
#1861 = ORIENTED_EDGE ( 'NONE', *, *, #2212, .T. ) ;
#1862 = DIRECTION ( 'NONE',  ( -8.971146492195128762E-17, 9.429054915185306017E-18, 1.000000000000000000 ) ) ;
#1863 = CARTESIAN_POINT ( 'NONE',  ( -2.578077290619668727, -1.734527233076533579E-15, 5.079999999999992966 ) ) ;
#1864 = FILL_AREA_STYLE_COLOUR ( '', #1979 ) ;
#1865 = CARTESIAN_POINT ( 'NONE',  ( -5.971277244371143489, 0.6912635990884611337, -0.4190999999999982517 ) ) ;
#1866 = UNCERTAINTY_MEASURE_WITH_UNIT (LENGTH_MEASURE( 1.000000000000000082E-05 ), #3809, 'distance_accuracy_value', 'NONE');
#1867 = VERTEX_POINT ( 'NONE', #812 ) ;
#1868 = PLANE ( 'NONE',  #219 ) ;
#1869 = LINE ( 'NONE', #3942, #1573 ) ;
#1870 = ORIENTED_EDGE ( 'NONE', *, *, #3405, .T. ) ;
#1871 =( LENGTH_UNIT ( ) NAMED_UNIT ( * ) SI_UNIT ( .MILLI., .METRE. ) );
#1872 = SURFACE_STYLE_FILL_AREA ( #501 ) ;
#1873 = EDGE_CURVE ( 'NONE', #3740, #4348, #447, .T. ) ;
#1874 =( NAMED_UNIT ( * ) PLANE_ANGLE_UNIT ( ) SI_UNIT ( $, .RADIAN. ) );
#1875 = DIRECTION ( 'NONE',  ( 0.9986295347545739443, 0.05233595624294409138, 0.000000000000000000 ) ) ;
#1876 = ORIENTED_EDGE ( 'NONE', *, *, #1575, .T. ) ;
#1877 = SURFACE_SIDE_STYLE ('',( #2514 ) ) ;
#1878 = CARTESIAN_POINT ( 'NONE',  ( 6.884384154850322624, 1.320800000000000196, -5.079999999999997407 ) ) ;
#1879 = DIRECTION ( 'NONE',  ( 0.000000000000000000, -1.000000000000000000, -4.614930726797934007E-16 ) ) ;
#1880 = FILL_AREA_STYLE ('',( #4205 ) ) ;
#1881 = VECTOR ( 'NONE', #2802, 1000.000000000000114 ) ;
#1882 = CARTESIAN_POINT ( 'NONE',  ( 7.656740635491961612E-18, 1.320800000000000862, -5.079999999999997407 ) ) ;
#1883 = DIRECTION ( 'NONE',  ( 0.1736481776669302479, 0.000000000000000000, 0.9848077530122081313 ) ) ;
#1884 =( GEOMETRIC_REPRESENTATION_CONTEXT ( 3 ) GLOBAL_UNCERTAINTY_ASSIGNED_CONTEXT ( ( #893 ) ) GLOBAL_UNIT_ASSIGNED_CONTEXT ( ( #2429, #3154, #4185 ) ) REPRESENTATION_CONTEXT ( 'NONE', 'WORKASPACE' ) );
#1885 = PRESENTATION_LAYER_ASSIGNMENT (  '', '', ( #1254 ) ) ;
#1886 = ORIENTED_EDGE ( 'NONE', *, *, #1523, .T. ) ;
#1887 = DIRECTION ( 'NONE',  ( 3.362406479023557423E-17, -1.000000000000000000, -7.919985713188444150E-33 ) ) ;
#1888 = DIRECTION ( 'NONE',  ( 0.000000000000000000, -1.000000000000000000, 0.000000000000000000 ) ) ;
#1889 = CIRCLE ( 'NONE', #3816, 1.409601447999776047 ) ;
#1890 = ORIENTED_EDGE ( 'NONE', *, *, #1651, .F. ) ;
#1891 = CARTESIAN_POINT ( 'NONE',  ( -2.578077290619668727, 1.360453573579535635E-15, -5.079999999999992077 ) ) ;
#1892 = COLOUR_RGB ( '',0.8431372549019607865, 0.8431372549019607865, 0.8431372549019607865 ) ;
#1893 = EDGE_CURVE ( 'NONE', #1797, #2655, #3141, .T. ) ;
#1894 = EDGE_CURVE ( 'NONE', #2592, #3817, #4120, .T. ) ;
#1896 = VECTOR ( 'NONE', #2290, 1000.000000000000000 ) ;
#1895 = DIRECTION ( 'NONE',  ( 6.153240969063912009E-16, -1.000000000000000000, -3.076620484531956004E-16 ) ) ;
#1897 = UNCERTAINTY_MEASURE_WITH_UNIT (LENGTH_MEASURE( 1.000000000000000082E-05 ), #4267, 'distance_accuracy_value', 'NONE');
#1898 = SURFACE_STYLE_FILL_AREA ( #1939 ) ;
#1899 = SURFACE_STYLE_FILL_AREA ( #3225 ) ;
#1900 = DIRECTION ( 'NONE',  ( 0.9945218953682734009, -0.1045284632676539288, 9.020562075079400589E-17 ) ) ;
#1901 = CARTESIAN_POINT ( 'NONE',  ( -2.730500000000002370, 3.555999999999960526, 3.469446951953614189E-15 ) ) ;
#1902 = DIRECTION ( 'NONE',  ( 0.9986295347545739443, 0.05233595624294409138, 0.000000000000000000 ) ) ;
#1903 = PRESENTATION_LAYER_ASSIGNMENT (  '', '', ( #3412 ) ) ;
#1904 = VECTOR ( 'NONE', #2270, 1000.000000000000000 ) ;
#1905 = ORIENTED_EDGE ( 'NONE', *, *, #2700, .T. ) ;
#1906 = FACE_OUTER_BOUND ( 'NONE', #2913, .T. ) ;
#1907 = VECTOR ( 'NONE', #2918, 1000.000000000000000 ) ;
#1908 = SURFACE_SIDE_STYLE ('',( #2931 ) ) ;
#1909 = VERTEX_POINT ( 'NONE', #1095 ) ;
#1910 = PRESENTATION_STYLE_ASSIGNMENT (( #1213 ) ) ;
#1911 = CARTESIAN_POINT ( 'NONE',  ( -5.668458158185817553, 2.293742025179460686, -0.4190999999999985848 ) ) ;
#1912 = DIRECTION ( 'NONE',  ( -1.059358394363801936E-16, -3.885780586188046905E-16, 1.000000000000000000 ) ) ;
#1913 = STYLED_ITEM ( 'NONE', ( #1335 ), #281 ) ;
#1914 = ORIENTED_EDGE ( 'NONE', *, *, #1785, .T. ) ;
#1915 = LINE ( 'NONE', #1586, #1761 ) ;
#1916 = PRESENTATION_LAYER_ASSIGNMENT (  '', '', ( #3057 ) ) ;
#1917 = EDGE_CURVE ( 'NONE', #1752, #4149, #2434, .T. ) ;
#1918 = ADVANCED_FACE ( 'NONE', ( #1771 ), #763, .F. ) ;
#1919 = FILL_AREA_STYLE ('',( #2601 ) ) ;
#1920 = DIRECTION ( 'NONE',  ( -0.1045284632676532210, -0.9945218953682734009, -2.668225570433293567E-16 ) ) ;
#1921 =( NAMED_UNIT ( * ) SI_UNIT ( $, .STERADIAN. ) SOLID_ANGLE_UNIT ( ) );
#1922 = PRESENTATION_STYLE_ASSIGNMENT (( #2582 ) ) ;
#1923 = ADVANCED_FACE ( 'NONE', ( #1046 ), #3036, .F. ) ;
#1924 = PLANE ( 'NONE',  #3903 ) ;
#1925 = DIRECTION ( 'NONE',  ( -0.1045284632676540953, -0.9945218953682734009, 0.000000000000000000 ) ) ;
#1926 = PLANE ( 'NONE',  #2462 ) ;
#1927 = UNCERTAINTY_MEASURE_WITH_UNIT (LENGTH_MEASURE( 1.000000000000000082E-05 ), #1871, 'distance_accuracy_value', 'NONE');
#1928 = EDGE_LOOP ( 'NONE', ( #456, #1424, #1330, #4209 ) ) ;
#1929 = UNCERTAINTY_MEASURE_WITH_UNIT (LENGTH_MEASURE( 1.000000000000000082E-05 ), #3801, 'distance_accuracy_value', 'NONE');
#1930 =( NAMED_UNIT ( * ) PLANE_ANGLE_UNIT ( ) SI_UNIT ( $, .RADIAN. ) );
#1931 = EDGE_LOOP ( 'NONE', ( #336, #2523, #100, #390 ) ) ;
#1932 = PLANE ( 'NONE',  #3913 ) ;
#1933 = SURFACE_STYLE_USAGE ( .BOTH. , #955 ) ;
#1934 =( NAMED_UNIT ( * ) PLANE_ANGLE_UNIT ( ) SI_UNIT ( $, .RADIAN. ) );
#1935 = ORIENTED_EDGE ( 'NONE', *, *, #968, .T. ) ;
#1936 = CARTESIAN_POINT ( 'NONE',  ( -5.930389409470221196, -0.08892276752132152740, -0.4190999999999989178 ) ) ;
#1937 = VERTEX_POINT ( 'NONE', #354 ) ;
#1938 = DIRECTION ( 'NONE',  ( -0.9986295347545739443, -0.05233595624294421628, 0.000000000000000000 ) ) ;
#1939 = FILL_AREA_STYLE ('',( #2922 ) ) ;
#1940 = DIRECTION ( 'NONE',  ( -1.000000000000000000, -3.362406479023543248E-17, -1.059358394363802799E-16 ) ) ;
#1941 = DIRECTION ( 'NONE',  ( 0.000000000000000000, -3.885780586188046905E-16, 1.000000000000000000 ) ) ;
#1942 = LINE ( 'NONE', #557, #3045 ) ;
#1943 = FILL_AREA_STYLE_COLOUR ( '', #1741 ) ;
#1944 = ADVANCED_FACE ( 'NONE', ( #697 ), #2023, .F. ) ;
#1945 = CARTESIAN_POINT ( 'NONE',  ( -5.024404338677844528, 2.226049241010138235, -3.822699999999998433 ) ) ;
#1946 = EDGE_CURVE ( 'NONE', #1547, #4095, #3582, .T. ) ;
#1947 = ADVANCED_FACE ( 'NONE', ( #1677 ), #2863, .T. ) ;
#1948 = ORIENTED_EDGE ( 'NONE', *, *, #4086, .F. ) ;
#1949 = SURFACE_STYLE_USAGE ( .BOTH. , #1518 ) ;
#1950 =( LENGTH_UNIT ( ) NAMED_UNIT ( * ) SI_UNIT ( .MILLI., .METRE. ) );
#1951 = COLOUR_RGB ( '',0.8431372549019607865, 0.8431372549019607865, 0.8431372549019607865 ) ;
#1952 = EDGE_LOOP ( 'NONE', ( #1410, #2557, #1278, #1644 ) ) ;
#1953 = CARTESIAN_POINT ( 'NONE',  ( 0.8254999999999993454, 1.320799999999999530, -2.540000000000000480 ) ) ;
#1954 = SURFACE_STYLE_FILL_AREA ( #1803 ) ;
#1955 = VERTEX_POINT ( 'NONE', #2844 ) ;
#1956 = CARTESIAN_POINT ( 'NONE',  ( -0.9453947025818487671, 4.521200000000000330, -4.046365367200657204 ) ) ;
#1957 = VECTOR ( 'NONE', #2926, 1000.000000000000000 ) ;
#1958 = DIRECTION ( 'NONE',  ( 0.000000000000000000, 3.885780586188046905E-16, -1.000000000000000000 ) ) ;
#1959 = CARTESIAN_POINT ( 'NONE',  ( -2.730500000000001481, 2.908398552000185600, -2.120899999999998453 ) ) ;
#1960 = EDGE_LOOP ( 'NONE', ( #748, #4266, #4390, #3134, #3853, #739, #4093, #1667, #3522, #634, #161, #2156 ) ) ;
#1961 = SURFACE_SIDE_STYLE ('',( #2598 ) ) ;
#1962 = VERTEX_POINT ( 'NONE', #1188 ) ;
#1963 = UNCERTAINTY_MEASURE_WITH_UNIT (LENGTH_MEASURE( 1.000000000000000082E-05 ), #4181, 'distance_accuracy_value', 'NONE');
#1964 = DIRECTION ( 'NONE',  ( -0.05233595624294421628, 0.9986295347545739443, 1.665334536937734564E-16 ) ) ;
#1965 = FACE_OUTER_BOUND ( 'NONE', #27, .T. ) ;
#1966 = EDGE_LOOP ( 'NONE', ( #2686, #1018, #443, #3346 ) ) ;
#1967 = FILL_AREA_STYLE_COLOUR ( '', #3241 ) ;
#1968 =( NAMED_UNIT ( * ) SI_UNIT ( $, .STERADIAN. ) SOLID_ANGLE_UNIT ( ) );
#1969 = FACE_OUTER_BOUND ( 'NONE', #3743, .T. ) ;
#1970 = CARTESIAN_POINT ( 'NONE',  ( -4.266578654407219950, 3.555999999999964967, -2.984499999999997488 ) ) ;
#1971 = DIRECTION ( 'NONE',  ( 0.1736481776669302479, 0.000000000000000000, 0.9848077530122081313 ) ) ;
#1972 = ORIENTED_EDGE ( 'NONE', *, *, #2159, .T. ) ;
#1973 = CIRCLE ( 'NONE', #2323, 1.409601447999776047 ) ;
#1974 = PRESENTATION_STYLE_ASSIGNMENT (( #44 ) ) ;
#1975 = ORIENTED_EDGE ( 'NONE', *, *, #3862, .T. ) ;
#1976 = EDGE_CURVE ( 'NONE', #1127, #1173, #1295, .T. ) ;
#1977 = EDGE_CURVE ( 'NONE', #3628, #311, #819, .T. ) ;
#1978 = FILL_AREA_STYLE ('',( #4319 ) ) ;
#1979 = COLOUR_RGB ( '',0.8431372549019607865, 0.8431372549019607865, 0.8431372549019607865 ) ;
#1980 = CYLINDRICAL_SURFACE ( 'NONE', #2624, 0.6985000000000003428 ) ;
#1981 = ORIENTED_EDGE ( 'NONE', *, *, #3153, .T. ) ;
#1982 =( LENGTH_UNIT ( ) NAMED_UNIT ( * ) SI_UNIT ( .MILLI., .METRE. ) );
#1983 = STYLED_ITEM ( 'NONE', ( #1190 ), #407 ) ;
#1984 = LINE ( 'NONE', #887, #2809 ) ;
#1985 = CARTESIAN_POINT ( 'NONE',  ( -5.838353819507971387, 0.6772927841693261453, -3.822699999999998433 ) ) ;
#1986 = AXIS2_PLACEMENT_3D ( 'NONE', #2474, #3408, #1112 ) ;
#1987 = CARTESIAN_POINT ( 'NONE',  ( -2.730500000000001926, 2.908398552000183823, 2.984500000000002817 ) ) ;
#1988 = ORIENTED_EDGE ( 'NONE', *, *, #462, .T. ) ;
#1989 = UNCERTAINTY_MEASURE_WITH_UNIT (LENGTH_MEASURE( 1.000000000000000082E-05 ), #1760, 'distance_accuracy_value', 'NONE');
#1990 = SURFACE_STYLE_FILL_AREA ( #2261 ) ;
#1991 =( GEOMETRIC_REPRESENTATION_CONTEXT ( 3 ) GLOBAL_UNCERTAINTY_ASSIGNED_CONTEXT ( ( #1290 ) ) GLOBAL_UNIT_ASSIGNED_CONTEXT ( ( #2047, #1160, #2498 ) ) REPRESENTATION_CONTEXT ( 'NONE', 'WORKASPACE' ) );
#1992 = EDGE_CURVE ( 'NONE', #1723, #3679, #412, .T. ) ;
#1993 = DIRECTION ( 'NONE',  ( 0.000000000000000000, -1.000000000000000000, -5.551065014344850824E-16 ) ) ;
#1994 = CARTESIAN_POINT ( 'NONE',  ( -7.175499999999998657, 0.4943139327224003177, 3.822700000000000209 ) ) ;
#1995 = AXIS2_PLACEMENT_3D ( 'NONE', #1848, #3492, #3218 ) ;
#1996 = SURFACE_STYLE_FILL_AREA ( #3291 ) ;
#1997 = VECTOR ( 'NONE', #4193, 1000.000000000000000 ) ;
#1998 = DIRECTION ( 'NONE',  ( 0.1218510577266527228, 0.9923972267410204884, 0.01732235802734428259 ) ) ;
#1999 = STYLED_ITEM ( 'NONE', ( #3323 ), #1784 ) ;
#2000 = FILL_AREA_STYLE ('',( #2712 ) ) ;
#2001 = DIRECTION ( 'NONE',  ( -0.000000000000000000, 1.000000000000000000, 3.885780586188046905E-16 ) ) ;
#2002 = COLOUR_RGB ( '',0.8431372549019607865, 0.8431372549019607865, 0.8431372549019607865 ) ;
#2003 = VECTOR ( 'NONE', #3046, 1000.000000000000000 ) ;
#2004 = AXIS2_PLACEMENT_3D ( 'NONE', #3779, #330, #4141 ) ;
#2005 = PLANE ( 'NONE',  #3232 ) ;
#2006 = VERTEX_POINT ( 'NONE', #1498 ) ;
#2007 =( LENGTH_UNIT ( ) NAMED_UNIT ( * ) SI_UNIT ( .MILLI., .METRE. ) );
#2008 = ORIENTED_EDGE ( 'NONE', *, *, #991, .T. ) ;
#2009 = FILL_AREA_STYLE ('',( #4345 ) ) ;
#2010 = CARTESIAN_POINT ( 'NONE',  ( -5.024404338677844528, 2.226049241010137347, -2.984499999999999265 ) ) ;
#2011 = VERTEX_POINT ( 'NONE', #76 ) ;
#2012 = DIRECTION ( 'NONE',  ( -1.000000000000000000, -3.362406479023549411E-17, -1.306557381906261354E-32 ) ) ;
#2013 =( NAMED_UNIT ( * ) PLANE_ANGLE_UNIT ( ) SI_UNIT ( $, .RADIAN. ) );
#2014 = ORIENTED_EDGE ( 'NONE', *, *, #55, .F. ) ;
#2015 = ORIENTED_EDGE ( 'NONE', *, *, #716, .F. ) ;
#2016 = ADVANCED_FACE ( 'NONE', ( #1522 ), #1459, .F. ) ;
#2017 =( LENGTH_UNIT ( ) NAMED_UNIT ( * ) SI_UNIT ( .MILLI., .METRE. ) );
#2018 = DIRECTION ( 'NONE',  ( -1.000000000000000000, -3.362406479023549411E-17, -1.306557381906261354E-32 ) ) ;
#2019 = DIRECTION ( 'NONE',  ( 0.000000000000000000, 0.9998476951563912696, -0.01745240643727996588 ) ) ;
#2020 = PLANE ( 'NONE',  #2669 ) ;
#2021 = DIRECTION ( 'NONE',  ( 1.138269997360110167E-15, -1.000000000000000000, -5.691349986800550837E-16 ) ) ;
#2022 = FILL_AREA_STYLE ('',( #2650 ) ) ;
#2023 = CYLINDRICAL_SURFACE ( 'NONE', #2004, 0.7619999999999996776 ) ;
#2024 = CARTESIAN_POINT ( 'NONE',  ( -5.930389409470221196, -0.08892276752132022288, -2.120899999999998897 ) ) ;
#2025 = DIRECTION ( 'NONE',  ( 8.715687545503681504E-18, -1.663052253832853828E-16, 1.000000000000000000 ) ) ;
#2026 = CARTESIAN_POINT ( 'NONE',  ( -5.971277244371142601, 0.6912635990884621329, -1.282699999999997731 ) ) ;
#2027 = ORIENTED_EDGE ( 'NONE', *, *, #2291, .T. ) ;
#2028 = CARTESIAN_POINT ( 'NONE',  ( -7.141607158954611734, -0.1524000000000018951, 2.120900000000001562 ) ) ;
#2029 = CARTESIAN_POINT ( 'NONE',  ( -5.024404338677844528, 2.226049241010136015, 1.282700000000001284 ) ) ;
#2030 = ORIENTED_EDGE ( 'NONE', *, *, #3590, .T. ) ;
#2031 =( GEOMETRIC_REPRESENTATION_CONTEXT ( 3 ) GLOBAL_UNCERTAINTY_ASSIGNED_CONTEXT ( ( #4176 ) ) GLOBAL_UNIT_ASSIGNED_CONTEXT ( ( #283, #3362, #3011 ) ) REPRESENTATION_CONTEXT ( 'NONE', 'WORKASPACE' ) );
#2032 = PRESENTATION_STYLE_ASSIGNMENT (( #2353 ) ) ;
#2033 = COLOUR_RGB ( '',0.8431372549019607865, 0.8431372549019607865, 0.8431372549019607865 ) ;
#2034 = PLANE ( 'NONE',  #2900 ) ;
#2035 =( GEOMETRIC_REPRESENTATION_CONTEXT ( 3 ) GLOBAL_UNCERTAINTY_ASSIGNED_CONTEXT ( ( #647 ) ) GLOBAL_UNIT_ASSIGNED_CONTEXT ( ( #2530, #1874, #1235 ) ) REPRESENTATION_CONTEXT ( 'NONE', 'WORKASPACE' ) );
#2036 = ORIENTED_EDGE ( 'NONE', *, *, #2488, .F. ) ;
#2037 = COLOUR_RGB ( '',0.7921568627450980005, 0.8196078431372548767, 0.9333333333333333481 ) ;
#2038 = EDGE_CURVE ( 'NONE', #1909, #2057, #2140, .T. ) ;
#2039 = EDGE_CURVE ( 'NONE', #3679, #941, #3537, .T. ) ;
#2040 = FILL_AREA_STYLE_COLOUR ( '', #214 ) ;
#2041 = VECTOR ( 'NONE', #1022, 1000.000000000000000 ) ;
#2042 = DIRECTION ( 'NONE',  ( 0.05233595624294920534, -0.9986295347545736112, -6.696724819465699383E-16 ) ) ;
#2043 =( NAMED_UNIT ( * ) PLANE_ANGLE_UNIT ( ) SI_UNIT ( $, .RADIAN. ) );
#2044 =( NAMED_UNIT ( * ) PLANE_ANGLE_UNIT ( ) SI_UNIT ( $, .RADIAN. ) );
#2045 = ORIENTED_EDGE ( 'NONE', *, *, #2869, .F. ) ;
#2046 = FILL_AREA_STYLE ('',( #4008 ) ) ;
#2047 =( LENGTH_UNIT ( ) NAMED_UNIT ( * ) SI_UNIT ( .MILLI., .METRE. ) );
#2048 = ORIENTED_EDGE ( 'NONE', *, *, #3322, .T. ) ;
#2049 = MECHANICAL_DESIGN_GEOMETRIC_PRESENTATION_REPRESENTATION (  '', ( #3402 ), #2174 ) ;
#2050 = CARTESIAN_POINT ( 'NONE',  ( 0.8254999999999987903, 1.320799999999998198, 2.540000000000002256 ) ) ;
#2051 = FACE_OUTER_BOUND ( 'NONE', #4398, .T. ) ;
#2052 = VECTOR ( 'NONE', #1492, 1000.000000000000000 ) ;
#2053 = ORIENTED_EDGE ( 'NONE', *, *, #1472, .T. ) ;
#2054 = LINE ( 'NONE', #2093, #1300 ) ;
#2055 =( LENGTH_UNIT ( ) NAMED_UNIT ( * ) SI_UNIT ( .MILLI., .METRE. ) );
#2056 = DIRECTION ( 'NONE',  ( 0.000000000000000000, 1.000000000000000000, 3.885780586188046905E-16 ) ) ;
#2057 = VERTEX_POINT ( 'NONE', #1798 ) ;
#2058 = COLOUR_RGB ( '',0.8431372549019607865, 0.8431372549019607865, 0.8431372549019607865 ) ;
#2059 =( LENGTH_UNIT ( ) NAMED_UNIT ( * ) SI_UNIT ( .MILLI., .METRE. ) );
#2060 = VECTOR ( 'NONE', #896, 1000.000000000000000 ) ;
#2061 = CARTESIAN_POINT ( 'NONE',  ( -4.266578654407219950, 2.146398552000186033, -3.822699999999998877 ) ) ;
#2062 = EDGE_CURVE ( 'NONE', #971, #2592, #3165, .T. ) ;
#2063 = LINE ( 'NONE', #2317, #1671 ) ;
#2064 = CARTESIAN_POINT ( 'NONE',  ( 0.000000000000000000, 0.000000000000000000, 0.000000000000000000 ) ) ;
#2065 = EDGE_LOOP ( 'NONE', ( #3519, #2823, #1794, #293, #2516, #2302, #3255, #1914, #1381, #1765 ) ) ;
#2066 =( LENGTH_UNIT ( ) NAMED_UNIT ( * ) SI_UNIT ( .MILLI., .METRE. ) );
#2067 = ORIENTED_EDGE ( 'NONE', *, *, #1126, .F. ) ;
#2068 = LINE ( 'NONE', #3436, #1383 ) ;
#2069 = STYLED_ITEM ( 'NONE', ( #3583 ), #1625 ) ;
#2070 = VERTEX_POINT ( 'NONE', #2571 ) ;
#2071 = EDGE_CURVE ( 'NONE', #98, #2655, #3259, .T. ) ;
#2072 = FACE_OUTER_BOUND ( 'NONE', #3251, .T. ) ;
#2073 = PRESENTATION_LAYER_ASSIGNMENT (  '', '', ( #3918 ) ) ;
#2074 = STYLED_ITEM ( 'NONE', ( #1831 ), #1208 ) ;
#2075 = SURFACE_SIDE_STYLE ('',( #360 ) ) ;
#2076 =( GEOMETRIC_REPRESENTATION_CONTEXT ( 3 ) GLOBAL_UNCERTAINTY_ASSIGNED_CONTEXT ( ( #1581 ) ) GLOBAL_UNIT_ASSIGNED_CONTEXT ( ( #3181, #2781, #718 ) ) REPRESENTATION_CONTEXT ( 'NONE', 'WORKASPACE' ) );
#2077 = LINE ( 'NONE', #2388, #1221 ) ;
#2078 = DIRECTION ( 'NONE',  ( -1.059358394363802552E-16, -3.885780586188047891E-16, 1.000000000000000000 ) ) ;
#2079 = ORIENTED_EDGE ( 'NONE', *, *, #1249, .T. ) ;
#2080 =( NAMED_UNIT ( * ) SI_UNIT ( $, .STERADIAN. ) SOLID_ANGLE_UNIT ( ) );
#2081 = SURFACE_SIDE_STYLE ('',( #3418 ) ) ;
#2082 = PLANE ( 'NONE',  #2412 ) ;
#2083 = VERTEX_POINT ( 'NONE', #2957 ) ;
#2084 =( NAMED_UNIT ( * ) SI_UNIT ( $, .STERADIAN. ) SOLID_ANGLE_UNIT ( ) );
#2085 = LINE ( 'NONE', #393, #1251 ) ;
#2086 = LINE ( 'NONE', #3453, #4402 ) ;
#2087 = CARTESIAN_POINT ( 'NONE',  ( 5.905499999999999083, 1.320799999999997310, 5.080000000000000959 ) ) ;
#2088 = LINE ( 'NONE', #3482, #821 ) ;
#2089 = EDGE_CURVE ( 'NONE', #826, #2643, #3131, .T. ) ;
#2090 = CARTESIAN_POINT ( 'NONE',  ( -0.9453947025818488781, 4.521200000000000330, -3.347865367200657083 ) ) ;
#2091 = EDGE_CURVE ( 'NONE', #699, #1752, #567, .T. ) ;
#2092 = VERTEX_POINT ( 'NONE', #4354 ) ;
#2093 = CARTESIAN_POINT ( 'NONE',  ( 7.656740635491961612E-18, 1.320799999999997754, 2.540000000000002256 ) ) ;
#2094 = LINE ( 'NONE', #3706, #1827 ) ;
#2095 = FILL_AREA_STYLE ('',( #3788 ) ) ;
#2096 = CARTESIAN_POINT ( 'NONE',  ( -7.175499999999996881, 0.4943139327224028157, -1.282699999999998619 ) ) ;
#2097 = ORIENTED_EDGE ( 'NONE', *, *, #2071, .F. ) ;
#2098 = DIRECTION ( 'NONE',  ( 0.05233595624294409138, -0.9986295347545739443, -1.665334536937734564E-16 ) ) ;
#2099 = SURFACE_SIDE_STYLE ('',( #2374 ) ) ;
#2100 = EDGE_LOOP ( 'NONE', ( #2849, #3723, #1512, #2 ) ) ;
#2101 = AXIS2_PLACEMENT_3D ( 'NONE', #2064, #373, #3432 ) ;
#2102 = LINE ( 'NONE', #3101, #1043 ) ;
#2103 = EDGE_CURVE ( 'NONE', #2070, #3183, #2593, .T. ) ;
#2104 = CARTESIAN_POINT ( 'NONE',  ( 6.884384154850323512, 1.549655975780304087E-15, -5.079999999999999183 ) ) ;
#2105 = VECTOR ( 'NONE', #2255, 1000.000000000000000 ) ;
#2106 = PLANE ( 'NONE',  #4238 ) ;
#2107 = ORIENTED_EDGE ( 'NONE', *, *, #2457, .F. ) ;
#2108 = VECTOR ( 'NONE', #2575, 1000.000000000000000 ) ;
#2109 = CARTESIAN_POINT ( 'NONE',  ( 4.234648332375096593E-16, 1.734723475976807094E-15, -5.079999999999982307 ) ) ;
#2110 =( NAMED_UNIT ( * ) PLANE_ANGLE_UNIT ( ) SI_UNIT ( $, .RADIAN. ) );
#2111 = MECHANICAL_DESIGN_GEOMETRIC_PRESENTATION_REPRESENTATION (  '', ( #2452 ), #552 ) ;
#2112 = FILL_AREA_STYLE ('',( #1793 ) ) ;
#2113 = VERTEX_POINT ( 'NONE', #1891 ) ;
#2114 = DIRECTION ( 'NONE',  ( 0.000000000000000000, -1.000000000000000000, 0.000000000000000000 ) ) ;
#2115 = CARTESIAN_POINT ( 'NONE',  ( 7.175499999999999545, 1.320799999999996865, 3.429000000000005155 ) ) ;
#2116 = ADVANCED_FACE ( 'NONE', ( #1624 ), #3995, .F. ) ;
#2117 = FACE_OUTER_BOUND ( 'NONE', #2486, .T. ) ;
#2118 = VECTOR ( 'NONE', #2484, 1000.000000000000000 ) ;
#2119 = DIRECTION ( 'NONE',  ( -1.000000000000000000, 2.487057936124655726E-16, 0.000000000000000000 ) ) ;
#2120 = ORIENTED_EDGE ( 'NONE', *, *, #347, .T. ) ;
#2121 = VERTEX_POINT ( 'NONE', #205 ) ;
#2122 = DIRECTION ( 'NONE',  ( -3.362406479023547562E-17, 1.000000000000000000, -0.000000000000000000 ) ) ;
#2123 = FACE_OUTER_BOUND ( 'NONE', #1960, .T. ) ;
#2124 = EDGE_CURVE ( 'NONE', #2659, #1856, #2914, .T. ) ;
#2125 = ORIENTED_EDGE ( 'NONE', *, *, #1144, .F. ) ;
#2126 = LINE ( 'NONE', #4263, #3849 ) ;
#2127 = FILL_AREA_STYLE ('',( #4092 ) ) ;
#2128 = MECHANICAL_DESIGN_GEOMETRIC_PRESENTATION_REPRESENTATION (  '', ( #2753 ), #2475 ) ;
#2129 = CARTESIAN_POINT ( 'NONE',  ( 0.8254999999999964588, 1.320799999999999752, -2.540000000000000480 ) ) ;
#2130 = FILL_AREA_STYLE ('',( #3459 ) ) ;
#2131 = MECHANICAL_DESIGN_GEOMETRIC_PRESENTATION_REPRESENTATION (  '', ( #1428 ), #939 ) ;
#2132 = PLANE ( 'NONE',  #3391 ) ;
#2133 = COLOUR_RGB ( '',0.8431372549019607865, 0.8431372549019607865, 0.8431372549019607865 ) ;
#2134 =( GEOMETRIC_REPRESENTATION_CONTEXT ( 3 ) GLOBAL_UNCERTAINTY_ASSIGNED_CONTEXT ( ( #257 ) ) GLOBAL_UNIT_ASSIGNED_CONTEXT ( ( #4165, #2456, #2503 ) ) REPRESENTATION_CONTEXT ( 'NONE', 'WORKASPACE' ) );
#2135 = VERTEX_POINT ( 'NONE', #1566 ) ;
#2136 = COLOUR_RGB ( '',0.8431372549019607865, 0.8431372549019607865, 0.8431372549019607865 ) ;
#2137 = CARTESIAN_POINT ( 'NONE',  ( 7.656740635491961612E-18, 1.320799999999998864, 3.469446951953614189E-15 ) ) ;
#2138 = DIRECTION ( 'NONE',  ( 8.715687545503681504E-18, -1.663052253832853828E-16, 1.000000000000000000 ) ) ;
#2139 = EDGE_LOOP ( 'NONE', ( #4353, #4145, #523, #2676 ) ) ;
#2140 = LINE ( 'NONE', #3470, #870 ) ;
#2141 = ORIENTED_EDGE ( 'NONE', *, *, #164, .T. ) ;
#2142 = ORIENTED_EDGE ( 'NONE', *, *, #3449, .F. ) ;
#2143 = EDGE_CURVE ( 'NONE', #2092, #3560, #954, .T. ) ;
#2144 = CARTESIAN_POINT ( 'NONE',  ( -4.266578654407219950, 2.146398552000184701, 2.120900000000002006 ) ) ;
#2145 = ORIENTED_EDGE ( 'NONE', *, *, #4086, .T. ) ;
#2146 =( LENGTH_UNIT ( ) NAMED_UNIT ( * ) SI_UNIT ( .MILLI., .METRE. ) );
#2147 = DIRECTION ( 'NONE',  ( 1.059358394363802552E-16, 3.885780586188047891E-16, -1.000000000000000000 ) ) ;
#2148 = ORIENTED_EDGE ( 'NONE', *, *, #2377, .F. ) ;
#2149 = DIRECTION ( 'NONE',  ( 3.362406479023549411E-17, -1.000000000000000000, -3.885780586188046905E-16 ) ) ;
#2150 = LINE ( 'NONE', #3534, #2338 ) ;
#2151 = ORIENTED_EDGE ( 'NONE', *, *, #1683, .T. ) ;
#2152 = DIRECTION ( 'NONE',  ( 0.000000000000000000, -1.000000000000000000, -3.845775605664945006E-16 ) ) ;
#2153 = UNCERTAINTY_MEASURE_WITH_UNIT (LENGTH_MEASURE( 1.000000000000000082E-05 ), #639, 'distance_accuracy_value', 'NONE');
#2154 = ORIENTED_EDGE ( 'NONE', *, *, #2355, .T. ) ;
#2155 = DIRECTION ( 'NONE',  ( 0.05233595624294409138, -0.9986295347545739443, -1.665334536937734564E-16 ) ) ;
#2156 = ORIENTED_EDGE ( 'NONE', *, *, #4269, .T. ) ;
#2157 = CARTESIAN_POINT ( 'NONE',  ( -5.971277244371143489, 0.6912635990884606896, 1.282700000000001284 ) ) ;
#2158 = LINE ( 'NONE', #3793, #4171 ) ;
#2159 = EDGE_CURVE ( 'NONE', #3107, #3789, #2197, .T. ) ;
#2160 = EDGE_CURVE ( 'NONE', #1258, #2070, #3235, .T. ) ;
#2161 = EDGE_LOOP ( 'NONE', ( #774, #2622, #2175, #433 ) ) ;
#2162 = SURFACE_SIDE_STYLE ('',( #1075 ) ) ;
#2163 = MECHANICAL_DESIGN_GEOMETRIC_PRESENTATION_REPRESENTATION (  '', ( #3315 ), #3539 ) ;
#2164 = STYLED_ITEM ( 'NONE', ( #3111 ), #4270 ) ;
#2165 = CARTESIAN_POINT ( 'NONE',  ( -5.964282250515601902, 0.5577911652010830723, -2.120899999999998453 ) ) ;
#2166 =( NAMED_UNIT ( * ) PLANE_ANGLE_UNIT ( ) SI_UNIT ( $, .RADIAN. ) );
#2167 = PRESENTATION_STYLE_ASSIGNMENT (( #466 ) ) ;
#2168 = VECTOR ( 'NONE', #1531, 1000.000000000000000 ) ;
#2169 = ORIENTED_EDGE ( 'NONE', *, *, #269, .F. ) ;
#2170 = AXIS2_PLACEMENT_3D ( 'NONE', #2553, #3287, #2200 ) ;
#2171 = CARTESIAN_POINT ( 'NONE',  ( 0.8254999999999996785, -1.029952810076047956E-15, 3.469446951953614189E-15 ) ) ;
#2172 = ORIENTED_EDGE ( 'NONE', *, *, #716, .T. ) ;
#2173 = DIRECTION ( 'NONE',  ( 8.715687545503703074E-18, -1.663052253832853828E-16, 1.000000000000000000 ) ) ;
#2174 =( GEOMETRIC_REPRESENTATION_CONTEXT ( 3 ) GLOBAL_UNCERTAINTY_ASSIGNED_CONTEXT ( ( #535 ) ) GLOBAL_UNIT_ASSIGNED_CONTEXT ( ( #3347, #2916, #230 ) ) REPRESENTATION_CONTEXT ( 'NONE', 'WORKASPACE' ) );
#2175 = ORIENTED_EDGE ( 'NONE', *, *, #29, .F. ) ;
#2176 = SURFACE_STYLE_USAGE ( .BOTH. , #845 ) ;
#2177 = ORIENTED_EDGE ( 'NONE', *, *, #2371, .T. ) ;
#2178 = FILL_AREA_STYLE ('',( #1548 ) ) ;
#2179 = MECHANICAL_DESIGN_GEOMETRIC_PRESENTATION_REPRESENTATION (  '', ( #4111 ), #1414 ) ;
#2180 = AXIS2_PLACEMENT_3D ( 'NONE', #3888, #1577, #3597 ) ;
#2181 = CARTESIAN_POINT ( 'NONE',  ( -5.194299999999998363, 0.6095999999999992536, -0.4190999999999985848 ) ) ;
#2182 = DIRECTION ( 'NONE',  ( -1.059358394363802552E-16, -3.885780586188047891E-16, 1.000000000000000000 ) ) ;
#2183 =( LENGTH_UNIT ( ) NAMED_UNIT ( * ) SI_UNIT ( .MILLI., .METRE. ) );
#2184 = VECTOR ( 'NONE', #4357, 1000.000000000000000 ) ;
#2185 = FILL_AREA_STYLE_COLOUR ( '', #1143 ) ;
#2186 = FACE_OUTER_BOUND ( 'NONE', #2161, .T. ) ;
#2187 = CLOSED_SHELL ( 'NONE', ( #3782, #1784, #2431, #1037, #3350, #1923, #3530, #2116, #323, #1947, #2509, #2441, #575, #1810 ) ) ;
#2188 =( GEOMETRIC_REPRESENTATION_CONTEXT ( 3 ) GLOBAL_UNCERTAINTY_ASSIGNED_CONTEXT ( ( #2285 ) ) GLOBAL_UNIT_ASSIGNED_CONTEXT ( ( #2007, #994, #2677 ) ) REPRESENTATION_CONTEXT ( 'NONE', 'WORKASPACE' ) );
#2189 = EDGE_CURVE ( 'NONE', #2391, #2584, #3499, .T. ) ;
#2190 = ORIENTED_EDGE ( 'NONE', *, *, #2928, .T. ) ;
#2191 = PRESENTATION_LAYER_ASSIGNMENT (  '', '', ( #3986 ) ) ;
#2192 = COLOUR_RGB ( '',0.8431372549019607865, 0.8431372549019607865, 0.8431372549019607865 ) ;
#2193 = LINE ( 'NONE', #1209, #3576 ) ;
#2194 = STYLED_ITEM ( 'NONE', ( #3394 ), #2211 ) ;
#2195 = COLOUR_RGB ( '',0.8431372549019607865, 0.8431372549019607865, 0.8431372549019607865 ) ;
#2196 = VERTEX_POINT ( 'NONE', #3639 ) ;
#2197 = LINE ( 'NONE', #1956, #2479 ) ;
#2198 = PRESENTATION_LAYER_ASSIGNMENT (  '', '', ( #2069 ) ) ;
#2199 = CARTESIAN_POINT ( 'NONE',  ( -4.266578654407219950, 3.555999999999965411, -3.822699999999998433 ) ) ;
#2200 = DIRECTION ( 'NONE',  ( -0.1045284632676540953, -0.9945218953682734009, 0.000000000000000000 ) ) ;
#2201 = AXIS2_PLACEMENT_3D ( 'NONE', #2534, #2204, #3591 ) ;
#2202 = VECTOR ( 'NONE', #110, 1000.000000000000000 ) ;
#2203 = EDGE_LOOP ( 'NONE', ( #1065, #1490 ) ) ;
#2204 = DIRECTION ( 'NONE',  ( -1.059358394363802552E-16, -3.885780586188047891E-16, 1.000000000000000000 ) ) ;
#2205 = PRESENTATION_STYLE_ASSIGNMENT (( #487 ) ) ;
#2206 = CARTESIAN_POINT ( 'NONE',  ( -4.266578654407219950, 2.146398552000185589, -1.282699999999997731 ) ) ;
#2207 = EDGE_LOOP ( 'NONE', ( #2053, #2231, #334, #95 ) ) ;
#2208 = UNCERTAINTY_MEASURE_WITH_UNIT (LENGTH_MEASURE( 1.000000000000000082E-05 ), #3228, 'distance_accuracy_value', 'NONE');
#2209 = VERTEX_POINT ( 'NONE', #1584 ) ;
#2210 =( LENGTH_UNIT ( ) NAMED_UNIT ( * ) SI_UNIT ( .MILLI., .METRE. ) );
#2211 = ADVANCED_FACE ( 'NONE', ( #4299 ), #1932, .F. ) ;
#2212 = EDGE_CURVE ( 'NONE', #3789, #3222, #2334, .T. ) ;
#2213 = DIRECTION ( 'NONE',  ( 2.487057936124655726E-16, 1.000000000000000000, 1.110223024625156540E-16 ) ) ;
#2214 = ORIENTED_EDGE ( 'NONE', *, *, #365, .T. ) ;
#2215 = CARTESIAN_POINT ( 'NONE',  ( -5.971277244371143489, 0.6912635990884611337, -0.4190999999999985848 ) ) ;
#2216 = FACE_OUTER_BOUND ( 'NONE', #1630, .T. ) ;
#2217 = LINE ( 'NONE', #1500, #1476 ) ;
#2218 = SURFACE_STYLE_FILL_AREA ( #1172 ) ;
#2219 = VERTEX_POINT ( 'NONE', #729 ) ;
#2220 = DIRECTION ( 'NONE',  ( 1.000000000000000000, 3.362406479023546330E-17, 2.056558963437204200E-17 ) ) ;
#2221 = DIRECTION ( 'NONE',  ( 0.05233595624293858189, -0.9986295347545741663, -6.696724819465712202E-16 ) ) ;
#2222 = MANIFOLD_SOLID_BREP ( 'NONE', #2187 ) ;
#2223 = PRESENTATION_STYLE_ASSIGNMENT (( #2924 ) ) ;
#2224 = VECTOR ( 'NONE', #1006, 1000.000000000000000 ) ;
#2225 = FILL_AREA_STYLE ('',( #2185 ) ) ;
#2226 = SURFACE_SIDE_STYLE ('',( #898 ) ) ;
#2227 = PRESENTATION_LAYER_ASSIGNMENT (  '', '', ( #3315 ) ) ;
#2228 = VERTEX_POINT ( 'NONE', #341 ) ;
#2229 = FILL_AREA_STYLE ('',( #4250 ) ) ;
#2230 = PRESENTATION_LAYER_ASSIGNMENT (  '', '', ( #3472 ) ) ;
#2231 = ORIENTED_EDGE ( 'NONE', *, *, #3182, .T. ) ;
#2232 = DIRECTION ( 'NONE',  ( -3.362406479023530306E-17, 1.000000000000000000, -1.504397277082200457E-32 ) ) ;
#2233 = ORIENTED_EDGE ( 'NONE', *, *, #665, .F. ) ;
#2234 = DIRECTION ( 'NONE',  ( -0.9986295347545739443, -0.05233595624294330728, -3.575628945497219006E-16 ) ) ;
#2235 = EDGE_CURVE ( 'NONE', #728, #682, #642, .T. ) ;
#2236 = VECTOR ( 'NONE', #888, 1000.000000000000000 ) ;
#2237 = MANIFOLD_SOLID_BREP ( 'Pin 4', #1289 ) ;
#2238 = DIRECTION ( 'NONE',  ( 2.487057936124655726E-16, 1.000000000000000000, 1.110223024625156540E-16 ) ) ;
#2239 = EDGE_CURVE ( 'NONE', #682, #1547, #2392, .T. ) ;
#2240 = AXIS2_PLACEMENT_3D ( 'NONE', #2061, #1718, #2529 ) ;
#2241 = UNCERTAINTY_MEASURE_WITH_UNIT (LENGTH_MEASURE( 1.000000000000000082E-05 ), #3688, 'distance_accuracy_value', 'NONE');
#2242 = CARTESIAN_POINT ( 'NONE',  ( -1.023219521838761309E-16, -2.044697744452150583E-15, 2.540000000000002256 ) ) ;
#2243 = STYLED_ITEM ( 'NONE', ( #563 ), #3305 ) ;
#2244 = ORIENTED_EDGE ( 'NONE', *, *, #824, .T. ) ;
#2245 = CARTESIAN_POINT ( 'NONE',  ( -5.668458158185817553, 2.293742025179462463, -2.120899999999998453 ) ) ;
#2246 = SURFACE_STYLE_USAGE ( .BOTH. , #2942 ) ;
#2247 = CARTESIAN_POINT ( 'NONE',  ( -7.175499999999991552, 0.4943139327224010948, 2.984500000000002373 ) ) ;
#2248 = MECHANICAL_DESIGN_GEOMETRIC_PRESENTATION_REPRESENTATION (  '', ( #2742 ), #4332 ) ;
#2249 = EDGE_LOOP ( 'NONE', ( #2635, #3823, #1182, #1562 ) ) ;
#2250 =( LENGTH_UNIT ( ) NAMED_UNIT ( * ) SI_UNIT ( .MILLI., .METRE. ) );
#2251 = CARTESIAN_POINT ( 'NONE',  ( -5.971277244371142601, 0.6912635990884634651, -2.984499999999997488 ) ) ;
#2252 = CARTESIAN_POINT ( 'NONE',  ( -0.9453947025818488781, 4.521199999999998553, -3.347865367200657083 ) ) ;
#2253 = ORIENTED_EDGE ( 'NONE', *, *, #2089, .T. ) ;
#2254 = DIRECTION ( 'NONE',  ( -0.9986295347545739443, -0.05233595624294405668, -3.575628945497221471E-16 ) ) ;
#2255 = DIRECTION ( 'NONE',  ( -0.000000000000000000, -1.000000000000000000, -3.885780586188046905E-16 ) ) ;
#2256 = VECTOR ( 'NONE', #1443, 1000.000000000000000 ) ;
#2257 = PRESENTATION_LAYER_ASSIGNMENT (  '', '', ( #2194 ) ) ;
#2258 = AXIS2_PLACEMENT_3D ( 'NONE', #2824, #2896, #4182 ) ;
#2259 = CARTESIAN_POINT ( 'NONE',  ( -7.175499999999996881, 0.4943139327224005397, 3.822700000000000653 ) ) ;
#2260 = ORIENTED_EDGE ( 'NONE', *, *, #2769, .T. ) ;
#2261 = FILL_AREA_STYLE ('',( #4000 ) ) ;
#2262 = AXIS2_PLACEMENT_3D ( 'NONE', #1030, #2349, #703 ) ;
#2263 = EDGE_CURVE ( 'NONE', #75, #834, #2054, .T. ) ;
#2264 = EDGE_CURVE ( 'NONE', #19, #2391, #449, .T. ) ;
#2265 = PRESENTATION_STYLE_ASSIGNMENT (( #3333 ) ) ;
#2266 = DIRECTION ( 'NONE',  ( -1.059358394363801936E-16, -3.885780586188046905E-16, 1.000000000000000000 ) ) ;
#2267 = ORIENTED_EDGE ( 'NONE', *, *, #303, .T. ) ;
#2268 = CARTESIAN_POINT ( 'NONE',  ( -2.730500000000001481, 3.555999999999966299, -2.120899999999998453 ) ) ;
#2269 = DIRECTION ( 'NONE',  ( 4.474168386444131945E-16, 0.000000000000000000, -1.000000000000000000 ) ) ;
#2270 = DIRECTION ( 'NONE',  ( -1.059358394363802552E-16, -3.885780586188047891E-16, 1.000000000000000000 ) ) ;
#2271 = CARTESIAN_POINT ( 'NONE',  ( 5.905499999999999083, 1.316358509160792047E-15, -5.080000000000000071 ) ) ;
#2272 = CARTESIAN_POINT ( 'NONE',  ( -5.668458158185816664, 2.293742025179461574, -2.984499999999997488 ) ) ;
#2273 = ORIENTED_EDGE ( 'NONE', *, *, #2619, .F. ) ;
#2274 = SURFACE_STYLE_FILL_AREA ( #537 ) ;
#2275 = FACE_OUTER_BOUND ( 'NONE', #3379, .T. ) ;
#2276 = UNCERTAINTY_MEASURE_WITH_UNIT (LENGTH_MEASURE( 1.000000000000000082E-05 ), #3601, 'distance_accuracy_value', 'NONE');
#2277 = EDGE_LOOP ( 'NONE', ( #2919, #1110, #1252, #1583 ) ) ;
#2278 = DIRECTION ( 'NONE',  ( 1.000000000000000000, -4.116434282634202676E-32, 1.059358394363801936E-16 ) ) ;
#2279 = ORIENTED_EDGE ( 'NONE', *, *, #2674, .F. ) ;
#2280 = CARTESIAN_POINT ( 'NONE',  ( -7.175499999999991552, 0.4943139327224037594, -3.822699999999999321 ) ) ;
#2281 = DIRECTION ( 'NONE',  ( 3.362406479023546330E-17, -1.000000000000000000, -1.110223024625156540E-16 ) ) ;
#2282 = VERTEX_POINT ( 'NONE', #1773 ) ;
#2283 = SURFACE_STYLE_FILL_AREA ( #2618 ) ;
#2284 = ORIENTED_EDGE ( 'NONE', *, *, #1599, .T. ) ;
#2285 = UNCERTAINTY_MEASURE_WITH_UNIT (LENGTH_MEASURE( 1.000000000000000082E-05 ), #2007, 'distance_accuracy_value', 'NONE');
#2286 = SURFACE_STYLE_USAGE ( .BOTH. , #2625 ) ;
#2287 = VECTOR ( 'NONE', #3387, 1000.000000000000000 ) ;
#2288 = LINE ( 'NONE', #3669, #1571 ) ;
#2289 =( NAMED_UNIT ( * ) PLANE_ANGLE_UNIT ( ) SI_UNIT ( $, .RADIAN. ) );
#2290 = DIRECTION ( 'NONE',  ( -3.362406479023546330E-17, 1.000000000000000000, 1.110223024625156540E-16 ) ) ;
#2291 = EDGE_CURVE ( 'NONE', #3088, #3325, #2764, .T. ) ;
#2292 = DIRECTION ( 'NONE',  ( -0.000000000000000000, -1.000000000000000000, -3.885780586188046905E-16 ) ) ;
#2293 = CARTESIAN_POINT ( 'NONE',  ( -2.730500000000001926, 2.908398552000183379, 2.984500000000003261 ) ) ;
#2294 = LINE ( 'NONE', #2345, #4225 ) ;
#2295 = CARTESIAN_POINT ( 'NONE',  ( 7.175499999999998657, 1.951563910473907981E-15, -3.428999999999998050 ) ) ;
#2296 = CARTESIAN_POINT ( 'NONE',  ( -5.930389409470221196, -0.08892276752132050044, -0.4190999999999985848 ) ) ;
#2297 = MANIFOLD_SOLID_BREP ( 'Pin 5', #3051 ) ;
#2298 = CIRCLE ( 'NONE', #3312, 0.1336556042478582174 ) ;
#2299 = ORIENTED_EDGE ( 'NONE', *, *, #3182, .F. ) ;
#2300 = SURFACE_SIDE_STYLE ('',( #1276 ) ) ;
#2301 = CARTESIAN_POINT ( 'NONE',  ( -4.266578654407219950, 2.908398552000185600, 1.282700000000001506 ) ) ;
#2302 = ORIENTED_EDGE ( 'NONE', *, *, #29, .T. ) ;
#2303 = SURFACE_STYLE_USAGE ( .BOTH. , #3374 ) ;
#2304 = MECHANICAL_DESIGN_GEOMETRIC_PRESENTATION_REPRESENTATION (  '', ( #1254 ), #1541 ) ;
#2305 = FILL_AREA_STYLE ('',( #3686 ) ) ;
#2306 = EDGE_CURVE ( 'NONE', #2209, #24, #3143, .T. ) ;
#2307 = MECHANICAL_DESIGN_GEOMETRIC_PRESENTATION_REPRESENTATION (  '', ( #3881 ), #1403 ) ;
#2308 = SURFACE_STYLE_USAGE ( .BOTH. , #1961 ) ;
#2309 = ORIENTED_EDGE ( 'NONE', *, *, #2985, .T. ) ;
#2310 = UNCERTAINTY_MEASURE_WITH_UNIT (LENGTH_MEASURE( 1.000000000000000082E-05 ), #2017, 'distance_accuracy_value', 'NONE');
#2311 = PRESENTATION_LAYER_ASSIGNMENT (  '', '', ( #3025 ) ) ;
#2312 = SURFACE_STYLE_FILL_AREA ( #669 ) ;
#2313 = DIRECTION ( 'NONE',  ( 0.9986295347545739443, 0.05233595624294334198, 3.575628945497221471E-16 ) ) ;
#2314 = PLANE ( 'NONE',  #1070 ) ;
#2315 = PRESENTATION_STYLE_ASSIGNMENT (( #3670 ) ) ;
#2316 = LINE ( 'NONE', #650, #3749 ) ;
#2317 = CARTESIAN_POINT ( 'NONE',  ( 5.905499999999998195, 1.320799999999900720, 3.469446951953614189E-15 ) ) ;
#2318 = COLOUR_RGB ( '',0.8431372549019607865, 0.8431372549019607865, 0.8431372549019607865 ) ;
#2319 =( NAMED_UNIT ( * ) SI_UNIT ( $, .STERADIAN. ) SOLID_ANGLE_UNIT ( ) );
#2320 = ORIENTED_EDGE ( 'NONE', *, *, #1652, .T. ) ;
#2321 = FILL_AREA_STYLE_COLOUR ( '', #1066 ) ;
#2322 = ORIENTED_EDGE ( 'NONE', *, *, #1144, .T. ) ;
#2323 = AXIS2_PLACEMENT_3D ( 'NONE', #1055, #2741, #4104 ) ;
#2324 = EDGE_CURVE ( 'NONE', #2057, #1839, #1078, .T. ) ;
#2325 =( NAMED_UNIT ( * ) SI_UNIT ( $, .STERADIAN. ) SOLID_ANGLE_UNIT ( ) );
#2326 = AXIS2_PLACEMENT_3D ( 'NONE', #3871, #832, #159 ) ;
#2327 = ORIENTED_EDGE ( 'NONE', *, *, #2540, .T. ) ;
#2328 = CARTESIAN_POINT ( 'NONE',  ( -0.9453947025818488781, 4.648200000000000109, -3.347865367200657083 ) ) ;
#2329 = AXIS2_PLACEMENT_3D ( 'NONE', #1987, #2238, #571 ) ;
#2330 = CLOSED_SHELL ( 'NONE', ( #2845, #2750, #1118, #521 ) ) ;
#2331 = STYLED_ITEM ( 'NONE', ( #4343 ), #2493 ) ;
#2332 = EDGE_LOOP ( 'NONE', ( #2244, #3525, #615, #3073 ) ) ;
#2333 = CARTESIAN_POINT ( 'NONE',  ( -2.730500000000001481, 2.146398552000186033, -3.822699999999998433 ) ) ;
#2334 = CIRCLE ( 'NONE', #431, 0.6985000000000003428 ) ;
#2335 =( LENGTH_UNIT ( ) NAMED_UNIT ( * ) SI_UNIT ( .MILLI., .METRE. ) );
#2336 = VECTOR ( 'NONE', #3532, 1000.000000000000000 ) ;
#2337 = CARTESIAN_POINT ( 'NONE',  ( -5.930389409470219420, -0.08892276752131940409, -2.984500000000000153 ) ) ;
#2338 = VECTOR ( 'NONE', #1818, 1000.000000000000000 ) ;
#2339 = LINE ( 'NONE', #3128, #2531 ) ;
#2340 = MECHANICAL_DESIGN_GEOMETRIC_PRESENTATION_REPRESENTATION (  '', ( #3136 ), #2915 ) ;
#2341 = CARTESIAN_POINT ( 'NONE',  ( -7.141607158954611734, -0.1524000000000011179, 0.4191000000000010828 ) ) ;
#2342 =( NAMED_UNIT ( * ) PLANE_ANGLE_UNIT ( ) SI_UNIT ( $, .RADIAN. ) );
#2343 = STYLED_ITEM ( 'NONE', ( #3462 ), #2354 ) ;
#2344 =( GEOMETRIC_REPRESENTATION_CONTEXT ( 3 ) GLOBAL_UNCERTAINTY_ASSIGNED_CONTEXT ( ( #611 ) ) GLOBAL_UNIT_ASSIGNED_CONTEXT ( ( #1743, #758, #3730 ) ) REPRESENTATION_CONTEXT ( 'NONE', 'WORKASPACE' ) );
#2345 = CARTESIAN_POINT ( 'NONE',  ( -4.266578654407219950, 3.555999999999960970, 1.282700000000001950 ) ) ;
#2346 = CARTESIAN_POINT ( 'NONE',  ( 5.905499999999999972, 1.320799999999978658, -5.056945350242796344 ) ) ;
#2347 =( LENGTH_UNIT ( ) NAMED_UNIT ( * ) SI_UNIT ( .MILLI., .METRE. ) );
#2348 = SURFACE_STYLE_USAGE ( .BOTH. , #314 ) ;
#2349 = DIRECTION ( 'NONE',  ( -1.059358394363802552E-16, -3.885780586188047891E-16, 1.000000000000000000 ) ) ;
#2350 = CARTESIAN_POINT ( 'NONE',  ( -4.266578654407219950, 2.908398552000186488, -2.984499999999998820 ) ) ;
#2351 = ORIENTED_EDGE ( 'NONE', *, *, #3893, .F. ) ;
#2352 = FILL_AREA_STYLE ('',( #2640 ) ) ;
#2353 = SURFACE_STYLE_USAGE ( .BOTH. , #2081 ) ;
#2354 = ADVANCED_FACE ( 'NONE', ( #1121 ), #3807, .F. ) ;
#2355 = EDGE_CURVE ( 'NONE', #1032, #4149, #4210, .T. ) ;
#2356 = SURFACE_STYLE_USAGE ( .BOTH. , #685 ) ;
#2357 = ORIENTED_EDGE ( 'NONE', *, *, #2212, .F. ) ;
#2358 = CARTESIAN_POINT ( 'NONE',  ( -5.964282250515602790, 0.5577911652010817400, 2.120900000000002006 ) ) ;
#2359 =( NAMED_UNIT ( * ) SI_UNIT ( $, .STERADIAN. ) SOLID_ANGLE_UNIT ( ) );
#2360 = DIRECTION ( 'NONE',  ( 0.9986295347545738332, 0.05233595624294477139, 3.575628945497220978E-16 ) ) ;
#2361 =( NAMED_UNIT ( * ) PLANE_ANGLE_UNIT ( ) SI_UNIT ( $, .RADIAN. ) );
#2362 = PRODUCT_CONTEXT ( 'NONE', #3977, 'mechanical' ) ;
#2363 = DIRECTION ( 'NONE',  ( -1.143348424510086976E-16, -5.992035187533611937E-18, 1.000000000000000000 ) ) ;
#2364 = ORIENTED_EDGE ( 'NONE', *, *, #3558, .T. ) ;
#2365 = SURFACE_STYLE_FILL_AREA ( #2999 ) ;
#2366 = DIRECTION ( 'NONE',  ( 0.000000000000000000, 0.000000000000000000, 1.000000000000000000 ) ) ;
#2367 = LINE ( 'NONE', #2029, #1081 ) ;
#2368 = ORIENTED_EDGE ( 'NONE', *, *, #3620, .F. ) ;
#2369 = AXIS2_PLACEMENT_3D ( 'NONE', #964, #3311, #2019 ) ;
#2370 = DIRECTION ( 'NONE',  ( 1.059358394363802552E-16, 3.885780586188047891E-16, -1.000000000000000000 ) ) ;
#2371 = EDGE_CURVE ( 'NONE', #1839, #2707, #470, .T. ) ;
#2372 = EDGE_CURVE ( 'NONE', #3755, #311, #1580, .T. ) ;
#2373 = ORIENTED_EDGE ( 'NONE', *, *, #2430, .F. ) ;
#2374 = SURFACE_STYLE_FILL_AREA ( #2727 ) ;
#2375 = VECTOR ( 'NONE', #3223, 1000.000000000000000 ) ;
#2376 = FACE_OUTER_BOUND ( 'NONE', #204, .T. ) ;
#2377 = EDGE_CURVE ( 'NONE', #699, #935, #4317, .T. ) ;
#2378 =( NAMED_UNIT ( * ) PLANE_ANGLE_UNIT ( ) SI_UNIT ( $, .RADIAN. ) );
#2379 = COLOUR_RGB ( '',0.8431372549019607865, 0.8431372549019607865, 0.8431372549019607865 ) ;
#2380 = LINE ( 'NONE', #3076, #3257 ) ;
#2381 = DIRECTION ( 'NONE',  ( 3.362406479023547562E-17, -1.000000000000000000, 0.000000000000000000 ) ) ;
#2382 = CARTESIAN_POINT ( 'NONE',  ( -7.175499999999991552, 0.4943139327224019275, -0.4190999999999992509 ) ) ;
#2383 = ORIENTED_EDGE ( 'NONE', *, *, #2324, .T. ) ;
#2384 = DIRECTION ( 'NONE',  ( 1.059358394363802552E-16, 3.885780586188047891E-16, -1.000000000000000000 ) ) ;
#2385 = DIRECTION ( 'NONE',  ( 0.000000000000000000, -1.000000000000000000, -3.845775605664945006E-16 ) ) ;
#2386 = CARTESIAN_POINT ( 'NONE',  ( -5.838353819507971387, 0.6772927841693235917, 1.282700000000000840 ) ) ;
#2387 = STYLED_ITEM ( 'NONE', ( #2779 ), #2951 ) ;
#2388 = CARTESIAN_POINT ( 'NONE',  ( 6.884384154850322624, -2.385244779468109755E-15, 5.080000000000000959 ) ) ;
#2389 = DIRECTION ( 'NONE',  ( 0.05233595624294920534, -0.9986295347545736112, -6.696724819465699383E-16 ) ) ;
#2390 =( GEOMETRIC_REPRESENTATION_CONTEXT ( 3 ) GLOBAL_UNCERTAINTY_ASSIGNED_CONTEXT ( ( #3250 ) ) GLOBAL_UNIT_ASSIGNED_CONTEXT ( ( #1649, #3742, #3091 ) ) REPRESENTATION_CONTEXT ( 'NONE', 'WORKASPACE' ) );
#2391 = VERTEX_POINT ( 'NONE', #3299 ) ;
#2392 = LINE ( 'NONE', #3555, #1851 ) ;
#2393 = FILL_AREA_STYLE ('',( #1388 ) ) ;
#2394 = STYLED_ITEM ( 'NONE', ( #810 ), #3530 ) ;
#2395 = CARTESIAN_POINT ( 'NONE',  ( 0.8254999999999981242, 1.320799999999999974, -2.540000000000000480 ) ) ;
#2396 = VERTEX_POINT ( 'NONE', #3656 ) ;
#2397 =( NAMED_UNIT ( * ) PLANE_ANGLE_UNIT ( ) SI_UNIT ( $, .RADIAN. ) );
#2398 = STYLED_ITEM ( 'NONE', ( #514 ), #132 ) ;
#2399 = SURFACE_SIDE_STYLE ('',( #3074 ) ) ;
#2400 = STYLED_ITEM ( 'NONE', ( #442 ), #108 ) ;
#2401 = VECTOR ( 'NONE', #2269, 1000.000000000000000 ) ;
#2402 = FACE_OUTER_BOUND ( 'NONE', #2567, .T. ) ;
#2403 = APPLICATION_PROTOCOL_DEFINITION ( 'draft international standard', 'automotive_design', 1998, #3835 ) ;
#2404 = EDGE_CURVE ( 'NONE', #222, #2508, #3279, .T. ) ;
#2405 = ADVANCED_FACE ( 'NONE', ( #1906 ), #3579, .F. ) ;
#2406 = AXIS2_PLACEMENT_3D ( 'NONE', #3244, #2897, #173 ) ;
#2407 = ORIENTED_EDGE ( 'NONE', *, *, #3590, .F. ) ;
#2408 = VECTOR ( 'NONE', #2887, 1000.000000000000000 ) ;
#2409 = SURFACE_STYLE_USAGE ( .BOTH. , #1422 ) ;
#2410 =( LENGTH_UNIT ( ) NAMED_UNIT ( * ) SI_UNIT ( .MILLI., .METRE. ) );
#2411 = ORIENTED_EDGE ( 'NONE', *, *, #3215, .F. ) ;
#2412 = AXIS2_PLACEMENT_3D ( 'NONE', #2666, #3145, #2811 ) ;
#2413 = LINE ( 'NONE', #780, #606 ) ;
#2414 = LINE ( 'NONE', #399, #1843 ) ;
#2415 = CARTESIAN_POINT ( 'NONE',  ( 5.905499999999999083, 1.320799999999997532, 2.540000000000002256 ) ) ;
#2416 = MECHANICAL_DESIGN_GEOMETRIC_PRESENTATION_REPRESENTATION (  '', ( #3711 ), #2076 ) ;
#2417 = DIRECTION ( 'NONE',  ( -1.059358394363801936E-16, -3.885780586188046905E-16, 1.000000000000000000 ) ) ;
#2418 = CARTESIAN_POINT ( 'NONE',  ( -5.930389409470221196, -0.08892276752132298456, 3.822700000000000209 ) ) ;
#2419 = ORIENTED_EDGE ( 'NONE', *, *, #2515, .T. ) ;
#2420 = FILL_AREA_STYLE ('',( #2740 ) ) ;
#2421 = CARTESIAN_POINT ( 'NONE',  ( -2.730500000000001926, 2.908398552000184711, 1.282700000000001284 ) ) ;
#2422 = PRESENTATION_STYLE_ASSIGNMENT (( #389 ) ) ;
#2423 = ORIENTED_EDGE ( 'NONE', *, *, #3979, .T. ) ;
#2424 = SURFACE_SIDE_STYLE ('',( #4137 ) ) ;
#2425 =( NAMED_UNIT ( * ) SI_UNIT ( $, .STERADIAN. ) SOLID_ANGLE_UNIT ( ) );
#2426 = ORIENTED_EDGE ( 'NONE', *, *, #2039, .T. ) ;
#2427 = DIRECTION ( 'NONE',  ( -0.05233595624294259951, 0.9986295347545740553, 0.000000000000000000 ) ) ;
#2428 = PLANE ( 'NONE',  #3838 ) ;
#2429 =( LENGTH_UNIT ( ) NAMED_UNIT ( * ) SI_UNIT ( .MILLI., .METRE. ) );
#2430 = EDGE_CURVE ( 'NONE', #3681, #3919, #2986, .T. ) ;
#2431 = ADVANCED_FACE ( 'NONE', ( #1559 ), #1868, .F. ) ;
#2432 = SURFACE_STYLE_USAGE ( .BOTH. , #4186 ) ;
#2433 = COLOUR_RGB ( '',0.8431372549019607865, 0.8431372549019607865, 0.8431372549019607865 ) ;
#2434 = LINE ( 'NONE', #3804, #1224 ) ;
#2435 = ORIENTED_EDGE ( 'NONE', *, *, #383, .F. ) ;
#2436 = CARTESIAN_POINT ( 'NONE',  ( -2.730500000000001926, 3.555999999999963634, -0.4190999999999985848 ) ) ;
#2437 = FACE_OUTER_BOUND ( 'NONE', #2489, .T. ) ;
#2438 = FACE_OUTER_BOUND ( 'NONE', #2207, .T. ) ;
#2439 = ORIENTED_EDGE ( 'NONE', *, *, #490, .T. ) ;
#2440 = SURFACE_SIDE_STYLE ('',( #1409 ) ) ;
#2441 = ADVANCED_FACE ( 'NONE', ( #2568 ), #3612, .F. ) ;
#2442 = SURFACE_STYLE_USAGE ( .BOTH. , #2746 ) ;
#2443 = ORIENTED_EDGE ( 'NONE', *, *, #3577, .T. ) ;
#2444 = AXIS2_PLACEMENT_3D ( 'NONE', #3180, #2147, #1452 ) ;
#2445 = SURFACE_STYLE_USAGE ( .BOTH. , #2399 ) ;
#2446 = FILL_AREA_STYLE ('',( #1106 ) ) ;
#2447 =( GEOMETRIC_REPRESENTATION_CONTEXT ( 3 ) GLOBAL_UNCERTAINTY_ASSIGNED_CONTEXT ( ( #3667 ) ) GLOBAL_UNIT_ASSIGNED_CONTEXT ( ( #3013, #2361, #3060 ) ) REPRESENTATION_CONTEXT ( 'NONE', 'WORKASPACE' ) );
#2448 = PRESENTATION_STYLE_ASSIGNMENT (( #2409 ) ) ;
#2449 = VECTOR ( 'NONE', #2292, 1000.000000000000000 ) ;
#2450 = DIRECTION ( 'NONE',  ( -1.000000000000000000, 3.590888039804538823E-18, -2.057218380207940948E-16 ) ) ;
#2451 = CARTESIAN_POINT ( 'NONE',  ( -5.930389409470221196, -0.08892276752132144413, 1.282700000000000840 ) ) ;
#2452 = STYLED_ITEM ( 'NONE', ( #20 ), #3970 ) ;
#2453 =( NAMED_UNIT ( * ) SI_UNIT ( $, .STERADIAN. ) SOLID_ANGLE_UNIT ( ) );
#2454 = DIRECTION ( 'NONE',  ( 0.000000000000000000, -1.000000000000000000, -3.557093741750343903E-16 ) ) ;
#2455 = ORIENTED_EDGE ( 'NONE', *, *, #1264, .F. ) ;
#2456 =( NAMED_UNIT ( * ) PLANE_ANGLE_UNIT ( ) SI_UNIT ( $, .RADIAN. ) );
#2457 = EDGE_CURVE ( 'NONE', #941, #2083, #285, .T. ) ;
#2458 = VECTOR ( 'NONE', #987, 1000.000000000000000 ) ;
#2459 = LINE ( 'NONE', #136, #2052 ) ;
#2460 = ADVANCED_FACE ( 'NONE', ( #2997 ), #676, .F. ) ;
#2461 = DIRECTION ( 'NONE',  ( 1.059358394363802552E-16, 3.885780586188047891E-16, -1.000000000000000000 ) ) ;
#2462 = AXIS2_PLACEMENT_3D ( 'NONE', #2609, #520, #3922 ) ;
#2463 = ORIENTED_EDGE ( 'NONE', *, *, #3348, .T. ) ;
#2465 = PRESENTATION_LAYER_ASSIGNMENT (  '', '', ( #711 ) ) ;
#2464 =( NAMED_UNIT ( * ) PLANE_ANGLE_UNIT ( ) SI_UNIT ( $, .RADIAN. ) );
#2466 = UNCERTAINTY_MEASURE_WITH_UNIT (LENGTH_MEASURE( 1.000000000000000082E-05 ), #2710, 'distance_accuracy_value', 'NONE');
#2467 = ORIENTED_EDGE ( 'NONE', *, *, #1314, .T. ) ;
#2468 =( NAMED_UNIT ( * ) SI_UNIT ( $, .STERADIAN. ) SOLID_ANGLE_UNIT ( ) );
#2469 = VERTEX_POINT ( 'NONE', #2972 ) ;
#2470 = AXIS2_PLACEMENT_3D ( 'NONE', #2581, #3935, #1883 ) ;
#2471 = SURFACE_STYLE_USAGE ( .BOTH. , #868 ) ;
#2472 =( GEOMETRIC_REPRESENTATION_CONTEXT ( 3 ) GLOBAL_UNCERTAINTY_ASSIGNED_CONTEXT ( ( #2241 ) ) GLOBAL_UNIT_ASSIGNED_CONTEXT ( ( #3688, #932, #4042 ) ) REPRESENTATION_CONTEXT ( 'NONE', 'WORKASPACE' ) );
#2473 = ORIENTED_EDGE ( 'NONE', *, *, #1038, .F. ) ;
#2474 = CARTESIAN_POINT ( 'NONE',  ( -1.023219521838761309E-16, -1.057709475560387341E-15, 3.469446951953614189E-15 ) ) ;
#2475 =( GEOMETRIC_REPRESENTATION_CONTEXT ( 3 ) GLOBAL_UNCERTAINTY_ASSIGNED_CONTEXT ( ( #983 ) ) GLOBAL_UNIT_ASSIGNED_CONTEXT ( ( #781, #2110, #3527 ) ) REPRESENTATION_CONTEXT ( 'NONE', 'WORKASPACE' ) );
#2476 = PRESENTATION_STYLE_ASSIGNMENT (( #3178 ) ) ;
#2477 = SURFACE_STYLE_USAGE ( .BOTH. , #3156 ) ;
#2478 = DIRECTION ( 'NONE',  ( -0.05233595624294421628, 0.9986295347545739443, 1.665334536937734564E-16 ) ) ;
#2479 = VECTOR ( 'NONE', #4280, 1000.000000000000000 ) ;
#2480 = DIRECTION ( 'NONE',  ( -3.362406479023546330E-17, 1.000000000000000000, 1.110223024625156540E-16 ) ) ;
#2481 = MECHANICAL_DESIGN_GEOMETRIC_PRESENTATION_REPRESENTATION (  '', ( #1570 ), #512 ) ;
#2482 = ORIENTED_EDGE ( 'NONE', *, *, #146, .F. ) ;
#2483 = AXIS2_PLACEMENT_3D ( 'NONE', #4003, #963, #2647 ) ;
#2484 = DIRECTION ( 'NONE',  ( 3.362406479023546330E-17, -1.000000000000000000, -0.000000000000000000 ) ) ;
#2485 = CARTESIAN_POINT ( 'NONE',  ( -4.266578654407219950, 2.146398552000185145, 1.282700000000001284 ) ) ;
#2486 = EDGE_LOOP ( 'NONE', ( #2847, #4087, #496, #3937 ) ) ;
#2487 = EDGE_CURVE ( 'NONE', #2784, #2532, #210, .T. ) ;
#2488 = EDGE_CURVE ( 'NONE', #971, #1621, #1663, .T. ) ;
#2489 = EDGE_LOOP ( 'NONE', ( #3114, #2045, #4309, #1265, #3054, #1343, #244, #419, #1334, #4252, #2169, #4374 ) ) ;
#2490 =( LENGTH_UNIT ( ) NAMED_UNIT ( * ) SI_UNIT ( .MILLI., .METRE. ) );
#2491 = ORIENTED_EDGE ( 'NONE', *, *, #4241, .F. ) ;
#2492 = DIRECTION ( 'NONE',  ( -8.971146492195128762E-17, 9.429054915185289069E-18, 1.000000000000000000 ) ) ;
#2493 = ADVANCED_FACE ( 'NONE', ( #1344 ), #333, .T. ) ;
#2494 = CARTESIAN_POINT ( 'NONE',  ( -5.194299999999997475, 0.6095999999999988095, 2.120900000000002006 ) ) ;
#2495 = DIRECTION ( 'NONE',  ( 1.025021477084548026E-16, -1.000000000000000000, -1.807389422156492540E-17 ) ) ;
#2496 = DIRECTION ( 'NONE',  ( -0.9986295347545738332, -0.05233595624294441057, -1.787814472748610489E-16 ) ) ;
#2497 = ORIENTED_EDGE ( 'NONE', *, *, #4239, .F. ) ;
#2498 =( NAMED_UNIT ( * ) SI_UNIT ( $, .STERADIAN. ) SOLID_ANGLE_UNIT ( ) );
#2499 = EDGE_CURVE ( 'NONE', #3963, #1825, #2414, .T. ) ;
#2500 =( LENGTH_UNIT ( ) NAMED_UNIT ( * ) SI_UNIT ( .MILLI., .METRE. ) );
#2501 = LINE ( 'NONE', #3205, #907 ) ;
#2502 = VERTEX_POINT ( 'NONE', #3826 ) ;
#2503 =( NAMED_UNIT ( * ) SI_UNIT ( $, .STERADIAN. ) SOLID_ANGLE_UNIT ( ) );
#2504 = DIRECTION ( 'NONE',  ( -0.000000000000000000, 1.000000000000000000, 3.885780586188046905E-16 ) ) ;
#2505 = FILL_AREA_STYLE ('',( #1778 ) ) ;
#2506 = VERTEX_POINT ( 'NONE', #2451 ) ;
#2507 = SURFACE_SIDE_STYLE ('',( #1168 ) ) ;
#2508 = VERTEX_POINT ( 'NONE', #1090 ) ;
#2509 = ADVANCED_FACE ( 'NONE', ( #3438 ), #377, .F. ) ;
#2510 = ADVANCED_FACE ( 'NONE', ( #1068 ), #4159, .F. ) ;
#2511 = DIRECTION ( 'NONE',  ( -1.059358394363801936E-16, -3.885780586188046905E-16, 1.000000000000000000 ) ) ;
#2512 = ORIENTED_EDGE ( 'NONE', *, *, #686, .F. ) ;
#2513 = STYLED_ITEM ( 'NONE', ( #3058 ), #948 ) ;
#2514 = SURFACE_STYLE_FILL_AREA ( #2893 ) ;
#2515 = EDGE_CURVE ( 'NONE', #2219, #4151, #1470, .T. ) ;
#2516 = ORIENTED_EDGE ( 'NONE', *, *, #3437, .T. ) ;
#2517 = FILL_AREA_STYLE ('',( #3199 ) ) ;
#2518 =( NAMED_UNIT ( * ) SI_UNIT ( $, .STERADIAN. ) SOLID_ANGLE_UNIT ( ) );
#2519 = VECTOR ( 'NONE', #1052, 1000.000000000000000 ) ;
#2520 = LINE ( 'NONE', #1180, #790 ) ;
#2521 = DIRECTION ( 'NONE',  ( 0.1045284632676530823, 0.9945218953682735119, 2.668225570433289623E-16 ) ) ;
#2522 =( GEOMETRIC_REPRESENTATION_CONTEXT ( 3 ) GLOBAL_UNCERTAINTY_ASSIGNED_CONTEXT ( ( #278 ) ) GLOBAL_UNIT_ASSIGNED_CONTEXT ( ( #1063, #1787, #1762 ) ) REPRESENTATION_CONTEXT ( 'NONE', 'WORKASPACE' ) );
#2523 = ORIENTED_EDGE ( 'NONE', *, *, #3040, .T. ) ;
#2524 = FILL_AREA_STYLE ('',( #3230 ) ) ;
#2525 = CARTESIAN_POINT ( 'NONE',  ( -4.266578654407219950, 3.555999999999963634, -3.822699999999998433 ) ) ;
#2526 = DIRECTION ( 'NONE',  ( 2.056558963437204200E-17, 6.914987183155203891E-34, -1.000000000000000000 ) ) ;
#2527 = ORIENTED_EDGE ( 'NONE', *, *, #2372, .F. ) ;
#2528 = PRESENTATION_STYLE_ASSIGNMENT (( #140 ) ) ;
#2529 = DIRECTION ( 'NONE',  ( 1.138269997360110167E-15, -1.000000000000000000, -5.691349986800550837E-16 ) ) ;
#2530 =( LENGTH_UNIT ( ) NAMED_UNIT ( * ) SI_UNIT ( .MILLI., .METRE. ) );
#2531 = VECTOR ( 'NONE', #3586, 1000.000000000000000 ) ;
#2532 = VERTEX_POINT ( 'NONE', #2941 ) ;
#2533 = ORIENTED_EDGE ( 'NONE', *, *, #4292, .F. ) ;
#2534 = CARTESIAN_POINT ( 'NONE',  ( -5.971277244371143489, 0.6912635990884611337, -0.4190999999999985848 ) ) ;
#2535 = DIRECTION ( 'NONE',  ( -1.059358394363802552E-16, -3.885780586188047891E-16, 1.000000000000000000 ) ) ;
#2536 = AXIS2_PLACEMENT_3D ( 'NONE', #1724, #678, #4032 ) ;
#2537 =( NAMED_UNIT ( * ) PLANE_ANGLE_UNIT ( ) SI_UNIT ( $, .RADIAN. ) );
#2538 = LINE ( 'NONE', #3906, #1697 ) ;
#2539 = LINE ( 'NONE', #4224, #9 ) ;
#2540 = EDGE_CURVE ( 'NONE', #4149, #935, #4246, .T. ) ;
#2541 = EDGE_CURVE ( 'NONE', #858, #2469, #4311, .T. ) ;
#2542 =( LENGTH_UNIT ( ) NAMED_UNIT ( * ) SI_UNIT ( .MILLI., .METRE. ) );
#2543 = AXIS2_PLACEMENT_3D ( 'NONE', #2714, #421, #355 ) ;
#2544 = ORIENTED_EDGE ( 'NONE', *, *, #1469, .T. ) ;
#2545 = MECHANICAL_DESIGN_GEOMETRIC_PRESENTATION_REPRESENTATION (  '', ( #3627 ), #3982 ) ;
#2546 = EDGE_CURVE ( 'NONE', #803, #646, #2520, .T. ) ;
#2547 = FILL_AREA_STYLE ('',( #593 ) ) ;
#2548 = VECTOR ( 'NONE', #3516, 1000.000000000000000 ) ;
#2549 = AXIS2_PLACEMENT_3D ( 'NONE', #153, #3905, #3884 ) ;
#2550 = ORIENTED_EDGE ( 'NONE', *, *, #823, .T. ) ;
#2551 = FILL_AREA_STYLE ('',( #3944 ) ) ;
#2552 = AXIS2_PLACEMENT_3D ( 'NONE', #1729, #3069, #2454 ) ;
#2553 = CARTESIAN_POINT ( 'NONE',  ( -5.024404338677843640, 2.226049241010137791, -3.822699999999998433 ) ) ;
#2554 = PRESENTATION_LAYER_ASSIGNMENT (  '', '', ( #84 ) ) ;
#2555 = VECTOR ( 'NONE', #1017, 1000.000000000000000 ) ;
#2556 = PRESENTATION_LAYER_ASSIGNMENT (  '', '', ( #3711 ) ) ;
#2557 = ORIENTED_EDGE ( 'NONE', *, *, #1661, .T. ) ;
#2558 =( LENGTH_UNIT ( ) NAMED_UNIT ( * ) SI_UNIT ( .MILLI., .METRE. ) );
#2559 = UNCERTAINTY_MEASURE_WITH_UNIT (LENGTH_MEASURE( 1.000000000000000082E-05 ), #1391, 'distance_accuracy_value', 'NONE');
#2560 = DIRECTION ( 'NONE',  ( 0.000000000000000000, 0.000000000000000000, 1.000000000000000000 ) ) ;
#2561 = FILL_AREA_STYLE_COLOUR ( '', #2793 ) ;
#2562 = LINE ( 'NONE', #516, #361 ) ;
#2563 = CARTESIAN_POINT ( 'NONE',  ( -5.024404338677844528, 2.226049241010136903, -0.4190999999999989178 ) ) ;
#2564 = FILL_AREA_STYLE_COLOUR ( '', #3029 ) ;
#2565 = UNCERTAINTY_MEASURE_WITH_UNIT (LENGTH_MEASURE( 1.000000000000000082E-05 ), #3066, 'distance_accuracy_value', 'NONE');
#2566 = EDGE_CURVE ( 'NONE', #632, #1937, #2854, .T. ) ;
#2567 = EDGE_LOOP ( 'NONE', ( #340, #1972, #1814, #3409 ) ) ;
#2568 = FACE_OUTER_BOUND ( 'NONE', #3958, .T. ) ;
#2569 = SURFACE_STYLE_FILL_AREA ( #2229 ) ;
#2570 = EDGE_LOOP ( 'NONE', ( #3491, #2544, #2435, #2015 ) ) ;
#2571 = CARTESIAN_POINT ( 'NONE',  ( -7.175499999999991552, 0.4943139327224036483, -3.822699999999999765 ) ) ;
#2572 = SURFACE_STYLE_USAGE ( .BOTH. , #274 ) ;
#2573 = DIRECTION ( 'NONE',  ( -1.059358394363802552E-16, -3.885780586188047891E-16, 1.000000000000000000 ) ) ;
#2574 = CARTESIAN_POINT ( 'NONE',  ( 0.8254999999999996785, -1.084202172485504434E-15, 2.540000000000001812 ) ) ;
#2575 = DIRECTION ( 'NONE',  ( 1.059358394363802552E-16, 3.885780586188047891E-16, -1.000000000000000000 ) ) ;
#2576 = LINE ( 'NONE', #3931, #1496 ) ;
#2577 = CARTESIAN_POINT ( 'NONE',  ( -5.838353819507971387, 0.6772927841693231477, 2.984500000000001929 ) ) ;
#2578 = SURFACE_STYLE_FILL_AREA ( #2828 ) ;
#2579 = MECHANICAL_DESIGN_GEOMETRIC_PRESENTATION_REPRESENTATION (  '', ( #3808 ), #1884 ) ;
#2580 =( NAMED_UNIT ( * ) SI_UNIT ( $, .STERADIAN. ) SOLID_ANGLE_UNIT ( ) );
#2581 = CARTESIAN_POINT ( 'NONE',  ( 7.175499999999998657, 1.320800000000000196, -3.428999999999998050 ) ) ;
#2582 = SURFACE_STYLE_USAGE ( .BOTH. , #238 ) ;
#2583 = PRESENTATION_LAYER_ASSIGNMENT (  '', '', ( #836 ) ) ;
#2584 = VERTEX_POINT ( 'NONE', #2925 ) ;
#2585 = STYLED_ITEM ( 'NONE', ( #2167 ), #4191 ) ;
#2586 = ORIENTED_EDGE ( 'NONE', *, *, #602, .F. ) ;
#2587 = SURFACE_SIDE_STYLE ('',( #3920 ) ) ;
#2588 =( GEOMETRIC_REPRESENTATION_CONTEXT ( 3 ) GLOBAL_UNCERTAINTY_ASSIGNED_CONTEXT ( ( #959 ) ) GLOBAL_UNIT_ASSIGNED_CONTEXT ( ( #2558, #1549, #3567 ) ) REPRESENTATION_CONTEXT ( 'NONE', 'WORKASPACE' ) );
#2589 = UNCERTAINTY_MEASURE_WITH_UNIT (LENGTH_MEASURE( 1.000000000000000082E-05 ), #1982, 'distance_accuracy_value', 'NONE');
#2590 = CARTESIAN_POINT ( 'NONE',  ( -5.971277244371142601, 0.6912635990884624659, -2.120899999999998453 ) ) ;
#2591 = COLOUR_RGB ( '',0.8431372549019607865, 0.8431372549019607865, 0.8431372549019607865 ) ;
#2592 = VERTEX_POINT ( 'NONE', #1535 ) ;
#2593 = LINE ( 'NONE', #2280, #508 ) ;
#2594 = EDGE_CURVE ( 'NONE', #1596, #37, #2539, .T. ) ;
#2595 = CARTESIAN_POINT ( 'NONE',  ( -5.024404338677844528, 2.226049241010137347, -0.4190999999999986403 ) ) ;
#2596 = EDGE_CURVE ( 'NONE', #646, #1032, #879, .T. ) ;
#2597 = ORIENTED_EDGE ( 'NONE', *, *, #3832, .F. ) ;
#2598 = SURFACE_STYLE_FILL_AREA ( #1608 ) ;
#2599 = STYLED_ITEM ( 'NONE', ( #525 ), #2894 ) ;
#2600 = DIRECTION ( 'NONE',  ( 1.059358394363802552E-16, 3.885780586188047891E-16, -1.000000000000000000 ) ) ;
#2601 = FILL_AREA_STYLE_COLOUR ( '', #2752 ) ;
#2602 = AXIS2_PLACEMENT_3D ( 'NONE', #2137, #450, #1475 ) ;
#2603 = VERTEX_POINT ( 'NONE', #1863 ) ;
#2604 = SURFACE_SIDE_STYLE ('',( #1996 ) ) ;
#2605 = VECTOR ( 'NONE', #1681, 1000.000000000000000 ) ;
#2606 = SURFACE_SIDE_STYLE ('',( #1322 ) ) ;
#2607 = EDGE_LOOP ( 'NONE', ( #636, #597 ) ) ;
#2608 = DIRECTION ( 'NONE',  ( -1.059358394363802552E-16, -3.885780586188047891E-16, 1.000000000000000000 ) ) ;
#2609 = CARTESIAN_POINT ( 'NONE',  ( -5.838353819507971387, 0.6772927841693264783, 2.984500000000002817 ) ) ;
#2610 = COLOUR_RGB ( '',0.8431372549019607865, 0.8431372549019607865, 0.8431372549019607865 ) ;
#2611 = SURFACE_STYLE_USAGE ( .BOTH. , #2300 ) ;
#2612 =( NAMED_UNIT ( * ) PLANE_ANGLE_UNIT ( ) SI_UNIT ( $, .RADIAN. ) );
#2613 = MECHANICAL_DESIGN_GEOMETRIC_PRESENTATION_REPRESENTATION (  '', ( #2331 ), #1991 ) ;
#2614 = EDGE_LOOP ( 'NONE', ( #4129, #3341 ) ) ;
#2615 = SURFACE_STYLE_FILL_AREA ( #908 ) ;
#2616 =( GEOMETRIC_REPRESENTATION_CONTEXT ( 3 ) GLOBAL_UNCERTAINTY_ASSIGNED_CONTEXT ( ( #2589 ) ) GLOBAL_UNIT_ASSIGNED_CONTEXT ( ( #1982, #1331, #2660 ) ) REPRESENTATION_CONTEXT ( 'NONE', 'WORKASPACE' ) );
#2617 = MECHANICAL_DESIGN_GEOMETRIC_PRESENTATION_REPRESENTATION (  '', ( #799 ), #2761 ) ;
#2618 = FILL_AREA_STYLE ('',( #620 ) ) ;
#2619 = EDGE_CURVE ( 'NONE', #582, #3502, #2562, .T. ) ;
#2620 = MECHANICAL_DESIGN_GEOMETRIC_PRESENTATION_REPRESENTATION (  '', ( #1999 ), #511 ) ;
#2621 = EDGE_CURVE ( 'NONE', #3159, #2219, #865, .T. ) ;
#2622 = ORIENTED_EDGE ( 'NONE', *, *, #2488, .T. ) ;
#2623 = UNCERTAINTY_MEASURE_WITH_UNIT (LENGTH_MEASURE( 1.000000000000000082E-05 ), #2645, 'distance_accuracy_value', 'NONE');
#2624 = AXIS2_PLACEMENT_3D ( 'NONE', #384, #1307, #975 ) ;
#2625 = SURFACE_SIDE_STYLE ('',( #2312 ) ) ;
#2626 = STYLED_ITEM ( 'NONE', ( #3753 ), #1944 ) ;
#2627 = CARTESIAN_POINT ( 'NONE',  ( 7.656740635491961612E-18, 1.320799999999997087, 5.080000000000000959 ) ) ;
#2628 = LINE ( 'NONE', #1009, #1896 ) ;
#2629 = CARTESIAN_POINT ( 'NONE',  ( 6.884384154850322624, 1.320799999999996865, 5.080000000000000959 ) ) ;
#2630 =( LENGTH_UNIT ( ) NAMED_UNIT ( * ) SI_UNIT ( .MILLI., .METRE. ) );
#2631 = CARTESIAN_POINT ( 'NONE',  ( -2.730499999999998817, 2.908398552000168280, -5.029233714437697955 ) ) ;
#2632 = ADVANCED_FACE ( 'NONE', ( #3292 ), #196, .F. ) ;
#2633 = CARTESIAN_POINT ( 'NONE',  ( -7.141607158954611734, -0.1524000000000013122, 0.4191000000000009162 ) ) ;
#2634 = ORIENTED_EDGE ( 'NONE', *, *, #1976, .T. ) ;
#2635 = ORIENTED_EDGE ( 'NONE', *, *, #2651, .T. ) ;
#2636 = PRODUCT_DEFINITION_CONTEXT ( 'detailed design', #3835, 'design' ) ;
#2637 = DIRECTION ( 'NONE',  ( -0.1045284632676538455, -0.9945218953682734009, -4.002338355649943555E-16 ) ) ;
#2638 = CARTESIAN_POINT ( 'NONE',  ( 7.175499999999999545, -1.562328058449441275E-15, 3.428999999999997605 ) ) ;
#2639 = ORIENTED_EDGE ( 'NONE', *, *, #211, .T. ) ;
#2640 = FILL_AREA_STYLE_COLOUR ( '', #581 ) ;
#2641 = PLANE ( 'NONE',  #271 ) ;
#2642 = FILL_AREA_STYLE_COLOUR ( '', #2058 ) ;
#2643 = VERTEX_POINT ( 'NONE', #2901 ) ;
#2644 = UNCERTAINTY_MEASURE_WITH_UNIT (LENGTH_MEASURE( 1.000000000000000082E-05 ), #1107, 'distance_accuracy_value', 'NONE');
#2645 =( LENGTH_UNIT ( ) NAMED_UNIT ( * ) SI_UNIT ( .MILLI., .METRE. ) );
#2646 = MECHANICAL_DESIGN_GEOMETRIC_PRESENTATION_REPRESENTATION (  '', ( #175 ), #754 ) ;
#2647 = DIRECTION ( 'NONE',  ( 0.000000000000000000, 0.000000000000000000, 1.000000000000000000 ) ) ;
#2648 = DIRECTION ( 'NONE',  ( 8.715687545503681504E-18, -1.663052253832853828E-16, 1.000000000000000000 ) ) ;
#2649 = CARTESIAN_POINT ( 'NONE',  ( -7.141607158954611734, -0.1524000000000022004, 2.120900000000000674 ) ) ;
#2650 = FILL_AREA_STYLE_COLOUR ( '', #4400 ) ;
#2651 = EDGE_CURVE ( 'NONE', #2643, #757, #585, .T. ) ;
#2652 =( NAMED_UNIT ( * ) PLANE_ANGLE_UNIT ( ) SI_UNIT ( $, .RADIAN. ) );
#2653 = DIRECTION ( 'NONE',  ( -1.000000000000000000, 2.487057936124655726E-16, 0.000000000000000000 ) ) ;
#2654 = SURFACE_STYLE_USAGE ( .BOTH. , #4369 ) ;
#2655 = VERTEX_POINT ( 'NONE', #236 ) ;
#2656 =( NAMED_UNIT ( * ) PLANE_ANGLE_UNIT ( ) SI_UNIT ( $, .RADIAN. ) );
#2657 = MECHANICAL_DESIGN_GEOMETRIC_PRESENTATION_REPRESENTATION (  '', ( #3671 ), #4302 ) ;
#2658 = DIRECTION ( 'NONE',  ( 0.9986295347545740553, 0.05233595624294259951, 1.144917494144692682E-16 ) ) ;
#2659 = VERTEX_POINT ( 'NONE', #2165 ) ;
#2660 =( NAMED_UNIT ( * ) SI_UNIT ( $, .STERADIAN. ) SOLID_ANGLE_UNIT ( ) );
#2661 = PRESENTATION_LAYER_ASSIGNMENT (  '', '', ( #186 ) ) ;
#2662 = CARTESIAN_POINT ( 'NONE',  ( -5.024404338677843640, 2.226049241010136015, 1.282700000000001284 ) ) ;
#2663 = VECTOR ( 'NONE', #873, 1000.000000000000000 ) ;
#2664 = ORIENTED_EDGE ( 'NONE', *, *, #3214, .T. ) ;
#2665 = CARTESIAN_POINT ( 'NONE',  ( -5.971277244371142601, 0.6912635990884624659, -2.120899999999998453 ) ) ;
#2666 = CARTESIAN_POINT ( 'NONE',  ( 4.234648332375096593E-16, 4.648200000000001886, -4.998865367200656884 ) ) ;
#2667 = DIRECTION ( 'NONE',  ( 0.05233595624294926779, -0.9986295347545736112, -6.696724819465708258E-16 ) ) ;
#2668 = FILL_AREA_STYLE ('',( #1967 ) ) ;
#2669 = AXIS2_PLACEMENT_3D ( 'NONE', #1613, #965, #1377 ) ;
#2670 = LINE ( 'NONE', #326, #773 ) ;
#2671 = CARTESIAN_POINT ( 'NONE',  ( -5.024404338677844528, 2.226049241010135571, 2.984500000000001929 ) ) ;
#2672 = SURFACE_SIDE_STYLE ('',( #2713 ) ) ;
#2673 = CARTESIAN_POINT ( 'NONE',  ( -4.266578654407219950, 3.555999999999964079, 0.4191000000000026371 ) ) ;
#2674 = EDGE_CURVE ( 'NONE', #1596, #2209, #4268, .T. ) ;
#2675 = EDGE_CURVE ( 'NONE', #2219, #632, #3550, .T. ) ;
#2676 = ORIENTED_EDGE ( 'NONE', *, *, #1390, .F. ) ;
#2677 =( NAMED_UNIT ( * ) SI_UNIT ( $, .STERADIAN. ) SOLID_ANGLE_UNIT ( ) );
#2678 = ORIENTED_EDGE ( 'NONE', *, *, #637, .F. ) ;
#2679 =( GEOMETRIC_REPRESENTATION_CONTEXT ( 3 ) GLOBAL_UNCERTAINTY_ASSIGNED_CONTEXT ( ( #2565 ) ) GLOBAL_UNIT_ASSIGNED_CONTEXT ( ( #3066, #4371, #1327 ) ) REPRESENTATION_CONTEXT ( 'NONE', 'WORKASPACE' ) );
#2680 = LINE ( 'NONE', #952, #4275 ) ;
#2681 = DIRECTION ( 'NONE',  ( 3.362406479023546330E-17, -1.000000000000000000, -1.110223024625156540E-16 ) ) ;
#2682 = VERTEX_POINT ( 'NONE', #2966 ) ;
#2683 = CARTESIAN_POINT ( 'NONE',  ( -4.266578654407219950, 3.555999999999963190, 3.822700000000001985 ) ) ;
#2684 =( GEOMETRIC_REPRESENTATION_CONTEXT ( 3 ) GLOBAL_UNCERTAINTY_ASSIGNED_CONTEXT ( ( #1238 ) ) GLOBAL_UNIT_ASSIGNED_CONTEXT ( ( #3221, #3900, #4258 ) ) REPRESENTATION_CONTEXT ( 'NONE', 'WORKASPACE' ) );
#2685 = DIRECTION ( 'NONE',  ( 2.487057936124655726E-16, 1.000000000000000000, 1.110223024625156540E-16 ) ) ;
#2686 = ORIENTED_EDGE ( 'NONE', *, *, #189, .F. ) ;
#2687 = AXIS2_PLACEMENT_3D ( 'NONE', #1102, #1479, #2152 ) ;
#2688 = FILL_AREA_STYLE ('',( #83 ) ) ;
#2689 = MECHANICAL_DESIGN_GEOMETRIC_PRESENTATION_REPRESENTATION (  '', ( #3057 ), #1708 ) ;
#2690 = SURFACE_SIDE_STYLE ('',( #262 ) ) ;
#2691 = AXIS2_PLACEMENT_3D ( 'NONE', #1146, #2461, #451 ) ;
#2692 = FACE_OUTER_BOUND ( 'NONE', #396, .T. ) ;
#2693 = AXIS2_PLACEMENT_3D ( 'NONE', #4395, #337, #2366 ) ;
#2694 = CARTESIAN_POINT ( 'NONE',  ( -2.730500000000001926, 3.555999999999961858, 2.984500000000002817 ) ) ;
#2695 =( LENGTH_UNIT ( ) NAMED_UNIT ( * ) SI_UNIT ( .MILLI., .METRE. ) );
#2696 = ORIENTED_EDGE ( 'NONE', *, *, #2726, .T. ) ;
#2697 = PRESENTATION_STYLE_ASSIGNMENT (( #1303 ) ) ;
#2698 = ORIENTED_EDGE ( 'NONE', *, *, #797, .F. ) ;
#2699 = ORIENTED_EDGE ( 'NONE', *, *, #2749, .F. ) ;
#2700 = EDGE_CURVE ( 'NONE', #3411, #3080, #1024, .T. ) ;
#2701 = EDGE_CURVE ( 'NONE', #4113, #904, #308, .T. ) ;
#2702 = PRESENTATION_STYLE_ASSIGNMENT (( #4014 ) ) ;
#2703 = ORIENTED_EDGE ( 'NONE', *, *, #3862, .F. ) ;
#2704 = DIRECTION ( 'NONE',  ( -0.9945218953682734009, 0.1045284632676540953, -9.020562075079400589E-17 ) ) ;
#2705 = EDGE_CURVE ( 'NONE', #24, #4329, #3713, .T. ) ;
#2706 = CARTESIAN_POINT ( 'NONE',  ( 5.905499999999999083, 1.320799999999997087, 5.080000000000000959 ) ) ;
#2707 = VERTEX_POINT ( 'NONE', #264 ) ;
#2708 = ADVANCED_FACE ( 'NONE', ( #3672 ), #2020, .F. ) ;
#2709 = PLANE ( 'NONE',  #791 ) ;
#2710 =( LENGTH_UNIT ( ) NAMED_UNIT ( * ) SI_UNIT ( .MILLI., .METRE. ) );
#2711 = DIRECTION ( 'NONE',  ( 0.000000000000000000, 3.885780586188046905E-16, -1.000000000000000000 ) ) ;
#2712 = FILL_AREA_STYLE_COLOUR ( '', #3545 ) ;
#2713 = SURFACE_STYLE_FILL_AREA ( #2022 ) ;
#2714 = CARTESIAN_POINT ( 'NONE',  ( -5.971277244371143489, 0.6912635990884594683, 3.822700000000001097 ) ) ;
#2715 = FILL_AREA_STYLE ('',( #2321 ) ) ;
#2716 = ORIENTED_EDGE ( 'NONE', *, *, #854, .F. ) ;
#2717 = FILL_AREA_STYLE_COLOUR ( '', #1688 ) ;
#2718 = SURFACE_STYLE_USAGE ( .BOTH. , #2806 ) ;
#2719 = CARTESIAN_POINT ( 'NONE',  ( -4.266578654407219950, 2.908398552000186488, -3.822699999999998433 ) ) ;
#2720 = ORIENTED_EDGE ( 'NONE', *, *, #4325, .T. ) ;
#2721 = STYLED_ITEM ( 'NONE', ( #1507 ), #1037 ) ;
#2722 =( GEOMETRIC_REPRESENTATION_CONTEXT ( 3 ) GLOBAL_UNCERTAINTY_ASSIGNED_CONTEXT ( ( #4350 ) ) GLOBAL_UNIT_ASSIGNED_CONTEXT ( ( #4118, #424, #2453 ) ) REPRESENTATION_CONTEXT ( 'NONE', 'WORKASPACE' ) );
#2723 = ORIENTED_EDGE ( 'NONE', *, *, #3152, .T. ) ;
#2724 = PRESENTATION_LAYER_ASSIGNMENT (  '', '', ( #555 ) ) ;
#2725 = EDGE_CURVE ( 'NONE', #1621, #1094, #2670, .T. ) ;
#2726 = EDGE_CURVE ( 'NONE', #1101, #2892, #1197, .T. ) ;
#2727 = FILL_AREA_STYLE ('',( #1755 ) ) ;
#2728 = PRESENTATION_LAYER_ASSIGNMENT (  '', '', ( #3881 ) ) ;
#2729 = FILL_AREA_STYLE ('',( #2040 ) ) ;
#2730 = PRESENTATION_LAYER_ASSIGNMENT (  '', '', ( #265 ) ) ;
#2731 = CARTESIAN_POINT ( 'NONE',  ( -5.930389409470220308, -0.08892276752131932083, -3.822699999999998877 ) ) ;
#2732 = FACE_BOUND ( 'NONE', #2607, .T. ) ;
#2733 = ORIENTED_EDGE ( 'NONE', *, *, #2869, .T. ) ;
#2734 = CARTESIAN_POINT ( 'NONE',  ( -5.194299999999997475, 0.6095999999999992536, -0.4190999999999993064 ) ) ;
#2735 = VECTOR ( 'NONE', #3286, 1000.000000000000000 ) ;
#2736 = DIRECTION ( 'NONE',  ( -0.9986295347545739443, -0.05233595624294411913, -1.787814472748600628E-16 ) ) ;
#2737 = FILL_AREA_STYLE_COLOUR ( '', #2988 ) ;
#2738 = PRESENTATION_LAYER_ASSIGNMENT (  '', '', ( #2243 ) ) ;
#2739 = ORIENTED_EDGE ( 'NONE', *, *, #882, .F. ) ;
#2740 = FILL_AREA_STYLE_COLOUR ( '', #4202 ) ;
#2741 = DIRECTION ( 'NONE',  ( 1.059358394363802552E-16, 3.885780586188047891E-16, -1.000000000000000000 ) ) ;
#2742 = STYLED_ITEM ( 'NONE', ( #1069 ), #3521 ) ;
#2743 = CARTESIAN_POINT ( 'NONE',  ( -5.194299999999997475, 0.6095999999999995866, -2.120899999999998897 ) ) ;
#2744 = FILL_AREA_STYLE_COLOUR ( '', #2610 ) ;
#2745 = ORIENTED_EDGE ( 'NONE', *, *, #2264, .F. ) ;
#2746 = SURFACE_SIDE_STYLE ('',( #4174 ) ) ;
#2747 = VECTOR ( 'NONE', #3340, 1000.000000000000114 ) ;
#2748 = AXIS2_PLACEMENT_3D ( 'NONE', #267, #1027, #1325 ) ;
#2749 = EDGE_CURVE ( 'NONE', #1173, #3929, #601, .T. ) ;
#2750 = ADVANCED_FACE ( 'NONE', ( #2692 ), #4048, .T. ) ;
#2751 = DIRECTION ( 'NONE',  ( 1.059358394363802552E-16, 3.885780586188047891E-16, -1.000000000000000000 ) ) ;
#2752 = COLOUR_RGB ( '',0.8431372549019607865, 0.8431372549019607865, 0.8431372549019607865 ) ;
#2753 = STYLED_ITEM ( 'NONE', ( #2476 ), #2509 ) ;
#2754 = CARTESIAN_POINT ( 'NONE',  ( -0.9453947025818487671, 4.521199999999998553, -4.046365367200657204 ) ) ;
#2755 = SURFACE_STYLE_USAGE ( .BOTH. , #2799 ) ;
#2756 = AXIS2_PLACEMENT_3D ( 'NONE', #866, #2155, #1875 ) ;
#2757 = ORIENTED_EDGE ( 'NONE', *, *, #577, .T. ) ;
#2758 =( GEOMETRIC_REPRESENTATION_CONTEXT ( 3 ) GLOBAL_UNCERTAINTY_ASSIGNED_CONTEXT ( ( #3633 ) ) GLOBAL_UNIT_ASSIGNED_CONTEXT ( ( #842, #1820, #795 ) ) REPRESENTATION_CONTEXT ( 'NONE', 'WORKASPACE' ) );
#2759 = DIRECTION ( 'NONE',  ( 4.474168386444131945E-16, 0.000000000000000000, -1.000000000000000000 ) ) ;
#2760 = EDGE_LOOP ( 'NONE', ( #3284, #3877, #1400, #2739 ) ) ;
#2761 =( GEOMETRIC_REPRESENTATION_CONTEXT ( 3 ) GLOBAL_UNCERTAINTY_ASSIGNED_CONTEXT ( ( #3192 ) ) GLOBAL_UNIT_ASSIGNED_CONTEXT ( ( #1457, #1124, #3186 ) ) REPRESENTATION_CONTEXT ( 'NONE', 'WORKASPACE' ) );
#2762 =( GEOMETRIC_REPRESENTATION_CONTEXT ( 3 ) GLOBAL_UNCERTAINTY_ASSIGNED_CONTEXT ( ( #1461 ) ) GLOBAL_UNIT_ASSIGNED_CONTEXT ( ( #3635, #2884, #4231 ) ) REPRESENTATION_CONTEXT ( 'NONE', 'WORKASPACE' ) );
#2763 = SURFACE_SIDE_STYLE ('',( #3179 ) ) ;
#2764 = CIRCLE ( 'NONE', #798, 0.1336556042478582174 ) ;
#2765 = VECTOR ( 'NONE', #3022, 1000.000000000000000 ) ;
#2766 = CARTESIAN_POINT ( 'NONE',  ( -5.971277244371143489, 0.6912635990884608006, 0.4191000000000021375 ) ) ;
#2767 = VECTOR ( 'NONE', #46, 1000.000000000000000 ) ;
#2768 = DIRECTION ( 'NONE',  ( -0.1736481776669310528, 0.000000000000000000, 0.9848077530122079093 ) ) ;
#2769 = EDGE_CURVE ( 'NONE', #2898, #1442, #2628, .T. ) ;
#2770 = ORIENTED_EDGE ( 'NONE', *, *, #1447, .T. ) ;
#2771 = PRESENTATION_STYLE_ASSIGNMENT (( #3184 ) ) ;
#2772 = SURFACE_STYLE_FILL_AREA ( #1519 ) ;
#2773 = DIRECTION ( 'NONE',  ( 0.000000000000000000, 3.885780586188046905E-16, -1.000000000000000000 ) ) ;
#2774 = FILL_AREA_STYLE ('',( #3026 ) ) ;
#2775 = ORIENTED_EDGE ( 'NONE', *, *, #881, .T. ) ;
#2776 = FILL_AREA_STYLE ('',( #1103 ) ) ;
#2777 = ORIENTED_EDGE ( 'NONE', *, *, #1894, .F. ) ;
#2778 = LINE ( 'NONE', #3056, #2256 ) ;
#2779 = PRESENTATION_STYLE_ASSIGNMENT (( #3792 ) ) ;
#2780 = CARTESIAN_POINT ( 'NONE',  ( 2.847184475458229118E-16, 4.648199999999998333, 3.469446951953614189E-15 ) ) ;
#2781 =( NAMED_UNIT ( * ) PLANE_ANGLE_UNIT ( ) SI_UNIT ( $, .RADIAN. ) );
#2782 = FILL_AREA_STYLE_COLOUR ( '', #1766 ) ;
#2783 = ORIENTED_EDGE ( 'NONE', *, *, #494, .T. ) ;
#2784 = VERTEX_POINT ( 'NONE', #3383 ) ;
#2785 = PRESENTATION_STYLE_ASSIGNMENT (( #3108 ) ) ;
#2786 = EDGE_CURVE ( 'NONE', #2083, #2228, #1639, .T. ) ;
#2787 = SURFACE_STYLE_USAGE ( .BOTH. , #2763 ) ;
#2788 = CARTESIAN_POINT ( 'NONE',  ( -5.971277244371142601, 0.6912635990884637982, -3.822699999999997988 ) ) ;
#2789 = DIRECTION ( 'NONE',  ( 0.000000000000000000, 0.9998476951563912696, -0.01745240643727996588 ) ) ;
#2790 = ORIENTED_EDGE ( 'NONE', *, *, #2038, .F. ) ;
#2791 =( NAMED_UNIT ( * ) SI_UNIT ( $, .STERADIAN. ) SOLID_ANGLE_UNIT ( ) );
#2792 = CARTESIAN_POINT ( 'NONE',  ( -5.194299999999997475, 0.6095999999999988095, 1.282700000000000617 ) ) ;
#2793 = COLOUR_RGB ( '',0.7921568627450980005, 0.8196078431372548767, 0.9333333333333333481 ) ;
#2794 = ORIENTED_EDGE ( 'NONE', *, *, #1264, .T. ) ;
#2795 = ORIENTED_EDGE ( 'NONE', *, *, #226, .F. ) ;
#2796 = CIRCLE ( 'NONE', #1184, 0.7812570522476320889 ) ;
#2797 = SURFACE_SIDE_STYLE ('',( #1444 ) ) ;
#2798 = COLOUR_RGB ( '',0.8431372549019607865, 0.8431372549019607865, 0.8431372549019607865 ) ;
#2799 = SURFACE_SIDE_STYLE ('',( #3477 ) ) ;
#2800 = ORIENTED_EDGE ( 'NONE', *, *, #3883, .F. ) ;
#2801 = PRESENTATION_LAYER_ASSIGNMENT (  '', '', ( #4396 ) ) ;
#2802 = DIRECTION ( 'NONE',  ( -0.05232800705137504588, 0.9984778551437668570, -0.01742849579091842668 ) ) ;
#2803 = FILL_AREA_STYLE ('',( #3528 ) ) ;
#2804 = STYLED_ITEM ( 'NONE', ( #1526 ), #4090 ) ;
#2805 = EDGE_CURVE ( 'NONE', #3751, #422, #4408, .T. ) ;
#2806 = SURFACE_SIDE_STYLE ('',( #1385 ) ) ;
#2807 = EDGE_CURVE ( 'NONE', #935, #646, #2316, .T. ) ;
#2808 = VERTEX_POINT ( 'NONE', #3363 ) ;
#2809 = VECTOR ( 'NONE', #1309, 1000.000000000000000 ) ;
#2810 = LINE ( 'NONE', #3533, #3187 ) ;
#2811 = DIRECTION ( 'NONE',  ( 0.000000000000000000, 0.9998476951563912696, 0.01745240643728019139 ) ) ;
#2812 = VECTOR ( 'NONE', #3464, 1000.000000000000000 ) ;
#2813 = ORIENTED_EDGE ( 'NONE', *, *, #2038, .T. ) ;
#2815 = AXIS2_PLACEMENT_3D ( 'NONE', #3483, #129, #3783 ) ;
#2814 = DIRECTION ( 'NONE',  ( -1.059358394363802799E-16, 0.000000000000000000, 1.000000000000000000 ) ) ;
#2816 = UNCERTAINTY_MEASURE_WITH_UNIT (LENGTH_MEASURE( 1.000000000000000082E-05 ), #3334, 'distance_accuracy_value', 'NONE');
#2817 = ORIENTED_EDGE ( 'NONE', *, *, #2404, .T. ) ;
#2818 = CARTESIAN_POINT ( 'NONE',  ( -2.730500000000001926, 2.146398552000184257, 0.4191000000000022485 ) ) ;
#2819 = EDGE_LOOP ( 'NONE', ( #488, #2775, #1482, #2866 ) ) ;
#2820 = SURFACE_STYLE_USAGE ( .BOTH. , #1484 ) ;
#2821 = AXIS2_PLACEMENT_3D ( 'NONE', #4020, #1568, #3288 ) ;
#2822 = PRESENTATION_STYLE_ASSIGNMENT (( #2755 ) ) ;
#2823 = ORIENTED_EDGE ( 'NONE', *, *, #1704, .T. ) ;
#2824 = CARTESIAN_POINT ( 'NONE',  ( -4.266578654407219950, 2.146398552000186033, -2.120899999999998453 ) ) ;
#2825 = SURFACE_STYLE_USAGE ( .BOTH. , #3932 ) ;
#2826 = VECTOR ( 'NONE', #2025, 1000.000000000000000 ) ;
#2827 = MECHANICAL_DESIGN_GEOMETRIC_PRESENTATION_REPRESENTATION (  '', ( #3840 ), #574 ) ;
#2828 = FILL_AREA_STYLE ('',( #4223 ) ) ;
#2829 = SURFACE_STYLE_FILL_AREA ( #3083 ) ;
#2830 = CARTESIAN_POINT ( 'NONE',  ( -4.266578654407219950, 3.555999999999961858, 2.120900000000002450 ) ) ;
#2831 = AXIS2_PLACEMENT_3D ( 'NONE', #1737, #3100, #3150 ) ;
#2832 = DIRECTION ( 'NONE',  ( 0.1736481776669300259, -3.880305409920298301E-16, 0.9848077530122081313 ) ) ;
#2833 = VECTOR ( 'NONE', #2495, 1000.000000000000000 ) ;
#2834 = PRESENTATION_LAYER_ASSIGNMENT (  '', '', ( #4070 ) ) ;
#2835 = AXIS2_PLACEMENT_3D ( 'NONE', #1247, #201, #519 ) ;
#2836 = EDGE_LOOP ( 'NONE', ( #2426, #241, #54, #179, #1312, #4078, #4245, #2027, #40, #1462, #1473, #3778 ) ) ;
#2837 = DIRECTION ( 'NONE',  ( -1.059358394363802799E-16, 0.000000000000000000, 1.000000000000000000 ) ) ;
#2838 =( GEOMETRIC_REPRESENTATION_CONTEXT ( 3 ) GLOBAL_UNCERTAINTY_ASSIGNED_CONTEXT ( ( #1799 ) ) GLOBAL_UNIT_ASSIGNED_CONTEXT ( ( #2850, #2612, #506 ) ) REPRESENTATION_CONTEXT ( 'NONE', 'WORKASPACE' ) );
#2839 = LINE ( 'NONE', #1796, #1058 ) ;
#2840 = EDGE_CURVE ( 'NONE', #1569, #3751, #2339, .T. ) ;
#2841 = CARTESIAN_POINT ( 'NONE',  ( 5.905499999999999083, 1.320799999999999752, -5.080000000000000959 ) ) ;
#2842 = VECTOR ( 'NONE', #4114, 1000.000000000000000 ) ;
#2843 = ORIENTED_EDGE ( 'NONE', *, *, #1281, .F. ) ;
#2844 = CARTESIAN_POINT ( 'NONE',  ( -7.141607158954611734, -0.1524000000000020061, 2.984500000000001485 ) ) ;
#2845 = ADVANCED_FACE ( 'NONE', ( #2402 ), #61, .T. ) ;
#2846 = CARTESIAN_POINT ( 'NONE',  ( -2.730500000000001481, 3.555999999999964079, -3.822699999999997988 ) ) ;
#2847 = ORIENTED_EDGE ( 'NONE', *, *, #35, .F. ) ;
#2848 = PLANE ( 'NONE',  #1420 ) ;
#2849 = ORIENTED_EDGE ( 'NONE', *, *, #4296, .T. ) ;
#2850 =( LENGTH_UNIT ( ) NAMED_UNIT ( * ) SI_UNIT ( .MILLI., .METRE. ) );
#2851 = CARTESIAN_POINT ( 'NONE',  ( -5.838353819507971387, 0.6772927841693263673, -2.120899999999998453 ) ) ;
#2852 =( LENGTH_UNIT ( ) NAMED_UNIT ( * ) SI_UNIT ( .MILLI., .METRE. ) );
#2853 = LINE ( 'NONE', #4286, #619 ) ;
#2854 = LINE ( 'NONE', #1200, #3277 ) ;
#2855 = CARTESIAN_POINT ( 'NONE',  ( -5.194299999999997475, 0.6096000000000013630, -2.984499999999999265 ) ) ;
#2856 = FILL_AREA_STYLE ('',( #160 ) ) ;
#2857 = EDGE_LOOP ( 'NONE', ( #2423, #2407, #1772, #805 ) ) ;
#2858 =( LENGTH_UNIT ( ) NAMED_UNIT ( * ) SI_UNIT ( .MILLI., .METRE. ) );
#2859 = SURFACE_STYLE_USAGE ( .BOTH. , #3513 ) ;
#2860 = VECTOR ( 'NONE', #947, 1000.000000000000000 ) ;
#2861 = CARTESIAN_POINT ( 'NONE',  ( 0.8254999999999964588, -1.951563910473907981E-15, -2.540000000000000480 ) ) ;
#2862 = VERTEX_POINT ( 'NONE', #2731 ) ;
#2863 = CYLINDRICAL_SURFACE ( 'NONE', #2687, 1.409601447999776047 ) ;
#2864 = DIRECTION ( 'NONE',  ( 0.000000000000000000, 0.000000000000000000, 1.000000000000000000 ) ) ;
#2865 = FILL_AREA_STYLE ('',( #4282 ) ) ;
#2866 = ORIENTED_EDGE ( 'NONE', *, *, #4140, .F. ) ;
#2867 = CARTESIAN_POINT ( 'NONE',  ( -7.141607158954611734, -0.1523999999999995913, -3.822699999999999765 ) ) ;
#2868 = EDGE_LOOP ( 'NONE', ( #2723, #302, #2233, #1687 ) ) ;
#2869 = EDGE_CURVE ( 'NONE', #3130, #4360, #3556, .T. ) ;
#2870 = EDGE_CURVE ( 'NONE', #2508, #1130, #1822, .T. ) ;
#2871 = PRESENTATION_LAYER_ASSIGNMENT (  '', '', ( #4162 ) ) ;
#2872 = CARTESIAN_POINT ( 'NONE',  ( 5.905499999999999083, -2.385244779468109755E-15, 5.080000000000000959 ) ) ;
#2873 = DIRECTION ( 'NONE',  ( 0.05233595624293855414, -0.9986295347545741663, -3.348362409732853636E-16 ) ) ;
#2874 = LINE ( 'NONE', #4221, #1294 ) ;
#2875 = SURFACE_SIDE_STYLE ('',( #2578 ) ) ;
#2876 = AXIS2_PLACEMENT_3D ( 'NONE', #1516, #1812, #92 ) ;
#2877 =( LENGTH_UNIT ( ) NAMED_UNIT ( * ) SI_UNIT ( .MILLI., .METRE. ) );
#2878 = CARTESIAN_POINT ( 'NONE',  ( -5.930389409470221196, -0.08892276752132101392, -0.4190999999999990844 ) ) ;
#2879 = MECHANICAL_DESIGN_GEOMETRIC_PRESENTATION_REPRESENTATION (  '', ( #3472 ), #2522 ) ;
#2880 = UNCERTAINTY_MEASURE_WITH_UNIT (LENGTH_MEASURE( 1.000000000000000082E-05 ), #2210, 'distance_accuracy_value', 'NONE');
#2881 = ORIENTED_EDGE ( 'NONE', *, *, #3832, .T. ) ;
#2882 = CARTESIAN_POINT ( 'NONE',  ( 5.905499999999999083, 1.320799999999997087, 5.080000000000000959 ) ) ;
#2883 = FACE_OUTER_BOUND ( 'NONE', #3005, .T. ) ;
#2884 =( NAMED_UNIT ( * ) PLANE_ANGLE_UNIT ( ) SI_UNIT ( $, .RADIAN. ) );
#2885 = MECHANICAL_DESIGN_GEOMETRIC_PRESENTATION_REPRESENTATION (  '', ( #2599 ), #2890 ) ;
#2886 = EDGE_LOOP ( 'NONE', ( #145, #7, #4301, #3649 ) ) ;
#2887 = DIRECTION ( 'NONE',  ( -1.143348424510086976E-16, -5.992035187533611937E-18, 1.000000000000000000 ) ) ;
#2888 = CARTESIAN_POINT ( 'NONE',  ( -5.838353819507971387, 0.6772927841693248130, 2.984500000000001929 ) ) ;
#2889 = SURFACE_SIDE_STYLE ('',( #168 ) ) ;
#2890 =( GEOMETRIC_REPRESENTATION_CONTEXT ( 3 ) GLOBAL_UNCERTAINTY_ASSIGNED_CONTEXT ( ( #2644 ) ) GLOBAL_UNIT_ASSIGNED_CONTEXT ( ( #1107, #1525, #3896 ) ) REPRESENTATION_CONTEXT ( 'NONE', 'WORKASPACE' ) );
#2891 = DIRECTION ( 'NONE',  ( -0.000000000000000000, 1.000000000000000000, 3.885780586188046905E-16 ) ) ;
#2892 = VERTEX_POINT ( 'NONE', #3103 ) ;
#2893 = FILL_AREA_STYLE ('',( #3930 ) ) ;
#2894 = ADVANCED_FACE ( 'NONE', ( #3429 ), #862, .F. ) ;
#2895 = STYLED_ITEM ( 'NONE', ( #1974 ), #3350 ) ;
#2896 = DIRECTION ( 'NONE',  ( -1.059358394363802552E-16, -3.885780586188047891E-16, 1.000000000000000000 ) ) ;
#2897 = DIRECTION ( 'NONE',  ( -1.059358394363802552E-16, -3.885780586188047891E-16, 1.000000000000000000 ) ) ;
#2898 = VERTEX_POINT ( 'NONE', #2754 ) ;
#2899 = SURFACE_STYLE_FILL_AREA ( #1880 ) ;
#2900 = AXIS2_PLACEMENT_3D ( 'NONE', #3447, #3811, #2056 ) ;
#2901 = CARTESIAN_POINT ( 'NONE',  ( -5.668458158185817553, 2.293742025179461574, -2.120899999999998453 ) ) ;
#2902 = DIRECTION ( 'NONE',  ( 0.000000000000000000, 1.000000000000000000, 3.885780586188046905E-16 ) ) ;
#2903 = FACE_OUTER_BOUND ( 'NONE', #3860, .T. ) ;
#2904 =( GEOMETRIC_REPRESENTATION_CONTEXT ( 3 ) GLOBAL_UNCERTAINTY_ASSIGNED_CONTEXT ( ( #2927 ) ) GLOBAL_UNIT_ASSIGNED_CONTEXT ( ( #1064, #2044, #3434 ) ) REPRESENTATION_CONTEXT ( 'NONE', 'WORKASPACE' ) );
#2905 = VERTEX_POINT ( 'NONE', #2104 ) ;
#2906 =( NAMED_UNIT ( * ) PLANE_ANGLE_UNIT ( ) SI_UNIT ( $, .RADIAN. ) );
#2907 = AXIS2_PLACEMENT_3D ( 'NONE', #3569, #2182, #1879 ) ;
#2908 = CARTESIAN_POINT ( 'NONE',  ( -5.964282250515602790, 0.5577911652010807408, 3.822700000000001097 ) ) ;
#2909 = STYLED_ITEM ( 'NONE', ( #1910 ), #2116 ) ;
#2910 = EDGE_LOOP ( 'NONE', ( #170, #3998, #1353, #764 ) ) ;
#2911 = EDGE_CURVE ( 'NONE', #1839, #298, #4089, .T. ) ;
#2912 = VECTOR ( 'NONE', #4248, 1000.000000000000000 ) ;
#2913 = EDGE_LOOP ( 'NONE', ( #4218, #701, #595, #906 ) ) ;
#2914 = LINE ( 'NONE', #3603, #3845 ) ;
#2915 =( GEOMETRIC_REPRESENTATION_CONTEXT ( 3 ) GLOBAL_UNCERTAINTY_ASSIGNED_CONTEXT ( ( #1275 ) ) GLOBAL_UNIT_ASSIGNED_CONTEXT ( ( #3442, #1139, #3485 ) ) REPRESENTATION_CONTEXT ( 'NONE', 'WORKASPACE' ) );
#2916 =( NAMED_UNIT ( * ) PLANE_ANGLE_UNIT ( ) SI_UNIT ( $, .RADIAN. ) );
#2917 = DIRECTION ( 'NONE',  ( 0.05233595624294061499, -0.9986295347545741663, 0.000000000000000000 ) ) ;
#2918 = DIRECTION ( 'NONE',  ( 1.059358394363802552E-16, 3.885780586188047891E-16, -1.000000000000000000 ) ) ;
#2919 = ORIENTED_EDGE ( 'NONE', *, *, #1280, .T. ) ;
#2920 = DIRECTION ( 'NONE',  ( 0.000000000000000000, -1.000000000000000000, -5.551065014344850824E-16 ) ) ;
#2921 = UNCERTAINTY_MEASURE_WITH_UNIT (LENGTH_MEASURE( 1.000000000000000082E-05 ), #2183, 'distance_accuracy_value', 'NONE');
#2922 = FILL_AREA_STYLE_COLOUR ( '', #2136 ) ;
#2923 =( NAMED_UNIT ( * ) SI_UNIT ( $, .STERADIAN. ) SOLID_ANGLE_UNIT ( ) );
#2924 = SURFACE_STYLE_USAGE ( .BOTH. , #2875 ) ;
#2925 = CARTESIAN_POINT ( 'NONE',  ( -4.266578654407219950, 2.908398552000184711, 0.4191000000000024150 ) ) ;
#2926 = DIRECTION ( 'NONE',  ( 3.362406479023530306E-17, -1.000000000000000000, 1.504397277082200457E-32 ) ) ;
#2927 = UNCERTAINTY_MEASURE_WITH_UNIT (LENGTH_MEASURE( 1.000000000000000082E-05 ), #1064, 'distance_accuracy_value', 'NONE');
#2928 = EDGE_CURVE ( 'NONE', #2532, #526, #2380, .T. ) ;
#2929 = LINE ( 'NONE', #4293, #1425 ) ;
#2930 = FACE_OUTER_BOUND ( 'NONE', #1609, .T. ) ;
#2931 = SURFACE_STYLE_FILL_AREA ( #2505 ) ;
#2932 = ORIENTED_EDGE ( 'NONE', *, *, #2487, .F. ) ;
#2933 = DIRECTION ( 'NONE',  ( -1.059358394363802552E-16, -3.885780586188047891E-16, 1.000000000000000000 ) ) ;
#2934 = EDGE_CURVE ( 'NONE', #4360, #4222, #2086, .T. ) ;
#2935 = DIRECTION ( 'NONE',  ( 0.000000000000000000, -3.885780586188046905E-16, 1.000000000000000000 ) ) ;
#2936 = EDGE_LOOP ( 'NONE', ( #786, #3065, #813, #2800 ) ) ;
#2937 = DIRECTION ( 'NONE',  ( -8.971146492195128762E-17, 9.429054915185306017E-18, 1.000000000000000000 ) ) ;
#2938 = FACE_OUTER_BOUND ( 'NONE', #3220, .T. ) ;
#2939 = DIRECTION ( 'NONE',  ( -1.059358394363802552E-16, -3.885780586188047891E-16, 1.000000000000000000 ) ) ;
#2940 = LINE ( 'NONE', #1356, #2224 ) ;
#2941 = CARTESIAN_POINT ( 'NONE',  ( -5.964282250515601902, 0.5577911652010837384, -1.282699999999998175 ) ) ;
#2942 = SURFACE_SIDE_STYLE ('',( #855 ) ) ;
#2943 = FACE_OUTER_BOUND ( 'NONE', #4015, .T. ) ;
#2944 = VECTOR ( 'NONE', #3196, 1000.000000000000000 ) ;
#2945 = COLOUR_RGB ( '',0.8431372549019607865, 0.8431372549019607865, 0.8431372549019607865 ) ;
#2946 = CARTESIAN_POINT ( 'NONE',  ( -1.058362346519099462E-15, 8.505004896855318464, -2.539999999999996927 ) ) ;
#2947 = FILL_AREA_STYLE ('',( #1272 ) ) ;
#2948 = DIRECTION ( 'NONE',  ( -0.000000000000000000, 1.000000000000000000, 3.885780586188046905E-16 ) ) ;
#2949 = AXIS2_PLACEMENT_3D ( 'NONE', #3335, #1659, #309 ) ;
#2950 = UNCERTAINTY_MEASURE_WITH_UNIT (LENGTH_MEASURE( 1.000000000000000082E-05 ), #680, 'distance_accuracy_value', 'NONE');
#2951 = ADVANCED_FACE ( 'NONE', ( #394 ), #1445, .F. ) ;
#2952 = ADVANCED_FACE ( 'NONE', ( #2216 ), #3926, .F. ) ;
#2953 = UNCERTAINTY_MEASURE_WITH_UNIT (LENGTH_MEASURE( 1.000000000000000082E-05 ), #3674, 'distance_accuracy_value', 'NONE');
#2954 = CARTESIAN_POINT ( 'NONE',  ( -5.668458158185817553, 2.293742025179459798, 0.4191000000000020265 ) ) ;
#2955 = DIRECTION ( 'NONE',  ( 1.059358394363802552E-16, 3.885780586188047891E-16, -1.000000000000000000 ) ) ;
#2956 = ORIENTED_EDGE ( 'NONE', *, *, #1626, .T. ) ;
#2957 = CARTESIAN_POINT ( 'NONE',  ( -4.266578654407220839, 2.908398552000183823, 3.822700000000001985 ) ) ;
#2958 = DIRECTION ( 'NONE',  ( 0.000000000000000000, -1.000000000000000000, -3.885780586188046905E-16 ) ) ;
#2959 = CARTESIAN_POINT ( 'NONE',  ( -4.266578654407219950, 2.908398552000186932, -3.822699999999998433 ) ) ;
#2960 = DIRECTION ( 'NONE',  ( 0.000000000000000000, 1.000000000000000000, 3.885780586188046905E-16 ) ) ;
#2961 = ORIENTED_EDGE ( 'NONE', *, *, #1281, .T. ) ;
#2962 = UNCERTAINTY_MEASURE_WITH_UNIT (LENGTH_MEASURE( 1.000000000000000082E-05 ), #2347, 'distance_accuracy_value', 'NONE');
#2963 = LINE ( 'NONE', #2242, #4126 ) ;
#2964 = PRESENTATION_LAYER_ASSIGNMENT (  '', '', ( #4328 ) ) ;
#2965 =( NAMED_UNIT ( * ) SI_UNIT ( $, .STERADIAN. ) SOLID_ANGLE_UNIT ( ) );
#2966 = CARTESIAN_POINT ( 'NONE',  ( -5.930389409470221196, -0.08892276752132136086, 0.4191000000000018599 ) ) ;
#2967 = FACE_OUTER_BOUND ( 'NONE', #993, .T. ) ;
#2968 = DIRECTION ( 'NONE',  ( 8.715687545503703074E-18, -1.663052253832853828E-16, 1.000000000000000000 ) ) ;
#2969 = CIRCLE ( 'NONE', #3118, 0.1336556042478582174 ) ;
#2970 = DIRECTION ( 'NONE',  ( -1.000000000000000000, -3.362406479023549411E-17, -1.306557381906261354E-32 ) ) ;
#2971 = LINE ( 'NONE', #2295, #1141 ) ;
#2972 = CARTESIAN_POINT ( 'NONE',  ( 6.884384154850323512, 1.320800000000000862, -5.079999999999997407 ) ) ;
#2973 = DIRECTION ( 'NONE',  ( -1.059358394363802552E-16, -3.885780586188047891E-16, 1.000000000000000000 ) ) ;
#2974 =( GEOMETRIC_REPRESENTATION_CONTEXT ( 3 ) GLOBAL_UNCERTAINTY_ASSIGNED_CONTEXT ( ( #1245 ) ) GLOBAL_UNIT_ASSIGNED_CONTEXT ( ( #4264, #1860, #2923 ) ) REPRESENTATION_CONTEXT ( 'NONE', 'WORKASPACE' ) );
#2975 = EDGE_LOOP ( 'NONE', ( #3842, #2260, #4392, #2597 ) ) ;
#2976 = STYLED_ITEM ( 'NONE', ( #154 ), #167 ) ;
#2977 = CYLINDRICAL_SURFACE ( 'NONE', #1807, 0.7812570522476320889 ) ;
#2978 = ORIENTED_EDGE ( 'NONE', *, *, #1174, .T. ) ;
#2979 = FACE_OUTER_BOUND ( 'NONE', #1680, .T. ) ;
#2980 = FILL_AREA_STYLE ('',( #3327 ) ) ;
#2981 = MECHANICAL_DESIGN_GEOMETRIC_PRESENTATION_REPRESENTATION (  '', ( #2909 ), #3206 ) ;
#2982 =( GEOMETRIC_REPRESENTATION_CONTEXT ( 3 ) GLOBAL_UNCERTAINTY_ASSIGNED_CONTEXT ( ( #482 ) ) GLOBAL_UNIT_ASSIGNED_CONTEXT ( ( #1574, #1589, #4285 ) ) REPRESENTATION_CONTEXT ( 'NONE', 'WORKASPACE' ) );
#2983 = PLANE ( 'NONE',  #2821 ) ;
#2984 = ORIENTED_EDGE ( 'NONE', *, *, #4157, .T. ) ;
#2985 = EDGE_CURVE ( 'NONE', #2659, #2532, #1984, .T. ) ;
#2986 = CIRCLE ( 'NONE', #2835, 0.7812570522476320889 ) ;
#2987 = UNCERTAINTY_MEASURE_WITH_UNIT (LENGTH_MEASURE( 1.000000000000000082E-05 ), #1480, 'distance_accuracy_value', 'NONE');
#2988 = COLOUR_RGB ( '',0.8431372549019607865, 0.8431372549019607865, 0.8431372549019607865 ) ;
#2989 = FILL_AREA_STYLE_COLOUR ( '', #3028 ) ;
#2990 = LINE ( 'NONE', #599, #149 ) ;
#2991 = CARTESIAN_POINT ( 'NONE',  ( -4.266578654407219950, 2.146398552000186033, -1.282699999999997731 ) ) ;
#2992 = CARTESIAN_POINT ( 'NONE',  ( -4.266578654407220839, 2.908398552000183823, 3.822700000000001541 ) ) ;
#2993 = SURFACE_STYLE_FILL_AREA ( #2000 ) ;
#2994 = DIRECTION ( 'NONE',  ( -0.1736481776669310528, 0.000000000000000000, 0.9848077530122079093 ) ) ;
#2995 = LINE ( 'NONE', #2024, #2860 ) ;
#2996 = ORIENTED_EDGE ( 'NONE', *, *, #2705, .F. ) ;
#2997 = FACE_OUTER_BOUND ( 'NONE', #4011, .T. ) ;
#2998 = ORIENTED_EDGE ( 'NONE', *, *, #2725, .F. ) ;
#2999 = FILL_AREA_STYLE ('',( #2717 ) ) ;
#3000 = ORIENTED_EDGE ( 'NONE', *, *, #3520, .F. ) ;
#3001 = FILL_AREA_STYLE ('',( #1016 ) ) ;
#3002 = FACE_OUTER_BOUND ( 'NONE', #2277, .T. ) ;
#3003 = ORIENTED_EDGE ( 'NONE', *, *, #3378, .T. ) ;
#3004 = PLANE ( 'NONE',  #2329 ) ;
#3005 = EDGE_LOOP ( 'NONE', ( #2770, #4404, #1187, #3198 ) ) ;
#3006 =( NAMED_UNIT ( * ) SI_UNIT ( $, .STERADIAN. ) SOLID_ANGLE_UNIT ( ) );
#3007 = ADVANCED_FACE ( 'NONE', ( #2979 ), #2641, .F. ) ;
#3008 = EDGE_CURVE ( 'NONE', #2011, #4318, #4016, .T. ) ;
#3009 = DIRECTION ( 'NONE',  ( -1.059358394363802552E-16, -3.885780586188047891E-16, 1.000000000000000000 ) ) ;
#3010 = DIRECTION ( 'NONE',  ( -0.1045284632676538317, -0.9945218953682734009, -4.002338355649943062E-16 ) ) ;
#3011 =( NAMED_UNIT ( * ) SI_UNIT ( $, .STERADIAN. ) SOLID_ANGLE_UNIT ( ) );
#3012 = CARTESIAN_POINT ( 'NONE',  ( -4.266578654407219950, 2.908398552000186488, -2.984499999999997044 ) ) ;
#3013 =( LENGTH_UNIT ( ) NAMED_UNIT ( * ) SI_UNIT ( .MILLI., .METRE. ) );
#3014 = SURFACE_SIDE_STYLE ('',( #3410 ) ) ;
#3015 = ORIENTED_EDGE ( 'NONE', *, *, #2089, .F. ) ;
#3016 = ORIENTED_EDGE ( 'NONE', *, *, #1593, .F. ) ;
#3017 =( LENGTH_UNIT ( ) NAMED_UNIT ( * ) SI_UNIT ( .MILLI., .METRE. ) );
#3018 =( GEOMETRIC_REPRESENTATION_CONTEXT ( 3 ) GLOBAL_UNCERTAINTY_ASSIGNED_CONTEXT ( ( #1153 ) ) GLOBAL_UNIT_ASSIGNED_CONTEXT ( ( #4179, #3126, #85 ) ) REPRESENTATION_CONTEXT ( 'NONE', 'WORKASPACE' ) );
#3019 = CIRCLE ( 'NONE', #1603, 0.7812570522476320889 ) ;
#3020 = ORIENTED_EDGE ( 'NONE', *, *, #962, .F. ) ;
#3021 = CARTESIAN_POINT ( 'NONE',  ( -5.194299999999998363, 0.6095999999999981434, 2.984500000000002373 ) ) ;
#3022 = DIRECTION ( 'NONE',  ( -0.000000000000000000, 3.885780586188046905E-16, -1.000000000000000000 ) ) ;
#3023 = ORIENTED_EDGE ( 'NONE', *, *, #4327, .F. ) ;
#3024 = PLANE ( 'NONE',  #645 ) ;
#3025 = STYLED_ITEM ( 'NONE', ( #3098 ), #4002 ) ;
#3026 = FILL_AREA_STYLE_COLOUR ( '', #3565 ) ;
#3027 = ORIENTED_EDGE ( 'NONE', *, *, #2546, .F. ) ;
#3028 = COLOUR_RGB ( '',0.8431372549019607865, 0.8431372549019607865, 0.8431372549019607865 ) ;
#3029 = COLOUR_RGB ( '',0.8431372549019607865, 0.8431372549019607865, 0.8431372549019607865 ) ;
#3030 = PRESENTATION_LAYER_ASSIGNMENT (  '', '', ( #199 ) ) ;
#3031 = CARTESIAN_POINT ( 'NONE',  ( -0.9453947025818488781, 4.648200000000000109, -3.347865367200657083 ) ) ;
#3032 = EDGE_CURVE ( 'NONE', #255, #3088, #978, .T. ) ;
#3033 = CARTESIAN_POINT ( 'NONE',  ( -2.730500000000001926, 3.555999999999963190, 1.282700000000002172 ) ) ;
#3034 =( NAMED_UNIT ( * ) SI_UNIT ( $, .STERADIAN. ) SOLID_ANGLE_UNIT ( ) );
#3035 = PRESENTATION_LAYER_ASSIGNMENT (  '', '', ( #4405 ) ) ;
#3036 = PLANE ( 'NONE',  #3430 ) ;
#3037 = DIRECTION ( 'NONE',  ( -0.000000000000000000, -3.885780586188046905E-16, 1.000000000000000000 ) ) ;
#3038 = FILL_AREA_STYLE ('',( #1679 ) ) ;
#3039 = VERTEX_POINT ( 'NONE', #1214 ) ;
#3040 = EDGE_CURVE ( 'NONE', #2135, #3159, #3049, .T. ) ;
#3041 =( GEOMETRIC_REPRESENTATION_CONTEXT ( 3 ) GLOBAL_UNCERTAINTY_ASSIGNED_CONTEXT ( ( #899 ) ) GLOBAL_UNIT_ASSIGNED_CONTEXT ( ( #2500, #2166, #4117 ) ) REPRESENTATION_CONTEXT ( 'NONE', 'WORKASPACE' ) );
#3042 = DIRECTION ( 'NONE',  ( -1.059358394363802552E-16, -3.885780586188047891E-16, 1.000000000000000000 ) ) ;
#3043 = ORIENTED_EDGE ( 'NONE', *, *, #2619, .T. ) ;
#3044 = LINE ( 'NONE', #1665, #367 ) ;
#3045 = VECTOR ( 'NONE', #3954, 1000.000000000000000 ) ;
#3046 = DIRECTION ( 'NONE',  ( 8.715687545503703074E-18, -1.663052253832853828E-16, 1.000000000000000000 ) ) ;
#3047 = EDGE_LOOP ( 'NONE', ( #4108, #4071, #2996, #4372 ) ) ;
#3048 = AXIS2_PLACEMENT_3D ( 'NONE', #1629, #1002, #2960 ) ;
#3049 = LINE ( 'NONE', #3375, #1201 ) ;
#3050 = EDGE_CURVE ( 'NONE', #4348, #1955, #3764, .T. ) ;
#3051 = CLOSED_SHELL ( 'NONE', ( #4270, #4002, #438, #1734, #2708, #948, #2460, #4191, #2016, #2632, #3293, #4090, #2952, #4106 ) ) ;
#3052 = VECTOR ( 'NONE', #1834, 1000.000000000000000 ) ;
#3053 = DIRECTION ( 'NONE',  ( 0.000000000000000000, -1.000000000000000000, 0.000000000000000000 ) ) ;
#3054 = ORIENTED_EDGE ( 'NONE', *, *, #4296, .F. ) ;
#3055 = PRESENTATION_LAYER_ASSIGNMENT (  '', '', ( #3769 ) ) ;
#3056 = CARTESIAN_POINT ( 'NONE',  ( -0.9453947025818488781, 4.521200000000000330, -2.649365367200656962 ) ) ;
#3057 = STYLED_ITEM ( 'NONE', ( #2771 ), #2297 ) ;
#3058 = PRESENTATION_STYLE_ASSIGNMENT (( #692 ) ) ;
#3059 = VECTOR ( 'NONE', #848, 1000.000000000000000 ) ;
#3060 =( NAMED_UNIT ( * ) SI_UNIT ( $, .STERADIAN. ) SOLID_ANGLE_UNIT ( ) );
#3061 =( NAMED_UNIT ( * ) PLANE_ANGLE_UNIT ( ) SI_UNIT ( $, .RADIAN. ) );
#3062 = PRESENTATION_STYLE_ASSIGNMENT (( #105 ) ) ;
#3063 = DIRECTION ( 'NONE',  ( 1.059358394363802799E-16, -0.000000000000000000, -1.000000000000000000 ) ) ;
#3064 = SURFACE_SIDE_STYLE ('',( #1706 ) ) ;
#3065 = ORIENTED_EDGE ( 'NONE', *, *, #1551, .T. ) ;
#3066 =( LENGTH_UNIT ( ) NAMED_UNIT ( * ) SI_UNIT ( .MILLI., .METRE. ) );
#3067 = FILL_AREA_STYLE ('',( #3460 ) ) ;
#3068 = EDGE_CURVE ( 'NONE', #1856, #526, #2094, .T. ) ;
#3069 = DIRECTION ( 'NONE',  ( -1.059358394363802552E-16, -3.885780586188047891E-16, 1.000000000000000000 ) ) ;
#3070 = EDGE_CURVE ( 'NONE', #1204, #1713, #387, .T. ) ;
#3071 = ORIENTED_EDGE ( 'NONE', *, *, #2263, .T. ) ;
#3072 = FILL_AREA_STYLE_COLOUR ( '', #1437 ) ;
#3073 = ORIENTED_EDGE ( 'NONE', *, *, #56, .T. ) ;
#3074 = SURFACE_STYLE_FILL_AREA ( #3497 ) ;
#3075 = SURFACE_STYLE_USAGE ( .BOTH. , #2797 ) ;
#3076 = CARTESIAN_POINT ( 'NONE',  ( -5.964282250515601014, 0.5577911652010838495, -1.282699999999998619 ) ) ;
#3077 = PLANE ( 'NONE',  #331 ) ;
#3078 = VECTOR ( 'NONE', #674, 1000.000000000000000 ) ;
#3079 = SURFACE_STYLE_USAGE ( .BOTH. , #2672 ) ;
#3080 = VERTEX_POINT ( 'NONE', #684 ) ;
#3081 = CARTESIAN_POINT ( 'NONE',  ( -7.141607158954611734, -0.1523999999999996746, -2.120899999999999785 ) ) ;
#3082 = LINE ( 'NONE', #1380, #3452 ) ;
#3083 = FILL_AREA_STYLE ('',( #64 ) ) ;
#3084 = ORIENTED_EDGE ( 'NONE', *, *, #38, .F. ) ;
#3085 = DIRECTION ( 'NONE',  ( -0.9986295347545739443, -0.05233595624294421628, 0.000000000000000000 ) ) ;
#3086 = PRESENTATION_STYLE_ASSIGNMENT (( #1725 ) ) ;
#3087 = CARTESIAN_POINT ( 'NONE',  ( -7.175499999999998657, 0.4943139327224012058, 2.120900000000001118 ) ) ;
#3088 = VERTEX_POINT ( 'NONE', #319 ) ;
#3089 = SURFACE_STYLE_USAGE ( .BOTH. , #1019 ) ;
#3090 = AXIS2_PLACEMENT_3D ( 'NONE', #235, #3725, #1759 ) ;
#3091 =( NAMED_UNIT ( * ) SI_UNIT ( $, .STERADIAN. ) SOLID_ANGLE_UNIT ( ) );
#3092 = EDGE_CURVE ( 'NONE', #632, #2135, #1973, .T. ) ;
#3093 = ADVANCED_FACE ( 'NONE', ( #4125 ), #3024, .F. ) ;
#3094 = DIRECTION ( 'NONE',  ( -0.000000000000000000, 1.000000000000000000, 3.885780586188046905E-16 ) ) ;
#3095 =( NAMED_UNIT ( * ) PLANE_ANGLE_UNIT ( ) SI_UNIT ( $, .RADIAN. ) );
#3096 = VECTOR ( 'NONE', #3306, 1000.000000000000000 ) ;
#3097 = ORIENTED_EDGE ( 'NONE', *, *, #2160, .F. ) ;
#3098 = PRESENTATION_STYLE_ASSIGNMENT (( #3471 ) ) ;
#3099 = MECHANICAL_DESIGN_GEOMETRIC_PRESENTATION_REPRESENTATION (  '', ( #628 ), #2447 ) ;
#3100 = DIRECTION ( 'NONE',  ( 3.362406479023549411E-17, -1.000000000000000000, -3.885780586188046905E-16 ) ) ;
#3101 = CARTESIAN_POINT ( 'NONE',  ( -7.141607158954611734, -0.1523999999999999522, -2.120899999999998453 ) ) ;
#3102 = STYLED_ITEM ( 'NONE', ( #3380 ), #4001 ) ;
#3103 = CARTESIAN_POINT ( 'NONE',  ( -5.668458158185816664, 2.293742025179462019, -1.282699999999997953 ) ) ;
#3104 = FILL_AREA_STYLE ('',( #738 ) ) ;
#3105 = SURFACE_STYLE_FILL_AREA ( #3132 ) ;
#3106 = CARTESIAN_POINT ( 'NONE',  ( 5.905499999999998195, 1.320799999999999752, -2.539999999999996927 ) ) ;
#3107 = VERTEX_POINT ( 'NONE', #342 ) ;
#3108 = SURFACE_STYLE_USAGE ( .BOTH. , #1745 ) ;
#3109 =( NAMED_UNIT ( * ) PLANE_ANGLE_UNIT ( ) SI_UNIT ( $, .RADIAN. ) );
#3110 =( LENGTH_UNIT ( ) NAMED_UNIT ( * ) SI_UNIT ( .MILLI., .METRE. ) );
#3111 = PRESENTATION_STYLE_ASSIGNMENT (( #1429 ) ) ;
#3112 = PRESENTATION_LAYER_ASSIGNMENT (  '', '', ( #4262 ) ) ;
#3113 = CARTESIAN_POINT ( 'NONE',  ( -5.964282250515601014, 0.5577911652010812960, 2.984500000000002373 ) ) ;
#3114 = ORIENTED_EDGE ( 'NONE', *, *, #1151, .F. ) ;
#3115 = AXIS2_PLACEMENT_3D ( 'NONE', #1029, #4096, #2385 ) ;
#3116 = LINE ( 'NONE', #792, #1435 ) ;
#3117 = DIRECTION ( 'NONE',  ( 1.000000000000000000, 3.362406479023557423E-17, -2.355451597716528073E-16 ) ) ;
#3118 = AXIS2_PLACEMENT_3D ( 'NONE', #3376, #2370, #3053 ) ;
#3119 = EDGE_LOOP ( 'NONE', ( #705, #1156, #558, #2279 ) ) ;
#3120 =( NAMED_UNIT ( * ) SI_UNIT ( $, .STERADIAN. ) SOLID_ANGLE_UNIT ( ) );
#3121 =( NAMED_UNIT ( * ) PLANE_ANGLE_UNIT ( ) SI_UNIT ( $, .RADIAN. ) );
#3122 = ORIENTED_EDGE ( 'NONE', *, *, #2239, .F. ) ;
#3123 = VECTOR ( 'NONE', #4391, 1000.000000000000000 ) ;
#3124 = PLANE ( 'NONE',  #2756 ) ;
#3125 = ADVANCED_FACE ( 'NONE', ( #1733 ), #1332, .F. ) ;
#3126 =( NAMED_UNIT ( * ) PLANE_ANGLE_UNIT ( ) SI_UNIT ( $, .RADIAN. ) );
#3127 = MECHANICAL_DESIGN_GEOMETRIC_PRESENTATION_REPRESENTATION (  '', ( #1913 ), #3703 ) ;
#3128 = CARTESIAN_POINT ( 'NONE',  ( -5.194299999999998363, 0.6095999999999988095, 1.282700000000001284 ) ) ;
#3129 = FILL_AREA_STYLE_COLOUR ( '', #2037 ) ;
#3130 = VERTEX_POINT ( 'NONE', #3892 ) ;
#3131 = CIRCLE ( 'NONE', #4063, 1.409601447999776047 ) ;
#3132 = FILL_AREA_STYLE ('',( #1764 ) ) ;
#3133 = SURFACE_STYLE_USAGE ( .BOTH. , #3505 ) ;
#3134 = ORIENTED_EDGE ( 'NONE', *, *, #357, .T. ) ;
#3135 = AXIS2_PLACEMENT_3D ( 'NONE', #282, #3009, #1993 ) ;
#3136 = STYLED_ITEM ( 'NONE', ( #3158 ), #1810 ) ;
#3137 = SURFACE_SIDE_STYLE ('',( #2829 ) ) ;
#3138 = STYLED_ITEM ( 'NONE', ( #683 ), #2237 ) ;
#3139 = PLANE ( 'NONE',  #2876 ) ;
#3140 = AXIS2_PLACEMENT_3D ( 'NONE', #1748, #2417, #382 ) ;
#3141 = LINE ( 'NONE', #1408, #515 ) ;
#3142 = VERTEX_POINT ( 'NONE', #3557 ) ;
#3143 = LINE ( 'NONE', #1097, #3991 ) ;
#3144 = DIRECTION ( 'NONE',  ( 0.000000000000000000, 0.000000000000000000, 1.000000000000000000 ) ) ;
#3145 = DIRECTION ( 'NONE',  ( 2.057531752259688718E-16, 0.01745240643728019139, -0.9998476951563912696 ) ) ;
#3146 = CARTESIAN_POINT ( 'NONE',  ( -2.730500000000001926, 2.908398552000185600, -0.4190999999999985848 ) ) ;
#3147 = ORIENTED_EDGE ( 'NONE', *, *, #3348, .F. ) ;
#3148 = FILL_AREA_STYLE ('',( #391 ) ) ;
#3149 = EDGE_LOOP ( 'NONE', ( #2639, #1935, #4229, #4043 ) ) ;
#3150 = DIRECTION ( 'NONE',  ( 0.000000000000000000, 3.885780586188046905E-16, -1.000000000000000000 ) ) ;
#3151 = DIRECTION ( 'NONE',  ( 0.1218510577266531253, -0.9923972267410203774, 0.01732235802734420280 ) ) ;
#3152 = EDGE_CURVE ( 'NONE', #4322, #3275, #2839, .T. ) ;
#3153 = EDGE_CURVE ( 'NONE', #1370, #803, #767, .T. ) ;
#3154 =( NAMED_UNIT ( * ) PLANE_ANGLE_UNIT ( ) SI_UNIT ( $, .RADIAN. ) );
#3155 = FILL_AREA_STYLE ('',( #465 ) ) ;
#3156 = SURFACE_SIDE_STYLE ('',( #1791 ) ) ;
#3157 = CARTESIAN_POINT ( 'NONE',  ( -5.668458158185818441, 2.293742025179459798, 2.984500000000002817 ) ) ;
#3158 = PRESENTATION_STYLE_ASSIGNMENT (( #2718 ) ) ;
#3159 = VERTEX_POINT ( 'NONE', #2525 ) ;
#3160 = FILL_AREA_STYLE ('',( #3211 ) ) ;
#3161 = CARTESIAN_POINT ( 'NONE',  ( -7.141607158954611734, -0.1523999999999993971, -3.822699999999999765 ) ) ;
#3162 = CARTESIAN_POINT ( 'NONE',  ( -4.266578654407219950, 2.908398552000185600, -2.120899999999998453 ) ) ;
#3163 = MECHANICAL_DESIGN_GEOMETRIC_PRESENTATION_REPRESENTATION (  '', ( #1736 ), #4380 ) ;
#3164 = ORIENTED_EDGE ( 'NONE', *, *, #1530, .T. ) ;
#3165 = LINE ( 'NONE', #1150, #4346 ) ;
#3166 = SURFACE_SIDE_STYLE ('',( #99 ) ) ;
#3167 = VECTOR ( 'NONE', #804, 1000.000000000000000 ) ;
#3168 = EDGE_LOOP ( 'NONE', ( #1449, #2008, #1800, #3195 ) ) ;
#3169 = PRESENTATION_LAYER_ASSIGNMENT (  '', '', ( #2585 ) ) ;
#3170 =( LENGTH_UNIT ( ) NAMED_UNIT ( * ) SI_UNIT ( .MILLI., .METRE. ) );
#3171 = VECTOR ( 'NONE', #3313, 1000.000000000000000 ) ;
#3172 = FACE_OUTER_BOUND ( 'NONE', #3511, .T. ) ;
#3173 = CARTESIAN_POINT ( 'NONE',  ( -5.964282250515601014, 0.5577911652010835164, -3.822699999999998433 ) ) ;
#3174 = DIRECTION ( 'NONE',  ( -3.362406479023546330E-17, 1.000000000000000000, 1.110223024625156540E-16 ) ) ;
#3175 = FACE_OUTER_BOUND ( 'NONE', #3473, .T. ) ;
#3176 = EDGE_CURVE ( 'NONE', #4279, #2898, #1348, .T. ) ;
#3177 = EDGE_CURVE ( 'NONE', #2592, #1094, #1165, .T. ) ;
#3178 = SURFACE_STYLE_USAGE ( .BOTH. , #3137 ) ;
#3179 = SURFACE_STYLE_FILL_AREA ( #1427 ) ;
#3180 = CARTESIAN_POINT ( 'NONE',  ( -5.971277244371143489, 0.6912635990884598014, 2.984500000000001929 ) ) ;
#3181 =( LENGTH_UNIT ( ) NAMED_UNIT ( * ) SI_UNIT ( .MILLI., .METRE. ) );
#3182 = EDGE_CURVE ( 'NONE', #1757, #885, #1098, .T. ) ;
#3183 = VERTEX_POINT ( 'NONE', #3161 ) ;
#3184 = SURFACE_STYLE_USAGE ( .BOTH. , #835 ) ;
#3185 = CARTESIAN_POINT ( 'NONE',  ( -2.730500000000001926, 3.555999999999963190, 2.984500000000003261 ) ) ;
#3186 =( NAMED_UNIT ( * ) SI_UNIT ( $, .STERADIAN. ) SOLID_ANGLE_UNIT ( ) );
#3187 = VECTOR ( 'NONE', #1817, 1000.000000000000000 ) ;
#3188 = ORIENTED_EDGE ( 'NONE', *, *, #1893, .F. ) ;
#3189 = DIRECTION ( 'NONE',  ( 0.9986295347545739443, 0.05233595624294409138, 0.000000000000000000 ) ) ;
#3190 = EDGE_CURVE ( 'NONE', #526, #3718, #472, .T. ) ;
#3191 = AXIS2_PLACEMENT_3D ( 'NONE', #423, #1488, #4160 ) ;
#3192 = UNCERTAINTY_MEASURE_WITH_UNIT (LENGTH_MEASURE( 1.000000000000000082E-05 ), #1457, 'distance_accuracy_value', 'NONE');
#3193 = EDGE_LOOP ( 'NONE', ( #1886, #4083, #2699, #4064 ) ) ;
#3194 = FACE_OUTER_BOUND ( 'NONE', #1057, .T. ) ;
#3195 = ORIENTED_EDGE ( 'NONE', *, *, #3032, .F. ) ;
#3196 = DIRECTION ( 'NONE',  ( -1.059358394363802799E-16, 0.000000000000000000, 1.000000000000000000 ) ) ;
#3197 = VECTOR ( 'NONE', #2970, 1000.000000000000000 ) ;
#3198 = ORIENTED_EDGE ( 'NONE', *, *, #3322, .F. ) ;
#3199 = FILL_AREA_STYLE_COLOUR ( '', #1774 ) ;
#3200 = STYLED_ITEM ( 'NONE', ( #3062 ), #82 ) ;
#3201 = VECTOR ( 'NONE', #3726, 1000.000000000000114 ) ;
#3202 = CARTESIAN_POINT ( 'NONE',  ( -5.838353819507970499, 0.6772927841693291429, -2.120899999999998453 ) ) ;
#3203 = DIRECTION ( 'NONE',  ( -1.059358394363802552E-16, -3.885780586188047891E-16, 1.000000000000000000 ) ) ;
#3204 = SURFACE_STYLE_FILL_AREA ( #2803 ) ;
#3205 = CARTESIAN_POINT ( 'NONE',  ( -5.964282250515600126, 0.5577911652010835164, -2.984499999999997932 ) ) ;
#3206 =( GEOMETRIC_REPRESENTATION_CONTEXT ( 3 ) GLOBAL_UNCERTAINTY_ASSIGNED_CONTEXT ( ( #1927 ) ) GLOBAL_UNIT_ASSIGNED_CONTEXT ( ( #1871, #1279, #886 ) ) REPRESENTATION_CONTEXT ( 'NONE', 'WORKASPACE' ) );
#3207 = VECTOR ( 'NONE', #3622, 1000.000000000000000 ) ;
#3208 = COLOUR_RGB ( '',0.8431372549019607865, 0.8431372549019607865, 0.8431372549019607865 ) ;
#3209 = VECTOR ( 'NONE', #765, 1000.000000000000114 ) ;
#3210 = ORIENTED_EDGE ( 'NONE', *, *, #3465, .F. ) ;
#3211 = FILL_AREA_STYLE_COLOUR ( '', #3709 ) ;
#3212 = VECTOR ( 'NONE', #2389, 1000.000000000000114 ) ;
#3213 = CARTESIAN_POINT ( 'NONE',  ( -0.9453947025818488781, 4.521199999999998553, -3.347865367200657083 ) ) ;
#3214 = EDGE_CURVE ( 'NONE', #3540, #1101, #2459, .T. ) ;
#3215 = EDGE_CURVE ( 'NONE', #80, #4213, #162, .T. ) ;
#3216 = SURFACE_SIDE_STYLE ('',( #1582 ) ) ;
#3217 = ORIENTED_EDGE ( 'NONE', *, *, #35, .T. ) ;
#3218 = DIRECTION ( 'NONE',  ( 1.138269997360110167E-15, -1.000000000000000000, -5.691349986800550837E-16 ) ) ;
#3219 = CYLINDRICAL_SURFACE ( 'NONE', #473, 1.409601447999776047 ) ;
#3220 = EDGE_LOOP ( 'NONE', ( #3416, #3239, #218, #115 ) ) ;
#3221 =( LENGTH_UNIT ( ) NAMED_UNIT ( * ) SI_UNIT ( .MILLI., .METRE. ) );
#3222 = VERTEX_POINT ( 'NONE', #1842 ) ;
#3223 = DIRECTION ( 'NONE',  ( -1.059358394363802552E-16, -3.885780586188047891E-16, 1.000000000000000000 ) ) ;
#3224 = CARTESIAN_POINT ( 'NONE',  ( -5.194299999999997475, 0.6095999999999979213, 2.984500000000002373 ) ) ;
#3225 = FILL_AREA_STYLE ('',( #807 ) ) ;
#3226 = LINE ( 'NONE', #2268, #252 ) ;
#3227 = PRESENTATION_STYLE_ASSIGNMENT (( #1241 ) ) ;
#3228 =( LENGTH_UNIT ( ) NAMED_UNIT ( * ) SI_UNIT ( .MILLI., .METRE. ) );
#3229 = EDGE_LOOP ( 'NONE', ( #3873, #2177, #277, #2079 ) ) ;
#3230 = FILL_AREA_STYLE_COLOUR ( '', #1501 ) ;
#3231 = DIRECTION ( 'NONE',  ( -1.059358394363802552E-16, -3.885780586188047891E-16, 1.000000000000000000 ) ) ;
#3232 = AXIS2_PLACEMENT_3D ( 'NONE', #1361, #1270, #3716 ) ;
#3233 = CARTESIAN_POINT ( 'NONE',  ( -5.930389409470221196, -0.08892276752132195761, 1.282700000000001062 ) ) ;
#3234 = ORIENTED_EDGE ( 'NONE', *, *, #1091, .F. ) ;
#3235 = LINE ( 'NONE', #1233, #3704 ) ;
#3236 = ADVANCED_FACE ( 'NONE', ( #97 ), #406, .F. ) ;
#3237 = EDGE_CURVE ( 'NONE', #1569, #3130, #1436, .T. ) ;
#3238 = PLANE ( 'NONE',  #3048 ) ;
#3239 = ORIENTED_EDGE ( 'NONE', *, *, #610, .F. ) ;
#3240 = CARTESIAN_POINT ( 'NONE',  ( -4.266578654407219950, 3.555999999999960970, -0.4190999999999980297 ) ) ;
#3241 = COLOUR_RGB ( '',0.8431372549019607865, 0.8431372549019607865, 0.8431372549019607865 ) ;
#3242 = SURFACE_SIDE_STYLE ('',( #3904 ) ) ;
#3243 = STYLED_ITEM ( 'NONE', ( #1922 ), #4358 ) ;
#3244 = CARTESIAN_POINT ( 'NONE',  ( -4.266578654407219950, 2.146398552000184701, 0.4191000000000022485 ) ) ;
#3245 = AXIS2_PLACEMENT_3D ( 'NONE', #4018, #3441, #3663 ) ;
#3246 = ADVANCED_FACE ( 'NONE', ( #1142 ), #3855, .T. ) ;
#3247 = CARTESIAN_POINT ( 'NONE',  ( -5.024404338677845416, 2.226049241010136015, 2.984500000000002817 ) ) ;
#3248 = PLANE ( 'NONE',  #838 ) ;
#3249 = MECHANICAL_DESIGN_GEOMETRIC_PRESENTATION_REPRESENTATION (  '', ( #766 ), #2588 ) ;
#3250 = UNCERTAINTY_MEASURE_WITH_UNIT (LENGTH_MEASURE( 1.000000000000000082E-05 ), #1649, 'distance_accuracy_value', 'NONE');
#3251 = EDGE_LOOP ( 'NONE', ( #2214, #385, #266, #1948 ) ) ;
#3252 = PRESENTATION_STYLE_ASSIGNMENT (( #1949 ) ) ;
#3253 =( GEOMETRIC_REPRESENTATION_CONTEXT ( 3 ) GLOBAL_UNCERTAINTY_ASSIGNED_CONTEXT ( ( #4379 ) ) GLOBAL_UNIT_ASSIGNED_CONTEXT ( ( #1460, #3121, #2084 ) ) REPRESENTATION_CONTEXT ( 'NONE', 'WORKASPACE' ) );
#3254 = LINE ( 'NONE', #1560, #778 ) ;
#3255 = ORIENTED_EDGE ( 'NONE', *, *, #2725, .T. ) ;
#3256 = CARTESIAN_POINT ( 'NONE',  ( -7.175499999999991552, 0.4943139327224020385, -0.4190999999999995840 ) ) ;
#3257 = VECTOR ( 'NONE', #3775, 1000.000000000000227 ) ;
#3258 = ORIENTED_EDGE ( 'NONE', *, *, #3702, .F. ) ;
#3259 = LINE ( 'NONE', #1253, #2408 ) ;
#3260 =( NAMED_UNIT ( * ) SI_UNIT ( $, .STERADIAN. ) SOLID_ANGLE_UNIT ( ) );
#3261 = CARTESIAN_POINT ( 'NONE',  ( -4.266578654407220839, 2.146398552000183368, 2.984500000000002817 ) ) ;
#3262 = VECTOR ( 'NONE', #815, 1000.000000000000000 ) ;
#3263 = LINE ( 'NONE', #1236, #2184 ) ;
#3264 = ORIENTED_EDGE ( 'NONE', *, *, #1873, .F. ) ;
#3265 = VECTOR ( 'NONE', #2948, 1000.000000000000000 ) ;
#3266 = PRESENTATION_STYLE_ASSIGNMENT (( #1220 ) ) ;
#3267 = EDGE_CURVE ( 'NONE', #1749, #1867, #2810, .T. ) ;
#3268 = STYLED_ITEM ( 'NONE', ( #1225 ), #3552 ) ;
#3269 = FACE_OUTER_BOUND ( 'NONE', #3638, .T. ) ;
#3270 = LINE ( 'NONE', #306, #4265 ) ;
#3271 = ORIENTED_EDGE ( 'NONE', *, *, #3702, .T. ) ;
#3272 = DIRECTION ( 'NONE',  ( -0.9945218953682734009, 0.1045284632676540953, -9.020562075079400589E-17 ) ) ;
#3273 =( GEOMETRIC_REPRESENTATION_CONTEXT ( 3 ) GLOBAL_UNCERTAINTY_ASSIGNED_CONTEXT ( ( #2559 ) ) GLOBAL_UNIT_ASSIGNED_CONTEXT ( ( #1391, #3095, #53 ) ) REPRESENTATION_CONTEXT ( 'NONE', 'WORKASPACE' ) );
#3274 = DIRECTION ( 'NONE',  ( -3.443586220485274987E-17, 4.228192220135653496E-18, -1.000000000000000000 ) ) ;
#3275 = VERTEX_POINT ( 'NONE', #3185 ) ;
#3276 = CARTESIAN_POINT ( 'NONE',  ( -5.668458158185817553, 2.293742025179460686, 0.4191000000000021375 ) ) ;
#3277 = VECTOR ( 'NONE', #1514, 1000.000000000000000 ) ;
#3278 = ORIENTED_EDGE ( 'NONE', *, *, #3727, .T. ) ;
#3279 = LINE ( 'NONE', #3938, #3356 ) ;
#3280 = UNCERTAINTY_MEASURE_WITH_UNIT (LENGTH_MEASURE( 1.000000000000000082E-05 ), #4150, 'distance_accuracy_value', 'NONE');
#3281 = CARTESIAN_POINT ( 'NONE',  ( -2.730500000000001926, 2.908398552000185600, -2.120899999999998453 ) ) ;
#3282 = VECTOR ( 'NONE', #2837, 1000.000000000000000 ) ;
#3283 = PRESENTATION_LAYER_ASSIGNMENT (  '', '', ( #799 ) ) ;
#3284 = ORIENTED_EDGE ( 'NONE', *, *, #2160, .T. ) ;
#3285 = DIRECTION ( 'NONE',  ( 2.211953526663203998E-17, 7.437486869351345373E-34, 1.000000000000000000 ) ) ;
#3286 = DIRECTION ( 'NONE',  ( -8.971146492195128762E-17, 9.429054915185289069E-18, 1.000000000000000000 ) ) ;
#3287 = DIRECTION ( 'NONE',  ( -0.9945218953682734009, 0.1045284632676540953, -9.020562075079400589E-17 ) ) ;
#3288 = DIRECTION ( 'NONE',  ( 0.000000000000000000, -3.885780586188046905E-16, 1.000000000000000000 ) ) ;
#3289 = ORIENTED_EDGE ( 'NONE', *, *, #2515, .F. ) ;
#3290 = UNCERTAINTY_MEASURE_WITH_UNIT (LENGTH_MEASURE( 1.000000000000000082E-05 ), #2059, 'distance_accuracy_value', 'NONE');
#3291 = FILL_AREA_STYLE ('',( #1318 ) ) ;
#3292 = FACE_OUTER_BOUND ( 'NONE', #3168, .T. ) ;
#3293 = ADVANCED_FACE ( 'NONE', ( #2930 ), #1926, .F. ) ;
#3294 = ADVANCED_FACE ( 'NONE', ( #2275 ), #3581, .T. ) ;
#3295 = DIRECTION ( 'NONE',  ( 1.059358394363802552E-16, 3.885780586188047891E-16, -1.000000000000000000 ) ) ;
#3296 = LINE ( 'NONE', #967, #1957 ) ;
#3297 = UNCERTAINTY_MEASURE_WITH_UNIT (LENGTH_MEASURE( 1.000000000000000082E-05 ), #2410, 'distance_accuracy_value', 'NONE');
#3298 = ORIENTED_EDGE ( 'NONE', *, *, #4139, .T. ) ;
#3299 = CARTESIAN_POINT ( 'NONE',  ( -5.024404338677844528, 2.226049241010136903, 0.4191000000000021375 ) ) ;
#3300 = SURFACE_SIDE_STYLE ('',( #2569 ) ) ;
#3301 = LINE ( 'NONE', #3256, #1711 ) ;
#3302 = AXIS2_PLACEMENT_3D ( 'NONE', #3526, #719, #808 ) ;
#3303 = ORIENTED_EDGE ( 'NONE', *, *, #133, .T. ) ;
#3304 = FILL_AREA_STYLE ('',( #248 ) ) ;
#3305 = ADVANCED_FACE ( 'NONE', ( #2883 ), #923, .F. ) ;
#3306 = DIRECTION ( 'NONE',  ( 1.000000000000000000, -4.116434282634202676E-32, 1.059358394363801936E-16 ) ) ;
#3307 = PLANE ( 'NONE',  #1138 ) ;
#3308 = EDGE_LOOP ( 'NONE', ( #2733, #846, #1783, #3234 ) ) ;
#3309 = DIRECTION ( 'NONE',  ( 0.000000000000000000, -1.000000000000000000, 0.000000000000000000 ) ) ;
#3310 = FILL_AREA_STYLE ('',( #626 ) ) ;
#3311 = DIRECTION ( 'NONE',  ( 1.065065257397149829E-16, -0.01745240643727996588, -0.9998476951563912696 ) ) ;
#3312 = AXIS2_PLACEMENT_3D ( 'NONE', #4110, #3819, #416 ) ;
#3313 = DIRECTION ( 'NONE',  ( 1.059358394363802799E-16, -0.000000000000000000, -1.000000000000000000 ) ) ;
#3314 = CARTESIAN_POINT ( 'NONE',  ( -7.141607158954611734, -0.1524000000000013122, 1.282700000000000173 ) ) ;
#3315 = STYLED_ITEM ( 'NONE', ( #3902 ), #1023 ) ;
#3316 = MECHANICAL_DESIGN_GEOMETRIC_PRESENTATION_REPRESENTATION (  '', ( #2164 ), #327 ) ;
#3317 = EDGE_CURVE ( 'NONE', #1937, #1528, #4047, .T. ) ;
#3318 = MECHANICAL_DESIGN_GEOMETRIC_PRESENTATION_REPRESENTATION (  '', ( #555 ), #1115 ) ;
#3319 = DIRECTION ( 'NONE',  ( 0.000000000000000000, -1.000000000000000000, -3.885780586188046905E-16 ) ) ;
#3320 = AXIS2_PLACEMENT_3D ( 'NONE', #966, #3728, #2381 ) ;
#3321 = UNCERTAINTY_MEASURE_WITH_UNIT (LENGTH_MEASURE( 1.000000000000000082E-05 ), #696, 'distance_accuracy_value', 'NONE');
#3322 = EDGE_CURVE ( 'NONE', #4151, #1937, #3254, .T. ) ;
#3323 = PRESENTATION_STYLE_ASSIGNMENT (( #2611 ) ) ;
#3324 = COLOUR_RGB ( '',0.8431372549019607865, 0.8431372549019607865, 0.8431372549019607865 ) ;
#3325 = VERTEX_POINT ( 'NONE', #2908 ) ;
#3326 =( NAMED_UNIT ( * ) PLANE_ANGLE_UNIT ( ) SI_UNIT ( $, .RADIAN. ) );
#3327 = FILL_AREA_STYLE_COLOUR ( '', #4168 ) ;
#3328 = SURFACE_SIDE_STYLE ('',( #2283 ) ) ;
#3329 = ORIENTED_EDGE ( 'NONE', *, *, #1195, .T. ) ;
#3330 = UNCERTAINTY_MEASURE_WITH_UNIT (LENGTH_MEASURE( 1.000000000000000082E-05 ), #2250, 'distance_accuracy_value', 'NONE');
#3332 = PRESENTATION_LAYER_ASSIGNMENT (  '', '', ( #2387 ) ) ;
#3331 = DIRECTION ( 'NONE',  ( -1.000000000000000000, -3.362406479023543248E-17, -1.059358394363802799E-16 ) ) ;
#3333 = SURFACE_STYLE_USAGE ( .BOTH. , #4023 ) ;
#3334 =( LENGTH_UNIT ( ) NAMED_UNIT ( * ) SI_UNIT ( .MILLI., .METRE. ) );
#3335 = CARTESIAN_POINT ( 'NONE',  ( 5.496946652051673432, 4.648199999999997445, 3.469446951953614189E-15 ) ) ;
#3336 = LINE ( 'NONE', #310, #185 ) ;
#3337 = VECTOR ( 'NONE', #400, 1000.000000000000000 ) ;
#3338 =( GEOMETRIC_REPRESENTATION_CONTEXT ( 3 ) GLOBAL_UNCERTAINTY_ASSIGNED_CONTEXT ( ( #3949 ) ) GLOBAL_UNIT_ASSIGNED_CONTEXT ( ( #2490, #4178, #1505 ) ) REPRESENTATION_CONTEXT ( 'NONE', 'WORKASPACE' ) );
#3339 = DIRECTION ( 'NONE',  ( -1.000000000000000000, 4.116434282634202676E-32, -1.059358394363801936E-16 ) ) ;
#3340 = DIRECTION ( 'NONE',  ( 0.9986295347545738332, 0.05233595624294441057, 1.340860854561457682E-16 ) ) ;
#3341 = ORIENTED_EDGE ( 'NONE', *, *, #1416, .T. ) ;
#3342 = FACE_OUTER_BOUND ( 'NONE', #3149, .T. ) ;
#3343 = EDGE_LOOP ( 'NONE', ( #4316, #1579, #668, #2320 ) ) ;
#3344 = AXIS2_PLACEMENT_3D ( 'NONE', #914, #1940, #3973 ) ;
#3345 = DIRECTION ( 'NONE',  ( -1.059358394363802552E-16, -3.885780586188047891E-16, 1.000000000000000000 ) ) ;
#3346 = ORIENTED_EDGE ( 'NONE', *, *, #3008, .T. ) ;
#3347 =( LENGTH_UNIT ( ) NAMED_UNIT ( * ) SI_UNIT ( .MILLI., .METRE. ) );
#3348 = EDGE_CURVE ( 'NONE', #1731, #582, #242, .T. ) ;
#3349 = FACE_OUTER_BOUND ( 'NONE', #1506, .T. ) ;
#3350 = ADVANCED_FACE ( 'NONE', ( #609 ), #268, .F. ) ;
#3351 = VECTOR ( 'NONE', #802, 1000.000000000000000 ) ;
#3352 =( GEOMETRIC_REPRESENTATION_CONTEXT ( 3 ) GLOBAL_UNCERTAINTY_ASSIGNED_CONTEXT ( ( #118 ) ) GLOBAL_UNIT_ASSIGNED_CONTEXT ( ( #2852, #2537, #3847 ) ) REPRESENTATION_CONTEXT ( 'NONE', 'WORKASPACE' ) );
#3353 = DIRECTION ( 'NONE',  ( 1.000000000000000000, -4.116434282634202676E-32, 1.059358394363801936E-16 ) ) ;
#3354 = VECTOR ( 'NONE', #4060, 1000.000000000000114 ) ;
#3355 = ORIENTED_EDGE ( 'NONE', *, *, #1227, .T. ) ;
#3356 = VECTOR ( 'NONE', #1205, 1000.000000000000114 ) ;
#3357 = UNCERTAINTY_MEASURE_WITH_UNIT (LENGTH_MEASURE( 1.000000000000000082E-05 ), #3358, 'distance_accuracy_value', 'NONE');
#3358 =( LENGTH_UNIT ( ) NAMED_UNIT ( * ) SI_UNIT ( .MILLI., .METRE. ) );
#3359 = AXIS2_PLACEMENT_3D ( 'NONE', #4091, #3797, #3479 ) ;
#3360 = PLANE ( 'NONE',  #3506 ) ;
#3361 = CARTESIAN_POINT ( 'NONE',  ( -4.266578654407219950, 2.908398552000185600, -0.4190999999999985848 ) ) ;
#3362 =( NAMED_UNIT ( * ) PLANE_ANGLE_UNIT ( ) SI_UNIT ( $, .RADIAN. ) );
#3363 = CARTESIAN_POINT ( 'NONE',  ( -5.930389409470220308, -0.08892276752132038942, -1.282699999999998397 ) ) ;
#3364 = LINE ( 'NONE', #4386, #3609 ) ;
#3365 = ORIENTED_EDGE ( 'NONE', *, *, #3070, .F. ) ;
#3366 = CARTESIAN_POINT ( 'NONE',  ( -7.175499999999994216, 0.4943139327224013724, 1.282700000000001284 ) ) ;
#3367 = ORIENTED_EDGE ( 'NONE', *, *, #1551, .F. ) ;
#3368 = CARTESIAN_POINT ( 'NONE',  ( -5.930389409470221196, -0.08892276752132137474, 2.984500000000001929 ) ) ;
#3369 = ORIENTED_EDGE ( 'NONE', *, *, #3050, .T. ) ;
#3370 = ORIENTED_EDGE ( 'NONE', *, *, #2807, .T. ) ;
#3371 = SURFACE_SIDE_STYLE ('',( #4013 ) ) ;
#3372 = LINE ( 'NONE', #1666, #2765 ) ;
#3373 = ORIENTED_EDGE ( 'NONE', *, *, #824, .F. ) ;
#3374 = SURFACE_SIDE_STYLE ('',( #1602 ) ) ;
#3375 = CARTESIAN_POINT ( 'NONE',  ( -4.266578654407219950, 3.555999999999961858, -3.822699999999997988 ) ) ;
#3376 = CARTESIAN_POINT ( 'NONE',  ( -5.971277244371142601, 0.6912635990884624659, -2.120899999999998453 ) ) ;
#3377 = VERTEX_POINT ( 'NONE', #4079 ) ;
#3378 = EDGE_CURVE ( 'NONE', #2092, #3660, #1050, .T. ) ;
#3379 = EDGE_LOOP ( 'NONE', ( #2148, #90, #3974, #2327 ) ) ;
#3380 = PRESENTATION_STYLE_ASSIGNMENT (( #2286 ) ) ;
#3381 = CARTESIAN_POINT ( 'NONE',  ( -5.668458158185817553, 2.293742025179460686, -0.4190999999999986958 ) ) ;
#3382 = CARTESIAN_POINT ( 'NONE',  ( 0.8254999999999987903, -1.767412060223758702E-15, 2.540000000000002256 ) ) ;
#3383 = CARTESIAN_POINT ( 'NONE',  ( -5.838353819507971387, 0.6772927841693249240, -1.282699999999998175 ) ) ;
#3384 = CARTESIAN_POINT ( 'NONE',  ( -7.175499999999994216, 0.4943139327224009838, 2.984500000000001929 ) ) ;
#3385 = DIRECTION ( 'NONE',  ( -0.9848077530122080203, 3.469446951953614805E-17, -0.1736481776669310806 ) ) ;
#3386 = SURFACE_SIDE_STYLE ('',( #3105 ) ) ;
#3387 = DIRECTION ( 'NONE',  ( -0.000000000000000000, 1.000000000000000000, 3.885780586188046905E-16 ) ) ;
#3388 = DIRECTION ( 'NONE',  ( 0.000000000000000000, -1.000000000000000000, 0.000000000000000000 ) ) ;
#3389 = ORIENTED_EDGE ( 'NONE', *, *, #211, .F. ) ;
#3390 = CARTESIAN_POINT ( 'NONE',  ( -7.175499999999997769, 0.4943139327224013169, 2.120900000000001562 ) ) ;
#3391 = AXIS2_PLACEMENT_3D ( 'NONE', #4272, #177, #3598 ) ;
#3392 = SURFACE_SIDE_STYLE ('',( #3739 ) ) ;
#3393 = ORIENTED_EDGE ( 'NONE', *, *, #2239, .T. ) ;
#3394 = PRESENTATION_STYLE_ASSIGNMENT (( #2303 ) ) ;
#3395 = AXIS2_PLACEMENT_3D ( 'NONE', #1039, #3815, #2814 ) ;
#3396 = FACE_OUTER_BOUND ( 'NONE', #3229, .T. ) ;
#3397 = ORIENTED_EDGE ( 'NONE', *, *, #1753, .T. ) ;
#3398 = AXIS2_PLACEMENT_3D ( 'NONE', #1545, #1912, #1850 ) ;
#3399 = DIRECTION ( 'NONE',  ( -1.059358394363802552E-16, -3.885780586188047891E-16, 1.000000000000000000 ) ) ;
#3400 = SURFACE_SIDE_STYLE ('',( #1041 ) ) ;
#3401 = DIRECTION ( 'NONE',  ( 0.000000000000000000, -1.000000000000000000, -5.551065014344850824E-16 ) ) ;
#3402 = STYLED_ITEM ( 'NONE', ( #1234 ), #3007 ) ;
#3403 = SURFACE_SIDE_STYLE ('',( #693 ) ) ;
#3404 = DIRECTION ( 'NONE',  ( -1.143348424510086976E-16, -5.992035187533611937E-18, 1.000000000000000000 ) ) ;
#3405 = EDGE_CURVE ( 'NONE', #1601, #2121, #1014, .T. ) ;
#3406 = ADVANCED_FACE ( 'NONE', ( #3342 ), #3413, .F. ) ;
#3407 = DIRECTION ( 'NONE',  ( -1.059358394363802552E-16, -3.885780586188047891E-16, 1.000000000000000000 ) ) ;
#3408 = DIRECTION ( 'NONE',  ( 3.362406479023549411E-17, -1.000000000000000000, -3.885780586188046905E-16 ) ) ;
#3409 = ORIENTED_EDGE ( 'NONE', *, *, #324, .F. ) ;
#3410 = SURFACE_STYLE_FILL_AREA ( #2046 ) ;
#3411 = VERTEX_POINT ( 'NONE', #2028 ) ;
#3412 = STYLED_ITEM ( 'NONE', ( #28 ), #3406 ) ;
#3413 = PLANE ( 'NONE',  #2536 ) ;
#3414 = FILL_AREA_STYLE_COLOUR ( '', #658 ) ;
#3415 = CARTESIAN_POINT ( 'NONE',  ( 0.8254999999999999005, 8.505004896855318464, -2.539999999999996927 ) ) ;
#3416 = ORIENTED_EDGE ( 'NONE', *, *, #1288, .T. ) ;
#3417 = COLOUR_RGB ( '',0.8431372549019607865, 0.8431372549019607865, 0.8431372549019607865 ) ;
#3418 = SURFACE_STYLE_FILL_AREA ( #4066 ) ;
#3419 = COLOUR_RGB ( '',0.8431372549019607865, 0.8431372549019607865, 0.8431372549019607865 ) ;
#3420 = AXIS2_PLACEMENT_3D ( 'NONE', #3509, #1790, #3799 ) ;
#3421 = SURFACE_SIDE_STYLE ('',( #1689 ) ) ;
#3422 = EDGE_LOOP ( 'NONE', ( #3566, #247, #2745, #2455 ) ) ;
#3423 = COLOUR_RGB ( '',0.8431372549019607865, 0.8431372549019607865, 0.8431372549019607865 ) ;
#3424 = FACE_OUTER_BOUND ( 'NONE', #3762, .T. ) ;
#3425 = VECTOR ( 'NONE', #2873, 1000.000000000000114 ) ;
#3426 = VECTOR ( 'NONE', #2526, 1000.000000000000000 ) ;
#3427 = PRESENTATION_LAYER_ASSIGNMENT (  '', '', ( #2343 ) ) ;
#3428 = STYLED_ITEM ( 'NONE', ( #2702 ), #1119 ) ;
#3429 = FACE_OUTER_BOUND ( 'NONE', #1565, .T. ) ;
#3430 = AXIS2_PLACEMENT_3D ( 'NONE', #1720, #1025, #2427 ) ;
#3431 = LINE ( 'NONE', #3384, #1337 ) ;
#3432 = DIRECTION ( 'NONE',  ( 1.000000000000000000, 0.000000000000000000, 0.000000000000000000 ) ) ;
#3433 = VERTEX_POINT ( 'NONE', #3390 ) ;
#3434 =( NAMED_UNIT ( * ) SI_UNIT ( $, .STERADIAN. ) SOLID_ANGLE_UNIT ( ) );
#3435 = VERTEX_POINT ( 'NONE', #335 ) ;
#3436 = CARTESIAN_POINT ( 'NONE',  ( -2.730500000000001926, 3.555999999999961858, 1.282700000000002838 ) ) ;
#3437 = EDGE_CURVE ( 'NONE', #4329, #2905, #3757, .T. ) ;
#3438 = FACE_OUTER_BOUND ( 'NONE', #345, .T. ) ;
#3439 = ORIENTED_EDGE ( 'NONE', *, *, #494, .F. ) ;
#3440 =( NAMED_UNIT ( * ) SI_UNIT ( $, .STERADIAN. ) SOLID_ANGLE_UNIT ( ) );
#3441 = DIRECTION ( 'NONE',  ( -1.059358394363801936E-16, -3.885780586188046905E-16, 1.000000000000000000 ) ) ;
#3442 =( LENGTH_UNIT ( ) NAMED_UNIT ( * ) SI_UNIT ( .MILLI., .METRE. ) );
#3443 = CARTESIAN_POINT ( 'NONE',  ( -4.266578654407219950, 3.555999999999963634, -1.282699999999997287 ) ) ;
#3444 = ORIENTED_EDGE ( 'NONE', *, *, #2039, .F. ) ;
#3445 = PRESENTATION_STYLE_ASSIGNMENT (( #386 ) ) ;
#3446 = SURFACE_STYLE_FILL_AREA ( #2095 ) ;
#3447 = CARTESIAN_POINT ( 'NONE',  ( 0.8254999999999996785, 1.320799999999997532, 2.540000000000002256 ) ) ;
#3448 = ORIENTED_EDGE ( 'NONE', *, *, #2870, .F. ) ;
#3449 = EDGE_CURVE ( 'NONE', #904, #3602, #3756, .T. ) ;
#3450 = CARTESIAN_POINT ( 'NONE',  ( -4.266578654407220839, 2.146398552000184257, 2.120900000000002006 ) ) ;
#3452 = VECTOR ( 'NONE', #1467, 1000.000000000000000 ) ;
#3451 = DIRECTION ( 'NONE',  ( -1.059358394363802552E-16, -3.885780586188047891E-16, 1.000000000000000000 ) ) ;
#3453 = CARTESIAN_POINT ( 'NONE',  ( -4.266578654407219950, 2.908398552000185155, 1.282700000000001284 ) ) ;
#3454 = SURFACE_STYLE_USAGE ( .BOTH. , #102 ) ;
#3455 = VECTOR ( 'NONE', #3339, 1000.000000000000000 ) ;
#3456 = FILL_AREA_STYLE_COLOUR ( '', #3923 ) ;
#3457 = VERTEX_POINT ( 'NONE', #722 ) ;
#3458 = FILL_AREA_STYLE_COLOUR ( '', #1538 ) ;
#3459 = FILL_AREA_STYLE_COLOUR ( '', #925 ) ;
#3460 = FILL_AREA_STYLE_COLOUR ( '', #4028 ) ;
#3461 = ORIENTED_EDGE ( 'NONE', *, *, #854, .T. ) ;
#3462 = PRESENTATION_STYLE_ASSIGNMENT (( #1455 ) ) ;
#3463 = MECHANICAL_DESIGN_GEOMETRIC_PRESENTATION_REPRESENTATION (  '', ( #1108 ), #1333 ) ;
#3464 = DIRECTION ( 'NONE',  ( -0.000000000000000000, 3.885780586188046905E-16, -1.000000000000000000 ) ) ;
#3465 = EDGE_CURVE ( 'NONE', #1909, #2011, #1417, .T. ) ;
#3466 = LINE ( 'NONE', #4045, #1997 ) ;
#3467 = PLANE ( 'NONE',  #3834 ) ;
#3468 = AXIS2_PLACEMENT_3D ( 'NONE', #2788, #4161, #446 ) ;
#3469 = EDGE_LOOP ( 'NONE', ( #4368, #4232, #356, #4298 ) ) ;
#3470 = CARTESIAN_POINT ( 'NONE',  ( -4.266578654407219950, 3.555999999999963634, -0.4190999999999985848 ) ) ;
#3471 = SURFACE_STYLE_USAGE ( .BOTH. , #3166 ) ;
#3472 = STYLED_ITEM ( 'NONE', ( #3523 ), #3782 ) ;
#3473 = EDGE_LOOP ( 'NONE', ( #2284, #1454, #2533, #1021 ) ) ;
#3474 =( NAMED_UNIT ( * ) SI_UNIT ( $, .STERADIAN. ) SOLID_ANGLE_UNIT ( ) );
#3475 =( GEOMETRIC_REPRESENTATION_CONTEXT ( 3 ) GLOBAL_UNCERTAINTY_ASSIGNED_CONTEXT ( ( #2310 ) ) GLOBAL_UNIT_ASSIGNED_CONTEXT ( ( #2017, #1004, #3006 ) ) REPRESENTATION_CONTEXT ( 'NONE', 'WORKASPACE' ) );
#3476 = FILL_AREA_STYLE ('',( #1740 ) ) ;
#3477 = SURFACE_STYLE_FILL_AREA ( #1421 ) ;
#3478 = ORIENTED_EDGE ( 'NONE', *, *, #687, .T. ) ;
#3479 = DIRECTION ( 'NONE',  ( 0.000000000000000000, -1.000000000000000000, -3.885780586188046905E-16 ) ) ;
#3480 = CARTESIAN_POINT ( 'NONE',  ( 0.8254999999999994564, -1.805277876724558416E-15, 2.540000000000001368 ) ) ;
#3481 = EDGE_LOOP ( 'NONE', ( #3994, #1232, #822, #2172 ) ) ;
#3482 = CARTESIAN_POINT ( 'NONE',  ( -5.668458158185817553, 2.293742025179460686, 1.282700000000001284 ) ) ;
#3483 = CARTESIAN_POINT ( 'NONE',  ( -2.730500000000001481, 2.908398552000186488, -3.822699999999998433 ) ) ;
#3484 = VECTOR ( 'NONE', #3787, 1000.000000000000114 ) ;
#3485 =( NAMED_UNIT ( * ) SI_UNIT ( $, .STERADIAN. ) SOLID_ANGLE_UNIT ( ) );
#3486 = ORIENTED_EDGE ( 'NONE', *, *, #3746, .F. ) ;
#3487 = SURFACE_STYLE_FILL_AREA ( #3160 ) ;
#3488 = COLOUR_RGB ( '',0.8431372549019607865, 0.8431372549019607865, 0.8431372549019607865 ) ;
#3489 = DIRECTION ( 'NONE',  ( 2.487057936124655726E-16, 1.000000000000000000, 1.110223024625156540E-16 ) ) ;
#3490 = STYLED_ITEM ( 'NONE', ( #1714 ), #575 ) ;
#3491 = ORIENTED_EDGE ( 'NONE', *, *, #3619, .T. ) ;
#3492 = DIRECTION ( 'NONE',  ( 1.059358394363802552E-16, 3.885780586188047891E-16, -1.000000000000000000 ) ) ;
#3493 = ADVANCED_FACE ( 'NONE', ( #2072 ), #1471, .F. ) ;
#3494 = EDGE_CURVE ( 'NONE', #3325, #458, #3553, .T. ) ;
#3495 = CIRCLE ( 'NONE', #2543, 0.7812570522476320889 ) ;
#3496 = ORIENTED_EDGE ( 'NONE', *, *, #3677, .T. ) ;
#3497 = FILL_AREA_STYLE ('',( #4088 ) ) ;
#3498 = COLOUR_RGB ( '',0.8431372549019607865, 0.8431372549019607865, 0.8431372549019607865 ) ;
#3499 = CIRCLE ( 'NONE', #1076, 0.7619999999999996776 ) ;
#3500 = DIRECTION ( 'NONE',  ( 0.1218693434051440899, 0.9925461516413224272, 0.000000000000000000 ) ) ;
#3501 = AXIS2_PLACEMENT_3D ( 'NONE', #4156, #2384, #43 ) ;
#3502 = VERTEX_POINT ( 'NONE', #2830 ) ;
#3503 = PRESENTATION_LAYER_ASSIGNMENT (  '', '', ( #3138 ) ) ;
#3504 = LINE ( 'NONE', #2181, #3059 ) ;
#3505 = SURFACE_SIDE_STYLE ('',( #1047 ) ) ;
#3506 = AXIS2_PLACEMENT_3D ( 'NONE', #4381, #2220, #1239 ) ;
#3507 = CARTESIAN_POINT ( 'NONE',  ( -2.578077290619670947, -2.993875539116107055E-15, 5.079999999999984972 ) ) ;
#3508 = AXIS2_PLACEMENT_3D ( 'NONE', #3281, #2213, #884 ) ;
#3509 = CARTESIAN_POINT ( 'NONE',  ( -4.266578654407219950, 2.146398552000186033, -3.822699999999998433 ) ) ;
#3510 = FACE_OUTER_BOUND ( 'NONE', #4198, .T. ) ;
#3511 = EDGE_LOOP ( 'NONE', ( #1517, #1533, #2322, #3084 ) ) ;
#3512 = DIRECTION ( 'NONE',  ( 0.9986295347545740553, 0.05233595624294259951, 1.144917494144692682E-16 ) ) ;
#3513 = SURFACE_SIDE_STYLE ('',( #2772 ) ) ;
#3514 = DIRECTION ( 'NONE',  ( -1.059358394363802552E-16, -3.885780586188047891E-16, 1.000000000000000000 ) ) ;
#3515 = ORIENTED_EDGE ( 'NONE', *, *, #3176, .F. ) ;
#3516 = DIRECTION ( 'NONE',  ( -8.971146492195128762E-17, 9.429054915185306017E-18, 1.000000000000000000 ) ) ;
#3517 =( NAMED_UNIT ( * ) SI_UNIT ( $, .STERADIAN. ) SOLID_ANGLE_UNIT ( ) );
#3518 = UNCERTAINTY_MEASURE_WITH_UNIT (LENGTH_MEASURE( 1.000000000000000082E-05 ), #878, 'distance_accuracy_value', 'NONE');
#3519 = ORIENTED_EDGE ( 'NONE', *, *, #475, .T. ) ;
#3520 = EDGE_CURVE ( 'NONE', #2070, #900, #3800, .T. ) ;
#3521 = ADVANCED_FACE ( 'NONE', ( #1835 ), #3827, .F. ) ;
#3522 = ORIENTED_EDGE ( 'NONE', *, *, #1893, .T. ) ;
#3523 = PRESENTATION_STYLE_ASSIGNMENT (( #3454 ) ) ;
#3524 = EDGE_CURVE ( 'NONE', #2506, #1569, #3897, .T. ) ;
#3525 = ORIENTED_EDGE ( 'NONE', *, *, #2091, .F. ) ;
#3526 = CARTESIAN_POINT ( 'NONE',  ( -4.266578654407219950, 2.146398552000185145, 1.282700000000001284 ) ) ;
#3527 =( NAMED_UNIT ( * ) SI_UNIT ( $, .STERADIAN. ) SOLID_ANGLE_UNIT ( ) );
#3528 = FILL_AREA_STYLE_COLOUR ( '', #1135 ) ;
#3529 = DIRECTION ( 'NONE',  ( -0.9986295347545739443, -0.05233595624294408444, -3.575628945497198791E-16 ) ) ;
#3530 = ADVANCED_FACE ( 'NONE', ( #1811 ), #1116, .F. ) ;
#3531 = ORIENTED_EDGE ( 'NONE', *, *, #2499, .T. ) ;
#3532 = DIRECTION ( 'NONE',  ( -0.1218510577266528616, -0.9923972267410204884, 0.01732235802734346380 ) ) ;
#3533 = CARTESIAN_POINT ( 'NONE',  ( 7.656740635491961612E-18, 1.320799999999999974, -2.540000000000000480 ) ) ;
#3534 = CARTESIAN_POINT ( 'NONE',  ( -2.730500000000001926, 2.146398552000186033, -2.984499999999997488 ) ) ;
#3535 = PRESENTATION_LAYER_ASSIGNMENT (  '', '', ( #3808 ) ) ;
#3536 = ORIENTED_EDGE ( 'NONE', *, *, #3040, .F. ) ;
#3537 = LINE ( 'NONE', #453, #940 ) ;
#3538 = FACE_OUTER_BOUND ( 'NONE', #3719, .T. ) ;
#3539 =( GEOMETRIC_REPRESENTATION_CONTEXT ( 3 ) GLOBAL_UNCERTAINTY_ASSIGNED_CONTEXT ( ( #3859 ) ) GLOBAL_UNIT_ASSIGNED_CONTEXT ( ( #3170, #1857, #4199 ) ) REPRESENTATION_CONTEXT ( 'NONE', 'WORKASPACE' ) );
#3540 = VERTEX_POINT ( 'NONE', #4288 ) ;
#3541 = VECTOR ( 'NONE', #2968, 1000.000000000000000 ) ;
#3542 = CARTESIAN_POINT ( 'NONE',  ( -4.266578654407219950, 2.146398552000186033, -3.822699999999998433 ) ) ;
#3543 = ORIENTED_EDGE ( 'NONE', *, *, #768, .T. ) ;
#3544 = DIRECTION ( 'NONE',  ( -1.059358394363802552E-16, -3.885780586188047891E-16, 1.000000000000000000 ) ) ;
#3545 = COLOUR_RGB ( '',0.7921568627450980005, 0.8196078431372548767, 0.9333333333333333481 ) ;
#3546 = FILL_AREA_STYLE ('',( #1828 ) ) ;
#3547 = PLANE ( 'NONE',  #2549 ) ;
#3548 =( NAMED_UNIT ( * ) SI_UNIT ( $, .STERADIAN. ) SOLID_ANGLE_UNIT ( ) );
#3549 = MECHANICAL_DESIGN_GEOMETRIC_PRESENTATION_REPRESENTATION (  '', ( #4396 ), #1816 ) ;
#3550 = LINE ( 'NONE', #491, #724 ) ;
#3551 = EDGE_CURVE ( 'NONE', #3602, #1127, #604, .T. ) ;
#3552 = ADVANCED_FACE ( 'NONE', ( #2186 ), #176, .F. ) ;
#3553 = LINE ( 'NONE', #745, #1830 ) ;
#3554 = VERTEX_POINT ( 'NONE', #2563 ) ;
#3555 = CARTESIAN_POINT ( 'NONE',  ( -4.266578654407219950, 3.555999999999959194, 2.984500000000003261 ) ) ;
#3556 = CIRCLE ( 'NONE', #4249, 0.7619999999999996776 ) ;
#3557 = CARTESIAN_POINT ( 'NONE',  ( -2.730500000000001926, 3.555999999999963634, 0.4191000000000028036 ) ) ;
#3558 = EDGE_CURVE ( 'NONE', #3738, #941, #1242, .T. ) ;
#3559 = VECTOR ( 'NONE', #34, 1000.000000000000000 ) ;
#3560 = VERTEX_POINT ( 'NONE', #2878 ) ;
#3561 = DIRECTION ( 'NONE',  ( 0.1045284632676531100, 0.9945218953682734009, 2.668225570433290609E-16 ) ) ;
#3563 = AXIS2_PLACEMENT_3D ( 'NONE', #1707, #3042, #1382 ) ;
#3562 = FACE_OUTER_BOUND ( 'NONE', #844, .T. ) ;
#3564 = ORIENTED_EDGE ( 'NONE', *, *, #2749, .T. ) ;
#3565 = COLOUR_RGB ( '',0.8431372549019607865, 0.8431372549019607865, 0.8431372549019607865 ) ;
#3566 = ORIENTED_EDGE ( 'NONE', *, *, #797, .T. ) ;
#3567 =( NAMED_UNIT ( * ) SI_UNIT ( $, .STERADIAN. ) SOLID_ANGLE_UNIT ( ) );
#3568 = LINE ( 'NONE', #1859, #3425 ) ;
#3569 = CARTESIAN_POINT ( 'NONE',  ( -4.266578654407219950, 2.146398552000185145, 1.282700000000001284 ) ) ;
#3570 = CIRCLE ( 'NONE', #1769, 0.7619999999999996776 ) ;
#3571 = SURFACE_SIDE_STYLE ('',( #1267 ) ) ;
#3572 = CARTESIAN_POINT ( 'NONE',  ( 6.884384154850322624, 1.320800000000001084, -5.079999999999997407 ) ) ;
#3573 = STYLED_ITEM ( 'NONE', ( #2528 ), #1947 ) ;
#3574 = UNCERTAINTY_MEASURE_WITH_UNIT (LENGTH_MEASURE( 1.000000000000000082E-05 ), #1950, 'distance_accuracy_value', 'NONE');
#3575 = EDGE_CURVE ( 'NONE', #3435, #3963, #1354, .T. ) ;
#3576 = VECTOR ( 'NONE', #3924, 1000.000000000000000 ) ;
#3577 = EDGE_CURVE ( 'NONE', #75, #1867, #1942, .T. ) ;
#3578 = ORIENTED_EDGE ( 'NONE', *, *, #603, .T. ) ;
#3579 = CYLINDRICAL_SURFACE ( 'NONE', #945, 0.1336556042478582174 ) ;
#3580 = COLOUR_RGB ( '',0.8431372549019607865, 0.8431372549019607865, 0.8431372549019607865 ) ;
#3581 = PLANE ( 'NONE',  #562 ) ;
#3582 = CIRCLE ( 'NONE', #4138, 1.409601447999776047 ) ;
#3583 = PRESENTATION_STYLE_ASSIGNMENT (( #539 ) ) ;
#3584 = ORIENTED_EDGE ( 'NONE', *, *, #2430, .T. ) ;
#3585 = DIRECTION ( 'NONE',  ( 1.138269997360110167E-15, -1.000000000000000000, -3.557093741750343903E-16 ) ) ;
#3586 = DIRECTION ( 'NONE',  ( -8.971146492195128762E-17, 9.429054915185306017E-18, 1.000000000000000000 ) ) ;
#3587 =( NAMED_UNIT ( * ) SI_UNIT ( $, .STERADIAN. ) SOLID_ANGLE_UNIT ( ) );
#3588 = DIRECTION ( 'NONE',  ( -0.1045284632676533321, -0.9945218953682734009, -2.668225570433296525E-16 ) ) ;
#3589 = ORIENTED_EDGE ( 'NONE', *, *, #418, .T. ) ;
#3590 = EDGE_CURVE ( 'NONE', #1464, #4080, #918, .T. ) ;
#3591 = DIRECTION ( 'NONE',  ( 0.000000000000000000, -1.000000000000000000, -4.163298760758638118E-16 ) ) ;
#3592 = LINE ( 'NONE', #1237, #2168 ) ;
#3593 = LINE ( 'NONE', #529, #4068 ) ;
#3594 = DIRECTION ( 'NONE',  ( 0.000000000000000000, 0.000000000000000000, 1.000000000000000000 ) ) ;
#3595 =( NAMED_UNIT ( * ) SI_UNIT ( $, .STERADIAN. ) SOLID_ANGLE_UNIT ( ) );
#3596 =( NAMED_UNIT ( * ) PLANE_ANGLE_UNIT ( ) SI_UNIT ( $, .RADIAN. ) );
#3597 = DIRECTION ( 'NONE',  ( 0.9986295347545739443, 0.05233595624294409138, 0.000000000000000000 ) ) ;
#3598 = DIRECTION ( 'NONE',  ( 0.000000000000000000, -1.000000000000000000, -3.885780586188046905E-16 ) ) ;
#3599 = ORIENTED_EDGE ( 'NONE', *, *, #666, .F. ) ;
#3600 = CARTESIAN_POINT ( 'NONE',  ( -2.730500000000001481, 4.648200000000001886, -4.998865367200657772 ) ) ;
#3601 =( LENGTH_UNIT ( ) NAMED_UNIT ( * ) SI_UNIT ( .MILLI., .METRE. ) );
#3602 = VERTEX_POINT ( 'NONE', #2855 ) ;
#3603 = CARTESIAN_POINT ( 'NONE',  ( -5.964282250515601014, 0.5577911652010830723, -2.120899999999998897 ) ) ;
#3604 = ADVANCED_FACE ( 'NONE', ( #3624 ), #197, .T. ) ;
#3605 = CARTESIAN_POINT ( 'NONE',  ( -0.9453947025818488781, 4.521200000000000330, -2.649365367200656962 ) ) ;
#3606 = UNCERTAINTY_MEASURE_WITH_UNIT (LENGTH_MEASURE( 1.000000000000000082E-05 ), #187, 'distance_accuracy_value', 'NONE');
#3607 = DIRECTION ( 'NONE',  ( -0.9986295347545739443, -0.05233595624294405668, 0.000000000000000000 ) ) ;
#3608 = CARTESIAN_POINT ( 'NONE',  ( -5.194299999999997475, 0.6096000000000015850, -3.822699999999997988 ) ) ;
#3609 = VECTOR ( 'NONE', #1340, 1000.000000000000227 ) ;
#3610 = DIRECTION ( 'NONE',  ( 1.000000000000000000, 3.362406479023549411E-17, 1.306557381906261354E-32 ) ) ;
#3611 = EDGE_LOOP ( 'NONE', ( #794, #973, #3969, #1013 ) ) ;
#3612 = PLANE ( 'NONE',  #1628 ) ;
#3613 = PRESENTATION_LAYER_ASSIGNMENT (  '', '', ( #2804 ) ) ;
#3614 =( NAMED_UNIT ( * ) SI_UNIT ( $, .STERADIAN. ) SOLID_ANGLE_UNIT ( ) );
#3615 = LINE ( 'NONE', #2841, #4349 ) ;
#3616 = ORIENTED_EDGE ( 'NONE', *, *, #3153, .F. ) ;
#3617 = DIRECTION ( 'NONE',  ( 0.000000000000000000, -1.000000000000000000, -4.055954774911274837E-16 ) ) ;
#3618 = MECHANICAL_DESIGN_GEOMETRIC_PRESENTATION_REPRESENTATION (  '', ( #4405 ), #3752 ) ;
#3619 = EDGE_CURVE ( 'NONE', #2282, #4155, #237, .T. ) ;
#3620 = EDGE_CURVE ( 'NONE', #3890, #1521, #3741, .T. ) ;
#3621 = CARTESIAN_POINT ( 'NONE',  ( -4.266578654407219950, 2.146398552000186033, -2.120899999999998453 ) ) ;
#3622 = DIRECTION ( 'NONE',  ( -1.000000000000000000, -3.362406479023549411E-17, -1.306557381906261354E-32 ) ) ;
#3623 =( LENGTH_UNIT ( ) NAMED_UNIT ( * ) SI_UNIT ( .MILLI., .METRE. ) );
#3624 = FACE_OUTER_BOUND ( 'NONE', #3611, .T. ) ;
#3625 = DIRECTION ( 'NONE',  ( 0.000000000000000000, -1.000000000000000000, -4.163298760758638118E-16 ) ) ;
#3626 = MECHANICAL_DESIGN_GEOMETRIC_PRESENTATION_REPRESENTATION (  '', ( #2400 ), #788 ) ;
#3627 = STYLED_ITEM ( 'NONE', ( #3227 ), #2632 ) ;
#3628 = VERTEX_POINT ( 'NONE', #1614 ) ;
#3629 = VECTOR ( 'NONE', #4243, 1000.000000000000000 ) ;
#3630 = DIRECTION ( 'NONE',  ( 1.059358394363802552E-16, 3.885780586188047891E-16, -1.000000000000000000 ) ) ;
#3631 = COLOUR_RGB ( '',0.8431372549019607865, 0.8431372549019607865, 0.8431372549019607865 ) ;
#3632 = CIRCLE ( 'NONE', #2691, 0.7619999999999996776 ) ;
#3633 = UNCERTAINTY_MEASURE_WITH_UNIT (LENGTH_MEASURE( 1.000000000000000082E-05 ), #842, 'distance_accuracy_value', 'NONE');
#3634 = UNCERTAINTY_MEASURE_WITH_UNIT (LENGTH_MEASURE( 1.000000000000000082E-05 ), #2695, 'distance_accuracy_value', 'NONE');
#3635 =( LENGTH_UNIT ( ) NAMED_UNIT ( * ) SI_UNIT ( .MILLI., .METRE. ) );
#3636 = PRESENTATION_LAYER_ASSIGNMENT (  '', '', ( #1570 ) ) ;
#3637 = VECTOR ( 'NONE', #2278, 1000.000000000000000 ) ;
#3638 = EDGE_LOOP ( 'NONE', ( #2142, #134, #4247, #3461 ) ) ;
#3639 = CARTESIAN_POINT ( 'NONE',  ( -5.838353819507971387, 0.6772927841693232587, 2.120900000000002006 ) ) ;
#3640 = CIRCLE ( 'NONE', #943, 0.6985000000000003428 ) ;
#3641 = CARTESIAN_POINT ( 'NONE',  ( 6.884384154850322624, 1.320800000000001084, -5.079999999999997407 ) ) ;
#3642 =( LENGTH_UNIT ( ) NAMED_UNIT ( * ) SI_UNIT ( .MILLI., .METRE. ) );
#3643 = LINE ( 'NONE', #596, #930 ) ;
#3644 = VERTEX_POINT ( 'NONE', #1378 ) ;
#3645 = EDGE_CURVE ( 'NONE', #4348, #458, #3431, .T. ) ;
#3646 = EDGE_CURVE ( 'NONE', #900, #4113, #1045, .T. ) ;
#3647 = CARTESIAN_POINT ( 'NONE',  ( -2.730500000000001926, 3.555999999999964079, -2.984499999999997488 ) ) ;
#3648 = CARTESIAN_POINT ( 'NONE',  ( -4.266578654407219950, 3.555999999999964079, 1.282700000000001950 ) ) ;
#3649 = ORIENTED_EDGE ( 'NONE', *, *, #2985, .F. ) ;
#3650 = CARTESIAN_POINT ( 'NONE',  ( -5.964282250515600126, 0.5577911652010838495, -3.822699999999998433 ) ) ;
#3651 = CARTESIAN_POINT ( 'NONE',  ( -4.266578654407219950, 2.146398552000185589, -1.282699999999997731 ) ) ;
#3652 = DIRECTION ( 'NONE',  ( 2.056558963437204816E-17, 3.885780586188046905E-16, -1.000000000000000000 ) ) ;
#3653 = ADVANCED_FACE ( 'NONE', ( #1969 ), #4338, .F. ) ;
#3654 = LINE ( 'NONE', #1970, #3197 ) ;
#3655 = DIRECTION ( 'NONE',  ( -2.056558963437204816E-17, -3.885780586188046905E-16, 1.000000000000000000 ) ) ;
#3656 = CARTESIAN_POINT ( 'NONE',  ( 5.905499999999999083, 4.656422959817302871E-16, -2.540000000000000480 ) ) ;
#3657 = SURFACE_SIDE_STYLE ('',( #180 ) ) ;
#3658 = ADVANCED_FACE ( 'NONE', ( #2967 ), #1298, .T. ) ;
#3659 = CYLINDRICAL_SURFACE ( 'NONE', #2552, 0.7619999999999996776 ) ;
#3660 = VERTEX_POINT ( 'NONE', #2341 ) ;
#3661 = SURFACE_SIDE_STYLE ('',( #3964 ) ) ;
#3662 = CARTESIAN_POINT ( 'NONE',  ( 7.175499999999998657, 1.320799999999997532, 3.429000000000002490 ) ) ;
#3663 = DIRECTION ( 'NONE',  ( 0.000000000000000000, -1.000000000000000000, -3.885780586188046905E-16 ) ) ;
#3664 = FACE_OUTER_BOUND ( 'NONE', #1248, .T. ) ;
#3665 = ORIENTED_EDGE ( 'NONE', *, *, #3449, .T. ) ;
#3666 = VERTEX_POINT ( 'NONE', #287 ) ;
#3667 = UNCERTAINTY_MEASURE_WITH_UNIT (LENGTH_MEASURE( 1.000000000000000082E-05 ), #3013, 'distance_accuracy_value', 'NONE');
#3668 = PLANE ( 'NONE',  #1406 ) ;
#3669 = CARTESIAN_POINT ( 'NONE',  ( -5.668458158185817553, 2.293742025179459798, 2.984500000000002817 ) ) ;
#3670 = SURFACE_STYLE_USAGE ( .BOTH. , #2690 ) ;
#3671 = STYLED_ITEM ( 'NONE', ( #4310 ), #871 ) ;
#3672 = FACE_OUTER_BOUND ( 'NONE', #1084, .T. ) ;
#3673 = CARTESIAN_POINT ( 'NONE',  ( -5.930389409470221196, -0.08892276752132027839, -2.120899999999998453 ) ) ;
#3674 =( LENGTH_UNIT ( ) NAMED_UNIT ( * ) SI_UNIT ( .MILLI., .METRE. ) );
#3675 = VECTOR ( 'NONE', #4187, 1000.000000000000114 ) ;
#3676 = LINE ( 'NONE', #631, #2287 ) ;
#3677 = EDGE_CURVE ( 'NONE', #4069, #682, #1889, .T. ) ;
#3678 = EDGE_CURVE ( 'NONE', #728, #3275, #651, .T. ) ;
#3679 = VERTEX_POINT ( 'NONE', #629 ) ;
#3680 = DIRECTION ( 'NONE',  ( -0.9986295347545739443, -0.05233595624294421628, 0.000000000000000000 ) ) ;
#3681 = VERTEX_POINT ( 'NONE', #3673 ) ;
#3682 = ORIENTED_EDGE ( 'NONE', *, *, #2566, .F. ) ;
#3683 = LINE ( 'NONE', #3087, #3212 ) ;
#3684 = ORIENTED_EDGE ( 'NONE', *, *, #1651, .T. ) ;
#3685 = DIRECTION ( 'NONE',  ( -3.362406479023546330E-17, 1.000000000000000000, 1.110223024625156540E-16 ) ) ;
#3686 = FILL_AREA_STYLE_COLOUR ( '', #560 ) ;
#3687 = CARTESIAN_POINT ( 'NONE',  ( -0.9453947025818488781, 4.648200000000000109, -3.347865367200657083 ) ) ;
#3688 =( LENGTH_UNIT ( ) NAMED_UNIT ( * ) SI_UNIT ( .MILLI., .METRE. ) );
#3689 = VERTEX_POINT ( 'NONE', #3033 ) ;
#3690 = UNCERTAINTY_MEASURE_WITH_UNIT (LENGTH_MEASURE( 1.000000000000000082E-05 ), #2858, 'distance_accuracy_value', 'NONE');
#3691 = PRESENTATION_LAYER_ASSIGNMENT (  '', '', ( #2599 ) ) ;
#3692 =( NAMED_UNIT ( * ) SI_UNIT ( $, .STERADIAN. ) SOLID_ANGLE_UNIT ( ) );
#3693 = MECHANICAL_DESIGN_GEOMETRIC_PRESENTATION_REPRESENTATION (  '', ( #4328 ), #1273 ) ;
#3694 = DIRECTION ( 'NONE',  ( 0.000000000000000000, -1.000000000000000000, -4.614930726797934007E-16 ) ) ;
#3695 = DIRECTION ( 'NONE',  ( 3.443586220485275603E-17, 4.228192220135661200E-18, -1.000000000000000000 ) ) ;
#3696 =( NAMED_UNIT ( * ) SI_UNIT ( $, .STERADIAN. ) SOLID_ANGLE_UNIT ( ) );
#3697 = MECHANICAL_DESIGN_GEOMETRIC_PRESENTATION_REPRESENTATION (  '', ( #711 ), #3041 ) ;
#3698 = ORIENTED_EDGE ( 'NONE', *, *, #2726, .F. ) ;
#3699 = ORIENTED_EDGE ( 'NONE', *, *, #2807, .F. ) ;
#3700 = AXIS2_PLACEMENT_3D ( 'NONE', #3106, #63, #2759 ) ;
#3701 = VECTOR ( 'NONE', #1920, 1000.000000000000114 ) ;
#3702 = EDGE_CURVE ( 'NONE', #3817, #3628, #1641, .T. ) ;
#3703 =( GEOMETRIC_REPRESENTATION_CONTEXT ( 3 ) GLOBAL_UNCERTAINTY_ASSIGNED_CONTEXT ( ( #1595 ) ) GLOBAL_UNIT_ASSIGNED_CONTEXT ( ( #3623, #2289, #3692 ) ) REPRESENTATION_CONTEXT ( 'NONE', 'WORKASPACE' ) );
#3704 = VECTOR ( 'NONE', #2234, 1000.000000000000000 ) ;
#3705 = ORIENTED_EDGE ( 'NONE', *, *, #3646, .T. ) ;
#3706 = CARTESIAN_POINT ( 'NONE',  ( -7.175499999999994216, 0.4943139327224027046, -2.120899999999998453 ) ) ;
#3707 = VECTOR ( 'NONE', #2773, 1000.000000000000000 ) ;
#3708 = ORIENTED_EDGE ( 'NONE', *, *, #462, .F. ) ;
#3709 = COLOUR_RGB ( '',0.7921568627450980005, 0.8196078431372548767, 0.9333333333333333481 ) ;
#3710 = FACE_OUTER_BOUND ( 'NONE', #1607, .T. ) ;
#3711 = STYLED_ITEM ( 'NONE', ( #468 ), #1918 ) ;
#3712 = PLANE ( 'NONE',  #2369 ) ;
#3713 = LINE ( 'NONE', #942, #2401 ) ;
#3714 = PLANE ( 'NONE',  #1186 ) ;
#3715 = MANIFOLD_SOLID_BREP ( 'NONE', #4340 ) ;
#3716 = DIRECTION ( 'NONE',  ( 0.000000000000000000, -1.000000000000000000, -3.885780586188046905E-16 ) ) ;
#3717 = LINE ( 'NONE', #675, #2826 ) ;
#3718 = VERTEX_POINT ( 'NONE', #714 ) ;
#3719 = EDGE_LOOP ( 'NONE', ( #3217, #2368, #1363, #2373, #608, #3389, #1664, #618, #1543, #3015, #717, #1870 ) ) ;
#3720 = SURFACE_STYLE_USAGE ( .BOTH. , #3371 ) ;
#3721 = ORIENTED_EDGE ( 'NONE', *, *, #3760, .F. ) ;
#3722 = DIRECTION ( 'NONE',  ( -1.000000000000000000, 2.487057936124655726E-16, 0.000000000000000000 ) ) ;
#3723 = ORIENTED_EDGE ( 'NONE', *, *, #1661, .F. ) ;
#3724 = EDGE_CURVE ( 'NONE', #2006, #75, #2063, .T. ) ;
#3725 = DIRECTION ( 'NONE',  ( -1.000000000000000000, -3.362406479023543248E-17, -1.059358394363802799E-16 ) ) ;
#3726 = DIRECTION ( 'NONE',  ( 0.9986295347545738332, 0.05233595624294441057, 3.575628945497220978E-16 ) ) ;
#3727 = EDGE_CURVE ( 'NONE', #2113, #699, #3364, .T. ) ;
#3728 = DIRECTION ( 'NONE',  ( -1.000000000000000000, -3.362406479023547562E-17, -2.056558963437200502E-17 ) ) ;
#3729 = PRESENTATION_STYLE_ASSIGNMENT (( #3079 ) ) ;
#3730 =( NAMED_UNIT ( * ) SI_UNIT ( $, .STERADIAN. ) SOLID_ANGLE_UNIT ( ) );
#3731 = ORIENTED_EDGE ( 'NONE', *, *, #2235, .F. ) ;
#3732 = COLOUR_RGB ( '',1.000000000000000000, 1.000000000000000000, 1.000000000000000000 ) ;
#3733 = FACE_OUTER_BOUND ( 'NONE', #500, .T. ) ;
#3734 = CARTESIAN_POINT ( 'NONE',  ( 7.175499999999998657, 1.320799999999997532, -3.428999999999994497 ) ) ;
#3735 = EDGE_LOOP ( 'NONE', ( #4019, #478, #3147, #883 ) ) ;
#3736 = AXIS2_PLACEMENT_3D ( 'NONE', #2144, #122, #459 ) ;
#3737 = MECHANICAL_DESIGN_GEOMETRIC_PRESENTATION_REPRESENTATION (  '', ( #4169 ), #329 ) ;
#3738 = VERTEX_POINT ( 'NONE', #2671 ) ;
#3739 = SURFACE_STYLE_FILL_AREA ( #4036 ) ;
#3740 = VERTEX_POINT ( 'NONE', #695 ) ;
#3741 = CIRCLE ( 'NONE', #4033, 0.7619999999999996776 ) ;
#3742 =( NAMED_UNIT ( * ) PLANE_ANGLE_UNIT ( ) SI_UNIT ( $, .RADIAN. ) );
#3743 = EDGE_LOOP ( 'NONE', ( #1735, #403, #4342, #1539 ) ) ;
#3744 = SURFACE_STYLE_USAGE ( .BOTH. , #2099 ) ;
#3745 = ADVANCED_FACE ( 'NONE', ( #4049 ), #3714, .F. ) ;
#3746 = EDGE_CURVE ( 'NONE', #3984, #3433, #2158, .T. ) ;
#3747 = DIRECTION ( 'NONE',  ( 0.1045284632676539288, 0.9945218953682734009, 0.000000000000000000 ) ) ;
#3748 = FACE_OUTER_BOUND ( 'NONE', #2760, .T. ) ;
#3749 = VECTOR ( 'NONE', #1998, 1000.000000000000000 ) ;
#3750 = SURFACE_STYLE_USAGE ( .BOTH. , #737 ) ;
#3751 = VERTEX_POINT ( 'NONE', #2494 ) ;
#3752 =( GEOMETRIC_REPRESENTATION_CONTEXT ( 3 ) GLOBAL_UNCERTAINTY_ASSIGNED_CONTEXT ( ( #3574 ) ) GLOBAL_UNIT_ASSIGNED_CONTEXT ( ( #1950, #1540, #950 ) ) REPRESENTATION_CONTEXT ( 'NONE', 'WORKASPACE' ) );
#3753 = PRESENTATION_STYLE_ASSIGNMENT (( #1088 ) ) ;
#3754 = PRESENTATION_STYLE_ASSIGNMENT (( #4055 ) ) ;
#3755 = VERTEX_POINT ( 'NONE', #2087 ) ;
#3756 = CIRCLE ( 'NONE', #3563, 0.7812570522476320889 ) ;
#3757 = LINE ( 'NONE', #358, #2605 ) ;
#3758 = PLANE ( 'NONE',  #113 ) ;
#3759 = LINE ( 'NONE', #1073, #2202 ) ;
#3760 = EDGE_CURVE ( 'NONE', #1370, #2006, #777, .T. ) ;
#3761 = CARTESIAN_POINT ( 'NONE',  ( -7.141607158954611734, -0.1524000000000015342, 1.282700000000001284 ) ) ;
#3762 = EDGE_LOOP ( 'NONE', ( #2817, #228, #721, #2716 ) ) ;
#3763 = PRESENTATION_LAYER_ASSIGNMENT (  '', '', ( #3976 ) ) ;
#3764 = LINE ( 'NONE', #1350, #3484 ) ;
#3765 = PRESENTATION_STYLE_ASSIGNMENT (( #1477 ) ) ;
#3766 = AXIS2_PLACEMENT_3D ( 'NONE', #852, #3203, #917 ) ;
#3767 =( LENGTH_UNIT ( ) NAMED_UNIT ( * ) SI_UNIT ( .MILLI., .METRE. ) );
#3768 = ORIENTED_EDGE ( 'NONE', *, *, #2675, .F. ) ;
#3769 = STYLED_ITEM ( 'NONE', ( #710 ), #350 ) ;
#3770 = VECTOR ( 'NONE', #3285, 1000.000000000000000 ) ;
#3771 = STYLED_ITEM ( 'NONE', ( #2265 ), #1315 ) ;
#3772 = VECTOR ( 'NONE', #2637, 999.9999999999998863 ) ;
#3773 = FILL_AREA_STYLE ('',( #348 ) ) ;
#3774 = AXIS2_PLACEMENT_3D ( 'NONE', #3761, #2658, #661 ) ;
#3775 = DIRECTION ( 'NONE',  ( -0.9986295347545738332, -0.05233595624294446608, 0.000000000000000000 ) ) ;
#3776 = ADVANCED_FACE ( 'NONE', ( #2732, #3821 ), #3864, .T. ) ;
#3777 = DIRECTION ( 'NONE',  ( -3.362406479023549411E-17, 1.000000000000000000, 3.885780586188046905E-16 ) ) ;
#3778 = ORIENTED_EDGE ( 'NONE', *, *, #94, .T. ) ;
#3779 = CARTESIAN_POINT ( 'NONE',  ( -4.266578654407219950, 2.146398552000186033, -3.822699999999998433 ) ) ;
#3780 = FILL_AREA_STYLE ('',( #3458 ) ) ;
#3781 = DIRECTION ( 'NONE',  ( 3.362406479023549411E-17, -1.000000000000000000, -3.885780586188046905E-16 ) ) ;
#3782 = ADVANCED_FACE ( 'NONE', ( #2123 ), #2106, .T. ) ;
#3783 = DIRECTION ( 'NONE',  ( -1.000000000000000000, 2.487057936124655726E-16, 0.000000000000000000 ) ) ;
#3784 = CARTESIAN_POINT ( 'NONE',  ( -2.730500000000001926, 2.908398552000186044, -0.4190999999999985848 ) ) ;
#3785 = ORIENTED_EDGE ( 'NONE', *, *, #3724, .T. ) ;
#3786 = SURFACE_SIDE_STYLE ('',( #96 ) ) ;
#3787 = DIRECTION ( 'NONE',  ( 0.05233595624293851251, -0.9986295347545741663, -6.696724819465702341E-16 ) ) ;
#3788 = FILL_AREA_STYLE_COLOUR ( '', #2195 ) ;
#3789 = VERTEX_POINT ( 'NONE', #372 ) ;
#3790 =( NAMED_UNIT ( * ) PLANE_ANGLE_UNIT ( ) SI_UNIT ( $, .RADIAN. ) );
#3791 = CARTESIAN_POINT ( 'NONE',  ( -5.964282250515601014, 0.5577911652010808519, 2.984500000000001929 ) ) ;
#3792 = SURFACE_STYLE_USAGE ( .BOTH. , #2424 ) ;
#3793 = CARTESIAN_POINT ( 'NONE',  ( -5.964282250515601014, 0.5577911652010817400, 2.120900000000001562 ) ) ;
#3794 = VECTOR ( 'NONE', #3037, 1000.000000000000000 ) ;
#3795 = ORIENTED_EDGE ( 'NONE', *, *, #3267, .T. ) ;
#3796 = MANIFOLD_SOLID_BREP ( 'Pin 2', #284 ) ;
#3797 = DIRECTION ( 'NONE',  ( -2.056558963437201118E-17, -3.885780586188046905E-16, 1.000000000000000000 ) ) ;
#3798 = FILL_AREA_STYLE ('',( #2782 ) ) ;
#3799 = DIRECTION ( 'NONE',  ( 0.000000000000000000, -1.000000000000000000, -3.076620484531956004E-16 ) ) ;
#3800 = LINE ( 'NONE', #445, #3337 ) ;
#3801 =( LENGTH_UNIT ( ) NAMED_UNIT ( * ) SI_UNIT ( .MILLI., .METRE. ) );
#3802 = AXIS2_PLACEMENT_3D ( 'NONE', #3202, #1900, #1513 ) ;
#3803 = ADVANCED_FACE ( 'NONE', ( #3172 ), #3077, .F. ) ;
#3804 = CARTESIAN_POINT ( 'NONE',  ( -2.730500000000001926, -9.638343140829149226E-13, 5.080000000000000959 ) ) ;
#3805 = EDGE_CURVE ( 'NONE', #757, #2784, #4261, .T. ) ;
#3806 = EDGE_LOOP ( 'NONE', ( #3839, #3448, #317, #2491, #547, #926, #3097, #320, #3289, #915, #1890, #1478 ) ) ;
#3807 = PLANE ( 'NONE',  #434 ) ;
#3808 = STYLED_ITEM ( 'NONE', ( #2785 ), #817 ) ;
#3809 =( LENGTH_UNIT ( ) NAMED_UNIT ( * ) SI_UNIT ( .MILLI., .METRE. ) );
#3810 =( GEOMETRIC_REPRESENTATION_CONTEXT ( 3 ) GLOBAL_UNCERTAINTY_ASSIGNED_CONTEXT ( ( #245 ) ) GLOBAL_UNIT_ASSIGNED_CONTEXT ( ( #1268, #944, #4339 ) ) REPRESENTATION_CONTEXT ( 'NONE', 'WORKASPACE' ) );
#3811 = DIRECTION ( 'NONE',  ( 2.056558963437201118E-17, 3.885780586188046905E-16, -1.000000000000000000 ) ) ;
#3812 =( GEOMETRIC_REPRESENTATION_CONTEXT ( 3 ) GLOBAL_UNCERTAINTY_ASSIGNED_CONTEXT ( ( #1929 ) ) GLOBAL_UNIT_ASSIGNED_CONTEXT ( ( #3801, #1770, #1792 ) ) REPRESENTATION_CONTEXT ( 'NONE', 'WORKASPACE' ) );
#3813 = ORIENTED_EDGE ( 'NONE', *, *, #3190, .T. ) ;
#3814 = FILL_AREA_STYLE ('',( #1441 ) ) ;
#3815 = DIRECTION ( 'NONE',  ( -1.000000000000000000, -3.362406479023543248E-17, -1.059358394363802799E-16 ) ) ;
#3816 = AXIS2_PLACEMENT_3D ( 'NONE', #328, #1675, #352 ) ;
#3817 = VERTEX_POINT ( 'NONE', #1193 ) ;
#3818 = SURFACE_SIDE_STYLE ('',( #1105 ) ) ;
#3819 = DIRECTION ( 'NONE',  ( 1.059358394363802552E-16, 3.885780586188047891E-16, -1.000000000000000000 ) ) ;
#3820 =( NAMED_UNIT ( * ) PLANE_ANGLE_UNIT ( ) SI_UNIT ( $, .RADIAN. ) );
#3821 = FACE_OUTER_BOUND ( 'NONE', #33, .T. ) ;
#3822 =( NAMED_UNIT ( * ) SI_UNIT ( $, .STERADIAN. ) SOLID_ANGLE_UNIT ( ) );
#3823 = ORIENTED_EDGE ( 'NONE', *, *, #3805, .T. ) ;
#3824 = MECHANICAL_DESIGN_GEOMETRIC_PRESENTATION_REPRESENTATION (  '', ( #4262 ), #60 ) ;
#3825 = LINE ( 'NONE', #3507, #1881 ) ;
#3826 = CARTESIAN_POINT ( 'NONE',  ( -2.730500000000001481, 2.908398552000186488, -3.822699999999997988 ) ) ;
#3827 = PLANE ( 'NONE',  #2815 ) ;
#3828 = COLOUR_RGB ( '',0.8431372549019607865, 0.8431372549019607865, 0.8431372549019607865 ) ;
#3829 = MECHANICAL_DESIGN_GEOMETRIC_PRESENTATION_REPRESENTATION (  '', ( #3412 ), #2679 ) ;
#3830 = ORIENTED_EDGE ( 'NONE', *, *, #1151, .T. ) ;
#3831 = FILL_AREA_STYLE_COLOUR ( '', #709 ) ;
#3832 = EDGE_CURVE ( 'NONE', #4279, #1308, #3972, .T. ) ;
#3833 = DIRECTION ( 'NONE',  ( -1.059358394363801936E-16, -3.885780586188046905E-16, 1.000000000000000000 ) ) ;
#3834 = AXIS2_PLACEMENT_3D ( 'NONE', #3146, #3489, #2119 ) ;
#3835 = APPLICATION_CONTEXT ( 'automotive_design' ) ;
#3836 = ORIENTED_EDGE ( 'NONE', *, *, #3575, .T. ) ;
#3837 = DIRECTION ( 'NONE',  ( -1.059358394363801936E-16, -3.885780586188046905E-16, 1.000000000000000000 ) ) ;
#3838 = AXIS2_PLACEMENT_3D ( 'NONE', #1487, #1240, #551 ) ;
#3839 = ORIENTED_EDGE ( 'NONE', *, *, #1523, .F. ) ;
#3840 = STYLED_ITEM ( 'NONE', ( #744 ), #2510 ) ;
#3841 = FILL_AREA_STYLE_COLOUR ( '', #2192 ) ;
#3842 = ORIENTED_EDGE ( 'NONE', *, *, #1416, .F. ) ;
#3843 = FILL_AREA_STYLE_COLOUR ( '', #2033 ) ;
#3844 = COLOUR_RGB ( '',0.8431372549019607865, 0.8431372549019607865, 0.8431372549019607865 ) ;
#3845 = VECTOR ( 'NONE', #2254, 1000.000000000000000 ) ;
#3846 = ORIENTED_EDGE ( 'NONE', *, *, #823, .F. ) ;
#3847 =( NAMED_UNIT ( * ) SI_UNIT ( $, .STERADIAN. ) SOLID_ANGLE_UNIT ( ) );
#3848 = DIRECTION ( 'NONE',  ( -3.362406479023546330E-17, 1.000000000000000000, 1.110223024625156540E-16 ) ) ;
#3849 = VECTOR ( 'NONE', #104, 1000.000000000000000 ) ;
#3850 =( LENGTH_UNIT ( ) NAMED_UNIT ( * ) SI_UNIT ( .MILLI., .METRE. ) );
#3851 =( NAMED_UNIT ( * ) SI_UNIT ( $, .STERADIAN. ) SOLID_ANGLE_UNIT ( ) );
#3852 = FILL_AREA_STYLE ('',( #3414 ) ) ;
#3853 = ORIENTED_EDGE ( 'NONE', *, *, #666, .T. ) ;
#3854 = DIRECTION ( 'NONE',  ( 3.362406479023543248E-17, -1.000000000000000000, 3.561993528816828104E-33 ) ) ;
#3855 = PLANE ( 'NONE',  #2602 ) ;
#3856 = CARTESIAN_POINT ( 'NONE',  ( 5.905499999999999972, 4.648199999999997445, 2.540000000000002256 ) ) ;
#3857 = ORIENTED_EDGE ( 'NONE', *, *, #891, .F. ) ;
#3858 = LINE ( 'NONE', #843, #2236 ) ;
#3859 = UNCERTAINTY_MEASURE_WITH_UNIT (LENGTH_MEASURE( 1.000000000000000082E-05 ), #3170, 'distance_accuracy_value', 'NONE');
#3860 = EDGE_LOOP ( 'NONE', ( #427, #3271, #4153, #4216 ) ) ;
#3861 = ORIENTED_EDGE ( 'NONE', *, *, #1992, .F. ) ;
#3862 = EDGE_CURVE ( 'NONE', #1101, #826, #209, .T. ) ;
#3863 = EDGE_CURVE ( 'NONE', #904, #2862, #3947, .T. ) ;
#3864 = PLANE ( 'NONE',  #50 ) ;
#3865 = ORIENTED_EDGE ( 'NONE', *, *, #301, .F. ) ;
#3866 =( LENGTH_UNIT ( ) NAMED_UNIT ( * ) SI_UNIT ( .MILLI., .METRE. ) );
#3867 = CARTESIAN_POINT ( 'NONE',  ( -5.964282250515602790, 0.5577911652010816290, 1.282700000000000840 ) ) ;
#3868 = ORIENTED_EDGE ( 'NONE', *, *, #1227, .F. ) ;
#3869 =( NAMED_UNIT ( * ) PLANE_ANGLE_UNIT ( ) SI_UNIT ( $, .RADIAN. ) );
#3870 = DIRECTION ( 'NONE',  ( 1.000000000000000000, -4.116434282634202676E-32, 1.059358394363801936E-16 ) ) ;
#3871 = CARTESIAN_POINT ( 'NONE',  ( -5.930389409470221196, -0.08892276752131876572, -3.822699999999998433 ) ) ;
#3872 = FACE_OUTER_BOUND ( 'NONE', #4196, .T. ) ;
#3873 = ORIENTED_EDGE ( 'NONE', *, *, #2911, .F. ) ;
#3874 =( LENGTH_UNIT ( ) NAMED_UNIT ( * ) SI_UNIT ( .MILLI., .METRE. ) );
#3875 = CARTESIAN_POINT ( 'NONE',  ( 5.496946652051676097, 4.648199999999998333, 3.469446951953614189E-15 ) ) ;
#3876 = COLOUR_RGB ( '',0.8431372549019607865, 0.8431372549019607865, 0.8431372549019607865 ) ;
#3877 = ORIENTED_EDGE ( 'NONE', *, *, #3520, .T. ) ;
#3878 = ORIENTED_EDGE ( 'NONE', *, *, #3092, .F. ) ;
#3879 = PRESENTATION_STYLE_ASSIGNMENT (( #4217 ) ) ;
#3880 = ORIENTED_EDGE ( 'NONE', *, *, #2062, .F. ) ;
#3881 = STYLED_ITEM ( 'NONE', ( #2822 ), #3796 ) ;
#3882 = ADVANCED_FACE ( 'NONE', ( #150 ), #510, .T. ) ;
#3883 = EDGE_CURVE ( 'NONE', #3644, #1962, #1858, .T. ) ;
#3884 = DIRECTION ( 'NONE',  ( 0.1045284632676539288, 0.9945218953682734009, 0.000000000000000000 ) ) ;
#3885 =( LENGTH_UNIT ( ) NAMED_UNIT ( * ) SI_UNIT ( .MILLI., .METRE. ) );
#3886 = PLANE ( 'NONE',  #1804 ) ;
#3887 = DIRECTION ( 'NONE',  ( -0.1045284632676532627, -0.9945218953682734009, -2.668225570433294553E-16 ) ) ;
#3888 = CARTESIAN_POINT ( 'NONE',  ( -7.175499999999991552, 0.4943139327224019275, -0.4190999999999985848 ) ) ;
#3889 = SURFACE_SIDE_STYLE ('',( #4228 ) ) ;
#3890 = VERTEX_POINT ( 'NONE', #1508 ) ;
#3891 = PRESENTATION_STYLE_ASSIGNMENT (( #3959 ) ) ;
#3892 = CARTESIAN_POINT ( 'NONE',  ( -5.024404338677844528, 2.226049241010136459, 1.282700000000001062 ) ) ;
#3893 = EDGE_CURVE ( 'NONE', #1077, #3502, #1257, .T. ) ;
#3894 = ORIENTED_EDGE ( 'NONE', *, *, #3883, .T. ) ;
#3895 = CARTESIAN_POINT ( 'NONE',  ( -7.141607158954611734, -0.1524000000000013122, -0.4190999999999998060 ) ) ;
#3896 =( NAMED_UNIT ( * ) SI_UNIT ( $, .STERADIAN. ) SOLID_ANGLE_UNIT ( ) );
#3897 = CIRCLE ( 'NONE', #3191, 0.7812570522476320889 ) ;
#3898 = ORIENTED_EDGE ( 'NONE', *, *, #1917, .F. ) ;
#3899 = AXIS2_PLACEMENT_3D ( 'NONE', #2706, #3117, #751 ) ;
#3900 =( NAMED_UNIT ( * ) PLANE_ANGLE_UNIT ( ) SI_UNIT ( $, .RADIAN. ) );
#3901 = ORIENTED_EDGE ( 'NONE', *, *, #1594, .T. ) ;
#3902 = PRESENTATION_STYLE_ASSIGNMENT (( #2820 ) ) ;
#3903 = AXIS2_PLACEMENT_3D ( 'NONE', #2946, #3655, #3319 ) ;
#3904 = SURFACE_STYLE_FILL_AREA ( #3546 ) ;
#3905 = DIRECTION ( 'NONE',  ( 0.9945218953682734009, -0.1045284632676539288, 9.020562075079400589E-17 ) ) ;
#3906 = CARTESIAN_POINT ( 'NONE',  ( -7.175499999999991552, 0.4943139327224029267, -2.120899999999999341 ) ) ;
#3907 = MECHANICAL_DESIGN_GEOMETRIC_PRESENTATION_REPRESENTATION (  '', ( #3986 ), #580 ) ;
#3908 = AXIS2_PLACEMENT_3D ( 'NONE', #2026, #312, #3388 ) ;
#3909 = DIRECTION ( 'NONE',  ( -1.000000000000000000, -3.362406479023549411E-17, -1.306557381906261354E-32 ) ) ;
#3910 = DIRECTION ( 'NONE',  ( 1.138269997360110167E-15, -1.000000000000000000, -2.845674993400275418E-16 ) ) ;
#3911 = PRESENTATION_LAYER_ASSIGNMENT (  '', '', ( #1431 ) ) ;
#3912 = LINE ( 'NONE', #559, #3541 ) ;
#3913 = AXIS2_PLACEMENT_3D ( 'NONE', #49, #15, #1648 ) ;
#3914 = VECTOR ( 'NONE', #3094, 1000.000000000000000 ) ;
#3915 = UNCERTAINTY_MEASURE_WITH_UNIT (LENGTH_MEASURE( 1.000000000000000082E-05 ), #3110, 'distance_accuracy_value', 'NONE');
#3916 = AXIS2_PLACEMENT_3D ( 'NONE', #2590, #3961, #181 ) ;
#3917 = EDGE_CURVE ( 'NONE', #4322, #2228, #3592, .T. ) ;
#3918 = STYLED_ITEM ( 'NONE', ( #3891 ), #2431 ) ;
#3919 = VERTEX_POINT ( 'NONE', #233 ) ;
#3920 = SURFACE_STYLE_FILL_AREA ( #2524 ) ;
#3921 = AXIS2_PLACEMENT_3D ( 'NONE', #681, #2078, #339 ) ;
#3922 = DIRECTION ( 'NONE',  ( 0.1045284632676539288, 0.9945218953682734009, 0.000000000000000000 ) ) ;
#3923 = COLOUR_RGB ( '',0.8431372549019607865, 0.8431372549019607865, 0.8431372549019607865 ) ;
#3924 = DIRECTION ( 'NONE',  ( -1.059358394363802799E-16, 0.000000000000000000, 1.000000000000000000 ) ) ;
#3925 = ORIENTED_EDGE ( 'NONE', *, *, #2372, .T. ) ;
#3926 = PLANE ( 'NONE',  #4184 ) ;
#3927 = PRESENTATION_STYLE_ASSIGNMENT (( #502 ) ) ;
#3928 = LINE ( 'NONE', #2818, #869 ) ;
#3929 = VERTEX_POINT ( 'NONE', #1587 ) ;
#3930 = FILL_AREA_STYLE_COLOUR ( '', #2798 ) ;
#3931 = CARTESIAN_POINT ( 'NONE',  ( 5.905499999999999083, -8.591425609416516527E-16, 3.469446951953614189E-15 ) ) ;
#3932 = SURFACE_SIDE_STYLE ('',( #1899 ) ) ;
#3933 =( NAMED_UNIT ( * ) PLANE_ANGLE_UNIT ( ) SI_UNIT ( $, .RADIAN. ) );
#3934 = CARTESIAN_POINT ( 'NONE',  ( 0.8254999999999999005, 1.320799999999999752, -2.540000000000000480 ) ) ;
#3935 = DIRECTION ( 'NONE',  ( -0.9848077530122081313, -1.040834085586084503E-16, 0.1736481776669302479 ) ) ;
#3936 = FILL_AREA_STYLE ('',( #2564 ) ) ;
#3937 = ORIENTED_EDGE ( 'NONE', *, *, #225, .T. ) ;
#3938 = CARTESIAN_POINT ( 'NONE',  ( -5.194299999999996587, 0.6096000000000013630, -3.822699999999998877 ) ) ;
#3939 = CARTESIAN_POINT ( 'NONE',  ( -2.730500000000001481, 4.648199999999998333, 3.469446951953614189E-15 ) ) ;
#3940 = EDGE_CURVE ( 'NONE', #311, #953, #1572, .T. ) ;
#3941 = EDGE_CURVE ( 'NONE', #1713, #1723, #4313, .T. ) ;
#3942 = CARTESIAN_POINT ( 'NONE',  ( -4.266578654407219950, 3.555999999999965411, -3.822699999999997988 ) ) ;
#3943 = ORIENTED_EDGE ( 'NONE', *, *, #3317, .T. ) ;
#3944 = FILL_AREA_STYLE_COLOUR ( '', #2133 ) ;
#3945 = LINE ( 'NONE', #2574, #4334 ) ;
#3946 = VECTOR ( 'NONE', #2492, 1000.000000000000000 ) ;
#3947 = LINE ( 'NONE', #1177, #2663 ) ;
#3948 = VECTOR ( 'NONE', #723, 1000.000000000000000 ) ;
#3949 = UNCERTAINTY_MEASURE_WITH_UNIT (LENGTH_MEASURE( 1.000000000000000082E-05 ), #2490, 'distance_accuracy_value', 'NONE');
#3950 = CARTESIAN_POINT ( 'NONE',  ( 5.496946652051675208, 4.648199999999997445, 4.998865367200660437 ) ) ;
#3951 = LINE ( 'NONE', #3648, #652 ) ;
#3952 = PRESENTATION_STYLE_ASSIGNMENT (( #1553 ) ) ;
#3953 = CARTESIAN_POINT ( 'NONE',  ( -5.971277244371143489, 0.6912635990884598014, 2.984500000000001929 ) ) ;
#3954 = DIRECTION ( 'NONE',  ( 3.443586220485275603E-17, 4.228192220135661200E-18, -1.000000000000000000 ) ) ;
#3955 = FILL_AREA_STYLE ('',( #1943 ) ) ;
#3956 = STYLED_ITEM ( 'NONE', ( #4130 ), #4027 ) ;
#3957 = UNCERTAINTY_MEASURE_WITH_UNIT (LENGTH_MEASURE( 1.000000000000000082E-05 ), #2335, 'distance_accuracy_value', 'NONE');
#3958 = EDGE_LOOP ( 'NONE', ( #194, #3478, #1806, #752 ) ) ;
#3959 = SURFACE_STYLE_USAGE ( .BOTH. , #2587 ) ;
#3960 = COLOUR_RGB ( '',0.8431372549019607865, 0.8431372549019607865, 0.8431372549019607865 ) ;
#3961 = DIRECTION ( 'NONE',  ( -1.059358394363802552E-16, -3.885780586188047891E-16, 1.000000000000000000 ) ) ;
#3962 = PRESENTATION_LAYER_ASSIGNMENT (  '', '', ( #3402 ) ) ;
#3963 = VERTEX_POINT ( 'NONE', #4284 ) ;
#3964 = SURFACE_STYLE_FILL_AREA ( #2551 ) ;
#3965 = ADVANCED_FACE ( 'NONE', ( #2938 ), #4304, .F. ) ;
#3966 = DIRECTION ( 'NONE',  ( 3.362406479023548795E-17, -1.000000000000000000, 0.000000000000000000 ) ) ;
#3967 = PLANE ( 'NONE',  #3245 ) ;
#3968 = VECTOR ( 'NONE', #497, 1000.000000000000000 ) ;
#3969 = ORIENTED_EDGE ( 'NONE', *, *, #4059, .F. ) ;
#3970 = ADVANCED_FACE ( 'NONE', ( #960 ), #3668, .F. ) ;
#3971 = PRESENTATION_LAYER_ASSIGNMENT (  '', '', ( #2394 ) ) ;
#3972 = LINE ( 'NONE', #3605, #1542 ) ;
#3973 = DIRECTION ( 'NONE',  ( -1.059358394363802799E-16, 0.000000000000000000, 1.000000000000000000 ) ) ;
#3974 = ORIENTED_EDGE ( 'NONE', *, *, #1917, .T. ) ;
#3975 =( NAMED_UNIT ( * ) SI_UNIT ( $, .STERADIAN. ) SOLID_ANGLE_UNIT ( ) );
#3976 = STYLED_ITEM ( 'NONE', ( #410 ), #556 ) ;
#3977 = APPLICATION_CONTEXT ( 'automotive_design' ) ;
#3978 = DIRECTION ( 'NONE',  ( 2.053860471474302958E-17, 6.905913756295556914E-34, 1.000000000000000000 ) ) ;
#3979 = EDGE_CURVE ( 'NONE', #2502, #4080, #1633, .T. ) ;
#3980 =( NAMED_UNIT ( * ) PLANE_ANGLE_UNIT ( ) SI_UNIT ( $, .RADIAN. ) );
#3981 = MECHANICAL_DESIGN_GEOMETRIC_PRESENTATION_REPRESENTATION (  '', ( #3200 ), #2904 ) ;
#3982 =( GEOMETRIC_REPRESENTATION_CONTEXT ( 3 ) GLOBAL_UNCERTAINTY_ASSIGNED_CONTEXT ( ( #3999 ) ) GLOBAL_UNIT_ASSIGNED_CONTEXT ( ( #2877, #3596, #2580 ) ) REPRESENTATION_CONTEXT ( 'NONE', 'WORKASPACE' ) );
#3983 = FACE_OUTER_BOUND ( 'NONE', #3308, .T. ) ;
#3984 = VERTEX_POINT ( 'NONE', #2358 ) ;
#3985 =( NAMED_UNIT ( * ) SI_UNIT ( $, .STERADIAN. ) SOLID_ANGLE_UNIT ( ) );
#3986 = STYLED_ITEM ( 'NONE', ( #1263 ), #240 ) ;
#3987 = CARTESIAN_POINT ( 'NONE',  ( -2.730500000000001926, 2.146398552000184257, 2.120900000000002006 ) ) ;
#3988 = AXIS2_PLACEMENT_3D ( 'NONE', #4307, #1262, #3309 ) ;
#3989 = UNCERTAINTY_MEASURE_WITH_UNIT (LENGTH_MEASURE( 1.000000000000000082E-05 ), #977, 'distance_accuracy_value', 'NONE');
#3990 = CYLINDRICAL_SURFACE ( 'NONE', #2262, 0.7619999999999996776 ) ;
#3991 = VECTOR ( 'NONE', #1491, 1000.000000000000000 ) ;
#3992 = VECTOR ( 'NONE', #4082, 1000.000000000000000 ) ;
#3993 = CARTESIAN_POINT ( 'NONE',  ( -4.266578654407219950, 2.908398552000184711, 0.4191000000000023595 ) ) ;
#3994 = ORIENTED_EDGE ( 'NONE', *, *, #3893, .T. ) ;
#3995 = CYLINDRICAL_SURFACE ( 'NONE', #1010, 0.1336556042478582174 ) ;
#3996 = DIRECTION ( 'NONE',  ( -3.362406479023549411E-17, 1.000000000000000000, 3.885780586188046905E-16 ) ) ;
#3997 = FACE_OUTER_BOUND ( 'NONE', #2614, .T. ) ;
#3998 = ORIENTED_EDGE ( 'NONE', *, *, #3645, .T. ) ;
#3999 = UNCERTAINTY_MEASURE_WITH_UNIT (LENGTH_MEASURE( 1.000000000000000082E-05 ), #2877, 'distance_accuracy_value', 'NONE');
#4000 = FILL_AREA_STYLE_COLOUR ( '', #989 ) ;
#4001 = ADVANCED_FACE ( 'NONE', ( #3710 ), #304, .F. ) ;
#4002 = ADVANCED_FACE ( 'NONE', ( #1393 ), #57, .F. ) ;
#4003 = CARTESIAN_POINT ( 'NONE',  ( -0.9453947025818488781, 4.521199999999998553, -3.347865367200657083 ) ) ;
#4004 = CARTESIAN_POINT ( 'NONE',  ( 5.905499999999999083, -1.762575314440959118E-15, 2.540000000000001812 ) ) ;
#4005 = FILL_AREA_STYLE ('',( #4384 ) ) ;
#4006 = SURFACE_SIDE_STYLE ('',( #2993 ) ) ;
#4007 =( NAMED_UNIT ( * ) SI_UNIT ( $, .STERADIAN. ) SOLID_ANGLE_UNIT ( ) );
#4008 = FILL_AREA_STYLE_COLOUR ( '', #2433 ) ;
#4009 = VERTEX_POINT ( 'NONE', #1086 ) ;
#4010 = DIRECTION ( 'NONE',  ( -1.059358394363802799E-16, 0.000000000000000000, 1.000000000000000000 ) ) ;
#4011 = EDGE_LOOP ( 'NONE', ( #1120, #3365, #2067, #1392 ) ) ;
#4012 = PRESENTATION_STYLE_ASSIGNMENT (( #1274 ) ) ;
#4013 = SURFACE_STYLE_FILL_AREA ( #3001 ) ;
#4014 = SURFACE_STYLE_USAGE ( .BOTH. , #3392 ) ;
#4015 = EDGE_LOOP ( 'NONE', ( #2467, #3578, #3486, #2014 ) ) ;
#4016 = LINE ( 'NONE', #1911, #2735 ) ;
#4017 = COLOUR_RGB ( '',0.8431372549019607865, 0.8431372549019607865, 0.8431372549019607865 ) ;
#4018 = CARTESIAN_POINT ( 'NONE',  ( -4.266578654407220839, 2.146398552000184257, 3.822700000000001097 ) ) ;
#4019 = ORIENTED_EDGE ( 'NONE', *, *, #4367, .T. ) ;
#4020 = CARTESIAN_POINT ( 'NONE',  ( -0.9453947025818488781, 4.521200000000000330, -3.347865367200657083 ) ) ;
#4021 = ORIENTED_EDGE ( 'NONE', *, *, #2189, .F. ) ;
#4022 = UNCERTAINTY_MEASURE_WITH_UNIT (LENGTH_MEASURE( 1.000000000000000082E-05 ), #1821, 'distance_accuracy_value', 'NONE');
#4023 = SURFACE_SIDE_STYLE ('',( #1898 ) ) ;
#4024 = PLANE ( 'NONE',  #3344 ) ;
#4025 = CARTESIAN_POINT ( 'NONE',  ( -5.194299999999997475, 0.6095999999999983654, 2.120900000000001562 ) ) ;
#4026 = ADVANCED_FACE ( 'NONE', ( #413 ), #735, .T. ) ;
#4027 = ADVANCED_FACE ( 'NONE', ( #3424 ), #454, .F. ) ;
#4028 = COLOUR_RGB ( '',0.8431372549019607865, 0.8431372549019607865, 0.8431372549019607865 ) ;
#4029 = LINE ( 'NONE', #2673, #3455 ) ;
#4030 = CARTESIAN_POINT ( 'NONE',  ( 5.905499999999999083, 1.320800000000000196, -2.539999999999999591 ) ) ;
#4031 = PRESENTATION_STYLE_ASSIGNMENT (( #2654 ) ) ;
#4032 = DIRECTION ( 'NONE',  ( -0.05233595624294259951, 0.9986295347545740553, 0.000000000000000000 ) ) ;
#4033 = AXIS2_PLACEMENT_3D ( 'NONE', #672, #4409, #2021 ) ;
#4034 = CARTESIAN_POINT ( 'NONE',  ( -7.175499999999998657, 0.4943139327224020385, 0.4191000000000011383 ) ) ;
#4035 = AXIS2_PLACEMENT_3D ( 'NONE', #4240, #2535, #2920 ) ;
#4036 = FILL_AREA_STYLE ('',( #1386 ) ) ;
#4037 = ORIENTED_EDGE ( 'NONE', *, *, #1576, .F. ) ;
#4038 =( NAMED_UNIT ( * ) SI_UNIT ( $, .STERADIAN. ) SOLID_ANGLE_UNIT ( ) );
#4039 = DIRECTION ( 'NONE',  ( -0.1045284632676540953, -0.9945218953682734009, 0.000000000000000000 ) ) ;
#4040 = ADVANCED_FACE ( 'NONE', ( #3538 ), #231, .F. ) ;
#4041 = MECHANICAL_DESIGN_GEOMETRIC_PRESENTATION_REPRESENTATION (  '', ( #2387 ), #4321 ) ;
#4042 =( NAMED_UNIT ( * ) SI_UNIT ( $, .STERADIAN. ) SOLID_ANGLE_UNIT ( ) );
#4043 = ORIENTED_EDGE ( 'NONE', *, *, #3068, .F. ) ;
#4044 = STYLED_ITEM ( 'NONE', ( #2032 ), #3125 ) ;
#4045 = CARTESIAN_POINT ( 'NONE',  ( -4.266578654407219950, 2.908398552000186488, -3.822699999999997988 ) ) ;
#4046 = CARTESIAN_POINT ( 'NONE',  ( -4.266578654407220839, 2.146398552000183368, 2.984500000000001485 ) ) ;
#4047 = CIRCLE ( 'NONE', #203, 0.1336556042478582174 ) ;
#4048 = PLANE ( 'NONE',  #1616 ) ;
#4049 = FACE_OUTER_BOUND ( 'NONE', #1669, .T. ) ;
#4050 =( NAMED_UNIT ( * ) PLANE_ANGLE_UNIT ( ) SI_UNIT ( $, .RADIAN. ) );
#4051 =( GEOMETRIC_REPRESENTATION_CONTEXT ( 3 ) GLOBAL_UNCERTAINTY_ASSIGNED_CONTEXT ( ( #1556 ) ) GLOBAL_UNIT_ASSIGNED_CONTEXT ( ( #3017, #2656, #3440 ) ) REPRESENTATION_CONTEXT ( 'NONE', 'WORKASPACE' ) );
#4052 = PRESENTATION_LAYER_ASSIGNMENT (  '', '', ( #3490 ) ) ;
#4053 = LINE ( 'NONE', #4366, #3794 ) ;
#4054 = LINE ( 'NONE', #2346, #4260 ) ;
#4055 = SURFACE_STYLE_USAGE ( .BOTH. , #3064 ) ;
#4056 = ORIENTED_EDGE ( 'NONE', *, *, #2701, .T. ) ;
#4057 = MECHANICAL_DESIGN_GEOMETRIC_PRESENTATION_REPRESENTATION (  '', ( #2398 ), #2974 ) ;
#4058 = COLOUR_RGB ( '',0.8431372549019607865, 0.8431372549019607865, 0.8431372549019607865 ) ;
#4059 = EDGE_CURVE ( 'NONE', #834, #80, #3858, .T. ) ;
#4060 = DIRECTION ( 'NONE',  ( 0.05233595624294920534, -0.9986295347545736112, -3.348362409732849692E-16 ) ) ;
#4061 = PRESENTATION_LAYER_ASSIGNMENT (  '', '', ( #1913 ) ) ;
#4062 = LINE ( 'NONE', #2301, #2555 ) ;
#4063 = AXIS2_PLACEMENT_3D ( 'NONE', #4253, #273, #4323 ) ;
#4064 = ORIENTED_EDGE ( 'NONE', *, *, #4157, .F. ) ;
#4065 = SURFACE_STYLE_FILL_AREA ( #318 ) ;
#4066 = FILL_AREA_STYLE ('',( #16 ) ) ;
#4067 =( GEOMETRIC_REPRESENTATION_CONTEXT ( 3 ) GLOBAL_UNCERTAINTY_ASSIGNED_CONTEXT ( ( #3989 ) ) GLOBAL_UNIT_ASSIGNED_CONTEXT ( ( #977, #4399, #4038 ) ) REPRESENTATION_CONTEXT ( 'NONE', 'WORKASPACE' ) );
#4068 = VECTOR ( 'NONE', #2313, 1000.000000000000000 ) ;
#4069 = VERTEX_POINT ( 'NONE', #1585 ) ;
#4070 = STYLED_ITEM ( 'NONE', ( #1563 ), #1676 ) ;
#4071 = ORIENTED_EDGE ( 'NONE', *, *, #1652, .F. ) ;
#4072 =( NAMED_UNIT ( * ) SI_UNIT ( $, .STERADIAN. ) SOLID_ANGLE_UNIT ( ) );
#4073 = CARTESIAN_POINT ( 'NONE',  ( 5.905499999999999083, -2.609181939096644192E-15, 5.080000000000000959 ) ) ;
#4074 = DIRECTION ( 'NONE',  ( -8.971146492195128762E-17, 9.429054915185289069E-18, 1.000000000000000000 ) ) ;
#4075 = DIRECTION ( 'NONE',  ( 1.059358394363802799E-16, -0.000000000000000000, -1.000000000000000000 ) ) ;
#4076 = LINE ( 'NONE', #1341, #474 ) ;
#4077 = SURFACE_STYLE_FILL_AREA ( #3038 ) ;
#4078 = ORIENTED_EDGE ( 'NONE', *, *, #3677, .F. ) ;
#4079 = CARTESIAN_POINT ( 'NONE',  ( -4.266578654407219950, 3.555999999999962746, 1.282700000000002838 ) ) ;
#4080 = VERTEX_POINT ( 'NONE', #2846 ) ;
#4081 =( NAMED_UNIT ( * ) SI_UNIT ( $, .STERADIAN. ) SOLID_ANGLE_UNIT ( ) );
#4082 = DIRECTION ( 'NONE',  ( 3.443586220485275603E-17, 4.228192220135661200E-18, -1.000000000000000000 ) ) ;
#4083 = ORIENTED_EDGE ( 'NONE', *, *, #1034, .T. ) ;
#4084 = DIRECTION ( 'NONE',  ( -1.143348424510086976E-16, -5.992035187533611937E-18, 1.000000000000000000 ) ) ;
#4085 = ADVANCED_FACE ( 'NONE', ( #820 ), #141, .T. ) ;
#4086 = EDGE_CURVE ( 'NONE', #3183, #4113, #2217, .T. ) ;
#4087 = ORIENTED_EDGE ( 'NONE', *, *, #4140, .T. ) ;
#4088 = FILL_AREA_STYLE_COLOUR ( '', #3844 ) ;
#4089 = LINE ( 'NONE', #1044, #1550 ) ;
#4090 = ADVANCED_FACE ( 'NONE', ( #3562 ), #3219, .T. ) ;
#4091 = CARTESIAN_POINT ( 'NONE',  ( 0.8254999999999964588, 1.320799999999999752, -2.540000000000000480 ) ) ;
#4092 = FILL_AREA_STYLE_COLOUR ( '', #1007 ) ;
#4093 = ORIENTED_EDGE ( 'NONE', *, *, #1716, .T. ) ;
#4094 = VECTOR ( 'NONE', #2648, 1000.000000000000000 ) ;
#4095 = VERTEX_POINT ( 'NONE', #1384 ) ;
#4096 = DIRECTION ( 'NONE',  ( -1.059358394363802552E-16, -3.885780586188047891E-16, 1.000000000000000000 ) ) ;
#4097 = LINE ( 'NONE', #1959, #3948 ) ;
#4098 =( GEOMETRIC_REPRESENTATION_CONTEXT ( 3 ) GLOBAL_UNCERTAINTY_ASSIGNED_CONTEXT ( ( #2466 ) ) GLOBAL_UNIT_ASSIGNED_CONTEXT ( ( #2710, #2378, #3474 ) ) REPRESENTATION_CONTEXT ( 'NONE', 'WORKASPACE' ) );
#4099 = ADVANCED_FACE ( 'NONE', ( #3349 ), #1310, .F. ) ;
#4100 = CARTESIAN_POINT ( 'NONE',  ( -2.730500000000001926, 2.908398552000186044, -1.282699999999997287 ) ) ;
#4101 = DIRECTION ( 'NONE',  ( 0.000000000000000000, 0.000000000000000000, 1.000000000000000000 ) ) ;
#4102 = ORIENTED_EDGE ( 'NONE', *, *, #146, .T. ) ;
#4103 = VECTOR ( 'NONE', #2042, 1000.000000000000114 ) ;
#4104 = DIRECTION ( 'NONE',  ( 6.153240969063912009E-16, -1.000000000000000000, -3.076620484531956004E-16 ) ) ;
#4105 =( GEOMETRIC_REPRESENTATION_CONTEXT ( 3 ) GLOBAL_UNCERTAINTY_ASSIGNED_CONTEXT ( ( #1313 ) ) GLOBAL_UNIT_ASSIGNED_CONTEXT ( ( #1129, #2464, #3517 ) ) REPRESENTATION_CONTEXT ( 'NONE', 'WORKASPACE' ) );
#4106 = ADVANCED_FACE ( 'NONE', ( #250 ), #3967, .T. ) ;
#4107 = EDGE_CURVE ( 'NONE', #976, #953, #929, .T. ) ;
#4108 = ORIENTED_EDGE ( 'NONE', *, *, #1593, .T. ) ;
#4109 = EDGE_CURVE ( 'NONE', #1308, #1442, #1468, .T. ) ;
#4110 = CARTESIAN_POINT ( 'NONE',  ( -5.971277244371143489, 0.6912635990884606896, 1.282700000000001284 ) ) ;
#4111 = STYLED_ITEM ( 'NONE', ( #4230 ), #3236 ) ;
#4112 = PLANE ( 'NONE',  #1986 ) ;
#4113 = VERTEX_POINT ( 'NONE', #644 ) ;
#4114 = DIRECTION ( 'NONE',  ( 0.1045284632676536235, 0.9945218953682734009, 4.335866551954096438E-16 ) ) ;
#4115 = SURFACE_STYLE_FILL_AREA ( #3155 ) ;
#4116 =( GEOMETRIC_REPRESENTATION_CONTEXT ( 3 ) GLOBAL_UNCERTAINTY_ASSIGNED_CONTEXT ( ( #178 ) ) GLOBAL_UNIT_ASSIGNED_CONTEXT ( ( #2542, #3980, #1921 ) ) REPRESENTATION_CONTEXT ( 'NONE', 'WORKASPACE' ) );
#4117 =( NAMED_UNIT ( * ) SI_UNIT ( $, .STERADIAN. ) SOLID_ANGLE_UNIT ( ) );
#4118 =( LENGTH_UNIT ( ) NAMED_UNIT ( * ) SI_UNIT ( .MILLI., .METRE. ) );
#4119 = VECTOR ( 'NONE', #3588, 1000.000000000000000 ) ;
#4120 = LINE ( 'NONE', #747, #1302 ) ;
#4121 = FILL_AREA_STYLE ('',( #2737 ) ) ;
#4122 = ORIENTED_EDGE ( 'NONE', *, *, #461, .T. ) ;
#4123 = DIRECTION ( 'NONE',  ( 1.059358394363802552E-16, 3.885780586188047891E-16, -1.000000000000000000 ) ) ;
#4124 = MECHANICAL_DESIGN_GEOMETRIC_PRESENTATION_REPRESENTATION (  '', ( #439 ), #1694 ) ;
#4125 = FACE_OUTER_BOUND ( 'NONE', #1623, .T. ) ;
#4126 = VECTOR ( 'NONE', #2018, 1000.000000000000000 ) ;
#4127 = DIRECTION ( 'NONE',  ( 0.1045284632676535957, 0.9945218953682734009, 2.668225570433289130E-16 ) ) ;
#4128 = VECTOR ( 'NONE', #158, 1000.000000000000000 ) ;
#4129 = ORIENTED_EDGE ( 'NONE', *, *, #3176, .T. ) ;
#4130 = PRESENTATION_STYLE_ASSIGNMENT (( #2442 ) ) ;
#4131 = AXIS2_PLACEMENT_3D ( 'NONE', #753, #2098, #3189 ) ;
#4132 = VECTOR ( 'NONE', #2939, 1000.000000000000000 ) ;
#4133 = PRESENTATION_STYLE_ASSIGNMENT (( #1786 ) ) ;
#4134 =( GEOMETRIC_REPRESENTATION_CONTEXT ( 3 ) GLOBAL_UNCERTAINTY_ASSIGNED_CONTEXT ( ( #3330 ) ) GLOBAL_UNIT_ASSIGNED_CONTEXT ( ( #2250, #2906, #3985 ) ) REPRESENTATION_CONTEXT ( 'NONE', 'WORKASPACE' ) );
#4135 = CARTESIAN_POINT ( 'NONE',  ( 5.905499999999999083, 1.320799999999997754, 2.540000000000002256 ) ) ;
#4136 = VECTOR ( 'NONE', #2955, 1000.000000000000000 ) ;
#4137 = SURFACE_STYLE_FILL_AREA ( #3476 ) ;
#4138 = AXIS2_PLACEMENT_3D ( 'NONE', #1360, #3407, #1699 ) ;
#4139 = EDGE_CURVE ( 'NONE', #4222, #1731, #401, .T. ) ;
#4140 = EDGE_CURVE ( 'NONE', #2121, #1825, #4097, .T. ) ;
#4141 = DIRECTION ( 'NONE',  ( 0.000000000000000000, -1.000000000000000000, -5.691349986800550837E-16 ) ) ;
#4142 = CARTESIAN_POINT ( 'NONE',  ( -2.730500000000001926, 2.908398552000186044, 1.282700000000001728 ) ) ;
#4143 = DIRECTION ( 'NONE',  ( -0.9986295347545739443, -0.05233595624294411913, -3.575628945497201256E-16 ) ) ;
#4144 = FACE_OUTER_BOUND ( 'NONE', #363, .T. ) ;
#4145 = ORIENTED_EDGE ( 'NONE', *, *, #225, .F. ) ;
#4146 = DIRECTION ( 'NONE',  ( -3.362406479023546330E-17, 1.000000000000000000, 1.110223024625156540E-16 ) ) ;
#4147 = EDGE_CURVE ( 'NONE', #3554, #2391, #1605, .T. ) ;
#4148 = DIRECTION ( 'NONE',  ( 0.000000000000000000, -1.000000000000000000, -3.885780586188046905E-16 ) ) ;
#4149 = VERTEX_POINT ( 'NONE', #1407 ) ;
#4150 =( LENGTH_UNIT ( ) NAMED_UNIT ( * ) SI_UNIT ( .MILLI., .METRE. ) );
#4151 = VERTEX_POINT ( 'NONE', #1985 ) ;
#4152 = CARTESIAN_POINT ( 'NONE',  ( -7.175499999999991552, 0.4943139327224036483, -3.822699999999998433 ) ) ;
#4153 = ORIENTED_EDGE ( 'NONE', *, *, #1785, .F. ) ;
#4154 = FILL_AREA_STYLE_COLOUR ( '', #300 ) ;
#4155 = VERTEX_POINT ( 'NONE', #2386 ) ;
#4156 = CARTESIAN_POINT ( 'NONE',  ( -5.971277244371143489, 0.6912635990884611337, -0.4190999999999985293 ) ) ;
#4157 = EDGE_CURVE ( 'NONE', #1130, #1173, #1071, .T. ) ;
#4158 = ADVANCED_FACE ( 'NONE', ( #4326 ), #3758, .F. ) ;
#4159 = PLANE ( 'NONE',  #1211 ) ;
#4160 = DIRECTION ( 'NONE',  ( 0.000000000000000000, -1.000000000000000000, -2.775532507172425412E-16 ) ) ;
#4161 = DIRECTION ( 'NONE',  ( -1.059358394363802552E-16, -3.885780586188047891E-16, 1.000000000000000000 ) ) ;
#4162 = STYLED_ITEM ( 'NONE', ( #916 ), #860 ) ;
#4163 = SURFACE_STYLE_USAGE ( .BOTH. , #1453 ) ;
#4164 = ORIENTED_EDGE ( 'NONE', *, *, #3805, .F. ) ;
#4165 =( LENGTH_UNIT ( ) NAMED_UNIT ( * ) SI_UNIT ( .MILLI., .METRE. ) );
#4166 = AXIS2_PLACEMENT_3D ( 'NONE', #4152, #1061, #101 ) ;
#4167 = DIRECTION ( 'NONE',  ( 0.1045284632676536513, 0.9945218953682734009, 4.002338355649936652E-16 ) ) ;
#4168 = COLOUR_RGB ( '',0.8431372549019607865, 0.8431372549019607865, 0.8431372549019607865 ) ;
#4169 = STYLED_ITEM ( 'NONE', ( #3729 ), #980 ) ;
#4170 = PLANE ( 'NONE',  #872 ) ;
#4171 = VECTOR ( 'NONE', #417, 1000.000000000000114 ) ;
#4172 = ORIENTED_EDGE ( 'NONE', *, *, #4107, .T. ) ;
#4173 = CARTESIAN_POINT ( 'NONE',  ( -5.194299999999999251, 0.6095999999999979213, 2.984500000000001929 ) ) ;
#4174 = SURFACE_STYLE_FILL_AREA ( #3148 ) ;
#4175 = AXIS2_PLACEMENT_3D ( 'NONE', #2665, #3399, #321 ) ;
#4176 = UNCERTAINTY_MEASURE_WITH_UNIT (LENGTH_MEASURE( 1.000000000000000082E-05 ), #283, 'distance_accuracy_value', 'NONE');
#4177 = ORIENTED_EDGE ( 'NONE', *, *, #3378, .F. ) ;
#4178 =( NAMED_UNIT ( * ) PLANE_ANGLE_UNIT ( ) SI_UNIT ( $, .RADIAN. ) );
#4179 =( LENGTH_UNIT ( ) NAMED_UNIT ( * ) SI_UNIT ( .MILLI., .METRE. ) );
#4180 = AXIS2_PLACEMENT_3D ( 'NONE', #4255, #1169, #2917 ) ;
#4181 =( LENGTH_UNIT ( ) NAMED_UNIT ( * ) SI_UNIT ( .MILLI., .METRE. ) );
#4182 = DIRECTION ( 'NONE',  ( 0.000000000000000000, -1.000000000000000000, -5.691349986800550837E-16 ) ) ;
#4183 = SURFACE_STYLE_FILL_AREA ( #698 ) ;
#4184 = AXIS2_PLACEMENT_3D ( 'NONE', #4300, #544, #1958 ) ;
#4185 =( NAMED_UNIT ( * ) SI_UNIT ( $, .STERADIAN. ) SOLID_ANGLE_UNIT ( ) );
#4186 = SURFACE_SIDE_STYLE ('',( #4115 ) ) ;
#4187 = DIRECTION ( 'NONE',  ( -0.1045284632676532904, -0.9945218953682734009, -2.668225570433295046E-16 ) ) ;
#4188 =( GEOMETRIC_REPRESENTATION_CONTEXT ( 3 ) GLOBAL_UNCERTAINTY_ASSIGNED_CONTEXT ( ( #2880 ) ) GLOBAL_UNIT_ASSIGNED_CONTEXT ( ( #2210, #1230, #3614 ) ) REPRESENTATION_CONTEXT ( 'NONE', 'WORKASPACE' ) );
#4189 = PRESENTATION_LAYER_ASSIGNMENT (  '', '', ( #2742 ) ) ;
#4190 = EDGE_LOOP ( 'NONE', ( #1715, #1326, #1853, #1458 ) ) ;
#4191 = ADVANCED_FACE ( 'NONE', ( #3510 ), #3139, .F. ) ;
#4192 = EDGE_CURVE ( 'NONE', #4095, #255, #811, .T. ) ;
#4193 = DIRECTION ( 'NONE',  ( 1.000000000000000000, -4.116434282634202676E-32, 1.059358394363801936E-16 ) ) ;
#4194 = PRESENTATION_LAYER_ASSIGNMENT (  '', '', ( #1983 ) ) ;
#4195 = EDGE_LOOP ( 'NONE', ( #841, #1167, #3298, #2463, #3043, #2351, #1802, #1218, #374, #958, #1905, #2978 ) ) ;
#4196 = EDGE_LOOP ( 'NONE', ( #1223, #1647, #2843, #111, #4331, #14, #3264, #1829, #414, #1780, #3708, #1387 ) ) ;
#4197 = VECTOR ( 'NONE', #3274, 1000.000000000000000 ) ;
#4198 = EDGE_LOOP ( 'NONE', ( #3369, #2720, #3865, #272 ) ) ;
#4199 =( NAMED_UNIT ( * ) SI_UNIT ( $, .STERADIAN. ) SOLID_ANGLE_UNIT ( ) );
#4200 = MECHANICAL_DESIGN_GEOMETRIC_PRESENTATION_REPRESENTATION (  '', ( #1638 ), #3352 ) ;
#4201 = DIRECTION ( 'NONE',  ( -1.000000000000000000, -3.362406479023547562E-17, -2.056558963437200502E-17 ) ) ;
#4202 = COLOUR_RGB ( '',0.8431372549019607865, 0.8431372549019607865, 0.8431372549019607865 ) ;
#4203 = LINE ( 'NONE', #1878, #2833 ) ;
#4204 = CIRCLE ( 'NONE', #877, 0.6985000000000003428 ) ;
#4205 = FILL_AREA_STYLE_COLOUR ( '', #322 ) ;
#4206 = DIRECTION ( 'NONE',  ( 0.000000000000000000, 3.885780586188046905E-16, -1.000000000000000000 ) ) ;
#4207 = SURFACE_SIDE_STYLE ('',( #3204 ) ) ;
#4208 = DIRECTION ( 'NONE',  ( -1.059358394363802552E-16, -3.885780586188047891E-16, 1.000000000000000000 ) ) ;
#4209 = ORIENTED_EDGE ( 'NONE', *, *, #1992, .T. ) ;
#4210 = LINE ( 'NONE', #1815, #2336 ) ;
#4211 = DIRECTION ( 'NONE',  ( 0.05233595624294920534, -0.9986295347545736112, -3.348362409732849692E-16 ) ) ;
#4212 = DIRECTION ( 'NONE',  ( -3.362406479023546330E-17, 1.000000000000000000, 1.110223024625156540E-16 ) ) ;
#4213 = VERTEX_POINT ( 'NONE', #1747 ) ;
#4214 =( NAMED_UNIT ( * ) PLANE_ANGLE_UNIT ( ) SI_UNIT ( $, .RADIAN. ) );
#4215 = EDGE_CURVE ( 'NONE', #1528, #900, #2501, .T. ) ;
#4216 = ORIENTED_EDGE ( 'NONE', *, *, #3177, .F. ) ;
#4217 = SURFACE_STYLE_USAGE ( .BOTH. , #484 ) ;
#4218 = ORIENTED_EDGE ( 'NONE', *, *, #934, .T. ) ;
#4219 = CARTESIAN_POINT ( 'NONE',  ( -4.266578654407219950, 3.555999999999961858, -2.120899999999998009 ) ) ;
#4220 = AXIS2_PLACEMENT_3D ( 'NONE', #376, #1722, #106 ) ;
#4221 = CARTESIAN_POINT ( 'NONE',  ( -5.964282250515601014, 0.5577911652010826282, -0.4190999999999993619 ) ) ;
#4222 = VERTEX_POINT ( 'NONE', #1489 ) ;
#4223 = FILL_AREA_STYLE_COLOUR ( '', #1951 ) ;
#4224 = CARTESIAN_POINT ( 'NONE',  ( 7.656740635491961612E-18, 1.320799999999999974, -2.540000000000000480 ) ) ;
#4225 = VECTOR ( 'NONE', #607, 1000.000000000000000 ) ;
#4226 = EDGE_CURVE ( 'NONE', #255, #3740, #4385, .T. ) ;
#4227 = CARTESIAN_POINT ( 'NONE',  ( -5.194299999999996587, 0.6095999999999995866, -2.984499999999997932 ) ) ;
#4228 = SURFACE_STYLE_FILL_AREA ( #2856 ) ;
#4229 = ORIENTED_EDGE ( 'NONE', *, *, #3190, .F. ) ;
#4230 = PRESENTATION_STYLE_ASSIGNMENT (( #2859 ) ) ;
#4231 =( NAMED_UNIT ( * ) SI_UNIT ( $, .STERADIAN. ) SOLID_ANGLE_UNIT ( ) );
#4232 = ORIENTED_EDGE ( 'NONE', *, *, #3215, .T. ) ;
#4233 = SURFACE_STYLE_USAGE ( .BOTH. , #2507 ) ;
#4234 = DIRECTION ( 'NONE',  ( 0.000000000000000000, -1.000000000000000000, -2.845674993400275418E-16 ) ) ;
#4235 = ORIENTED_EDGE ( 'NONE', *, *, #4292, .T. ) ;
#4236 = ORIENTED_EDGE ( 'NONE', *, *, #2870, .T. ) ;
#4237 = SURFACE_STYLE_FILL_AREA ( #2178 ) ;
#4238 = AXIS2_PLACEMENT_3D ( 'NONE', #395, #1742, #460 ) ;
#4239 = EDGE_CURVE ( 'NONE', #2469, #971, #130, .T. ) ;
#4240 = CARTESIAN_POINT ( 'NONE',  ( -5.971277244371143489, 0.6912635990884598014, 2.984500000000002373 ) ) ;
#4241 = EDGE_CURVE ( 'NONE', #2862, #222, #542, .T. ) ;
#4242 = DIRECTION ( 'NONE',  ( 0.1045284632676530823, 0.9945218953682735119, 2.668225570433289623E-16 ) ) ;
#4243 = DIRECTION ( 'NONE',  ( 1.000000000000000000, 3.362406479023549411E-17, 1.306557381906261354E-32 ) ) ;
#4244 = PRESENTATION_LAYER_ASSIGNMENT (  '', '', ( #3102 ) ) ;
#4245 = ORIENTED_EDGE ( 'NONE', *, *, #1838, .T. ) ;
#4246 = LINE ( 'NONE', #1901, #4197 ) ;
#4247 = ORIENTED_EDGE ( 'NONE', *, *, #4241, .T. ) ;
#4248 = DIRECTION ( 'NONE',  ( 0.000000000000000000, 0.9998476951563912696, 0.01745240643728019139 ) ) ;
#4249 = AXIS2_PLACEMENT_3D ( 'NONE', #39, #1397, #4234 ) ;
#4250 = FILL_AREA_STYLE_COLOUR ( '', #4251 ) ;
#4251 = COLOUR_RGB ( '',0.8431372549019607865, 0.8431372549019607865, 0.8431372549019607865 ) ;
#4252 = ORIENTED_EDGE ( 'NONE', *, *, #673, .F. ) ;
#4253 = CARTESIAN_POINT ( 'NONE',  ( -4.266578654407219950, 2.146398552000186033, -2.120899999999998897 ) ) ;
#4254 = DIRECTION ( 'NONE',  ( -1.059358394363802552E-16, -3.885780586188047891E-16, 1.000000000000000000 ) ) ;
#4256 = AXIS2_PLACEMENT_3D ( 'NONE', #902, #3231, #592 ) ;
#4255 = CARTESIAN_POINT ( 'NONE',  ( -2.578077290619663398, -6.240286065661855677E-16, 3.469446951953614189E-15 ) ) ;
#4257 = COLOUR_RGB ( '',0.8431372549019607865, 0.8431372549019607865, 0.8431372549019607865 ) ;
#4258 =( NAMED_UNIT ( * ) SI_UNIT ( $, .STERADIAN. ) SOLID_ANGLE_UNIT ( ) );
#4259 = ORIENTED_EDGE ( 'NONE', *, *, #324, .T. ) ;
#4260 = VECTOR ( 'NONE', #1012, 1000.000000000000114 ) ;
#4261 = LINE ( 'NONE', #2851, #405 ) ;
#4262 = STYLED_ITEM ( 'NONE', ( #4337 ), #2708 ) ;
#4263 = CARTESIAN_POINT ( 'NONE',  ( -4.266578654407219950, 2.908398552000184711, -0.4190999999999983072 ) ) ;
#4264 =( LENGTH_UNIT ( ) NAMED_UNIT ( * ) SI_UNIT ( .MILLI., .METRE. ) );
#4265 = VECTOR ( 'NONE', #1317, 1000.000000000000000 ) ;
#4266 = ORIENTED_EDGE ( 'NONE', *, *, #2189, .T. ) ;
#4267 =( LENGTH_UNIT ( ) NAMED_UNIT ( * ) SI_UNIT ( .MILLI., .METRE. ) );
#4268 = LINE ( 'NONE', #3934, #2060 ) ;
#4269 = EDGE_CURVE ( 'NONE', #2682, #19, #3019, .T. ) ;
#4270 = ADVANCED_FACE ( 'NONE', ( #3872 ), #2132, .F. ) ;
#4271 =( NAMED_UNIT ( * ) SI_UNIT ( $, .STERADIAN. ) SOLID_ANGLE_UNIT ( ) );
#4272 = CARTESIAN_POINT ( 'NONE',  ( -4.266578654407220839, 2.146398552000183368, 2.984500000000002817 ) ) ;
#4273 =( GEOMETRIC_REPRESENTATION_CONTEXT ( 3 ) GLOBAL_UNCERTAINTY_ASSIGNED_CONTEXT ( ( #243 ) ) GLOBAL_UNIT_ASSIGNED_CONTEXT ( ( #1033, #706, #2080 ) ) REPRESENTATION_CONTEXT ( 'NONE', 'WORKASPACE' ) );
#4274 = UNCERTAINTY_MEASURE_WITH_UNIT (LENGTH_MEASURE( 1.000000000000000082E-05 ), #1282, 'distance_accuracy_value', 'NONE');
#4275 = VECTOR ( 'NONE', #270, 1000.000000000000114 ) ;
#4276 = MECHANICAL_DESIGN_GEOMETRIC_PRESENTATION_REPRESENTATION (  '', ( #3138 ), #4273 ) ;
#4277 = EDGE_LOOP ( 'NONE', ( #3543, #3795, #1048, #3071 ) ) ;
#4278 = DIRECTION ( 'NONE',  ( -1.000000000000000000, -3.362406479023548795E-17, 2.211953526663203998E-17 ) ) ;
#4279 = VERTEX_POINT ( 'NONE', #1615 ) ;
#4280 = DIRECTION ( 'NONE',  ( -3.362406479023546330E-17, 1.000000000000000000, 1.110223024625156540E-16 ) ) ;
#4281 = DIRECTION ( 'NONE',  ( -1.000000000000000000, -3.362406479023548795E-17, 2.053860471474302958E-17 ) ) ;
#4282 = FILL_AREA_STYLE_COLOUR ( '', #3960 ) ;
#4283 = LINE ( 'NONE', #667, #138 ) ;
#4284 = CARTESIAN_POINT ( 'NONE',  ( -4.266578654407219950, 2.908398552000185600, -1.282699999999997287 ) ) ;
#4285 =( NAMED_UNIT ( * ) SI_UNIT ( $, .STERADIAN. ) SOLID_ANGLE_UNIT ( ) );
#4286 = CARTESIAN_POINT ( 'NONE',  ( -5.194299999999998363, 0.6096000000000011410, -3.822699999999998433 ) ) ;
#4287 = CARTESIAN_POINT ( 'NONE',  ( -2.596394702581846570, 4.648199999999998333, 3.469446951953614189E-15 ) ) ;
#4288 = CARTESIAN_POINT ( 'NONE',  ( -2.730500000000001926, 3.555999999999965411, -1.282699999999996843 ) ) ;
#4289 = LINE ( 'NONE', #3314, #4305 ) ;
#4290 = PRESENTATION_LAYER_ASSIGNMENT (  '', '', ( #532 ) ) ;
#4291 = EDGE_CURVE ( 'NONE', #37, #24, #3296, .T. ) ;
#4292 = EDGE_CURVE ( 'NONE', #88, #3435, #919, .T. ) ;
#4293 = CARTESIAN_POINT ( 'NONE',  ( -2.433202763113510706E-16, -3.003584870167295012E-15, 5.079999999999984972 ) ) ;
#4294 = CARTESIAN_POINT ( 'NONE',  ( -5.971277244371143489, 0.6912635990884606896, 1.282700000000001284 ) ) ;
#4295 = UNCERTAINTY_MEASURE_WITH_UNIT (LENGTH_MEASURE( 1.000000000000000082E-05 ), #2066, 'distance_accuracy_value', 'NONE');
#4296 = EDGE_CURVE ( 'NONE', #1036, #2506, #4289, .T. ) ;
#4297 = CYLINDRICAL_SURFACE ( 'NONE', #3916, 0.7812570522476320889 ) ;
#4298 = ORIENTED_EDGE ( 'NONE', *, *, #768, .F. ) ;
#4299 = FACE_OUTER_BOUND ( 'NONE', #2570, .T. ) ;
#4300 = CARTESIAN_POINT ( 'NONE',  ( -4.266578654407219950, 3.555999999999963634, 2.984500000000001929 ) ) ;
#4301 = ORIENTED_EDGE ( 'NONE', *, *, #2928, .F. ) ;
#4302 =( GEOMETRIC_REPRESENTATION_CONTEXT ( 3 ) GLOBAL_UNCERTAINTY_ASSIGNED_CONTEXT ( ( #2816 ) ) GLOBAL_UNIT_ASSIGNED_CONTEXT ( ( #3334, #1590, #3975 ) ) REPRESENTATION_CONTEXT ( 'NONE', 'WORKASPACE' ) );
#4303 = PRESENTATION_STYLE_ASSIGNMENT (( #2308 ) ) ;
#4304 = PLANE ( 'NONE',  #1746 ) ;
#4305 = VECTOR ( 'NONE', #605, 1000.000000000000000 ) ;
#4306 = UNCERTAINTY_MEASURE_WITH_UNIT (LENGTH_MEASURE( 1.000000000000000082E-05 ), #4403, 'distance_accuracy_value', 'NONE');
#4307 = CARTESIAN_POINT ( 'NONE',  ( -5.971277244371142601, 0.6912635990884637982, -3.822699999999998433 ) ) ;
#4308 = DIRECTION ( 'NONE',  ( -1.000000000000000000, 4.116434282634202676E-32, -1.059358394363801936E-16 ) ) ;
#4309 = ORIENTED_EDGE ( 'NONE', *, *, #3237, .F. ) ;
#4310 = PRESENTATION_STYLE_ASSIGNMENT (( #583 ) ) ;
#4311 = LINE ( 'NONE', #1882, #4128 ) ;
#4312 = DIRECTION ( 'NONE',  ( -0.1045284632676537762, -0.9945218953682734009, -4.002338355649940597E-16 ) ) ;
#4313 = CIRCLE ( 'NONE', #4035, 0.7812570522476320889 ) ;
#4314 = DIRECTION ( 'NONE',  ( 0.000000000000000000, -1.000000000000000000, -4.614930726797934007E-16 ) ) ;
#4315 = UNCERTAINTY_MEASURE_WITH_UNIT (LENGTH_MEASURE( 1.000000000000000082E-05 ), #415, 'distance_accuracy_value', 'NONE');
#4316 = ORIENTED_EDGE ( 'NONE', *, *, #2541, .T. ) ;
#4317 = LINE ( 'NONE', #3600, #2912 ) ;
#4318 = VERTEX_POINT ( 'NONE', #3276 ) ;
#4319 = FILL_AREA_STYLE_COLOUR ( '', #3208 ) ;
#4320 = CARTESIAN_POINT ( 'NONE',  ( -7.141607158954611734, -0.1524000000000013400, 1.282700000000000173 ) ) ;
#4321 =( GEOMETRIC_REPRESENTATION_CONTEXT ( 3 ) GLOBAL_UNCERTAINTY_ASSIGNED_CONTEXT ( ( #1989 ) ) GLOBAL_UNIT_ASSIGNED_CONTEXT ( ( #1760, #3820, #928 ) ) REPRESENTATION_CONTEXT ( 'NONE', 'WORKASPACE' ) );
#4322 = VERTEX_POINT ( 'NONE', #2293 ) ;
#4323 = DIRECTION ( 'NONE',  ( 0.000000000000000000, -1.000000000000000000, -3.076620484531956004E-16 ) ) ;
#4324 = FILL_AREA_STYLE_COLOUR ( '', #920 ) ;
#4325 = EDGE_CURVE ( 'NONE', #1955, #3039, #3912, .T. ) ;
#4326 = FACE_OUTER_BOUND ( 'NONE', #2100, .T. ) ;
#4327 = EDGE_CURVE ( 'NONE', #3560, #890, #2796, .T. ) ;
#4328 = STYLED_ITEM ( 'NONE', ( #4375 ), #3093 ) ;
#4329 = VERTEX_POINT ( 'NONE', #2271 ) ;
#4330 = FACE_OUTER_BOUND ( 'NONE', #2203, .T. ) ;
#4331 = ORIENTED_EDGE ( 'NONE', *, *, #743, .F. ) ;
#4332 =( GEOMETRIC_REPRESENTATION_CONTEXT ( 3 ) GLOBAL_UNCERTAINTY_ASSIGNED_CONTEXT ( ( #3915 ) ) GLOBAL_UNIT_ASSIGNED_CONTEXT ( ( #3110, #1092, #3851 ) ) REPRESENTATION_CONTEXT ( 'NONE', 'WORKASPACE' ) );
#4333 =( NAMED_UNIT ( * ) PLANE_ANGLE_UNIT ( ) SI_UNIT ( $, .RADIAN. ) );
#4334 = VECTOR ( 'NONE', #957, 1000.000000000000000 ) ;
#4335 = FACE_OUTER_BOUND ( 'NONE', #3469, .T. ) ;
#4336 = SURFACE_SIDE_STYLE ('',( #1612 ) ) ;
#4337 = PRESENTATION_STYLE_ASSIGNMENT (( #4365 ) ) ;
#4338 = PLANE ( 'NONE',  #3320 ) ;
#4339 =( NAMED_UNIT ( * ) SI_UNIT ( $, .STERADIAN. ) SOLID_ANGLE_UNIT ( ) );
#4340 = CLOSED_SHELL ( 'NONE', ( #381, #240, #3521, #1944, #4027, #1315, #3493, #2354, #961, #3305, #1261, #2493, #2894, #691 ) ) ;
#4341 =( LENGTH_UNIT ( ) NAMED_UNIT ( * ) SI_UNIT ( .MILLI., .METRE. ) );
#4342 = ORIENTED_EDGE ( 'NONE', *, *, #3724, .F. ) ;
#4343 = PRESENTATION_STYLE_ASSIGNMENT (( #1362 ) ) ;
#4344 = MECHANICAL_DESIGN_GEOMETRIC_PRESENTATION_REPRESENTATION (  '', ( #2976 ), #1495 ) ;
#4345 = FILL_AREA_STYLE_COLOUR ( '', #1203 ) ;
#4346 = VECTOR ( 'NONE', #1544, 1000.000000000000000 ) ;
#4347 = CIRCLE ( 'NONE', #3988, 0.1336556042478582174 ) ;
#4348 = VERTEX_POINT ( 'NONE', #2247 ) ;
#4349 = VECTOR ( 'NONE', #2232, 1000.000000000000000 ) ;
#4350 = UNCERTAINTY_MEASURE_WITH_UNIT (LENGTH_MEASURE( 1.000000000000000082E-05 ), #4118, 'distance_accuracy_value', 'NONE');
#4351 =( LENGTH_UNIT ( ) NAMED_UNIT ( * ) SI_UNIT ( .MILLI., .METRE. ) );
#4352 = DIRECTION ( 'NONE',  ( 0.000000000000000000, -1.000000000000000000, -2.775532507172425412E-16 ) ) ;
#4353 = ORIENTED_EDGE ( 'NONE', *, *, #3620, .T. ) ;
#4354 = CARTESIAN_POINT ( 'NONE',  ( -7.141607158954611734, -0.1524000000000011179, -0.4190999999999993619 ) ) ;
#4355 = PRESENTATION_LAYER_ASSIGNMENT (  '', '', ( #2626 ) ) ;
#4356 = SURFACE_STYLE_FILL_AREA ( #2980 ) ;
#4357 = DIRECTION ( 'NONE',  ( -1.000000000000000000, 4.116434282634202676E-32, -1.059358394363801936E-16 ) ) ;
#4358 = ADVANCED_FACE ( 'NONE', ( #2943 ), #3248, .F. ) ;
#4359 = ADVANCED_FACE ( 'NONE', ( #2903 ), #1226, .F. ) ;
#4360 = VERTEX_POINT ( 'NONE', #288 ) ;
#4361 = UNCERTAINTY_MEASURE_WITH_UNIT (LENGTH_MEASURE( 1.000000000000000082E-05 ), #349, 'distance_accuracy_value', 'NONE');
#4362 = DIRECTION ( 'NONE',  ( -1.059358394363802552E-16, -3.885780586188047891E-16, 1.000000000000000000 ) ) ;
#4363 = DIRECTION ( 'NONE',  ( 0.000000000000000000, -1.000000000000000000, -3.885780586188046905E-16 ) ) ;
#4364 = DIRECTION ( 'NONE',  ( -0.000000000000000000, -3.885780586188046905E-16, 1.000000000000000000 ) ) ;
#4365 = SURFACE_STYLE_USAGE ( .BOTH. , #3403 ) ;
#4366 = CARTESIAN_POINT ( 'NONE',  ( -2.730500000000001926, 3.555999999999963634, -0.4190999999999985848 ) ) ;
#4367 = EDGE_CURVE ( 'NONE', #119, #3689, #4076, .T. ) ;
#4368 = ORIENTED_EDGE ( 'NONE', *, *, #4059, .T. ) ;
#4369 = SURFACE_SIDE_STYLE ('',( #700 ) ) ;
#4370 = ORIENTED_EDGE ( 'NONE', *, *, #1727, .F. ) ;
#4371 =( NAMED_UNIT ( * ) PLANE_ANGLE_UNIT ( ) SI_UNIT ( $, .RADIAN. ) );
#4372 = ORIENTED_EDGE ( 'NONE', *, *, #4291, .F. ) ;
#4373 =( NAMED_UNIT ( * ) SI_UNIT ( $, .STERADIAN. ) SOLID_ANGLE_UNIT ( ) );
#4374 = ORIENTED_EDGE ( 'NONE', *, *, #4367, .F. ) ;
#4375 = PRESENTATION_STYLE_ASSIGNMENT (( #1020 ) ) ;
#4376 = PRESENTATION_LAYER_ASSIGNMENT (  '', '', ( #175 ) ) ;
#4377 = CARTESIAN_POINT ( 'NONE',  ( -0.9453947025818488781, 4.521200000000000330, -3.347865367200657083 ) ) ;
#4378 = ORIENTED_EDGE ( 'NONE', *, *, #4327, .T. ) ;
#4379 = UNCERTAINTY_MEASURE_WITH_UNIT (LENGTH_MEASURE( 1.000000000000000082E-05 ), #1460, 'distance_accuracy_value', 'NONE');
#4380 =( GEOMETRIC_REPRESENTATION_CONTEXT ( 3 ) GLOBAL_UNCERTAINTY_ASSIGNED_CONTEXT ( ( #1897 ) ) GLOBAL_UNIT_ASSIGNED_CONTEXT ( ( #4267, #3933, #2518 ) ) REPRESENTATION_CONTEXT ( 'NONE', 'WORKASPACE' ) );
#4381 = CARTESIAN_POINT ( 'NONE',  ( 0.8254999999999985683, 8.505004896855320240, 3.469446951953614189E-15 ) ) ;
#4382 = FACE_OUTER_BOUND ( 'NONE', #2857, .T. ) ;
#4383 = MECHANICAL_DESIGN_GEOMETRIC_PRESENTATION_REPRESENTATION (  '', ( #2721 ), #2838 ) ;
#4384 = FILL_AREA_STYLE_COLOUR ( '', #1767 ) ;
#4385 = CIRCLE ( 'NONE', #2444, 0.1336556042478582174 ) ;
#4386 = CARTESIAN_POINT ( 'NONE',  ( -2.578077290619670503, 1.743981062885384976E-15, -5.079999999999983196 ) ) ;
#4387 = EDGE_CURVE ( 'NONE', #826, #1601, #3336, .T. ) ;
#4388 = MECHANICAL_DESIGN_GEOMETRIC_PRESENTATION_REPRESENTATION (  '', ( #186 ), #2722 ) ;
#4389 = SURFACE_STYLE_USAGE ( .BOTH. , #3014 ) ;
#4390 = ORIENTED_EDGE ( 'NONE', *, *, #1059, .T. ) ;
#4391 = DIRECTION ( 'NONE',  ( 3.362406479023548795E-17, -1.000000000000000000, 0.000000000000000000 ) ) ;
#4392 = ORIENTED_EDGE ( 'NONE', *, *, #4109, .F. ) ;
#4393 = VECTOR ( 'NONE', #4312, 999.9999999999998863 ) ;
#4394 = VERTEX_POINT ( 'NONE', #1696 ) ;
#4395 = CARTESIAN_POINT ( 'NONE',  ( -0.9453947025818488781, 4.521200000000000330, -3.347865367200657083 ) ) ;
#4396 = STYLED_ITEM ( 'NONE', ( #2205 ), #3965 ) ;
#4397 = CARTESIAN_POINT ( 'NONE',  ( -5.668458158185818441, 2.293742025179460242, 2.120900000000002006 ) ) ;
#4398 = EDGE_LOOP ( 'NONE', ( #1244, #2151, #4259, #2357 ) ) ;
#4399 =( NAMED_UNIT ( * ) PLANE_ANGLE_UNIT ( ) SI_UNIT ( $, .RADIAN. ) );
#4400 = COLOUR_RGB ( '',0.7921568627450980005, 0.8196078431372548767, 0.9333333333333333481 ) ;
#4401 = SURFACE_SIDE_STYLE ('',( #749 ) ) ;
#4402 = VECTOR ( 'NONE', #86, 1000.000000000000000 ) ;
#4403 =( LENGTH_UNIT ( ) NAMED_UNIT ( * ) SI_UNIT ( .MILLI., .METRE. ) );
#4404 = ORIENTED_EDGE ( 'NONE', *, *, #882, .T. ) ;
#4405 = STYLED_ITEM ( 'NONE', ( #4012 ), #3293 ) ;
#4406 =( NAMED_UNIT ( * ) SI_UNIT ( $, .STERADIAN. ) SOLID_ANGLE_UNIT ( ) );
#4407 = VECTOR ( 'NONE', #1645, 1000.000000000000000 ) ;
#4408 = LINE ( 'NONE', #4025, #2458 ) ;
#4409 = DIRECTION ( 'NONE',  ( 1.059358394363802552E-16, 3.885780586188047891E-16, -1.000000000000000000 ) ) ;
ENDSEC;
END-ISO-10303-21;
