ISO-10303-21;
HEADER;
FILE_DESCRIPTION (( 'STEP AP214' ),
    '1' );
FILE_NAME ('tc33x-2-104e.STEP',
    '2025-11-05T09:31:37',
    ( '' ),
    ( '' ),
    'SwSTEP 2.0',
    'SolidWorks 2024',
    '' );
FILE_SCHEMA (( 'AUTOMOTIVE_DESIGN' ));
ENDSEC;

DATA;
#1 = LINE ( 'NONE', #4271, #3852 ) ;
#2 =( NAMED_UNIT ( * ) SI_UNIT ( $, .STERADIAN. ) SOLID_ANGLE_UNIT ( ) );
#3 = CARTESIAN_POINT ( 'NONE',  ( -0.3174999999861811695, 0.6849985898234433046, -0.1000000000007290057 ) ) ;
#4 = VERTEX_POINT ( 'NONE', #366 ) ;
#5 = DIRECTION ( 'NONE',  ( 0.000000000000000000, 1.000000000000000000, 0.000000000000000000 ) ) ;
#6 = DIRECTION ( 'NONE',  ( -1.000000000000000000, -0.000000000000000000, -0.000000000000000000 ) ) ;
#7 = VECTOR ( 'NONE', #3699, 1000.000000000000000 ) ;
#8 = VERTEX_POINT ( 'NONE', #4060 ) ;
#9 = EDGE_CURVE ( 'NONE', #44, #3866, #1993, .T. ) ;
#10 = CARTESIAN_POINT ( 'NONE',  ( 1.350000000000089795, -0.01778000000000000067, 1.012700000000019918 ) ) ;
#11 = ORIENTED_EDGE ( 'NONE', *, *, #4701, .F. ) ;
#12 = CARTESIAN_POINT ( 'NONE',  ( 9.085895570803970145E-06, 0.6350000000089771612, 0.5999986575868740957 ) ) ;
#13 = DIRECTION ( 'NONE',  ( -0.7071067811872131514, 0.000000000000000000, 0.7071067811858818830 ) ) ;
#14 = LINE ( 'NONE', #4549, #322 ) ;
#15 = ORIENTED_EDGE ( 'NONE', *, *, #3048, .F. ) ;
#16 = EDGE_CURVE ( 'NONE', #460, #1858, #650, .T. ) ;
#17 = CARTESIAN_POINT ( 'NONE',  ( -0.8951833846988120902, 1.134999999999999787, 1.150000000000019895 ) ) ;
#18 = DIRECTION ( 'NONE',  ( 0.000000000000000000, 1.000000000000000000, 0.000000000000000000 ) ) ;
#19 = ORIENTED_EDGE ( 'NONE', *, *, #1656, .F. ) ;
#20 = EDGE_CURVE ( 'NONE', #571, #3704, #4962, .T. ) ;
#21 = CARTESIAN_POINT ( 'NONE',  ( -0.2659916947494279649, -0.01669986628942529694, 0.3565285518333160542 ) ) ;
#22 = CARTESIAN_POINT ( 'NONE',  ( 0.6996693348123670386, 1.032648626225250110, 0.3983795981933380137 ) ) ;
#23 = EDGE_LOOP ( 'NONE', ( #5188, #114, #3208, #1211 ) ) ;
#24 = FACE_OUTER_BOUND ( 'NONE', #4967, .T. ) ;
#25 = VECTOR ( 'NONE', #1143, 1000.000000000000000 ) ;
#26 = FILL_AREA_STYLE_COLOUR ( '', #837 ) ;
#27 = CARTESIAN_POINT ( 'NONE',  ( 0.4000000000000880074, 0.6477000000000001645, 1.506350000000020062 ) ) ;
#28 = CARTESIAN_POINT ( 'NONE',  ( 0.7443949167449042115, 1.118418147301065702, 0.1750000000000199452 ) ) ;
#29 = CARTESIAN_POINT ( 'NONE',  ( -0.9738821434237109331, 0.8850000000000000089, 0.1750000000000200007 ) ) ;
#30 = CARTESIAN_POINT ( 'NONE',  ( 0.7032150559476478824, 1.066448576536239035, -0.3749999999987123633 ) ) ;
#31 = CARTESIAN_POINT ( 'NONE',  ( -0.8042853971072658759, 1.135000000000130349, -0.3749999999999989453 ) ) ;
#32 = ORIENTED_EDGE ( 'NONE', *, *, #3048, .T. ) ;
#33 = DIRECTION ( 'NONE',  ( 3.578294879349324768E-16, 1.000000000000000000, -4.121620141467510430E-16 ) ) ;
#34 = DIRECTION ( 'NONE',  ( -1.000000000000000000, 0.000000000000000000, 0.000000000000000000 ) ) ;
#35 = ORIENTED_EDGE ( 'NONE', *, *, #636, .T. ) ;
#36 = LINE ( 'NONE', #1265, #4506 ) ;
#37 = ORIENTED_EDGE ( 'NONE', *, *, #3924, .F. ) ;
#38 = CARTESIAN_POINT ( 'NONE',  ( -0.4800456546685830106, 1.032707259997300175, 0.5934192130714180946 ) ) ;
#39 = EDGE_LOOP ( 'NONE', ( #1456, #389, #345, #2534 ) ) ;
#40 = CARTESIAN_POINT ( 'NONE',  ( 1.501000000000090262, -0.001000000000000000021, -1.899999999999980149 ) ) ;
#41 = COLOUR_RGB ( '',1.000000000000000000, 1.000000000000000000, 1.000000000000000000 ) ;
#42 = LINE ( 'NONE', #1686, #536 ) ;
#43 = DIRECTION ( 'NONE',  ( -1.000000000000000000, -0.000000000000000000, -0.000000000000000000 ) ) ;
#44 = VERTEX_POINT ( 'NONE', #3082 ) ;
#45 = CARTESIAN_POINT ( 'NONE',  ( -0.7299999999999121636, 1.749210386352815800E-14, -1.150000000000015010 ) ) ;
#46 = VECTOR ( 'NONE', #5111, 1000.000000000000000 ) ;
#47 = CARTESIAN_POINT ( 'NONE',  ( -1.349999999999909939, 0.6350000000000001199, 0.8413598162594200236 ) ) ;
#48 = ORIENTED_EDGE ( 'NONE', *, *, #3382, .T. ) ;
#49 = CARTESIAN_POINT ( 'NONE',  ( 0.4565285516145359268, -0.01669986628942520326, -0.1000130818917600029 ) ) ;
#50 = ADVANCED_FACE ( 'NONE', ( #4749 ), #2926, .T. ) ;
#51 = CARTESIAN_POINT ( 'NONE',  ( 0.2241601318426799938, 1.064136900068300529, 0.6664664751675120069 ) ) ;
#52 = EDGE_LOOP ( 'NONE', ( #4475, #745, #178, #841 ) ) ;
#53 = ADVANCED_FACE ( 'NONE', ( #2981, #453 ), #4641, .T. ) ;
#54 = VECTOR ( 'NONE', #3870, 1000.000000000000000 ) ;
#55 = CARTESIAN_POINT ( 'NONE',  ( -0.4095695390576593597, 1.135000000000000231, 0.6489062943782019088 ) ) ;
#56 = B_SPLINE_CURVE_WITH_KNOTS ( 'NONE', 3,
 ( #2959, #2598, #1357, #2157, #1776, #2928, #4264, #519, #2186, #4698, #957, #431, #4585, #2075, #3849, #5106, #96, #843, #4145, #4616, #873, #2102, #1691, #3763, #5079, #397, #1753, #3790, #5055, #5400 ),
 .UNSPECIFIED., .F., .F.,
 ( 4, 1, 2, 2, 2, 1, 2, 2, 2, 1, 2, 2, 2, 1, 2, 2, 4 ),
 ( 0.000000000000000000, 0.06250000000000000000, 0.09374999999999997224, 0.1249999999999999445, 0.2499999999999998335, 0.3124999999999997780, 0.3437499999999997224, 0.3749999999999996669, 0.4999999999999995004, 0.5624999999999994449, 0.5937499999999994449, 0.6249999999999994449, 0.7499999999999996669, 0.8124999999999997780, 0.8437499999999997780, 0.8749999999999997780, 1.000000000000000000 ),
 .UNSPECIFIED. ) ;
#57 = CARTESIAN_POINT ( 'NONE',  ( 1.038390056185000056E-05, 0.7350013423541450486, -0.8999999999235479553 ) ) ;
#58 = CARTESIAN_POINT ( 'NONE',  ( 8.998878031629686802E-14, 0.000000000000000000, -1.899999999999980149 ) ) ;
#59 = LINE ( 'NONE', #3832, #684 ) ;
#60 = CARTESIAN_POINT ( 'NONE',  ( 0.7429058708307358927, 1.116582787734066828, -0.3750000000012801982 ) ) ;
#61 = CARTESIAN_POINT ( 'NONE',  ( -0.6669173333181702690, 0.6350000000000001199, -0.3138022812289321672 ) ) ;
#62 = VECTOR ( 'NONE', #3061, 1000.000000000000000 ) ;
#63 = FILL_AREA_STYLE ('',( #1704 ) ) ;
#64 = CARTESIAN_POINT ( 'NONE',  ( 0.4000000000000880074, 0.02032000000020070182, 1.912700000000020051 ) ) ;
#65 = ORIENTED_EDGE ( 'NONE', *, *, #2690, .F. ) ;
#66 = CARTESIAN_POINT ( 'NONE',  ( -0.09013825851471608808, 0.6850000000000000533, 0.6000000000000266231 ) ) ;
#67 =( NAMED_UNIT ( * ) SI_UNIT ( $, .STERADIAN. ) SOLID_ANGLE_UNIT ( ) );
#68 = VERTEX_POINT ( 'NONE', #4003 ) ;
#69 = CARTESIAN_POINT ( 'NONE',  ( 0.3174999999863578615, 0.6849985898234416393, -0.09999999999953100571 ) ) ;
#70 = CARTESIAN_POINT ( 'NONE',  ( 0.7999999999911110438, 0.7350013423541470470, 0.3661054384229490144 ) ) ;
#71 = DIRECTION ( 'NONE',  ( -0.000000000000000000, 1.000000000000000000, 0.000000000000000000 ) ) ;
#72 = CARTESIAN_POINT ( 'NONE',  ( 0.7977990350472889958, 0.6340000000000000080, 0.6403751016835229626 ) ) ;
#73 = CARTESIAN_POINT ( 'NONE',  ( -1.799999999999909672, 0.6349999999999998979, 0.1500000000000201172 ) ) ;
#74 = VERTEX_POINT ( 'NONE', #1516 ) ;
#75 = CARTESIAN_POINT ( 'NONE',  ( 0.5455072046949879239, 0.1000038686905519725, 0.2212568713741480120 ) ) ;
#76 = CARTESIAN_POINT ( 'NONE',  ( -0.2322358848935059950, 1.033860492207840265, 0.6131453096747230269 ) ) ;
#77 = VERTEX_POINT ( 'NONE', #5180 ) ;
#78 = EDGE_CURVE ( 'NONE', #4032, #986, #4849, .T. ) ;
#79 = CARTESIAN_POINT ( 'NONE',  ( 0.2750000000020908497, 1.040200614809630997, -0.7977642868473027171 ) ) ;
#80 = LINE ( 'NONE', #58, #268 ) ;
#81 = CARTESIAN_POINT ( 'NONE',  ( -0.7842118008288359032, 0.8850000000000001199, -0.2849516369305890584 ) ) ;
#82 = LINE ( 'NONE', #1700, #655 ) ;
#83 = CARTESIAN_POINT ( 'NONE',  ( -0.6838819035055090367, 0.6350000000000000089, 0.07347467440609402323 ) ) ;
#84 = CARTESIAN_POINT ( 'NONE',  ( 8.803721640582296004E-14, 0.2000000000000000111, -1.599999999999980105 ) ) ;
#85 = ADVANCED_FACE ( 'NONE', ( #5209 ), #3473, .F. ) ;
#86 = CARTESIAN_POINT ( 'NONE',  ( -0.7512489600657492606, 0.8849999999999651479, 0.1750000000000337119 ) ) ;
#87 = EDGE_LOOP ( 'NONE', ( #5401, #4750, #5385, #2965 ) ) ;
#88 = CARTESIAN_POINT ( 'NONE',  ( 0.4417054767104151014, 0.7350000000000036504, -0.8499999999999615641 ) ) ;
#89 = PRESENTATION_STYLE_ASSIGNMENT (( #4254 ) ) ;
#90 = CARTESIAN_POINT ( 'NONE',  ( -0.4410542485383780464, 1.036000000000000032, -0.8506606302199920533 ) ) ;
#91 = ORIENTED_EDGE ( 'NONE', *, *, #749, .T. ) ;
#92 = LINE ( 'NONE', #2700, #642 ) ;
#93 = CARTESIAN_POINT ( 'NONE',  ( 0.4467520212879519947, 0.6349992136593851644, -0.8585843472164250700 ) ) ;
#94 = DIRECTION ( 'NONE',  ( -8.673617379910850432E-15, -1.000000000000000000, 6.336077496024876906E-12 ) ) ;
#95 = CARTESIAN_POINT ( 'NONE',  ( 0.6691818881759268312, 1.034999999999999920, -0.5991920087745895573 ) ) ;
#96 = CARTESIAN_POINT ( 'NONE',  ( 0.6940357340803325892, 0.6850000000000000533, -0.2086633600669171584 ) ) ;
#97 = CARTESIAN_POINT ( 'NONE',  ( 0.8000000000000879741, 0.9353333333332719546, -0.5667098521671950495 ) ) ;
#98 = CARTESIAN_POINT ( 'NONE',  ( 0.2750000000000882294, 1.056424752480134455, 0.5996493175713936141 ) ) ;
#99 = ORIENTED_EDGE ( 'NONE', *, *, #1117, .F. ) ;
#100 = CARTESIAN_POINT ( 'NONE',  ( -0.5999999999999121592, -0.01143000000000000266, 1.112700000000020006 ) ) ;
#101 = AXIS2_PLACEMENT_3D ( 'NONE', #3087, #124, #2625 ) ;
#102 = CARTESIAN_POINT ( 'NONE',  ( -0.3174999999861811695, 0.6849985898234433046, -0.1000000000007290196 ) ) ;
#103 = CARTESIAN_POINT ( 'NONE',  ( -0.6576256808998849346, 1.084999999999999964, 0.4405202345406799558 ) ) ;
#104 = DIRECTION ( 'NONE',  ( 0.000000000000000000, 1.000000000000000000, 0.000000000000000000 ) ) ;
#105 = DIRECTION ( 'NONE',  ( -0.000000000000000000, -1.000000000000000000, -0.000000000000000000 ) ) ;
#106 = CARTESIAN_POINT ( 'NONE',  ( 0.5714999999412070375, 0.6849983515546410606, -0.1000074180039370042 ) ) ;
#107 = CARTESIAN_POINT ( 'NONE',  ( -0.5988970558277518785, 1.135000000000000009, -0.7031751873265414954 ) ) ;
#108 = EDGE_CURVE ( 'NONE', #1820, #2498, #1462, .T. ) ;
#109 = VECTOR ( 'NONE', #3891, 1000.000000000000000 ) ;
#110 = CARTESIAN_POINT ( 'NONE',  ( -0.3046806438676895046, 0.6850000000000001643, 0.5306966539101911629 ) ) ;
#111 = ADVANCED_FACE ( 'NONE', ( #3131 ), #3510, .F. ) ;
#112 = PRESENTATION_STYLE_ASSIGNMENT (( #509 ) ) ;
#113 = CARTESIAN_POINT ( 'NONE',  ( -0.4410542485383780464, 0.8346666666666352485, -0.8506606302199920533 ) ) ;
#114 = ORIENTED_EDGE ( 'NONE', *, *, #3947, .T. ) ;
#115 = EDGE_CURVE ( 'NONE', #1402, #776, #4800, .T. ) ;
#116 = CARTESIAN_POINT ( 'NONE',  ( -0.2749999999999119260, 1.076757051592005521, -0.8744803497728430575 ) ) ;
#117 = CARTESIAN_POINT ( 'NONE',  ( 0.8000007863407020414, 0.6764214516330990801, -0.09999999999998010480 ) ) ;
#118 = VERTEX_POINT ( 'NONE', #2701 ) ;
#119 = SURFACE_STYLE_FILL_AREA ( #3486 ) ;
#120 = CARTESIAN_POINT ( 'NONE',  ( 0.5002996974937701236, 1.034999999999999476, -0.7687764108787716877 ) ) ;
#121 = CARTESIAN_POINT ( 'NONE',  ( 2.104500969821600620, 1.135000000000000009, 0.3114282486431738106 ) ) ;
#122 = CARTESIAN_POINT ( 'NONE',  ( 0.8000000000000879741, 1.036000000000000032, -0.5667098521671950495 ) ) ;
#123 = MECHANICAL_DESIGN_GEOMETRIC_PRESENTATION_REPRESENTATION (  '', ( #2404 ), #2765 ) ;
#124 = DIRECTION ( 'NONE',  ( 9.647784822044258760E-15, 1.000000000000000000, -8.375982706032198841E-15 ) ) ;
#125 = ORIENTED_EDGE ( 'NONE', *, *, #2191, .F. ) ;
#126 = EDGE_CURVE ( 'NONE', #905, #2057, #2731, .T. ) ;
#127 = CARTESIAN_POINT ( 'NONE',  ( -0.6219175541979964361, 1.135000000000000009, 0.4804998239334955512 ) ) ;
#128 = ORIENTED_EDGE ( 'NONE', *, *, #2428, .F. ) ;
#129 = CARTESIAN_POINT ( 'NONE',  ( -2.106275777884670131, 1.084000000000020281, 0.3129411384691559994 ) ) ;
#130 = CARTESIAN_POINT ( 'NONE',  ( -0.6172313738262413807, 1.085000000000000187, 0.4847903100988139036 ) ) ;
#131 = CARTESIAN_POINT ( 'NONE',  ( 0.7067766461644631182, 1.076460739496281960, -0.3749999999987123633 ) ) ;
#132 = DIRECTION ( 'NONE',  ( 1.000000000000000000, 0.000000000000000000, 0.000000000000000000 ) ) ;
#133 = VECTOR ( 'NONE', #4232, 1000.000000000000000 ) ;
#134 = CARTESIAN_POINT ( 'NONE',  ( 8.731881884216361102E-11, 0.8119999999999999440, 0.4184942383511019437 ) ) ;
#135 = DIRECTION ( 'NONE',  ( -0.000000000000000000, -1.000000000000000000, -0.000000000000000000 ) ) ;
#136 = VECTOR ( 'NONE', #3133, 1000.000000000000000 ) ;
#137 = EDGE_LOOP ( 'NONE', ( #1217, #3575, #3381, #3189 ) ) ;
#138 = LINE ( 'NONE', #4356, #1193 ) ;
#139 = FACE_OUTER_BOUND ( 'NONE', #3670, .T. ) ;
#140 = CARTESIAN_POINT ( 'NONE',  ( -0.7499999999999118483, 0.7339999999999989866, -0.5375404864067300226 ) ) ;
#141 = ADVANCED_FACE ( 'NONE', ( #1908, #3567 ), #1487, .T. ) ;
#142 = VERTEX_POINT ( 'NONE', #4465 ) ;
#143 = CARTESIAN_POINT ( 'NONE',  ( 8.988036009904831758E-14, 0.000000000000000000, 1.850000000000020073 ) ) ;
#144 = CARTESIAN_POINT ( 'NONE',  ( -9.846255098810990456E-06, 0.6349992136593850534, 0.6585785483030112131 ) ) ;
#145 = ORIENTED_EDGE ( 'NONE', *, *, #756, .T. ) ;
#146 =( NAMED_UNIT ( * ) PLANE_ANGLE_UNIT ( ) SI_UNIT ( $, .RADIAN. ) );
#147 = LINE ( 'NONE', #5212, #240 ) ;
#148 = CARTESIAN_POINT ( 'NONE',  ( 0.3174984271628270016, 0.3456317290546180310, -0.1009993744051579934 ) ) ;
#149 = CARTESIAN_POINT ( 'NONE',  ( 0.4704578651077480633, 0.7340000000000000968, -0.9007046722347420431 ) ) ;
#150 = CARTESIAN_POINT ( 'NONE',  ( 0.7512489600660230415, 1.035000000000069420, -0.3749999999999910072 ) ) ;
#151 = VERTEX_POINT ( 'NONE', #4903 ) ;
#152 = CARTESIAN_POINT ( 'NONE',  ( 0.3175000000001068079, 0.1770000000000000462, -0.09999999999872170864 ) ) ;
#153 = ORIENTED_EDGE ( 'NONE', *, *, #931, .F. ) ;
#154 = CARTESIAN_POINT ( 'NONE',  ( -2.106275777884670131, 1.101333333333150089, 0.3129411384691559994 ) ) ;
#155 = UNCERTAINTY_MEASURE_WITH_UNIT (LENGTH_MEASURE( 1.000000000000000082E-05 ), #4474, 'distance_accuracy_value', 'NONE');
#156 = LINE ( 'NONE', #4709, #2607 ) ;
#157 = EDGE_CURVE ( 'NONE', #4028, #534, #5005, .T. ) ;
#158 = CARTESIAN_POINT ( 'NONE',  ( -1.349999999999909939, -0.01778000000000000067, 1.377029908129719704 ) ) ;
#159 = CARTESIAN_POINT ( 'NONE',  ( -0.4636697300047244452, 0.6350000000000002309, -0.6266851266891287908 ) ) ;
#160 = EDGE_CURVE ( 'NONE', #2667, #4621, #744, .T. ) ;
#161 = CARTESIAN_POINT ( 'NONE',  ( 0.2589798342613470195, 0.8120000000000000551, 0.3444999999564690163 ) ) ;
#162 = DIRECTION ( 'NONE',  ( -0.000000000000000000, -0.000000000000000000, 1.000000000000000000 ) ) ;
#163 = CARTESIAN_POINT ( 'NONE',  ( 0.8042853970786477680, 1.084999999999952447, 0.1749999999901842573 ) ) ;
#164 = ORIENTED_EDGE ( 'NONE', *, *, #2391, .F. ) ;
#165 = CARTESIAN_POINT ( 'NONE',  ( 0.2750000000000960010, 0.8850000000000001199, 0.6512489600658635247 ) ) ;
#166 = SURFACE_SIDE_STYLE ('',( #3914 ) ) ;
#167 = VERTEX_POINT ( 'NONE', #1254 ) ;
#168 = CARTESIAN_POINT ( 'NONE',  ( 0.7299999999994813971, 0.09999999999999999167, 0.3299266639986628835 ) ) ;
#169 = ADVANCED_FACE ( 'NONE', ( #5313 ), #2522, .T. ) ;
#170 = CARTESIAN_POINT ( 'NONE',  ( 0.2297147562229020223, 1.086390280905779937, -0.8880620022513220357 ) ) ;
#171 = ORIENTED_EDGE ( 'NONE', *, *, #452, .T. ) ;
#172 = CARTESIAN_POINT ( 'NONE',  ( -0.2750000000015567214, 1.083940803213253146, 0.6917936426513057180 ) ) ;
#173 = CARTESIAN_POINT ( 'NONE',  ( -1.249999999999910072, 1.109999999999999876, 0.1750000000000200007 ) ) ;
#174 = FACE_OUTER_BOUND ( 'NONE', #2470, .T. ) ;
#175 = CARTESIAN_POINT ( 'NONE',  ( 1.292688350141889986, 1.084000000000020059, 1.152580069060040069 ) ) ;
#176 = EDGE_CURVE ( 'NONE', #2401, #3846, #1571, .T. ) ;
#177 = CARTESIAN_POINT ( 'NONE',  ( 0.2750000000000881184, 1.045639151229554198, 0.5977642868476664706 ) ) ;
#178 = ORIENTED_EDGE ( 'NONE', *, *, #3828, .F. ) ;
#179 = CARTESIAN_POINT ( 'NONE',  ( -0.001121954320004949933, 1.036000000000000032, 0.6499991608118790287 ) ) ;
#180 = EDGE_CURVE ( 'NONE', #74, #1620, #4597, .T. ) ;
#181 = ORIENTED_EDGE ( 'NONE', *, *, #421, .T. ) ;
#182 = EDGE_CURVE ( 'NONE', #284, #2590, #338, .T. ) ;
#183 = FACE_OUTER_BOUND ( 'NONE', #1692, .T. ) ;
#184 = LINE ( 'NONE', #3498, #4320 ) ;
#185 = CARTESIAN_POINT ( 'NONE',  ( -0.01134385955852110044, 0.7057692263101760233, -0.8504187772957501057 ) ) ;
#186 = AXIS2_PLACEMENT_3D ( 'NONE', #378, #4563, #1643 ) ;
#187 = CARTESIAN_POINT ( 'NONE',  ( -0.3999999999999119815, -0.005079999999999956078, 1.506350000000020062 ) ) ;
#188 = CARTESIAN_POINT ( 'NONE',  ( -0.1854929580198459993, 0.1748951871637640099, -0.4174999999999799982 ) ) ;
#189 = EDGE_LOOP ( 'NONE', ( #5231, #5127, #4171, #153, #546 ) ) ;
#190 = AXIS2_PLACEMENT_3D ( 'NONE', #794, #5352, #2052 ) ;
#191 = LINE ( 'NONE', #3997, #4872 ) ;
#192 = EDGE_CURVE ( 'NONE', #1986, #1713, #439, .T. ) ;
#193 = DIRECTION ( 'NONE',  ( -0.000000000000000000, -0.000000000000000000, -1.000000000000000000 ) ) ;
#194 = CARTESIAN_POINT ( 'NONE',  ( 0.001121954320181250096, 0.8346666666666350265, 0.6499991608118790287 ) ) ;
#195 = ORIENTED_EDGE ( 'NONE', *, *, #2736, .T. ) ;
#196 =( BOUNDED_CURVE ( )  B_SPLINE_CURVE ( 3, ( #565, #3513, #4338, #1037, #3135, #598, #2706 ),
 .UNSPECIFIED., .F., .T. ) 
 B_SPLINE_CURVE_WITH_KNOTS ( ( 4, 3, 4 ),
 ( 4.000033414093669319E-14, 0.0008525584172150223010, 0.001705116834329530604 ),
 .UNSPECIFIED. ) 
 CURVE ( )  GEOMETRIC_REPRESENTATION_ITEM ( )  RATIONAL_B_SPLINE_CURVE ( ( 1.752703111831737992, 1.421289529522273831, 1.436695794866198250, 1.798921907863522573, 1.436695794891912348, 1.421289529524453421, 1.752703111761165111 ) ) 
 REPRESENTATION_ITEM ( '' )  );
#197 = CARTESIAN_POINT ( 'NONE',  ( -0.2749999999999120370, 1.048649204817276637, -0.8529138651191177090 ) ) ;
#198 = AXIS2_PLACEMENT_3D ( 'NONE', #1940, #3630, #3243 ) ;
#199 = CARTESIAN_POINT ( 'NONE',  ( 0.8261398557360191131, 1.084947405771260032, -0.3095133728998100131 ) ) ;
#200 = VERTEX_POINT ( 'NONE', #1985 ) ;
#201 = CARTESIAN_POINT ( 'NONE',  ( -0.2749999999999116485, 1.076757051605892190, 0.6744803497947421400 ) ) ;
#202 = ORIENTED_EDGE ( 'NONE', *, *, #2872, .F. ) ;
#203 = LINE ( 'NONE', #4388, #3127 ) ;
#204 = DIRECTION ( 'NONE',  ( -2.845674993367979552E-15, -1.000000000000000000, 0.000000000000000000 ) ) ;
#205 = CARTESIAN_POINT ( 'NONE',  ( -0.001196751274677779892, 0.7339999999999999858, 0.6999991048659989223 ) ) ;
#206 = LINE ( 'NONE', #3950, #3434 ) ;
#207 = VERTEX_POINT ( 'NONE', #3645 ) ;
#208 = CARTESIAN_POINT ( 'NONE',  ( 0.4410542485385600675, 0.9353333333332719546, 0.6506606302200270697 ) ) ;
#209 = ORIENTED_EDGE ( 'NONE', *, *, #4159, .F. ) ;
#210 = AXIS2_PLACEMENT_3D ( 'NONE', #2970, #1367, #3857 ) ;
#211 = EDGE_CURVE ( 'NONE', #2232, #3724, #5325, .T. ) ;
#212 = DIRECTION ( 'NONE',  ( -1.000000000000000000, -3.300942198249946742E-15, -3.300942198264226702E-15 ) ) ;
#213 = FILL_AREA_STYLE ('',( #2799 ) ) ;
#214 = DIRECTION ( 'NONE',  ( 0.000000000000000000, 0.000000000000000000, 1.000000000000000000 ) ) ;
#215 = AXIS2_PLACEMENT_3D ( 'NONE', #935, #2605, #1729 ) ;
#216 = CARTESIAN_POINT ( 'NONE',  ( 0.8951833846989875054, 1.134999999999999787, 1.150000000000019895 ) ) ;
#217 = CARTESIAN_POINT ( 'NONE',  ( 8.983338015250835002E-14, 0.6849999999999913936, 0.6000000000000190736 ) ) ;
#218 = CARTESIAN_POINT ( 'NONE',  ( 9.623635222365162982E-11, 0.6850000000000008304, 0.4715000000000274527 ) ) ;
#219 = COLOUR_RGB ( '',1.000000000000000000, 1.000000000000000000, 1.000000000000000000 ) ;
#220 = FILL_AREA_STYLE ('',( #3506 ) ) ;
#221 = ORIENTED_EDGE ( 'NONE', *, *, #231, .T. ) ;
#222 = SURFACE_SIDE_STYLE ('',( #4844 ) ) ;
#223 =( LENGTH_UNIT ( ) NAMED_UNIT ( * ) SI_UNIT ( .MILLI., .METRE. ) );
#224 = DIRECTION ( 'NONE',  ( 2.551063935260727368E-14, -1.000000000000000000, -0.000000000000000000 ) ) ;
#225 = VECTOR ( 'NONE', #4309, 1000.000000000000114 ) ;
#226 = ORIENTED_EDGE ( 'NONE', *, *, #2629, .T. ) ;
#227 = CARTESIAN_POINT ( 'NONE',  ( -3.743250154286670295E-11, 0.1770048647585189816, -0.4175000000931580191 ) ) ;
#228 = VECTOR ( 'NONE', #2148, 1000.000000000000000 ) ;
#229 = ORIENTED_EDGE ( 'NONE', *, *, #78, .F. ) ;
#230 = CARTESIAN_POINT ( 'NONE',  ( 0.2750000000000880074, 1.069024249116918401, -0.8649728597972243804 ) ) ;
#231 = EDGE_CURVE ( 'NONE', #1089, #289, #4857, .T. ) ;
#232 = VECTOR ( 'NONE', #2094, 1000.000000000000000 ) ;
#233 = DIRECTION ( 'NONE',  ( -0.000000000000000000, -1.000000000000000000, -0.000000000000000000 ) ) ;
#234 = CARTESIAN_POINT ( 'NONE',  ( 1.350000000000090017, 0.6350000000000000089, -0.02499999999998011452 ) ) ;
#235 = VECTOR ( 'NONE', #2941, 1000.000000000000000 ) ;
#236 = ORIENTED_EDGE ( 'NONE', *, *, #3621, .T. ) ;
#237 = CIRCLE ( 'NONE', #3294, 0.03810000000042935986 ) ;
#238 = CARTESIAN_POINT ( 'NONE',  ( 0.7500000000000880407, 0.8346666666666350265, 0.3375404864067649280 ) ) ;
#239 = ORIENTED_EDGE ( 'NONE', *, *, #3330, .F. ) ;
#240 = VECTOR ( 'NONE', #1465, 1000.000000000000000 ) ;
#241 = CARTESIAN_POINT ( 'NONE',  ( 0.2304170208462420211, 1.086427134029790187, 0.6878605367281068750 ) ) ;
#242 = EDGE_CURVE ( 'NONE', #5404, #4, #2718, .T. ) ;
#243 = FACE_OUTER_BOUND ( 'NONE', #902, .T. ) ;
#244 = CARTESIAN_POINT ( 'NONE',  ( 1.350000000000090239, 0.6476999999999999424, 1.874600000000016253 ) ) ;
#245 = CARTESIAN_POINT ( 'NONE',  ( 0.04487654594868603630, 0.6350000000000000089, -0.7999992401967487288 ) ) ;
#246 = SURFACE_SIDE_STYLE ('',( #3991 ) ) ;
#247 = CARTESIAN_POINT ( 'NONE',  ( 0.3174984271628240595, 0.5163682709453819575, -0.09900062559399751272 ) ) ;
#248 = ORIENTED_EDGE ( 'NONE', *, *, #3935, .T. ) ;
#249 = CARTESIAN_POINT ( 'NONE',  ( -0.7499999999999119593, 0.6350000000000000089, -0.9499999999999800826 ) ) ;
#250 =( NAMED_UNIT ( * ) PLANE_ANGLE_UNIT ( ) SI_UNIT ( $, .RADIAN. ) );
#251 = CARTESIAN_POINT ( 'NONE',  ( -0.2450904112961410086, 1.135672765510920001, -0.8525980933308420218 ) ) ;
#252 = ADVANCED_FACE ( 'NONE', ( #903 ), #476, .T. ) ;
#253 = EDGE_LOOP ( 'NONE', ( #3646, #828, #4731, #4973 ) ) ;
#254 = CARTESIAN_POINT ( 'NONE',  ( -0.7512489600657507038, 1.037687278621768350, -0.3750000000011254886 ) ) ;
#255 = SURFACE_SIDE_STYLE ('',( #283 ) ) ;
#256 = VERTEX_POINT ( 'NONE', #1219 ) ;
#257 = DIRECTION ( 'NONE',  ( -0.000000000000000000, 1.000000000000000000, -0.000000000000000000 ) ) ;
#258 = FACE_OUTER_BOUND ( 'NONE', #494, .T. ) ;
#259 = CARTESIAN_POINT ( 'NONE',  ( -0.1854929580207190509, 0.1748951871637630662, 0.2175000000000200384 ) ) ;
#260 = ORIENTED_EDGE ( 'NONE', *, *, #1747, .F. ) ;
#261 = EDGE_CURVE ( 'NONE', #2252, #4160, #1693, .T. ) ;
#262 =( BOUNDED_CURVE ( )  B_SPLINE_CURVE ( 3, ( #4662, #4252, #1027, #507, #3838, #88, #1767 ),
 .UNSPECIFIED., .F., .F. ) 
 B_SPLINE_CURVE_WITH_KNOTS ( ( 4, 3, 4 ),
 ( 0.000000000000000000, 0.4999999999999983347, 1.000000000000000000 ),
 .UNSPECIFIED. ) 
 CURVE ( )  GEOMETRIC_REPRESENTATION_ITEM ( )  RATIONAL_B_SPLINE_CURVE ( ( 1.355227453723599984, 1.098971398569313029, 1.110883851724866700, 1.390964813190278315, 1.110883851724865368, 1.098971398569312807, 1.355227453723602871 ) ) 
 REPRESENTATION_ITEM ( '' )  );
#263 = CARTESIAN_POINT ( 'NONE',  ( 0.3020912303172870184, 0.8120000000000001661, -0.6184942384018728978 ) ) ;
#264 = ORIENTED_EDGE ( 'NONE', *, *, #3494, .T. ) ;
#265 = CARTESIAN_POINT ( 'NONE',  ( -0.6977642868475114613, 1.009999999999999343, 0.1750000000000200007 ) ) ;
#266 = VERTEX_POINT ( 'NONE', #4619 ) ;
#267 = CYLINDRICAL_SURFACE ( 'NONE', #198, 0.02539999999970062386 ) ;
#268 = VECTOR ( 'NONE', #2136, 1000.000000000000000 ) ;
#269 = DIRECTION ( 'NONE',  ( 2.845674993368205560E-15, -1.000000000000000000, 0.000000000000000000 ) ) ;
#270 = UNCERTAINTY_MEASURE_WITH_UNIT (LENGTH_MEASURE( 1.000000000000000082E-05 ), #2809, 'distance_accuracy_value', 'NONE');
#271 =( LENGTH_UNIT ( ) NAMED_UNIT ( * ) SI_UNIT ( .MILLI., .METRE. ) );
#272 = DIRECTION ( 'NONE',  ( -1.000000000000000000, -0.000000000000000000, -0.000000000000000000 ) ) ;
#273 = CARTESIAN_POINT ( 'NONE',  ( -0.01133612451281030067, 0.7358504847289419892, 0.6499070887012550202 ) ) ;
#274 = CARTESIAN_POINT ( 'NONE',  ( -0.5714999999410560472, 0.6849983515546408386, -0.1000074180062939799 ) ) ;
#275 = CARTESIAN_POINT ( 'NONE',  ( 0.3180883206433259835, 0.1748951871637640376, -0.2864081188562799252 ) ) ;
#276 = ORIENTED_EDGE ( 'NONE', *, *, #694, .T. ) ;
#277 = DIRECTION ( 'NONE',  ( 1.000000000000000000, 0.000000000000000000, 0.000000000000000000 ) ) ;
#278 = DIRECTION ( 'NONE',  ( -0.000000000000000000, -0.000000000000000000, 1.000000000000000000 ) ) ;
#279 = CARTESIAN_POINT ( 'NONE',  ( 0.3810000000000881015, 0.6096000000004451191, 1.874600000000073319 ) ) ;
#280 = ORIENTED_EDGE ( 'NONE', *, *, #349, .F. ) ;
#281 = EDGE_CURVE ( 'NONE', #266, #4203, #930, .T. ) ;
#282 = DIRECTION ( 'NONE',  ( 0.000000000000000000, 0.000000000000000000, -1.000000000000000000 ) ) ;
#283 = SURFACE_STYLE_FILL_AREA ( #2370 ) ;
#284 = VERTEX_POINT ( 'NONE', #2264 ) ;
#285 = EDGE_CURVE ( 'NONE', #506, #4472, #5185, .T. ) ;
#286 = CARTESIAN_POINT ( 'NONE',  ( -0.6990710914867142023, 1.050547019364310053, -0.3749999999999802380 ) ) ;
#287 = EDGE_CURVE ( 'NONE', #1605, #3116, #1384, .T. ) ;
#288 = CARTESIAN_POINT ( 'NONE',  ( 8.815170815523740407E-14, 0.5163682709453819575, 0.2175000000000200107 ) ) ;
#289 = VERTEX_POINT ( 'NONE', #3544 ) ;
#290 = CARTESIAN_POINT ( 'NONE',  ( -0.6977642868475149029, 0.8850000000000001199, -0.3750000000000336398 ) ) ;
#291 = ORIENTED_EDGE ( 'NONE', *, *, #1250, .T. ) ;
#292 = PLANE ( 'NONE',  #1016 ) ;
#293 = VERTEX_POINT ( 'NONE', #2709 ) ;
#294 = PRESENTATION_STYLE_ASSIGNMENT (( #4530 ) ) ;
#295 = EDGE_CURVE ( 'NONE', #4164, #4160, #3489, .T. ) ;
#296 = CARTESIAN_POINT ( 'NONE',  ( -0.7744805922928670316, 1.064136900068310077, -0.2946752023882130422 ) ) ;
#297 = CARTESIAN_POINT ( 'NONE',  ( -0.4704578651075709828, 0.7340000000000000968, -0.9007046722347420431 ) ) ;
#298 = DIRECTION ( 'NONE',  ( 0.000000000000000000, 0.000000000000000000, 1.000000000000000000 ) ) ;
#299 = VECTOR ( 'NONE', #4762, 1000.000000000000000 ) ;
#300 = CARTESIAN_POINT ( 'NONE',  ( 0.4304382217450049009, 1.134999999999999787, 0.6329679284933794614 ) ) ;
#301 = FACE_OUTER_BOUND ( 'NONE', #4111, .T. ) ;
#302 = APPLICATION_PROTOCOL_DEFINITION ( 'draft international standard', 'automotive_design', 1998, #3293 ) ;
#303 = CARTESIAN_POINT ( 'NONE',  ( 1.500000000000089706, 1.355252715606880543E-17, -1.899999999999980149 ) ) ;
#304 = CARTESIAN_POINT ( 'NONE',  ( -0.7197892601200289731, 1.134993514580979967, -0.6435461219872099514 ) ) ;
#305 = EDGE_LOOP ( 'NONE', ( #1103, #2339, #4175, #2929 ) ) ;
#306 = CARTESIAN_POINT ( 'NONE',  ( -0.2659916947956230127, -0.01669986628942529694, -0.5565285517704749996 ) ) ;
#307 = DIRECTION ( 'NONE',  ( 1.000000000000000000, 0.000000000000000000, 0.000000000000000000 ) ) ;
#308 = ORIENTED_EDGE ( 'NONE', *, *, #5293, .T. ) ;
#309 = PLANE ( 'NONE',  #1725 ) ;
#310 = VECTOR ( 'NONE', #2525, 1000.000000000000000 ) ;
#311 = ADVANCED_FACE ( 'NONE', ( #4807 ), #862, .T. ) ;
#312 = DIRECTION ( 'NONE',  ( 0.000000000000000000, 0.7071067811854034879, 0.7071067811876915465 ) ) ;
#313 = CARTESIAN_POINT ( 'NONE',  ( 0.1854929580206650108, 0.1748951871637630662, 0.2175000000000200662 ) ) ;
#314 = ORIENTED_EDGE ( 'NONE', *, *, #1798, .F. ) ;
#315 = VECTOR ( 'NONE', #4419, 1000.000000000000000 ) ;
#316 = VERTEX_POINT ( 'NONE', #4341 ) ;
#317 = VECTOR ( 'NONE', #6, 1000.000000000000000 ) ;
#318 = ORIENTED_EDGE ( 'NONE', *, *, #3397, .F. ) ;
#319 = ADVANCED_FACE ( 'NONE', ( #2674 ), #2236, .F. ) ;
#320 = CARTESIAN_POINT ( 'NONE',  ( -0.3175024270974280416, 0.6849983515546650414, -0.2869862614134540135 ) ) ;
#321 = ORIENTED_EDGE ( 'NONE', *, *, #1245, .F. ) ;
#322 = VECTOR ( 'NONE', #4142, 1000.000000000000000 ) ;
#323 = CARTESIAN_POINT ( 'NONE',  ( 8.815531703944207714E-14, 0.8849999999999649258, 0.6500000000000126787 ) ) ;
#324 = ORIENTED_EDGE ( 'NONE', *, *, #2869, .T. ) ;
#325 = VECTOR ( 'NONE', #2287, 1000.000000000000000 ) ;
#326 = CARTESIAN_POINT ( 'NONE',  ( -0.8749999999999109601, -0.01778000000000000413, 1.874600000000020250 ) ) ;
#327 = CARTESIAN_POINT ( 'NONE',  ( 8.695301423333745561E-14, 0.6350000000000167732, 1.850000000000019851 ) ) ;
#328 = AXIS2_PLACEMENT_3D ( 'NONE', #739, #3312, #333 ) ;
#329 = DIRECTION ( 'NONE',  ( -3.237552041734658537E-15, -1.000000000000000000, 4.018004211092833016E-16 ) ) ;
#330 = VECTOR ( 'NONE', #3260, 1000.000000000000000 ) ;
#331 = DIRECTION ( 'NONE',  ( 1.000000000000000000, 0.000000000000000000, -0.000000000000000000 ) ) ;
#332 = CARTESIAN_POINT ( 'NONE',  ( -0.3999999999999119815, 0.6095999999997867569, 1.912700000000020273 ) ) ;
#333 = DIRECTION ( 'NONE',  ( 1.000000000000000000, 0.000000000000000000, 0.000000000000000000 ) ) ;
#334 = ADVANCED_FACE ( 'NONE', ( #601 ), #1066, .T. ) ;
#335 = ORIENTED_EDGE ( 'NONE', *, *, #555, .F. ) ;
#336 = CARTESIAN_POINT ( 'NONE',  ( -0.3992928932188209989, -0.01778000000000000413, 1.313407106781300016 ) ) ;
#337 = CARTESIAN_POINT ( 'NONE',  ( 0.6862706281887688275, 1.084999999999999742, 0.4026872736928238106 ) ) ;
#338 = LINE ( 'NONE', #2011, #943 ) ;
#339 = ORIENTED_EDGE ( 'NONE', *, *, #4505, .F. ) ;
#340 = CARTESIAN_POINT ( 'NONE',  ( -0.2749999999999120925, 1.040384314865730353, 0.6514815655613095391 ) ) ;
#341 = CARTESIAN_POINT ( 'NONE',  ( 0.7310000000000880238, -0.0007071067811178600527, -1.150707106781239997 ) ) ;
#342 = ORIENTED_EDGE ( 'NONE', *, *, #4625, .F. ) ;
#343 = ADVANCED_FACE ( 'NONE', ( #2321 ), #3976, .T. ) ;
#344 = CARTESIAN_POINT ( 'NONE',  ( -0.4445033979214940700, 0.8120000000000001661, -0.3617807659700890133 ) ) ;
#345 = ORIENTED_EDGE ( 'NONE', *, *, #1245, .T. ) ;
#346 = CARTESIAN_POINT ( 'NONE',  ( 1.350000000000090239, 0.5973000000000000531, 1.900000000000019895 ) ) ;
#347 = ORIENTED_EDGE ( 'NONE', *, *, #4651, .F. ) ;
#348 = CARTESIAN_POINT ( 'NONE',  ( 0.5612644713296872645, 1.135000000000000009, -0.7385047668374670193 ) ) ;
#349 = EDGE_CURVE ( 'NONE', #8, #5404, #3162, .T. ) ;
#350 = CARTESIAN_POINT ( 'NONE',  ( 0.4200000000000880251, -2.646977960169688560E-18, -1.799999999999980060 ) ) ;
#351 = EDGE_CURVE ( 'NONE', #1966, #2057, #4486, .T. ) ;
#352 = CARTESIAN_POINT ( 'NONE',  ( -0.7999999999999120037, 0.8346666666666350265, 0.3667098521672350064 ) ) ;
#353 = ADVANCED_FACE ( 'NONE', ( #2497 ), #5240, .T. ) ;
#354 = CARTESIAN_POINT ( 'NONE',  ( -0.1849881300178808918, 0.1770000000000000462, -0.4174999999781273119 ) ) ;
#355 = DIRECTION ( 'NONE',  ( 0.000000000000000000, 1.000000000000000000, 0.000000000000000000 ) ) ;
#356 = CARTESIAN_POINT ( 'NONE',  ( -1.800999999999910006, 0.000000000000000000, 1.851000000000019963 ) ) ;
#357 = EDGE_LOOP ( 'NONE', ( #5392, #3348, #835, #1815, #3807, #1273, #868, #1680 ) ) ;
#358 = LINE ( 'NONE', #3283, #4851 ) ;
#359 = CARTESIAN_POINT ( 'NONE',  ( 0.5514813034845312822, 1.085000000000000187, 0.5469123915183270457 ) ) ;
#360 = ORIENTED_EDGE ( 'NONE', *, *, #917, .T. ) ;
#361 = EDGE_CURVE ( 'NONE', #4559, #683, #2891, .T. ) ;
#362 = DIRECTION ( 'NONE',  ( 0.000000000000000000, 1.000000000000000000, 0.000000000000000000 ) ) ;
#363 = CARTESIAN_POINT ( 'NONE',  ( -0.2385111944170839882, 1.084947405771200080, 0.7182391611251190966 ) ) ;
#364 = ORIENTED_EDGE ( 'NONE', *, *, #917, .F. ) ;
#365 = CARTESIAN_POINT ( 'NONE',  ( -0.1849855958552960034, 0.6849983515546650414, 0.2175000000418350343 ) ) ;
#366 = CARTESIAN_POINT ( 'NONE',  ( 0.7512489600660243738, 1.035000000000170006, 0.1750000000000285771 ) ) ;
#367 = CARTESIAN_POINT ( 'NONE',  ( 9.080170528876363656E-14, 2.412349833780247366E-15, -0.09999999999998639144 ) ) ;
#368 = CARTESIAN_POINT ( 'NONE',  ( 1.350000000000090017, 0.5850000000000008527, 1.899999999999982370 ) ) ;
#369 = ORIENTED_EDGE ( 'NONE', *, *, #555, .T. ) ;
#370 = CARTESIAN_POINT ( 'NONE',  ( 0.7453173107221808813, 1.084999999999999742, -0.5089184247443092612 ) ) ;
#371 = LINE ( 'NONE', #2044, #1981 ) ;
#372 = ORIENTED_EDGE ( 'NONE', *, *, #2191, .T. ) ;
#373 =( LENGTH_UNIT ( ) NAMED_UNIT ( * ) SI_UNIT ( .MILLI., .METRE. ) );
#374 = VECTOR ( 'NONE', #1198, 1000.000000000000000 ) ;
#375 = CARTESIAN_POINT ( 'NONE',  ( -0.8107018134708039447, 1.134993507399409962, 0.1592316172075080027 ) ) ;
#376 = EDGE_LOOP ( 'NONE', ( #2899, #2861, #2419, #3282 ) ) ;
#377 = CARTESIAN_POINT ( 'NONE',  ( -0.7999999999999120037, 0.9353333333332720656, -0.09999999999998010480 ) ) ;
#378 = CARTESIAN_POINT ( 'NONE',  ( 0.3990000000000880065, 0.6350000000000000089, 1.875600000000019918 ) ) ;
#379 = CARTESIAN_POINT ( 'NONE',  ( 0.2750000000000880074, 1.010000000000000009, 0.5977642868476199522 ) ) ;
#380 = DIRECTION ( 'NONE',  ( 1.000000000000000000, 0.000000000000000000, 0.000000000000000000 ) ) ;
#381 = PLANE ( 'NONE',  #1436 ) ;
#382 = ORIENTED_EDGE ( 'NONE', *, *, #1538, .T. ) ;
#383 = CARTESIAN_POINT ( 'NONE',  ( 1.350000000000090239, 0.3149600000000000732, 1.912700000000020273 ) ) ;
#384 = CARTESIAN_POINT ( 'NONE',  ( -0.4199999999999120548, 1.099999999999999867, -1.899999999999980371 ) ) ;
#385 = VECTOR ( 'NONE', #2859, 1000.000000000000000 ) ;
#386 = ORIENTED_EDGE ( 'NONE', *, *, #3005, .T. ) ;
#387 = LINE ( 'NONE', #802, #4777 ) ;
#388 = FACE_OUTER_BOUND ( 'NONE', #2352, .T. ) ;
#389 = ORIENTED_EDGE ( 'NONE', *, *, #1147, .F. ) ;
#390 = CARTESIAN_POINT ( 'NONE',  ( -0.7999999999909349624, 0.7350013423541470470, 0.3661054384229490144 ) ) ;
#391 = VECTOR ( 'NONE', #2890, 1000.000000000000000 ) ;
#392 = VERTEX_POINT ( 'NONE', #799 ) ;
#393 = FACE_OUTER_BOUND ( 'NONE', #5237, .T. ) ;
#394 = CARTESIAN_POINT ( 'NONE',  ( -0.7649728598082132791, 1.069024249128165405, 0.1750000000000199729 ) ) ;
#395 = ORIENTED_EDGE ( 'NONE', *, *, #1998, .F. ) ;
#396 = PLANE ( 'NONE',  #2960 ) ;
#397 = CARTESIAN_POINT ( 'NONE',  ( 0.3046806438679030005, 0.6850000000000001643, -0.7306966539101208413 ) ) ;
#398 = VECTOR ( 'NONE', #4884, 1000.000000000000000 ) ;
#399 = VERTEX_POINT ( 'NONE', #3316 ) ;
#400 = CARTESIAN_POINT ( 'NONE',  ( -0.1849881300399789930, 0.1770048647585190371, 0.2175000001150559914 ) ) ;
#401 = VECTOR ( 'NONE', #362, 1000.000000000000000 ) ;
#402 = CARTESIAN_POINT ( 'NONE',  ( -0.6691818881757506388, 1.034999999999999920, -0.5991920087745886692 ) ) ;
#403 = ORIENTED_EDGE ( 'NONE', *, *, #2850, .T. ) ;
#404 = AXIS2_PLACEMENT_3D ( 'NONE', #830, #1261, #1679 ) ;
#405 = CARTESIAN_POINT ( 'NONE',  ( 0.001196751274854080272, 1.036000000000000032, 0.6999991048659989223 ) ) ;
#406 =( BOUNDED_CURVE ( )  B_SPLINE_CURVE ( 3, ( #3, #3640, #4949, #1980, #2055, #3716, #1676 ),
 .UNSPECIFIED., .F., .F. ) 
 B_SPLINE_CURVE_WITH_KNOTS ( ( 4, 3, 4 ),
 ( 0.000000000000000000, 0.4999999999405792539, 1.000000000000000000 ),
 .UNSPECIFIED. ) 
 CURVE ( )  GEOMETRIC_REPRESENTATION_ITEM ( )  RATIONAL_B_SPLINE_CURVE ( ( 1.338105109900650014, 1.085080880014400062, 1.096840475103759927, 1.373383895168750035, 1.096840475038030061, 1.085080880008810089, 1.338105110081069915 ) ) 
 REPRESENTATION_ITEM ( '' )  );
#407 =( NAMED_UNIT ( * ) PLANE_ANGLE_UNIT ( ) SI_UNIT ( $, .RADIAN. ) );
#408 = B_SPLINE_CURVE_WITH_KNOTS ( 'NONE', 3,
 ( #2820, #709, #3600, #5268, #1523, #5343 ),
 .UNSPECIFIED., .F., .F.,
 ( 4, 2, 4 ),
 ( 0.000000000000000000, 0.5000000000000000000, 1.000000000000000000 ),
 .UNSPECIFIED. ) ;
#409 = CARTESIAN_POINT ( 'NONE',  ( -0.7337739742827918965, 1.110512254489345763, 0.1750000000013197388 ) ) ;
#410 = CARTESIAN_POINT ( 'NONE',  ( 0.6990710914868905057, 1.050547019364311829, 0.1750000000000200562 ) ) ;
#411 = CARTESIAN_POINT ( 'NONE',  ( 0.5454950493373658116, 0.1000000000000000056, -0.4212642011846300938 ) ) ;
#412 = PLANE ( 'NONE',  #5279 ) ;
#413 = VECTOR ( 'NONE', #2716, 1000.000000000000000 ) ;
#414 = PRESENTATION_LAYER_ASSIGNMENT (  '', '', ( #2787 ) ) ;
#415 = ORIENTED_EDGE ( 'NONE', *, *, #3039, .F. ) ;
#416 = CARTESIAN_POINT ( 'NONE',  ( 0.4250000000000879186, 0.1000000000000000056, -2.049999999999979838 ) ) ;
#417 = PLANE ( 'NONE',  #812 ) ;
#418 = ADVANCED_FACE ( 'NONE', ( #5334 ), #2839, .T. ) ;
#419 = ORIENTED_EDGE ( 'NONE', *, *, #176, .F. ) ;
#420 = CARTESIAN_POINT ( 'NONE',  ( -0.4249999999999120037, 0.1000000000000000056, -1.599999999999980327 ) ) ;
#421 = EDGE_CURVE ( 'NONE', #3114, #1665, #774, .T. ) ;
#422 = PLANE ( 'NONE',  #1290 ) ;
#423 = VERTEX_POINT ( 'NONE', #384 ) ;
#424 = CARTESIAN_POINT ( 'NONE',  ( 0.3175024270975950191, 0.6849983515546649304, 0.08698626141354860730 ) ) ;
#425 = VERTEX_POINT ( 'NONE', #2060 ) ;
#426 = ORIENTED_EDGE ( 'NONE', *, *, #5082, .T. ) ;
#427 = DIRECTION ( 'NONE',  ( 0.000000000000000000, -1.000000000000000000, 0.000000000000000000 ) ) ;
#428 = CARTESIAN_POINT ( 'NONE',  ( -0.7514815655621445156, 1.040384314875191674, 0.1750000000000199729 ) ) ;
#429 = ORIENTED_EDGE ( 'NONE', *, *, #3128, .F. ) ;
#430 = CARTESIAN_POINT ( 'NONE',  ( 0.3775318359206680241, 1.085000000000000187, -0.8636370186464019660 ) ) ;
#431 = CARTESIAN_POINT ( 'NONE',  ( 0.6331923902253230318, 0.6850000000000001643, 0.1994422063856391703 ) ) ;
#432 = EDGE_LOOP ( 'NONE', ( #3503, #2516, #2324, #19, #3370, #1717, #3624, #1003, #3214, #4854, #4929, #4834, #2770, #4355, #1497 ) ) ;
#433 = CARTESIAN_POINT ( 'NONE',  ( 0.7980824548950156139, 1.084999999996707043, 0.1750000000000200007 ) ) ;
#434 = CARTESIAN_POINT ( 'NONE',  ( -0.7197873626125268487, 1.134993507399410184, 0.4435507561128739229 ) ) ;
#435 = ORIENTED_EDGE ( 'NONE', *, *, #3270, .F. ) ;
#436 =( NAMED_UNIT ( * ) SI_UNIT ( $, .STERADIAN. ) SOLID_ANGLE_UNIT ( ) );
#437 = CARTESIAN_POINT ( 'NONE',  ( -0.4199999999999120548, 0.5500000000000000444, -1.799999999999980060 ) ) ;
#438 = CARTESIAN_POINT ( 'NONE',  ( 0.7050648776895420689, 1.072940778105727411, 0.1750000000000198896 ) ) ;
#439 = LINE ( 'NONE', #5335, #2245 ) ;
#440 =( BOUNDED_CURVE ( )  B_SPLINE_CURVE ( 3, ( #2911, #4567, #826, #4920, #1675, #411, #3337 ),
 .UNSPECIFIED., .F., .F. ) 
 B_SPLINE_CURVE_WITH_KNOTS ( ( 4, 3, 4 ),
 ( 1.328766622273428648E-14, 0.0008525584172552287459, 0.001705116834436636118 ),
 .UNSPECIFIED. ) 
 CURVE ( )  GEOMETRIC_REPRESENTATION_ITEM ( )  RATIONAL_B_SPLINE_CURVE ( ( 1.752703111866384056, 1.421289529521192030, 1.436695794853571462, 1.798921907863523018, 1.436695794879295107, 1.421289529523382500, 1.752703111795784530 ) ) 
 REPRESENTATION_ITEM ( '' )  );
#441 = FILL_AREA_STYLE ('',( #2858 ) ) ;
#442 = CARTESIAN_POINT ( 'NONE',  ( 0.6977642868476306992, 1.045639151229394770, -0.3749999999999800715 ) ) ;
#443 = CARTESIAN_POINT ( 'NONE',  ( -0.3174984271626489774, 0.6871048128362370333, -0.1009993744056089937 ) ) ;
#444 = ORIENTED_EDGE ( 'NONE', *, *, #3161, .T. ) ;
#445 = FACE_OUTER_BOUND ( 'NONE', #3837, .T. ) ;
#446 = CARTESIAN_POINT ( 'NONE',  ( -0.7159666952827296038, 1.135000000000000009, -0.5583565452698020515 ) ) ;
#447 = DIRECTION ( 'NONE',  ( 0.000000000000000000, 1.000000000000000000, 0.000000000000000000 ) ) ;
#448 = CARTESIAN_POINT ( 'NONE',  ( -0.6987097292428290363, 1.032707259997300175, 0.3994767700327560012 ) ) ;
#449 = EDGE_CURVE ( 'NONE', #2542, #4517, #5387, .T. ) ;
#450 = VERTEX_POINT ( 'NONE', #5358 ) ;
#451 = CARTESIAN_POINT ( 'NONE',  ( -0.4711469485907849308, 0.6764214516330989690, 0.7000069018368308971 ) ) ;
#452 = EDGE_CURVE ( 'NONE', #2066, #4811, #743, .T. ) ;
#453 = FACE_OUTER_BOUND ( 'NONE', #2476, .T. ) ;
#454 = ORIENTED_EDGE ( 'NONE', *, *, #5033, .F. ) ;
#455 = DIRECTION ( 'NONE',  ( -0.000000000000000000, -0.000000000000000000, 1.000000000000000000 ) ) ;
#456 = LINE ( 'NONE', #3817, #4599 ) ;
#457 = ORIENTED_EDGE ( 'NONE', *, *, #1502, .T. ) ;
#458 = CARTESIAN_POINT ( 'NONE',  ( 0.5513679328559849546, 1.085000000000000187, -0.7477229692436896391 ) ) ;
#459 = PLANE ( 'NONE',  #3892 ) ;
#460 = VERTEX_POINT ( 'NONE', #1229 ) ;
#461 = CARTESIAN_POINT ( 'NONE',  ( 0.7696643875788653499, 1.072840046736994291, 0.1750000000000199452 ) ) ;
#462 = VECTOR ( 'NONE', #2881, 1000.000000000000000 ) ;
#463 = CARTESIAN_POINT ( 'NONE',  ( -0.6693522684049210136, 1.135673141037599976, 0.4054644614443699835 ) ) ;
#464 = VERTEX_POINT ( 'NONE', #2945 ) ;
#465 = PRESENTATION_STYLE_ASSIGNMENT (( #3042 ) ) ;
#466 = VECTOR ( 'NONE', #2998, 1000.000000000000000 ) ;
#467 = CARTESIAN_POINT ( 'NONE',  ( -0.4122523842458429844, 0.6350000000089769392, -0.8000040086894090186 ) ) ;
#468 = DIRECTION ( 'NONE',  ( -0.000000000000000000, -0.000000000000000000, 1.000000000000000000 ) ) ;
#469 = CARTESIAN_POINT ( 'NONE',  ( -0.7924501708820689272, 1.084999999999999742, 0.2096141804521568508 ) ) ;
#470 = ADVANCED_FACE ( 'NONE', ( #2416 ), #1618, .F. ) ;
#471 = CARTESIAN_POINT ( 'NONE',  ( 0.8042853971073794517, 1.135000000000130571, -0.3749999999999776290 ) ) ;
#472 = CARTESIAN_POINT ( 'NONE',  ( 0.7310000000000880238, 0.1010000000000000064, -2.049999999999979838 ) ) ;
#473 = ORIENTED_EDGE ( 'NONE', *, *, #3967, .T. ) ;
#474 = DIRECTION ( 'NONE',  ( -0.000000000000000000, -1.000000000000000000, -0.000000000000000000 ) ) ;
#475 = CARTESIAN_POINT ( 'NONE',  ( -0.4711525084909159999, 0.7350000000000019851, -0.9000000000000014655 ) ) ;
#476 =( BOUNDED_SURFACE ( )  B_SPLINE_SURFACE ( 3, 3, ( 
 ( #3705, #49, #1278, #2572 ),
 ( #75, #2962, #4235, #2078 ),
 ( #2486, #3415, #3391, #5402 ),
 ( #492, #2543, #4147, #2512 ),
 ( #3331, #21, #2160, #400 ),
 ( #1636, #1755, #4176, #4971 ),
 ( #5081, #1337, #2931, #4674 ) ),
 .UNSPECIFIED., .F., .F., .T. ) 
 B_SPLINE_SURFACE_WITH_KNOTS ( ( 4, 3, 4 ),
 ( 4, 4 ),
 ( 0.04251302791232799971, 1.000000000000000000, 1.957486972092729927 ),
 ( 0.02634898756959450083, 0.9736510124303919822 ),
 .UNSPECIFIED. ) 
 GEOMETRIC_REPRESENTATION_ITEM ( )  RATIONAL_B_SPLINE_SURFACE ( (
 ( 1.752771188443930095, 0.9581057535556619653, 0.9581057535556509741, 1.752771188443899897),
 ( 1.421327991733539964, 0.7769311451191740492, 0.7769311451191649454, 1.421327991733509988),
 ( 1.436728051989679900, 0.7853491784790279651, 0.7853491784790189723, 1.436728051989649924),
 ( 1.798971369212359894, 0.9833598536352260444, 0.9833598536352140540, 1.798971369212319926),
 ( 1.436728051987770094, 0.7853491784779830231, 0.7853491784779730311, 1.436728051987739896),
 ( 1.421327991733370100, 0.7769311451190850093, 0.7769311451190750173, 1.421327991733349894),
 ( 1.752771188449179895, 0.9581057535585320029, 0.9581057535585210116, 1.752771188449149919) ) ) 
 REPRESENTATION_ITEM ( '' )  SURFACE ( )  );
#477 = ORIENTED_EDGE ( 'NONE', *, *, #3062, .T. ) ;
#478 = CARTESIAN_POINT ( 'NONE',  ( -0.7299999999992987654, 0.2000000000000000389, 0.3299266639986686567 ) ) ;
#479 = DIRECTION ( 'NONE',  ( -1.000000000000000000, -0.000000000000000000, -0.000000000000000000 ) ) ;
#480 = FILL_AREA_STYLE ('',( #2978 ) ) ;
#481 = ORIENTED_EDGE ( 'NONE', *, *, #2860, .T. ) ;
#482 = DIRECTION ( 'NONE',  ( -1.000000000000000000, 0.000000000000000000, 0.000000000000000000 ) ) ;
#483 = VECTOR ( 'NONE', #3069, 1000.000000000000000 ) ;
#484 = ADVANCED_FACE ( 'NONE', ( #4571, #4162 ), #417, .F. ) ;
#485 = CARTESIAN_POINT ( 'NONE',  ( 1.350000000000089795, 0.6350000000000000089, 0.8413598162594199126 ) ) ;
#486 = CARTESIAN_POINT ( 'NONE',  ( 0.5714999999452690105, 0.6849984649512630419, -0.09999999999904256309 ) ) ;
#487 = CARTESIAN_POINT ( 'NONE',  ( 0.4736718491646260132, 1.135673141037540024, -0.7781605564570790445 ) ) ;
#488 = VECTOR ( 'NONE', #2680, 1000.000000000000000 ) ;
#489 = CARTESIAN_POINT ( 'NONE',  ( -0.2759999999999119824, 0.8850000000000000089, 0.7000000731423280387 ) ) ;
#490 = ORIENTED_EDGE ( 'NONE', *, *, #1321, .T. ) ;
#491 = PRESENTATION_LAYER_ASSIGNMENT (  '', '', ( #2769 ) ) ;
#492 = CARTESIAN_POINT ( 'NONE',  ( 6.455236345459529060E-11, 0.1000038686905520002, 0.4454979988088010878 ) ) ;
#493 = CARTESIAN_POINT ( 'NONE',  ( 0.2750000000000880074, 1.084999999999999964, 0.8738821434238199792 ) ) ;
#494 = EDGE_LOOP ( 'NONE', ( #395, #2368, #5059, #589, #4483, #4225, #893, #3701, #209, #5017 ) ) ;
#495 = AXIS2_PLACEMENT_3D ( 'NONE', #1922, #1534, #608 ) ;
#496 = VECTOR ( 'NONE', #2756, 1000.000000000000000 ) ;
#497 = CARTESIAN_POINT ( 'NONE',  ( 0.4258727401026110582, 0.1670000000000320117, 0.6300000000000199885 ) ) ;
#498 = LINE ( 'NONE', #3447, #3389 ) ;
#499 = AXIS2_PLACEMENT_3D ( 'NONE', #4574, #2147, #447 ) ;
#500 = CARTESIAN_POINT ( 'NONE',  ( 0.7987387276679831505, 0.6476999999999999424, 0.6407171218268149504 ) ) ;
#501 = CARTESIAN_POINT ( 'NONE',  ( -0.3999999999999122591, 0.6096000000004332398, 1.874600000000073763 ) ) ;
#502 = PRESENTATION_LAYER_ASSIGNMENT (  '', '', ( #4947 ) ) ;
#503 = DIRECTION ( 'NONE',  ( -1.000000000000000000, 0.000000000000000000, 0.000000000000000000 ) ) ;
#504 = LINE ( 'NONE', #1740, #466 ) ;
#505 = EDGE_CURVE ( 'NONE', #1986, #3783, #504, .T. ) ;
#506 = VERTEX_POINT ( 'NONE', #2555 ) ;
#507 = CARTESIAN_POINT ( 'NONE',  ( 0.7500000000001052491, 0.7350000000000060929, -0.09999999999998010480 ) ) ;
#508 = AXIS2_PLACEMENT_3D ( 'NONE', #3068, #4213, #552 ) ;
#509 = SURFACE_STYLE_USAGE ( .BOTH. , #891 ) ;
#510 = LINE ( 'NONE', #3481, #4843 ) ;
#511 = ORIENTED_EDGE ( 'NONE', *, *, #4896, .F. ) ;
#512 = DIRECTION ( 'NONE',  ( -0.000000000000000000, -1.000000000000000000, -0.000000000000000000 ) ) ;
#513 =( BOUNDED_CURVE ( )  B_SPLINE_CURVE ( 3, ( #2456, #4118, #3119, #2717 ),
 .UNSPECIFIED., .F., .T. ) 
 B_SPLINE_CURVE_WITH_KNOTS ( ( 4, 4 ),
 ( 5.771785677093669430E-17, 0.003196985723804541320 ),
 .UNSPECIFIED. ) 
 CURVE ( )  GEOMETRIC_REPRESENTATION_ITEM ( )  RATIONAL_B_SPLINE_CURVE ( ( 1.395212740209769819, 0.9916025867296928142, 0.8971319284219231305, 1.111800765286455217 ) ) 
 REPRESENTATION_ITEM ( '' )  );
#514 = CIRCLE ( 'NONE', #4703, 0.8499999999999285905 ) ;
#515 = ORIENTED_EDGE ( 'NONE', *, *, #1859, .T. ) ;
#516 = CARTESIAN_POINT ( 'NONE',  ( 1.800000000000089972, 0.5849999999999982991, 1.899999999999982370 ) ) ;
#517 = VERTEX_POINT ( 'NONE', #2639 ) ;
#518 = DIRECTION ( 'NONE',  ( 0.000000000000000000, 1.000000000000000000, 0.000000000000000000 ) ) ;
#519 = CARTESIAN_POINT ( 'NONE',  ( 0.4301163776098971270, 0.6850000000000000533, 0.4604531801191619200 ) ) ;
#520 = CARTESIAN_POINT ( 'NONE',  ( 0.7608846197447304283, 1.064308004843613542, 0.1750000000253040255 ) ) ;
#521 = CARTESIAN_POINT ( 'NONE',  ( 0.7519404295639905422, 1.043032127228185946, -0.3749999999999801270 ) ) ;
#522 = ORIENTED_EDGE ( 'NONE', *, *, #618, .T. ) ;
#523 = SURFACE_STYLE_FILL_AREA ( #2212 ) ;
#524 = EDGE_CURVE ( 'NONE', #5398, #4, #1346, .T. ) ;
#525 = DIRECTION ( 'NONE',  ( 0.000000000000000000, 0.000000000000000000, -1.000000000000000000 ) ) ;
#526 = EDGE_CURVE ( 'NONE', #3920, #1832, #4686, .T. ) ;
#527 = CARTESIAN_POINT ( 'NONE',  ( -0.7512489600657492606, 0.8850000000000000089, 0.1750000000000268563 ) ) ;
#528 = LINE ( 'NONE', #2195, #1608 ) ;
#529 = DIRECTION ( 'NONE',  ( -0.000000000000000000, -0.000000000000000000, 1.000000000000000000 ) ) ;
#530 = CARTESIAN_POINT ( 'NONE',  ( 0.6977642868476361393, 1.034999999999999476, 0.1750000000000848932 ) ) ;
#531 = CARTESIAN_POINT ( 'NONE',  ( -0.3470599635899593860, 0.6850000000000001643, 0.5085019051789053668 ) ) ;
#532 = CARTESIAN_POINT ( 'NONE',  ( 8.818262947011198453E-14, 0.6350000000085561647, 0.5999987205235034482 ) ) ;
#533 = LINE ( 'NONE', #4691, #2936 ) ;
#534 = VERTEX_POINT ( 'NONE', #64 ) ;
#535 = LINE ( 'NONE', #2204, #5348 ) ;
#536 = VECTOR ( 'NONE', #3758, 1000.000000000000000 ) ;
#537 = EDGE_CURVE ( 'NONE', #2925, #1667, #2975, .T. ) ;
#538 = CARTESIAN_POINT ( 'NONE',  ( 0.6999986576459410470, 0.6350000000089771612, -0.09999999999997992439 ) ) ;
#539 = VERTEX_POINT ( 'NONE', #530 ) ;
#540 = CARTESIAN_POINT ( 'NONE',  ( 0.2750000000001880385, 1.035000000000089626, 0.6512489600658224465 ) ) ;
#541 = CARTESIAN_POINT ( 'NONE',  ( 0.2750000000001978084, 1.035000000000008580, -0.8512489600657763278 ) ) ;
#542 = B_SPLINE_CURVE_WITH_KNOTS ( 'NONE', 3,
 ( #1988, #4928, #3648, #1960, #5289, #4883, #5316, #230, #2841, #680, #3234, #727, #2014, #1597, #5337, #1182 ),
 .UNSPECIFIED., .F., .F.,
 ( 4, 3, 3, 3, 3, 4 ),
 ( 0.000000000000000000, 1.860882655124992797E-05, 3.724439541437664765E-05, 5.540656873664067284E-05, 7.251608683616794402E-05, 8.048010073795323232E-05 ),
 .UNSPECIFIED. ) ;
#543 = CARTESIAN_POINT ( 'NONE',  ( -0.8042853970784714646, 1.084999999999950449, -0.3749999999901441061 ) ) ;
#544 = CARTESIAN_POINT ( 'NONE',  ( 0.9684995803670559678, 1.118666666666850107, -1.617237147854340362 ) ) ;
#545 = CARTESIAN_POINT ( 'NONE',  ( 0.7529138651301702234, 1.048649204853808081, -0.3749999999999801270 ) ) ;
#546 = ORIENTED_EDGE ( 'NONE', *, *, #4093, .F. ) ;
#547 = CARTESIAN_POINT ( 'NONE',  ( -0.5612644713295027454, 1.135000000000000009, 0.5385047668375185781 ) ) ;
#548 = VECTOR ( 'NONE', #1223, 1000.000000000000000 ) ;
#549 = CARTESIAN_POINT ( 'NONE',  ( -0.4199999999999120548, 0.1000000000000000056, -1.799999999999979838 ) ) ;
#550 = UNCERTAINTY_MEASURE_WITH_UNIT (LENGTH_MEASURE( 1.000000000000000082E-05 ), #4609, 'distance_accuracy_value', 'NONE');
#551 = EDGE_CURVE ( 'NONE', #3286, #289, #4208, .T. ) ;
#552 = DIRECTION ( 'NONE',  ( 1.000000000000000000, 0.000000000000000000, 0.000000000000000000 ) ) ;
#553 = CARTESIAN_POINT ( 'NONE',  ( 0.7748181862300466127, 1.131050250481856034, -0.3749999999994312883 ) ) ;
#554 = CARTESIAN_POINT ( 'NONE',  ( -0.6115177764298550533, 0.6350000000000000089, 0.2416933345398294131 ) ) ;
#555 = EDGE_CURVE ( 'NONE', #1683, #3054, #4220, .T. ) ;
#556 = CARTESIAN_POINT ( 'NONE',  ( -0.1849855958552960311, 0.6849983515546651525, 0.2175000000418350066 ) ) ;
#557 = CARTESIAN_POINT ( 'NONE',  ( -0.6172313738263445204, 1.135000000000000231, -0.6847903100989314318 ) ) ;
#558 = CARTESIAN_POINT ( 'NONE',  ( 1.251000000000090040, 0.8839999999999990088, -0.3749999999999800160 ) ) ;
#559 = CARTESIAN_POINT ( 'NONE',  ( -0.6115206118051862427, 0.6850000000000001643, -0.4416909888709480980 ) ) ;
#560 = CARTESIAN_POINT ( 'NONE',  ( -0.2238919691436480064, 1.032707259997299509, 0.6680862840105510347 ) ) ;
#561 = ORIENTED_EDGE ( 'NONE', *, *, #3207, .T. ) ;
#562 = DIRECTION ( 'NONE',  ( 1.000000000000000000, -7.035971055112086514E-15, -7.035971055103585749E-15 ) ) ;
#563 = ORIENTED_EDGE ( 'NONE', *, *, #1389, .F. ) ;
#564 = PLANE ( 'NONE',  #5037 ) ;
#565 = CARTESIAN_POINT ( 'NONE',  ( 0.5454950493836671077, 0.1000000000000000194, -0.1000000000379195481 ) ) ;
#566 = LINE ( 'NONE', #3462, #2592 ) ;
#567 = CARTESIAN_POINT ( 'NONE',  ( 2.106275777884850431, 1.101333333333150089, 0.3129411384691550557 ) ) ;
#568 = EDGE_CURVE ( 'NONE', #4326, #2542, #3424, .T. ) ;
#569 = VECTOR ( 'NONE', #1736, 1000.000000000000000 ) ;
#570 = CARTESIAN_POINT ( 'NONE',  ( 0.7696643876002938756, 1.072840046754423016, -0.3749999999999802380 ) ) ;
#571 = VERTEX_POINT ( 'NONE', #5121 ) ;
#572 = DIRECTION ( 'NONE',  ( 0.000000000000000000, 0.000000000000000000, -1.000000000000000000 ) ) ;
#573 = ORIENTED_EDGE ( 'NONE', *, *, #4798, .T. ) ;
#574 = VECTOR ( 'NONE', #2582, 1000.000000000000000 ) ;
#575 = CARTESIAN_POINT ( 'NONE',  ( -2.058132317750750229, 1.101333333333150089, -0.9216907394351788740 ) ) ;
#576 = CARTESIAN_POINT ( 'NONE',  ( -1.349999999999909939, 0.02032000000038938076, 1.874599999999976063 ) ) ;
#577 = CARTESIAN_POINT ( 'NONE',  ( -0.4249999999999120037, -0.001000000000000019970, -2.050999999999980172 ) ) ;
#578 = CARTESIAN_POINT ( 'NONE',  ( -0.3046735693328049277, 0.6350000000000001199, -0.7306985887928001411 ) ) ;
#579 = VECTOR ( 'NONE', #3602, 1000.000000000000000 ) ;
#580 = CARTESIAN_POINT ( 'NONE',  ( -0.4445033979225199716, 0.8120000000000000551, 0.1617807660318540397 ) ) ;
#581 = CARTESIAN_POINT ( 'NONE',  ( 0.1854929580210959994, 0.6871048128362360341, -0.4174999999999799427 ) ) ;
#582 = DIRECTION ( 'NONE',  ( -1.000000000000000000, -0.000000000000000000, -0.000000000000000000 ) ) ;
#583 = AXIS2_PLACEMENT_3D ( 'NONE', #3512, #1432, #94 ) ;
#584 = ORIENTED_EDGE ( 'NONE', *, *, #1151, .T. ) ;
#585 = CARTESIAN_POINT ( 'NONE',  ( 0.6977642868476879867, 1.010000000000000009, 0.1750000000000200007 ) ) ;
#586 = CARTESIAN_POINT ( 'NONE',  ( -0.9738821434237109331, 1.135000000000000009, -0.3749999999999800160 ) ) ;
#587 = DIRECTION ( 'NONE',  ( 0.000000000000000000, 1.000000000000000000, 0.000000000000000000 ) ) ;
#588 = MECHANICAL_DESIGN_GEOMETRIC_PRESENTATION_REPRESENTATION (  '', ( #4947 ), #2422 ) ;
#589 = ORIENTED_EDGE ( 'NONE', *, *, #3395, .F. ) ;
#590 =( BOUNDED_CURVE ( )  B_SPLINE_CURVE ( 3, ( #4757, #1013, #685, #1886, #4346, #2768, #4810 ),
 .UNSPECIFIED., .F., .T. ) 
 B_SPLINE_CURVE_WITH_KNOTS ( ( 4, 3, 4 ),
 ( 0.000000000000000000, 0.5000000000000356382, 1.000000000000000000 ),
 .UNSPECIFIED. ) 
 CURVE ( )  GEOMETRIC_REPRESENTATION_ITEM ( )  RATIONAL_B_SPLINE_CURVE ( ( 1.338105109900729950, 1.085080879915399921, 1.096840474939519972, 1.373383894973080110, 1.096840474939559940, 1.085080879915409913, 1.338105109900620038 ) ) 
 REPRESENTATION_ITEM ( '' )  );
#591 = EDGE_CURVE ( 'NONE', #2894, #4164, #4302, .T. ) ;
#592 = CARTESIAN_POINT ( 'NONE',  ( -0.8042853970784714646, 1.084999999999950449, -0.3749999999901441061 ) ) ;
#593 = PRESENTATION_LAYER_ASSIGNMENT (  '', '', ( #5221 ) ) ;
#594 = CARTESIAN_POINT ( 'NONE',  ( 8.803721640582296004E-14, 1.099999999999999867, -1.799999999999980060 ) ) ;
#595 = ORIENTED_EDGE ( 'NONE', *, *, #1088, .T. ) ;
#596 = EDGE_CURVE ( 'NONE', #4766, #3230, #955, .T. ) ;
#597 = DIRECTION ( 'NONE',  ( 0.000000000000000000, 0.000000000000000000, -1.000000000000000000 ) ) ;
#598 = CARTESIAN_POINT ( 'NONE',  ( -0.5454950493211598861, 0.09999999999999995004, 0.2212642012004569225 ) ) ;
#599 = PLANE ( 'NONE',  #2678 ) ;
#600 = AXIS2_PLACEMENT_3D ( 'NONE', #4015, #3579, #4372 ) ;
#601 = FACE_OUTER_BOUND ( 'NONE', #2780, .T. ) ;
#602 = DIRECTION ( 'NONE',  ( 0.000000000000000000, -0.7071067811865482389, -0.7071067811865469066 ) ) ;
#603 = ORIENTED_EDGE ( 'NONE', *, *, #180, .F. ) ;
#604 = ORIENTED_EDGE ( 'NONE', *, *, #4137, .T. ) ;
#605 = CARTESIAN_POINT ( 'NONE',  ( 0.2750000000001880385, 1.035000000000089626, 0.6512489600658224465 ) ) ;
#606 = PRESENTATION_STYLE_ASSIGNMENT (( #4350 ) ) ;
#607 = DIRECTION ( 'NONE',  ( -1.000000000000000000, 7.035971055117749747E-15, -7.035971055102097958E-15 ) ) ;
#608 = DIRECTION ( 'NONE',  ( -4.268512490149963996E-15, 1.000000000000000000, 0.000000000000000000 ) ) ;
#609 = DIRECTION ( 'NONE',  ( 0.000000000000000000, 0.000000000000000000, 1.000000000000000000 ) ) ;
#610 = CARTESIAN_POINT ( 'NONE',  ( -0.6158329235393023016, 1.034999999999999920, 0.3828864701425142014 ) ) ;
#611 = ORIENTED_EDGE ( 'NONE', *, *, #242, .T. ) ;
#612 = CARTESIAN_POINT ( 'NONE',  ( -0.2181600193696740519, 0.6849999999999999423, -0.7655179864310727167 ) ) ;
#613 = DIRECTION ( 'NONE',  ( 0.000000000000000000, 0.000000000000000000, -1.000000000000000000 ) ) ;
#614 = CARTESIAN_POINT ( 'NONE',  ( -0.7499999999999119593, 0.7339999999999999858, -0.09999999999998010480 ) ) ;
#615 = CARTESIAN_POINT ( 'NONE',  ( -0.2749999999999119260, 1.069024249098762702, -0.8649728597795687257 ) ) ;
#616 = CARTESIAN_POINT ( 'NONE',  ( 0.2238919691416500213, 1.032707259998560057, -0.8680862840110840084 ) ) ;
#617 = ORIENTED_EDGE ( 'NONE', *, *, #925, .F. ) ;
#618 = EDGE_CURVE ( 'NONE', #3230, #3324, #3779, .T. ) ;
#619 = CARTESIAN_POINT ( 'NONE',  ( -0.2749999999999120925, 1.093362294460935802, 0.6169912149410274882 ) ) ;
#620 = CARTESIAN_POINT ( 'NONE',  ( -0.7800808756244460573, 1.084999999999999964, -0.4457903385745096148 ) ) ;
#621 = EDGE_CURVE ( 'NONE', #3603, #4572, #5043, .T. ) ;
#622 = CARTESIAN_POINT ( 'NONE',  ( 0.9684995803670559678, 1.101333333333150311, -1.617237147854340362 ) ) ;
#623 = DIRECTION ( 'NONE',  ( -0.000000000000000000, -1.000000000000000000, -0.000000000000000000 ) ) ;
#624 = ORIENTED_EDGE ( 'NONE', *, *, #4805, .F. ) ;
#625 = CARTESIAN_POINT ( 'NONE',  ( -0.001121954320004949933, 0.7339999999999999858, 0.6499991608118790287 ) ) ;
#626 = VERTEX_POINT ( 'NONE', #5069 ) ;
#627 = CARTESIAN_POINT ( 'NONE',  ( -0.4353752552854619484, 0.7057692263101751351, -0.8571716985368739161 ) ) ;
#628 = FACE_OUTER_BOUND ( 'NONE', #2183, .T. ) ;
#629 = DIRECTION ( 'NONE',  ( 0.000000000000000000, 0.000000000000000000, -1.000000000000000000 ) ) ;
#630 = CARTESIAN_POINT ( 'NONE',  ( 0.7505045132895009630, 0.7057692263101749131, 0.3430720452947739196 ) ) ;
#631 = CIRCLE ( 'NONE', #2030, 0.02539999999967741673 ) ;
#632 = VECTOR ( 'NONE', #4941, 1000.000000000000000 ) ;
#633 = CARTESIAN_POINT ( 'NONE',  ( 0.5988970558279285150, 1.134999999999999787, 0.5031751873265829511 ) ) ;
#634 = CARTESIAN_POINT ( 'NONE',  ( 8.814362748034273218E-14, 0.8850000000000002309, 0.6500000000000125677 ) ) ;
#635 = CARTESIAN_POINT ( 'NONE',  ( -1.799999999999909894, -0.001000000000000000021, -1.600999999999979995 ) ) ;
#636 = EDGE_CURVE ( 'NONE', #1603, #5044, #1619, .T. ) ;
#637 = ORIENTED_EDGE ( 'NONE', *, *, #5198, .F. ) ;
#638 = CARTESIAN_POINT ( 'NONE',  ( -0.7299999999999120526, 7.058607893785836672E-18, -2.049999999999979838 ) ) ;
#639 = LINE ( 'NONE', #2311, #1529 ) ;
#640 = EDGE_LOOP ( 'NONE', ( #4414, #3394, #195, #477 ) ) ;
#641 = CARTESIAN_POINT ( 'NONE',  ( 0.3174997368186869284, 0.03025567659247449873, -0.2869800642958860171 ) ) ;
#642 = VECTOR ( 'NONE', #1846, 1000.000000000000000 ) ;
#643 = DIRECTION ( 'NONE',  ( 0.000000000000000000, 1.000000000000000000, 0.000000000000000000 ) ) ;
#644 = VERTEX_POINT ( 'NONE', #4250 ) ;
#645 = CARTESIAN_POINT ( 'NONE',  ( 1.800000000000089972, -0.001000000000000000021, 1.901000000000020007 ) ) ;
#646 = CARTESIAN_POINT ( 'NONE',  ( -0.2750000000009206746, 1.034999999999999920, 0.5977642868472347049 ) ) ;
#647 = CARTESIAN_POINT ( 'NONE',  ( 6.477860875558858324E-14, 0.7350000000000340705, 0.6000000000000029754 ) ) ;
#648 = DIRECTION ( 'NONE',  ( -1.000000000000000000, 0.000000000000000000, 0.000000000000000000 ) ) ;
#649 = ADVANCED_FACE ( 'NONE', ( #3559, #4377 ), #2276, .T. ) ;
#650 =( BOUNDED_CURVE ( )  B_SPLINE_CURVE ( 3, ( #1210, #3031, #3409, #2182 ),
 .UNSPECIFIED., .F., .F. ) 
 B_SPLINE_CURVE_WITH_KNOTS ( ( 4, 4 ),
 ( 0.000000000000000000, 1.000000000000000000 ),
 .UNSPECIFIED. ) 
 CURVE ( )  GEOMETRIC_REPRESENTATION_ITEM ( )  RATIONAL_B_SPLINE_CURVE ( ( 1.714496890614184865, 1.453542054544980422, 1.286657601081634184, 1.213843530224144818 ) ) 
 REPRESENTATION_ITEM ( '' )  );
#651 = CARTESIAN_POINT ( 'NONE',  ( -0.9722938510193952499, 1.135000000000000009, -1.614808458937954105 ) ) ;
#652 = ORIENTED_EDGE ( 'NONE', *, *, #5216, .F. ) ;
#653 = FACE_OUTER_BOUND ( 'NONE', #2917, .T. ) ;
#654 = EDGE_LOOP ( 'NONE', ( #1221, #342, #347, #2151 ) ) ;
#655 = VECTOR ( 'NONE', #3800, 1000.000000000000000 ) ;
#656 = DIRECTION ( 'NONE',  ( 4.268512490154621430E-15, 0.000000000000000000, -1.000000000000000000 ) ) ;
#657 = UNCERTAINTY_MEASURE_WITH_UNIT (LENGTH_MEASURE( 1.000000000000000082E-05 ), #4076, 'distance_accuracy_value', 'NONE');
#658 = EDGE_CURVE ( 'NONE', #2889, #3317, #4593, .T. ) ;
#659 = DIRECTION ( 'NONE',  ( -1.000000000000000000, 0.000000000000000000, 0.000000000000000000 ) ) ;
#660 = AXIS2_PLACEMENT_3D ( 'NONE', #1831, #572, #1388 ) ;
#661 = DIRECTION ( 'NONE',  ( -1.000000000000000000, 0.000000000000000000, -0.000000000000000000 ) ) ;
#662 = FACE_OUTER_BOUND ( 'NONE', #751, .T. ) ;
#663 = CARTESIAN_POINT ( 'NONE',  ( -0.2750000000009206746, 1.034999999999999920, 0.5977642868472347049 ) ) ;
#664 = VECTOR ( 'NONE', #2527, 1000.000000000000000 ) ;
#665 = CARTESIAN_POINT ( 'NONE',  ( -0.2749999999999119815, 1.110000000000000098, 1.150000000000019895 ) ) ;
#666 = VERTEX_POINT ( 'NONE', #4739 ) ;
#667 = CARTESIAN_POINT ( 'NONE',  ( 0.2320313087536320373, 1.093499400003509869, 0.6124975621751260757 ) ) ;
#668 = DIRECTION ( 'NONE',  ( -3.237552041734658537E-15, -1.000000000000000000, 4.018004211092833016E-16 ) ) ;
#669 = LINE ( 'NONE', #1053, #5108 ) ;
#670 = CIRCLE ( 'NONE', #3713, 0.03810000000043097662 ) ;
#671 = VERTEX_POINT ( 'NONE', #3148 ) ;
#672 = EDGE_CURVE ( 'NONE', #666, #68, #3858, .T. ) ;
#673 = CARTESIAN_POINT ( 'NONE',  ( -0.7549536877068669938, 1.054166816710589982, -0.3750000000252643462 ) ) ;
#674 = PRESENTATION_LAYER_ASSIGNMENT (  '', '', ( #3036 ) ) ;
#675 = DIRECTION ( 'NONE',  ( 1.000000000000000000, 3.435141330391194348E-15, 1.341991320845600366E-16 ) ) ;
#676 = ORIENTED_EDGE ( 'NONE', *, *, #4297, .T. ) ;
#677 = ADVANCED_FACE ( 'NONE', ( #1508 ), #1410, .F. ) ;
#678 = DIRECTION ( 'NONE',  ( 1.000000000000000000, -1.374056532155380592E-14, 5.367965283551792581E-16 ) ) ;
#679 = ORIENTED_EDGE ( 'NONE', *, *, #4562, .F. ) ;
#680 = CARTESIAN_POINT ( 'NONE',  ( 0.2750000000269139933, 1.059087827270748683, -0.8578316719039132954 ) ) ;
#681 = CARTESIAN_POINT ( 'NONE',  ( -0.1854929580207190509, 0.3456317290546179755, 0.2175000000000200384 ) ) ;
#682 = CARTESIAN_POINT ( 'NONE',  ( 0.1849850302100500277, 0.7597945045706930856, -0.4174990291963770472 ) ) ;
#683 = VERTEX_POINT ( 'NONE', #3098 ) ;
#684 = VECTOR ( 'NONE', #3471, 1000.000000000000000 ) ;
#685 = CARTESIAN_POINT ( 'NONE',  ( 0.5184942383075189509, 0.8120000000000000551, -0.1000067299953020100 ) ) ;
#686 = ORIENTED_EDGE ( 'NONE', *, *, #5103, .F. ) ;
#687 = DIRECTION ( 'NONE',  ( -1.000000000000000000, 0.000000000000000000, 0.000000000000000000 ) ) ;
#688 =( BOUNDED_CURVE ( )  B_SPLINE_CURVE ( 3, ( #1399, #3428, #3076, #5070, #3404, #4743, #1323 ),
 .UNSPECIFIED., .F., .T. ) 
 B_SPLINE_CURVE_WITH_KNOTS ( ( 4, 3, 4 ),
 ( 0.000000000000000000, 0.4999999999999644174, 1.000000000000000000 ),
 .UNSPECIFIED. ) 
 CURVE ( )  GEOMETRIC_REPRESENTATION_ITEM ( )  RATIONAL_B_SPLINE_CURVE ( ( 1.338105110081049931, 1.085080880061719988, 1.096840475087460076, 1.373383895158269974, 1.096840475087420108, 1.085080880061719988, 1.338105110081160065 ) ) 
 REPRESENTATION_ITEM ( '' )  );
#689 = DIRECTION ( 'NONE',  ( -1.000000000000000000, -2.333646937974095666E-15, -6.092980583288830140E-17 ) ) ;
#690 = EDGE_CURVE ( 'NONE', #2590, #2553, #3910, .T. ) ;
#691 = CARTESIAN_POINT ( 'NONE',  ( 0.1851291097558766807, 0.8849999999999998979, 0.6841468356449434962 ) ) ;
#692 = CARTESIAN_POINT ( 'NONE',  ( 0.7505045132895009630, 0.7057692263101749131, -0.5430720452947340737 ) ) ;
#693 = CARTESIAN_POINT ( 'NONE',  ( -0.4444999999625020015, 0.8119999999999999440, -0.1000057695604260055 ) ) ;
#694 = EDGE_CURVE ( 'NONE', #849, #4028, #1075, .T. ) ;
#695 = CARTESIAN_POINT ( 'NONE',  ( -0.3174984271626539734, 0.5163682709453819575, -0.09900062559610049717 ) ) ;
#696 = EDGE_CURVE ( 'NONE', #151, #2879, #4354, .T. ) ;
#697 = ORIENTED_EDGE ( 'NONE', *, *, #3330, .T. ) ;
#698 = DIRECTION ( 'NONE',  ( 1.000000000000000000, 1.374056532156510714E-14, 5.367965283382788007E-16 ) ) ;
#699 = DIRECTION ( 'NONE',  ( 4.268512490154621430E-15, 0.000000000000000000, -1.000000000000000000 ) ) ;
#700 = VERTEX_POINT ( 'NONE', #2856 ) ;
#701 = CARTESIAN_POINT ( 'NONE',  ( -0.7800760614599508980, 1.079851293512055888, -0.3750000000016247559 ) ) ;
#702 = CARTESIAN_POINT ( 'NONE',  ( 0.2234881854935709955, 1.064140335611930333, -0.8667010593288998477 ) ) ;
#703 = ORIENTED_EDGE ( 'NONE', *, *, #2395, .F. ) ;
#704 = DIRECTION ( 'NONE',  ( 0.000000000000000000, -1.000000000000000000, 0.000000000000000000 ) ) ;
#705 = DIRECTION ( 'NONE',  ( 1.000000000000000000, 0.000000000000000000, 0.000000000000000000 ) ) ;
#706 = CARTESIAN_POINT ( 'NONE',  ( 0.7300000000000880229, 0.09999999999999992228, -2.049999999999979838 ) ) ;
#707 = ORIENTED_EDGE ( 'NONE', *, *, #1672, .T. ) ;
#708 = EDGE_CURVE ( 'NONE', #1517, #2230, #5329, .T. ) ;
#709 = CARTESIAN_POINT ( 'NONE',  ( -1.730654440891172378E-06, 0.7114295502341194677, 0.7000000000000098366 ) ) ;
#710 = ORIENTED_EDGE ( 'NONE', *, *, #1974, .T. ) ;
#711 = CARTESIAN_POINT ( 'NONE',  ( 8.810095033626139319E-14, 0.8849999999999998979, -0.8499999999999725553 ) ) ;
#712 = ORIENTED_EDGE ( 'NONE', *, *, #1684, .T. ) ;
#713 = AXIS2_PLACEMENT_3D ( 'NONE', #1237, #71, #781 ) ;
#714 = CARTESIAN_POINT ( 'NONE',  ( -0.7960983485887760391, 1.086427134029739783, -0.3001090907566399957 ) ) ;
#715 = CARTESIAN_POINT ( 'NONE',  ( 0.2750000000037452486, 1.124633430746718066, -0.8556372338251154730 ) ) ;
#716 = CARTESIAN_POINT ( 'NONE',  ( 0.2750000000001040501, 0.8849999999999649258, -0.8512489600658231792 ) ) ;
#717 = CARTESIAN_POINT ( 'NONE',  ( 0.4515701949671787063, 1.135000000000000231, 0.6201264690485362996 ) ) ;
#718 = DIRECTION ( 'NONE',  ( 0.000000000000000000, 1.000000000000000000, 0.000000000000000000 ) ) ;
#719 = EDGE_CURVE ( 'NONE', #4605, #3333, #4044, .T. ) ;
#720 = CYLINDRICAL_SURFACE ( 'NONE', #4950, 0.02539999999967644181 ) ;
#721 = CARTESIAN_POINT ( 'NONE',  ( -0.2749999999999119815, 1.010000000000000009, 0.5977642868476199522 ) ) ;
#722 = ORIENTED_EDGE ( 'NONE', *, *, #4247, .T. ) ;
#723 = CARTESIAN_POINT ( 'NONE',  ( -0.3178288337894549787, 0.1000038686905520002, -0.6454979987712490264 ) ) ;
#724 = VECTOR ( 'NONE', #3873, 1000.000000000000000 ) ;
#725 = DIRECTION ( 'NONE',  ( -0.000000000000000000, -1.000000000000000000, -0.000000000000000000 ) ) ;
#726 = ORIENTED_EDGE ( 'NONE', *, *, #1623, .F. ) ;
#727 = CARTESIAN_POINT ( 'NONE',  ( 0.2750000000000878964, 1.048649204839784632, -0.8529138651258153514 ) ) ;
#728 = CARTESIAN_POINT ( 'NONE',  ( 1.350000000000089795, 0.3149600000000000177, 0.8413598162594202456 ) ) ;
#729 = EDGE_LOOP ( 'NONE', ( #1107, #4859, #5395, #3939, #1074, #5207 ) ) ;
#730 = VECTOR ( 'NONE', #4534, 1000.000000000000000 ) ;
#731 = CARTESIAN_POINT ( 'NONE',  ( 0.3705085939322539934, 0.8120000000000000551, -0.3182031093445980008 ) ) ;
#732 = ORIENTED_EDGE ( 'NONE', *, *, #2421, .T. ) ;
#733 = ORIENTED_EDGE ( 'NONE', *, *, #4121, .F. ) ;
#734 = CARTESIAN_POINT ( 'NONE',  ( -0.8941833846988119783, 1.084000000000000075, 1.150000000000019895 ) ) ;
#735 = CARTESIAN_POINT ( 'NONE',  ( -0.7999999999999120037, 0.7339999999999999858, -0.09999999999998010480 ) ) ;
#736 = CARTESIAN_POINT ( 'NONE',  ( 0.6438295652864348684, 0.6350000000000001199, -0.3755716965520448647 ) ) ;
#737 = CARTESIAN_POINT ( 'NONE',  ( 0.7512489600659068012, 0.8850000000000000089, -0.3749999999999867883 ) ) ;
#738 = CARTESIAN_POINT ( 'NONE',  ( -9.022761620051013833E-14, 0.6476999999999998314, 0.3500000000000537126 ) ) ;
#739 = CARTESIAN_POINT ( 'NONE',  ( -0.8010335401233512620, 0.8850000000000000089, 0.1760000000000200016 ) ) ;
#740 = ADVANCED_FACE ( 'NONE', ( #1644 ), #4508, .T. ) ;
#741 = VERTEX_POINT ( 'NONE', #3277 ) ;
#742 = LINE ( 'NONE', #2785, #4566 ) ;
#743 = LINE ( 'NONE', #234, #2682 ) ;
#744 = LINE ( 'NONE', #854, #1190 ) ;
#745 = ORIENTED_EDGE ( 'NONE', *, *, #4234, .F. ) ;
#746 = DIRECTION ( 'NONE',  ( 0.000000000000000000, 0.000000000000000000, 1.000000000000000000 ) ) ;
#747 = VECTOR ( 'NONE', #3480, 1000.000000000000000 ) ;
#748 = DIRECTION ( 'NONE',  ( -0.000000000000000000, 1.000000000000000000, 0.000000000000000000 ) ) ;
#749 = EDGE_CURVE ( 'NONE', #256, #4077, #2467, .T. ) ;
#750 = CARTESIAN_POINT ( 'NONE',  ( 0.4000000000000880074, -0.01778000000000000413, 1.212700000000020095 ) ) ;
#751 = EDGE_LOOP ( 'NONE', ( #3522, #2238, #4494, #2657 ) ) ;
#752 = STYLED_ITEM ( 'NONE', ( #1052 ), #5297 ) ;
#753 = EDGE_CURVE ( 'NONE', #450, #1113, #3664, .T. ) ;
#754 = ORIENTED_EDGE ( 'NONE', *, *, #16, .F. ) ;
#755 = CARTESIAN_POINT ( 'NONE',  ( 0.5184942383074890859, 0.8120000000000000551, -0.09999327000253499520 ) ) ;
#756 = EDGE_CURVE ( 'NONE', #3295, #1517, #2830, .T. ) ;
#757 = EDGE_LOOP ( 'NONE', ( #3296, #2508, #2327, #584 ) ) ;
#758 = STYLED_ITEM ( 'NONE', ( #2648 ), #2440 ) ;
#759 =( NAMED_UNIT ( * ) PLANE_ANGLE_UNIT ( ) SI_UNIT ( $, .RADIAN. ) );
#760 = VERTEX_POINT ( 'NONE', #2027 ) ;
#761 =( BOUNDED_CURVE ( )  B_SPLINE_CURVE ( 3, ( #2138, #3833, #4656, #5065, #939, #3472, #1344 ),
 .UNSPECIFIED., .F., .F. ) 
 B_SPLINE_CURVE_WITH_KNOTS ( ( 4, 3, 4 ),
 ( 5.178813425459550313E-17, 0.0002799779480176284221, 0.0005599558960352059951 ),
 .UNSPECIFIED. ) 
 CURVE ( )  GEOMETRIC_REPRESENTATION_ITEM ( )  RATIONAL_B_SPLINE_CURVE ( ( 1.050332717039257568, 1.081500716503739579, 1.127144054988653776, 1.187262732493999939, 1.127144054988653998, 1.081500716503740023, 1.050332717039258013 ) ) 
 REPRESENTATION_ITEM ( '' )  );
#762 = CARTESIAN_POINT ( 'NONE',  ( 0.7475516183033288353, 1.134999999999999787, -0.5115609493655626228 ) ) ;
#763 = CARTESIAN_POINT ( 'NONE',  ( -0.7178662832512250347, 1.086427134029740005, -0.6113414180156790945 ) ) ;
#764 =( GEOMETRIC_REPRESENTATION_CONTEXT ( 3 ) GLOBAL_UNCERTAINTY_ASSIGNED_CONTEXT ( ( #1475 ) ) GLOBAL_UNIT_ASSIGNED_CONTEXT ( ( #4598, #4102, #2 ) ) REPRESENTATION_CONTEXT ( 'NONE', 'WORKASPACE' ) );
#765 = CARTESIAN_POINT ( 'NONE',  ( 0.2750000000000880074, 1.135000000000181419, -0.8918191288891422763 ) ) ;
#766 = AXIS2_PLACEMENT_3D ( 'NONE', #2095, #1743, #3406 ) ;
#767 = FACE_OUTER_BOUND ( 'NONE', #3465, .T. ) ;
#768 = DIRECTION ( 'NONE',  ( -3.578294879349324768E-16, -1.000000000000000000, 4.121620141467510430E-16 ) ) ;
#769 = EDGE_CURVE ( 'NONE', #3966, #3150, #1861, .T. ) ;
#770 = PLANE ( 'NONE',  #1639 ) ;
#771 = CARTESIAN_POINT ( 'NONE',  ( -0.5093670903840690212, 1.134993514580979745, -0.8292550264769679158 ) ) ;
#772 = ORIENTED_EDGE ( 'NONE', *, *, #2614, .F. ) ;
#773 = LINE ( 'NONE', #1176, #664 ) ;
#774 = LINE ( 'NONE', #4106, #317 ) ;
#775 = PRODUCT_DEFINITION_SHAPE ( 'NONE', 'NONE',  #5018 ) ;
#776 = VERTEX_POINT ( 'NONE', #332 ) ;
#777 = LINE ( 'NONE', #5390, #3117 ) ;
#778 = PLANE ( 'NONE',  #1912 ) ;
#779 = ORIENTED_EDGE ( 'NONE', *, *, #3658, .F. ) ;
#780 = ORIENTED_EDGE ( 'NONE', *, *, #4163, .T. ) ;
#781 = DIRECTION ( 'NONE',  ( 1.000000000000000000, 0.000000000000000000, 0.000000000000000000 ) ) ;
#782 = PLANE ( 'NONE',  #3211 ) ;
#783 = ORIENTED_EDGE ( 'NONE', *, *, #78, .T. ) ;
#784 =( NAMED_UNIT ( * ) PLANE_ANGLE_UNIT ( ) SI_UNIT ( $, .RADIAN. ) );
#785 = LINE ( 'NONE', #265, #2064 ) ;
#786 = ADVANCED_FACE ( 'NONE', ( #4895 ), #3687, .F. ) ;
#787 = VERTEX_POINT ( 'NONE', #2386 ) ;
#788 = CARTESIAN_POINT ( 'NONE',  ( -0.09238598621504756636, 0.8850000000000000089, 0.6999999999999313438 ) ) ;
#789 = CARTESIAN_POINT ( 'NONE',  ( -0.7299999999999119416, 0.1000000000000173667, -1.150000000000014788 ) ) ;
#790 = ORIENTED_EDGE ( 'NONE', *, *, #1853, .F. ) ;
#791 = CARTESIAN_POINT ( 'NONE',  ( 0.2750000000000877853, 1.093362294460935580, -0.8169912149409896962 ) ) ;
#792 = VECTOR ( 'NONE', #4596, 1000.000000000000000 ) ;
#793 = PLANE ( 'NONE',  #3682 ) ;
#794 = CARTESIAN_POINT ( 'NONE',  ( 0.8951833846989879495, 1.084000000000000075, 1.149000000000020005 ) ) ;
#795 = DIRECTION ( 'NONE',  ( 0.000000000000000000, 0.000000000000000000, 1.000000000000000000 ) ) ;
#796 = SURFACE_SIDE_STYLE ('',( #1590 ) ) ;
#797 = ORIENTED_EDGE ( 'NONE', *, *, #4174, .T. ) ;
#798 = DIRECTION ( 'NONE',  ( -0.000000000000000000, -0.000000000000000000, 1.000000000000000000 ) ) ;
#799 = CARTESIAN_POINT ( 'NONE',  ( -1.499999999999915179, 0.6350000000000000089, -1.899999999999983258 ) ) ;
#800 = ADVANCED_FACE ( 'NONE', ( #301 ), #3201, .F. ) ;
#801 = ORIENTED_EDGE ( 'NONE', *, *, #3524, .F. ) ;
#802 = CARTESIAN_POINT ( 'NONE',  ( 1.350000000000090239, 0.3174999999999999489, 1.900000000000019895 ) ) ;
#803 = CARTESIAN_POINT ( 'NONE',  ( 0.7310000000000880238, 0.2007071067810939913, -1.049292893218700007 ) ) ;
#804 = ORIENTED_EDGE ( 'NONE', *, *, #3207, .F. ) ;
#805 = CARTESIAN_POINT ( 'NONE',  ( -0.4711469485907849308, 0.6764214516330999682, -0.9000069018367909957 ) ) ;
#806 = CIRCLE ( 'NONE', #1335, 0.1270000000000164053 ) ;
#807 = ORIENTED_EDGE ( 'NONE', *, *, #1454, .F. ) ;
#808 = LINE ( 'NONE', #3350, #1669 ) ;
#809 = CARTESIAN_POINT ( 'NONE',  ( -0.8042853971072143615, 1.084999999999952447, 0.1750000000000130895 ) ) ;
#810 = VERTEX_POINT ( 'NONE', #4946 ) ;
#811 = CARTESIAN_POINT ( 'NONE',  ( 0.4304382217449328474, 1.084999999999999964, -0.8329679284931486016 ) ) ;
#812 = AXIS2_PLACEMENT_3D ( 'NONE', #2092, #3342, #648 ) ;
#813 = LINE ( 'NONE', #4935, #4495 ) ;
#814 = ORIENTED_EDGE ( 'NONE', *, *, #1684, .F. ) ;
#815 = EDGE_CURVE ( 'NONE', #5142, #1741, #2438, .T. ) ;
#816 = CARTESIAN_POINT ( 'NONE',  ( 0.7519404295597784671, 1.043032127203883608, 0.1750000000000200562 ) ) ;
#817 = CIRCLE ( 'NONE', #3688, 0.04999999999986688010 ) ;
#818 = CARTESIAN_POINT ( 'NONE',  ( 0.4810108730236309360, 1.032648626225250110, 0.5928926788970459993 ) ) ;
#819 = ORIENTED_EDGE ( 'NONE', *, *, #4732, .F. ) ;
#820 = CARTESIAN_POINT ( 'NONE',  ( -0.7999999999999120037, 1.036000000000000032, 0.3667098521672350064 ) ) ;
#821 = ADVANCED_FACE ( 'NONE', ( #4100 ), #3248, .T. ) ;
#822 = CARTESIAN_POINT ( 'NONE',  ( -0.7186816629232887221, 1.094325790470827453, 0.1750000000025425106 ) ) ;
#823 = EDGE_CURVE ( 'NONE', #2488, #4986, #4919, .T. ) ;
#824 = CARTESIAN_POINT ( 'NONE',  ( 0.7299991831902660211, 0.1329999999999909865, -0.1010920355382040059 ) ) ;
#825 =( BOUNDED_SURFACE ( )  B_SPLINE_SURFACE ( 3, 3, ( 
 ( #1076, #2388, #667, #2364 ),
 ( #1510, #3204, #3533, #3126 ),
 ( #4875, #3614, #2755, #1145 ),
 ( #3176, #5280, #1902, #1540 ) ),
 .UNSPECIFIED., .F., .F., .T. ) 
 B_SPLINE_SURFACE_WITH_KNOTS ( ( 4, 4 ),
 ( 4, 4 ),
 ( 0.01798541259072999887, 0.3964385745401780015 ),
 ( 0.03569738659792749680, 0.9643026134008469974 ),
 .UNSPECIFIED. ) 
 GEOMETRIC_REPRESENTATION_ITEM ( )  RATIONAL_B_SPLINE_SURFACE ( (
 ( 1.797663570342509898, 1.436941813098959964, 1.436941813098489895, 1.797663570341089923),
 ( 1.472870571082250057, 1.177322244154950015, 1.177322244154560105, 1.472870571081080104),
 ( 1.275582984272009890, 1.019622668233250096, 1.019622668232909923, 1.275582984270990039),
 ( 1.205800809911790061, 0.9638430853338669779, 0.9638430853335470117, 1.205800809910829940) ) ) 
 REPRESENTATION_ITEM ( '' )  SURFACE ( )  );
#826 = CARTESIAN_POINT ( 'NONE',  ( -0.3178191562912211499, 0.1000000000000000056, -0.6454950493460914762 ) ) ;
#827 = DIRECTION ( 'NONE',  ( 1.000000000000000000, -0.000000000000000000, 0.000000000000000000 ) ) ;
#828 = ORIENTED_EDGE ( 'NONE', *, *, #4444, .T. ) ;
#829 = LINE ( 'NONE', #2944, #2150 ) ;
#830 = CARTESIAN_POINT ( 'NONE',  ( -0.4239999999999120028, 0.1010000000000000064, -2.049999999999979838 ) ) ;
#831 = VECTOR ( 'NONE', #5072, 1000.000000000000000 ) ;
#832 = EDGE_LOOP ( 'NONE', ( #1935, #1938, #4926, #4786 ) ) ;
#833 = CARTESIAN_POINT ( 'NONE',  ( 8.815170815523739144E-14, 0.2000000000000000389, 0.6300000000000199885 ) ) ;
#834 = SURFACE_SIDE_STYLE ('',( #892 ) ) ;
#835 = ORIENTED_EDGE ( 'NONE', *, *, #1885, .T. ) ;
#836 = CARTESIAN_POINT ( 'NONE',  ( -0.4467520212877759689, 0.6349992136593851644, 0.6585843472164649715 ) ) ;
#837 = COLOUR_RGB ( '',1.000000000000000000, 1.000000000000000000, 1.000000000000000000 ) ;
#838 = ORIENTED_EDGE ( 'NONE', *, *, #3671, .T. ) ;
#839 = CARTESIAN_POINT ( 'NONE',  ( 0.3522938510195062212, 1.084999999999999964, -1.614808458937980529 ) ) ;
#840 = CARTESIAN_POINT ( 'NONE',  ( -0.7512489600657451527, 1.037687278629896293, 0.1750000000005928757 ) ) ;
#841 = ORIENTED_EDGE ( 'NONE', *, *, #3771, .T. ) ;
#842 = CARTESIAN_POINT ( 'NONE',  ( 0.8951833846989879495, 1.109999999999999876, 1.500000000000019984 ) ) ;
#843 = CARTESIAN_POINT ( 'NONE',  ( 0.6789745355616372269, 0.6850000000000000533, -0.2719472580674575646 ) ) ;
#844 = VECTOR ( 'NONE', #2457, 1000.000000000000000 ) ;
#845 = ORIENTED_EDGE ( 'NONE', *, *, #4625, .T. ) ;
#846 = CARTESIAN_POINT ( 'NONE',  ( 0.7512489600660243738, 1.035000000000170006, 0.1750000000000285771 ) ) ;
#847 = STYLED_ITEM ( 'NONE', ( #3233 ), #2529 ) ;
#848 = CARTESIAN_POINT ( 'NONE',  ( -0.7137262903220469301, 1.093499357084900092, 0.1282225318969719974 ) ) ;
#849 = VERTEX_POINT ( 'NONE', #4127 ) ;
#850 = CARTESIAN_POINT ( 'NONE',  ( 0.2750000000000880074, 1.045419222028862949, -0.7982038609142150243 ) ) ;
#851 = CARTESIAN_POINT ( 'NONE',  ( 0.3175000000001067524, 0.1770000000000000462, -0.09999999999872170864 ) ) ;
#852 = CARTESIAN_POINT ( 'NONE',  ( -0.8749999999999109601, -0.005080000000000000314, 1.112700000000020006 ) ) ;
#853 = CARTESIAN_POINT ( 'NONE',  ( -1.349999999999910161, 0.02031999999977613519, 1.900000000000019895 ) ) ;
#854 = CARTESIAN_POINT ( 'NONE',  ( 8.510987054011209807E-14, 1.085000000000000187, 1.500000000000019984 ) ) ;
#855 = EDGE_CURVE ( 'NONE', #5044, #4057, #3948, .T. ) ;
#856 = FACE_OUTER_BOUND ( 'NONE', #3064, .T. ) ;
#857 = CARTESIAN_POINT ( 'NONE',  ( -0.7499999999999119593, 0.3175000000000000044, 1.998404832457070790E-14 ) ) ;
#858 = EDGE_CURVE ( 'NONE', #4239, #2252, #1698, .T. ) ;
#859 = ORIENTED_EDGE ( 'NONE', *, *, #4791, .F. ) ;
#860 = CARTESIAN_POINT ( 'NONE',  ( -0.8042853970784714646, 1.084999999999950449, -0.3749999999901441061 ) ) ;
#861 = CARTESIAN_POINT ( 'NONE',  ( -0.4714078311715270697, 1.135000000000000453, -0.8075620779688362783 ) ) ;
#862 =( BOUNDED_SURFACE ( )  B_SPLINE_SURFACE ( 3, 3, ( 
 ( #175, #1468, #1852, #4311 ),
 ( #3111, #567, #4367, #5137 ),
 ( #3516, #5160, #1437, #4754 ),
 ( #3463, #622, #544, #3946 ) ),
 .UNSPECIFIED., .F., .F., .F. ) 
 B_SPLINE_SURFACE_WITH_KNOTS ( ( 4, 4 ),
 ( 4, 4 ),
 ( 0.04733736314600960060, 0.7412265950784859836 ),
 ( -0.0009999999998622829261, 0.05099999999986069843 ),
 .UNSPECIFIED. ) 
 GEOMETRIC_REPRESENTATION_ITEM ( )  RATIONAL_B_SPLINE_SURFACE ( (
 ( 1.396964712663119945, 1.396964712663119945, 1.396964712663119945, 1.396964712663119945),
 ( 0.9912916762069640120, 0.9912916762069640120, 0.9912916762069640120, 0.9912916762069640120),
 ( 0.8965479376034559689, 0.8965479376034549697, 0.8965479376034549697, 0.8965479376034549697),
 ( 1.112733496852589932, 1.112733496852589932, 1.112733496852589932, 1.112733496852589932) ) ) 
 REPRESENTATION_ITEM ( '' )  SURFACE ( )  );
#863 = ORIENTED_EDGE ( 'NONE', *, *, #4519, .T. ) ;
#864 = CARTESIAN_POINT ( 'NONE',  ( 0.8750000000000891509, 0.6096000000000000307, 1.912700000000020273 ) ) ;
#865 = CARTESIAN_POINT ( 'NONE',  ( -0.7443326025045680083, 1.084947405771199858, 0.4320905500084059603 ) ) ;
#866 = ORIENTED_EDGE ( 'NONE', *, *, #1090, .F. ) ;
#867 = SURFACE_STYLE_FILL_AREA ( #1328 ) ;
#868 = ORIENTED_EDGE ( 'NONE', *, *, #5073, .T. ) ;
#869 = CARTESIAN_POINT ( 'NONE',  ( 0.4190000000000880243, -0.001000000000000019970, -1.799999999999980060 ) ) ;
#870 = CARTESIAN_POINT ( 'NONE',  ( -0.7744803498081831439, 1.076757051614423366, 0.1750000000000199729 ) ) ;
#871 = VERTEX_POINT ( 'NONE', #5003 ) ;
#872 = CARTESIAN_POINT ( 'NONE',  ( -0.2749999999999130917, 1.135000000000130349, -0.9042853971072788433 ) ) ;
#873 = CARTESIAN_POINT ( 'NONE',  ( 0.6169461681802107522, 0.6850000000000000533, -0.4444973932746701384 ) ) ;
#874 = ORIENTED_EDGE ( 'NONE', *, *, #5312, .T. ) ;
#875 = CARTESIAN_POINT ( 'NONE',  ( 8.817204817975766052E-14, 0.7350000000000002087, -0.8999999999999570566 ) ) ;
#876 = CARTESIAN_POINT ( 'NONE',  ( -0.7538963950090219468, 1.135673141037599976, 0.1410674041154900138 ) ) ;
#877 = ORIENTED_EDGE ( 'NONE', *, *, #2939, .F. ) ;
#878 = CARTESIAN_POINT ( 'NONE',  ( -0.7475516183031587492, 1.135000000000000009, 0.3115609493655877027 ) ) ;
#879 = CARTESIAN_POINT ( 'NONE',  ( -3.743250153179498092E-11, 0.1770000000000000184, -0.4174999999999854383 ) ) ;
#880 = CARTESIAN_POINT ( 'NONE',  ( -0.3999999999999588884, -0.01778000000000000413, 1.312700000000160960 ) ) ;
#881 = CARTESIAN_POINT ( 'NONE',  ( 0.7918191288892948432, 1.135000000000177423, 0.1750000000000200284 ) ) ;
#882 = PLANE ( 'NONE',  #508 ) ;
#883 = CARTESIAN_POINT ( 'NONE',  ( 0.6977642868476362503, 1.034999999999999920, -0.3750000000000449085 ) ) ;
#884 = CARTESIAN_POINT ( 'NONE',  ( -0.6789728353053198218, 0.6350000000000002309, -0.2719485398522221153 ) ) ;
#885 = VERTEX_POINT ( 'NONE', #3335 ) ;
#886 = EDGE_CURVE ( 'NONE', #399, #2316, #2519, .T. ) ;
#887 = CARTESIAN_POINT ( 'NONE',  ( -0.3775318359205684926, 1.135000000000000231, -0.8636370186465919252 ) ) ;
#888 = VERTEX_POINT ( 'NONE', #3366 ) ;
#889 = LINE ( 'NONE', #5336, #2864 ) ;
#890 = ORIENTED_EDGE ( 'NONE', *, *, #4791, .T. ) ;
#891 = SURFACE_SIDE_STYLE ('',( #3430 ) ) ;
#892 = SURFACE_STYLE_FILL_AREA ( #480 ) ;
#893 = ORIENTED_EDGE ( 'NONE', *, *, #4409, .F. ) ;
#894 = EDGE_CURVE ( 'NONE', #2873, #3240, #2967, .T. ) ;
#895 = PLANE ( 'NONE',  #3775 ) ;
#896 = ORIENTED_EDGE ( 'NONE', *, *, #108, .T. ) ;
#897 = DIRECTION ( 'NONE',  ( -3.237552041734658537E-15, -1.000000000000000000, 4.018004211092833016E-16 ) ) ;
#898 = FACE_OUTER_BOUND ( 'NONE', #729, .T. ) ;
#899 = CARTESIAN_POINT ( 'NONE',  ( 0.6693522684052689575, 1.135673141037540024, -0.6054644614438670081 ) ) ;
#900 = DIRECTION ( 'NONE',  ( -0.000000000000000000, -0.000000000000000000, -1.000000000000000000 ) ) ;
#901 = VECTOR ( 'NONE', #2109, 1000.000000000000000 ) ;
#902 = EDGE_LOOP ( 'NONE', ( #5310, #3237, #1526, #1012 ) ) ;
#903 = FACE_OUTER_BOUND ( 'NONE', #5129, .T. ) ;
#904 = CARTESIAN_POINT ( 'NONE',  ( 0.2245762580942600173, 1.032648626225250332, 0.6678893277445999699 ) ) ;
#905 = VERTEX_POINT ( 'NONE', #880 ) ;
#906 = FILL_AREA_STYLE_COLOUR ( '', #1356 ) ;
#907 = PRESENTATION_LAYER_ASSIGNMENT (  '', '', ( #1782 ) ) ;
#908 = CARTESIAN_POINT ( 'NONE',  ( 0.7306430134142299915, 0.2009999999999990405, 0.3292928019108130044 ) ) ;
#909 = VECTOR ( 'NONE', #2338, 1000.000000000000000 ) ;
#910 = CARTESIAN_POINT ( 'NONE',  ( -0.5513679328558016568, 1.084999999999999742, 0.5477229692437344255 ) ) ;
#911 = CARTESIAN_POINT ( 'NONE',  ( 0.9722938510195880957, 1.109999999999999876, -1.614808458937980085 ) ) ;
#912 = CARTESIAN_POINT ( 'NONE',  ( -0.5313912834245522188, 0.6350000000000001199, 0.3582252520741263102 ) ) ;
#913 = CARTESIAN_POINT ( 'NONE',  ( 0.1849850302617569997, 0.7597945045706939737, 0.2174990291341609983 ) ) ;
#914 = CARTESIAN_POINT ( 'NONE',  ( 8.798300629719868482E-14, 0.1000000000000000056, -1.049999999999980060 ) ) ;
#915 = VERTEX_POINT ( 'NONE', #1252 ) ;
#916 = CARTESIAN_POINT ( 'NONE',  ( -0.6999366173813208469, 0.6849999999999999423, -0.1877366324914362394 ) ) ;
#917 = EDGE_CURVE ( 'NONE', #207, #1966, #2548, .T. ) ;
#918 = LINE ( 'NONE', #3811, #4689 ) ;
#919 = CARTESIAN_POINT ( 'NONE',  ( -0.4410542485383780464, 0.7340000000000000968, -0.8506606302199920533 ) ) ;
#920 = ORIENTED_EDGE ( 'NONE', *, *, #1446, .T. ) ;
#921 = CARTESIAN_POINT ( 'NONE',  ( -1.295183384698910034, 1.084999999999999964, 1.150000000000019895 ) ) ;
#922 = VECTOR ( 'NONE', #4024, 1000.000000000000000 ) ;
#923 = CARTESIAN_POINT ( 'NONE',  ( 0.7585785483669870155, 0.6349992136593850534, 0.3419719835859130197 ) ) ;
#924 = DIRECTION ( 'NONE',  ( 0.000000000000000000, 1.000000000000000000, 0.000000000000000000 ) ) ;
#925 = EDGE_CURVE ( 'NONE', #3150, #849, #3770, .T. ) ;
#926 = CARTESIAN_POINT ( 'NONE',  ( 0.8107018134709139678, 1.134993507399409962, -0.3592316172073539149 ) ) ;
#927 = AXIS2_PLACEMENT_3D ( 'NONE', #3661, #329, #2883 ) ;
#928 = CARTESIAN_POINT ( 'NONE',  ( 1.350000000000089795, -0.01778000000000000413, 1.874599999999998490 ) ) ;
#929 = EDGE_CURVE ( 'NONE', #4544, #2603, #2023, .T. ) ;
#930 = LINE ( 'NONE', #2600, #5299 ) ;
#931 = EDGE_CURVE ( 'NONE', #1077, #3407, #1164, .T. ) ;
#932 = CARTESIAN_POINT ( 'NONE',  ( -0.2749999999999119815, 1.066448576536730419, -0.8032150559475861318 ) ) ;
#933 = VERTEX_POINT ( 'NONE', #4066 ) ;
#934 = CIRCLE ( 'NONE', #4248, 0.02539999999970062039 ) ;
#935 = CARTESIAN_POINT ( 'NONE',  ( 1.811870264310040612, 0.04999999999997713218, 1.850000000000231015 ) ) ;
#936 = CARTESIAN_POINT ( 'NONE',  ( 0.7169912149407884350, 1.093362294460686002, 0.1750000000000198896 ) ) ;
#937 = CARTESIAN_POINT ( 'NONE',  ( -0.3775318359204910545, 1.085000000000000409, 0.6636370186464426446 ) ) ;
#938 = PRESENTATION_LAYER_ASSIGNMENT (  '', '', ( #847 ) ) ;
#939 = CARTESIAN_POINT ( 'NONE',  ( -0.7499999999999118483, 0.8849999999999997868, -0.1924412009395011502 ) ) ;
#940 = CARTESIAN_POINT ( 'NONE',  ( -0.3499623162207037286, 0.6350000000000000089, 0.5139810347630923149 ) ) ;
#941 = B_SPLINE_CURVE_WITH_KNOTS ( 'NONE', 3,
 ( #1756, #5083, #4676, #932, #4123, #5027, #2544, #5403, #3305, #4648, #4972, #2237, #5139, #1386, #3063, #1470 ),
 .UNSPECIFIED., .F., .F.,
 ( 4, 3, 3, 3, 3, 4 ),
 ( 4.470280076681872512E-19, 3.191745368866278921E-05, 6.376876461009705580E-05, 9.662558674252230240E-05, 0.0001316477528769240070, 0.0001612517886006372162 ),
 .UNSPECIFIED. ) ;
#942 = EDGE_CURVE ( 'NONE', #1615, #4423, #5381, .T. ) ;
#943 = VECTOR ( 'NONE', #3669, 1000.000000000000000 ) ;
#944 = DIRECTION ( 'NONE',  ( 0.000000000000000000, 1.000000000000000000, 0.000000000000000000 ) ) ;
#945 = ORIENTED_EDGE ( 'NONE', *, *, #4247, .F. ) ;
#946 = FACE_OUTER_BOUND ( 'NONE', #2865, .T. ) ;
#947 = CIRCLE ( 'NONE', #4265, 0.02539999999970062039 ) ;
#948 = LINE ( 'NONE', #586, #228 ) ;
#949 = CARTESIAN_POINT ( 'NONE',  ( -0.7499999999999118483, 0.7339999999999989866, 0.3375404864067699795 ) ) ;
#950 = ORIENTED_EDGE ( 'NONE', *, *, #3339, .T. ) ;
#951 = CARTESIAN_POINT ( 'NONE',  ( -1.349999999999909939, 0.6096000000002231856, 1.900000000000019895 ) ) ;
#952 = MECHANICAL_DESIGN_GEOMETRIC_PRESENTATION_REPRESENTATION (  '', ( #1737 ), #3998 ) ;
#953 = CARTESIAN_POINT ( 'NONE',  ( -0.8749999999999109601, 0.02032000000000007758, 1.912700000000020051 ) ) ;
#954 = ORIENTED_EDGE ( 'NONE', *, *, #690, .F. ) ;
#955 = B_SPLINE_CURVE_WITH_KNOTS ( 'NONE', 3,
 ( #1813, #4659, #2144, #3021, #4604, #446, #5095, #1396, #557, #107, #3476, #1789, #4713, #2116, #861, #2219, #5147, #2528, #887, #3402, #4275 ),
 .UNSPECIFIED., .F., .F.,
 ( 4, 1, 2, 2, 1, 1, 2, 2, 1, 1, 2, 2, 4 ),
 ( 0.000000000000000000, 0.1250000000000001665, 0.1875000000000001665, 0.2500000000000001665, 0.3750000000000001665, 0.4375000000000001110, 0.4687500000000001110, 0.5000000000000001110, 0.6250000000000001110, 0.6875000000000002220, 0.7187500000000002220, 0.7500000000000001110, 1.000000000000000000 ),
 .UNSPECIFIED. ) ;
#956 = CARTESIAN_POINT ( 'NONE',  ( 0.5714999999452690105, 0.6849984649512630419, -0.09999999999904256309 ) ) ;
#957 = CARTESIAN_POINT ( 'NONE',  ( 0.6115206118053311268, 0.6850000000000000533, 0.2416909888709994347 ) ) ;
#958 = CARTESIAN_POINT ( 'NONE',  ( 0.4704578651077480633, 1.036000000000000032, 0.7007046722347819445 ) ) ;
#959 = FACE_OUTER_BOUND ( 'NONE', #4934, .T. ) ;
#960 = VERTEX_POINT ( 'NONE', #4835 ) ;
#961 = LINE ( 'NONE', #100, #46 ) ;
#962 = LINE ( 'NONE', #3551, #413 ) ;
#963 = CARTESIAN_POINT ( 'NONE',  ( -0.7512489600657492606, 0.8850000000000000089, 0.1750000000000268563 ) ) ;
#964 = DIRECTION ( 'NONE',  ( -0.000000000000000000, -1.000000000000000000, -0.000000000000000000 ) ) ;
#965 = CARTESIAN_POINT ( 'NONE',  ( -0.2810208696906024706, 0.6350000000000000089, -0.7414868459997863148 ) ) ;
#966 =( NAMED_UNIT ( * ) PLANE_ANGLE_UNIT ( ) SI_UNIT ( $, .RADIAN. ) );
#967 = DIRECTION ( 'NONE',  ( -1.000000000000000000, 0.000000000000000000, 0.000000000000000000 ) ) ;
#968 = CARTESIAN_POINT ( 'NONE',  ( -0.7499999999999118483, 0.3175000000000000044, -1.899999999999979927 ) ) ;
#969 = ORIENTED_EDGE ( 'NONE', *, *, #2614, .T. ) ;
#970 = CARTESIAN_POINT ( 'NONE',  ( 8.816599983943861394E-14, 0.6849999999999910605, -0.7999999999999830580 ) ) ;
#971 = LINE ( 'NONE', #1427, #2320 ) ;
#972 = VERTEX_POINT ( 'NONE', #4863 ) ;
#973 = ADVANCED_FACE ( 'NONE', ( #1528 ), #3195, .F. ) ;
#974 = CARTESIAN_POINT ( 'NONE',  ( -0.2749999999999119815, 0.8840000000000000080, 0.5967642868476199514 ) ) ;
#975 = VECTOR ( 'NONE', #2153, 1000.000000000000000 ) ;
#976 = CARTESIAN_POINT ( 'NONE',  ( 0.8000007863407021524, 0.6764214516331001903, 0.3661058965752380656 ) ) ;
#977 = CARTESIAN_POINT ( 'NONE',  ( 0.2750000000009103496, 1.083940803207375847, 0.6917936426255808513 ) ) ;
#978 = ORIENTED_EDGE ( 'NONE', *, *, #3357, .F. ) ;
#979 = DIRECTION ( 'NONE',  ( 0.000000000000000000, 0.000000000000000000, -1.000000000000000000 ) ) ;
#980 = CARTESIAN_POINT ( 'NONE',  ( -0.4259999999999120046, -0.001000000000000019970, -1.799999999999980060 ) ) ;
#981 = CARTESIAN_POINT ( 'NONE',  ( 0.8000000000000880851, 0.9353333333332720656, -0.09999999999998010480 ) ) ;
#982 = CARTESIAN_POINT ( 'NONE',  ( 1.250000000000089706, 1.134999999999999787, -0.3749999999999799605 ) ) ;
#983 = ORIENTED_EDGE ( 'NONE', *, *, #708, .F. ) ;
#984 = ADVANCED_FACE ( 'NONE', ( #5271 ), #267, .F. ) ;
#985 = CARTESIAN_POINT ( 'NONE',  ( 0.7987387276680774084, 0.6413500000000000867, 0.6407171218268491453 ) ) ;
#986 = VERTEX_POINT ( 'NONE', #1969 ) ;
#987 = CARTESIAN_POINT ( 'NONE',  ( -2.106275777884670131, 1.118666666666850107, 0.3129411384691559994 ) ) ;
#988 = UNCERTAINTY_MEASURE_WITH_UNIT (LENGTH_MEASURE( 1.000000000000000082E-05 ), #223, 'distance_accuracy_value', 'NONE');
#989 = CARTESIAN_POINT ( 'NONE',  ( 0.4250000000000879741, 0.04999999999999998890, -1.799999999999980060 ) ) ;
#990 = EDGE_CURVE ( 'NONE', #4770, #4745, #1199, .T. ) ;
#991 = CARTESIAN_POINT ( 'NONE',  ( 8.798300629719868482E-14, 0.000000000000000000, -2.049999999999979838 ) ) ;
#992 = CARTESIAN_POINT ( 'NONE',  ( -0.6940342898851382669, 0.6350000000000000089, -0.2086641973043341924 ) ) ;
#993 = CARTESIAN_POINT ( 'NONE',  ( -0.3175014562453220002, 0.7597945045706939737, 0.08698568969463900402 ) ) ;
#994 = ADVANCED_FACE ( 'NONE', ( #1606, #2380 ), #4938, .T. ) ;
#995 = CARTESIAN_POINT ( 'NONE',  ( 0.3174984271628240595, 0.6871048128362360341, -0.09900062559399751272 ) ) ;
#996 = DIRECTION ( 'NONE',  ( -1.000000000000000000, 0.000000000000000000, 0.000000000000000000 ) ) ;
#997 = ORIENTED_EDGE ( 'NONE', *, *, #452, .F. ) ;
#998 = CARTESIAN_POINT ( 'NONE',  ( -0.6331923902251661573, 0.6850000000000001643, -0.3994422063855931349 ) ) ;
#999 = CARTESIAN_POINT ( 'NONE',  ( -1.349999999999909939, 0.6095999999995758145, 1.874600000000010480 ) ) ;
#1000 = CARTESIAN_POINT ( 'NONE',  ( -0.7499999999999118483, 0.8346666666666350265, -0.5375404864067300226 ) ) ;
#1001 = CARTESIAN_POINT ( 'NONE',  ( -0.2750000000007341572, 1.081896843916234419, -0.8859371315354834797 ) ) ;
#1002 = CARTESIAN_POINT ( 'NONE',  ( 0.7741041160580650615, 1.064140335611930333, -0.2963168381297039966 ) ) ;
#1003 = ORIENTED_EDGE ( 'NONE', *, *, #2850, .F. ) ;
#1004 = CARTESIAN_POINT ( 'NONE',  ( -0.7499999999999288347, 0.7350000000000092015, -0.09999999999998006317 ) ) ;
#1005 =( BOUNDED_CURVE ( )  B_SPLINE_CURVE ( 3, ( #1588, #4735, #1366, #1809 ),
 .UNSPECIFIED., .F., .T. ) 
 B_SPLINE_CURVE_WITH_KNOTS ( ( 4, 4 ),
 ( 0.000000000000000000, 1.000000000000000000 ),
 .UNSPECIFIED. ) 
 CURVE ( )  GEOMETRIC_REPRESENTATION_ITEM ( )  RATIONAL_B_SPLINE_CURVE ( ( 1.041743049354969530, 0.9815976620601105651, 0.9864475434760220374, 1.056292693602703281 ) ) 
 REPRESENTATION_ITEM ( '' )  );
#1006 = DIRECTION ( 'NONE',  ( -0.000000000000000000, 1.000000000000000000, -0.000000000000000000 ) ) ;
#1007 = CARTESIAN_POINT ( 'NONE',  ( -0.7475516182363893813, 1.085000000000000187, -0.5115609493287478493 ) ) ;
#1008 = VECTOR ( 'NONE', #3526, 1000.000000000000000 ) ;
#1009 = CARTESIAN_POINT ( 'NONE',  ( -0.001196751274677779892, 0.8346666666666350265, -0.8999991048659591319 ) ) ;
#1010 = AXIS2_PLACEMENT_3D ( 'NONE', #3854, #4292, #4240 ) ;
#1011 = CARTESIAN_POINT ( 'NONE',  ( 0.7917936426674171413, 1.083940803216875137, -0.3750000000008024692 ) ) ;
#1012 = ORIENTED_EDGE ( 'NONE', *, *, #5350, .F. ) ;
#1013 = CARTESIAN_POINT ( 'NONE',  ( 0.5715009707867011457, 0.7597945045706789857, -0.1000074180165729937 ) ) ;
#1014 = EDGE_LOOP ( 'NONE', ( #4677, #1148, #2848, #4489 ) ) ;
#1015 = CARTESIAN_POINT ( 'NONE',  ( -0.7505045132893249926, 0.7057692263101749131, -0.5430720452947340737 ) ) ;
#1016 = AXIS2_PLACEMENT_3D ( 'NONE', #2432, #1188, #5296 ) ;
#1017 = CYLINDRICAL_SURFACE ( 'NONE', #4610, 0.04999999999986688010 ) ;
#1018 = LINE ( 'NONE', #2247, #3532 ) ;
#1019 = CARTESIAN_POINT ( 'NONE',  ( -0.01134385955852140054, 0.7057692263101760233, 0.6504187772957890079 ) ) ;
#1020 = VECTOR ( 'NONE', #278, 1000.000000000000000 ) ;
#1021 = CARTESIAN_POINT ( 'NONE',  ( 5.350364595813059312E-11, 0.7597945045706939737, 0.2174990291652890151 ) ) ;
#1022 = CARTESIAN_POINT ( 'NONE',  ( -0.4590185539417199201, 1.034999999999999698, 0.5252396488174427835 ) ) ;
#1023 =( NAMED_UNIT ( * ) SI_UNIT ( $, .STERADIAN. ) SOLID_ANGLE_UNIT ( ) );
#1024 = EDGE_CURVE ( 'NONE', #2553, #4669, #1875, .T. ) ;
#1025 = CIRCLE ( 'NONE', #4157, 0.02539999999967644181 ) ;
#1026 = ORIENTED_EDGE ( 'NONE', *, *, #261, .T. ) ;
#1027 = CARTESIAN_POINT ( 'NONE',  ( 0.7500000000001050271, 0.7350000000000035394, 0.3369688917004384776 ) ) ;
#1028 = CARTESIAN_POINT ( 'NONE',  ( 0.001121954320181250096, 0.9353333333332719546, -0.8499991608118390163 ) ) ;
#1029 = EDGE_CURVE ( 'NONE', #3577, #2505, #535, .T. ) ;
#1030 = VECTOR ( 'NONE', #2009, 1000.000000000000000 ) ;
#1031 = ORIENTED_EDGE ( 'NONE', *, *, #5189, .F. ) ;
#1032 = CARTESIAN_POINT ( 'NONE',  ( -0.4253163879211222520, 0.1000000000000000194, 0.6300000000000200995 ) ) ;
#1033 = AXIS2_PLACEMENT_3D ( 'NONE', #3024, #4688, #4717 ) ;
#1034 = DIRECTION ( 'NONE',  ( -4.268512490149963207E-15, 1.000000000000000000, 0.000000000000000000 ) ) ;
#1035 = EDGE_LOOP ( 'NONE', ( #444, #3718, #1568, #4850 ) ) ;
#1036 = CARTESIAN_POINT ( 'NONE',  ( 8.668980248502740918E-14, 0.7350000000000030953, -0.8499999999999866551 ) ) ;
#1037 = CARTESIAN_POINT ( 'NONE',  ( 6.455201490396715429E-11, 0.09999999999999999167, 0.4454950493836422054 ) ) ;
#1038 = CARTESIAN_POINT ( 'NONE',  ( 0.09238598621527976951, 0.8850000000000000089, -0.8999999999998816724 ) ) ;
#1039 = VECTOR ( 'NONE', #1355, 1000.000000000000000 ) ;
#1040 = DIRECTION ( 'NONE',  ( -1.000000000000000000, -0.000000000000000000, -0.000000000000000000 ) ) ;
#1041 = LINE ( 'NONE', #4368, #3000 ) ;
#1042 = VERTEX_POINT ( 'NONE', #951 ) ;
#1043 = CARTESIAN_POINT ( 'NONE',  ( 8.798300629719868482E-14, 6.998620314600497230E-14, -1.150000000000050093 ) ) ;
#1044 = ORIENTED_EDGE ( 'NONE', *, *, #5338, .T. ) ;
#1045 = EDGE_CURVE ( 'NONE', #5291, #4842, #3130, .T. ) ;
#1046 = FACE_OUTER_BOUND ( 'NONE', #3238, .T. ) ;
#1047 = LINE ( 'NONE', #1865, #3358 ) ;
#1048 = CARTESIAN_POINT ( 'NONE',  ( 0.6991495152711549865, 0.6850072337659980359, -0.5127538212131861339 ) ) ;
#1049 = CARTESIAN_POINT ( 'NONE',  ( 0.7159666952829067954, 1.135000000000000009, 0.3583565452698412312 ) ) ;
#1050 = ORIENTED_EDGE ( 'NONE', *, *, #2659, .F. ) ;
#1051 = CARTESIAN_POINT ( 'NONE',  ( 0.4590185539418958904, 1.034999999999999254, 0.5252396488174427835 ) ) ;
#1052 = PRESENTATION_STYLE_ASSIGNMENT (( #5204 ) ) ;
#1053 = CARTESIAN_POINT ( 'NONE',  ( -0.7299999999999120526, 0.1000000000000000194, -1.074999999999975309 ) ) ;
#1054 = EDGE_CURVE ( 'NONE', #4517, #4526, #1587, .T. ) ;
#1055 = VERTEX_POINT ( 'NONE', #5154 ) ;
#1056 = CARTESIAN_POINT ( 'NONE',  ( -0.8749999999999109601, 0.6096000000000000307, 1.912700000000020273 ) ) ;
#1057 = ORIENTED_EDGE ( 'NONE', *, *, #505, .F. ) ;
#1058 = CARTESIAN_POINT ( 'NONE',  ( -0.2750000000267378564, 1.054166816720635502, 0.6549536877110143651 ) ) ;
#1059 = CARTESIAN_POINT ( 'NONE',  ( -0.2749999999999117595, 1.118418147301178056, 0.6443949167450746529 ) ) ;
#1060 = CARTESIAN_POINT ( 'NONE',  ( 0.3180883206428299914, 0.1748951871637630107, 0.08640811885678272020 ) ) ;
#1061 = CARTESIAN_POINT ( 'NONE',  ( 0.4704578651077480078, 0.9353333333332720656, 0.7007046722347819445 ) ) ;
#1062 = EDGE_CURVE ( 'NONE', #2761, #450, #92, .T. ) ;
#1063 = ORIENTED_EDGE ( 'NONE', *, *, #1469, .T. ) ;
#1064 = CARTESIAN_POINT ( 'NONE',  ( 0.7500000000000881517, 0.9353333333332720656, -0.09999999999998010480 ) ) ;
#1065 = ORIENTED_EDGE ( 'NONE', *, *, #9, .F. ) ;
#1066 =( BOUNDED_SURFACE ( )  B_SPLINE_SURFACE ( 3, 3, ( 
 ( #205, #5218, #1359, #3137 ),
 ( #4700, #3899, #1061, #958 ),
 ( #2737, #4724, #4390, #2624 ),
 ( #2187, #3850, #981, #3871 ),
 ( #1409, #4287, #97, #122 ),
 ( #149, #2652, #1828, #3085 ),
 ( #1777, #1009, #4079, #3668 ) ),
 .UNSPECIFIED., .F., .F., .T. ) 
 B_SPLINE_SURFACE_WITH_KNOTS ( ( 4, 3, 4 ),
 ( 4, 4 ),
 ( 0.04153217745765429986, 1.000000000000000000, 1.958467822542349968 ),
 ( 0.1239999999999999991, 0.4259999999999060094 ),
 .UNSPECIFIED. ) 
 GEOMETRIC_REPRESENTATION_ITEM ( )  RATIONAL_B_SPLINE_SURFACE ( (
 ( 1.157445070597149961, 1.157445070597149961, 1.157445070597149961, 1.157445070597149961),
 ( 0.9380097739191809447, 0.9380097739191809447, 0.9380097739191809447, 0.9380097739191799455),
 ( 0.9479489945514639748, 0.9479489945514639748, 0.9479489945514639748, 0.9479489945514639748),
 ( 1.187262732493999939, 1.187262732493999939, 1.187262732493999939, 1.187262732493999939),
 ( 0.9479489945514639748, 0.9479489945514639748, 0.9479489945514639748, 0.9479489945514639748),
 ( 0.9380097739191799455, 0.9380097739191799455, 0.9380097739191799455, 0.9380097739191799455),
 ( 1.157445070597149961, 1.157445070597149961, 1.157445070597149961, 1.157445070597149961) ) ) 
 REPRESENTATION_ITEM ( '' )  SURFACE ( )  );
#1067 = CARTESIAN_POINT ( 'NONE',  ( -0.7292307736897450932, 0.6844954867105910168, 0.3305127613083759797 ) ) ;
#1068 = DIRECTION ( 'NONE',  ( -1.000000000000000000, -0.000000000000000000, -0.000000000000000000 ) ) ;
#1069 = DIRECTION ( 'NONE',  ( -1.000000000000000000, 0.000000000000000000, -0.000000000000000000 ) ) ;
#1070 = CARTESIAN_POINT ( 'NONE',  ( 0.7499927662340899470, 0.7358504847289430995, -0.09999999999998009093 ) ) ;
#1071 = CARTESIAN_POINT ( 'NONE',  ( 0.7512489600659262301, 0.8850000000000000089, 0.1750000000000287159 ) ) ;
#1072 = CARTESIAN_POINT ( 'NONE',  ( -0.1854929580198459993, 0.3456317290546179755, -0.4174999999999799982 ) ) ;
#1073 = PRESENTATION_STYLE_ASSIGNMENT (( #1840 ) ) ;
#1074 = ORIENTED_EDGE ( 'NONE', *, *, #2714, .T. ) ;
#1075 = CIRCLE ( 'NONE', #4216, 0.03810000000043097662 ) ;
#1076 = CARTESIAN_POINT ( 'NONE',  ( 0.2635575734738450082, 1.134993514580979967, 0.7093051304221609232 ) ) ;
#1077 = VERTEX_POINT ( 'NONE', #2645 ) ;
#1078 = CARTESIAN_POINT ( 'NONE',  ( -0.7578316718986354283, 1.059087827261230075, -0.3750000000252643462 ) ) ;
#1079 = VECTOR ( 'NONE', #2812, 1000.000000000000000 ) ;
#1080 = VERTEX_POINT ( 'NONE', #2258 ) ;
#1081 = DIRECTION ( 'NONE',  ( 0.000000000000000000, 1.000000000000000000, -0.000000000000000000 ) ) ;
#1082 = CARTESIAN_POINT ( 'NONE',  ( -0.6982038609140314156, 1.045419222028684425, -0.3749999999999802380 ) ) ;
#1083 = LINE ( 'NONE', #2764, #315 ) ;
#1084 = EDGE_CURVE ( 'NONE', #1757, #2401, #817, .T. ) ;
#1085 = CARTESIAN_POINT ( 'NONE',  ( -0.3175014562445290234, 0.7597945045706939737, -0.2869856896504360266 ) ) ;
#1086 = EDGE_LOOP ( 'NONE', ( #4049, #997, #890, #1178, #686, #4695, #3492, #4410, #2007, #595, #4088, #4823, #2538, #3478, #3676 ) ) ;
#1087 = CARTESIAN_POINT ( 'NONE',  ( 8.941957417574197819E-14, 1.084999999999999964, -1.259999999999386278 ) ) ;
#1088 = EDGE_CURVE ( 'NONE', #1298, #5049, #4746, .T. ) ;
#1089 = VERTEX_POINT ( 'NONE', #4360 ) ;
#1090 = EDGE_CURVE ( 'NONE', #2505, #464, #1674, .T. ) ;
#1091 = VECTOR ( 'NONE', #272, 1000.000000000000000 ) ;
#1092 = LINE ( 'NONE', #327, #4215 ) ;
#1093 = DIRECTION ( 'NONE',  ( 0.000000000000000000, 0.000000000000000000, 1.000000000000000000 ) ) ;
#1094 = CARTESIAN_POINT ( 'NONE',  ( -0.01056762986925030047, 0.6850072337659979249, 0.5990696459600638457 ) ) ;
#1095 = CARTESIAN_POINT ( 'NONE',  ( -0.3174984271626539734, 0.1748951871637640099, -0.09900062559610049717 ) ) ;
#1096 =( GEOMETRIC_REPRESENTATION_CONTEXT ( 3 ) GLOBAL_UNCERTAINTY_ASSIGNED_CONTEXT ( ( #2355 ) ) GLOBAL_UNIT_ASSIGNED_CONTEXT ( ( #4249, #966, #1838 ) ) REPRESENTATION_CONTEXT ( 'NONE', 'WORKASPACE' ) );
#1097 = ORIENTED_EDGE ( 'NONE', *, *, #2939, .T. ) ;
#1098 =( NAMED_UNIT ( * ) PLANE_ANGLE_UNIT ( ) SI_UNIT ( $, .RADIAN. ) );
#1099 = FILL_AREA_STYLE_COLOUR ( '', #3281 ) ;
#1100 = CARTESIAN_POINT ( 'NONE',  ( -0.2322416407352910217, 1.033861122575800096, -0.8131434277053950499 ) ) ;
#1101 = ADVANCED_FACE ( 'NONE', ( #3433 ), #3509, .F. ) ;
#1102 = CIRCLE ( 'NONE', #4334, 0.5000000000004137801 ) ;
#1103 = ORIENTED_EDGE ( 'NONE', *, *, #1054, .F. ) ;
#1104 = CARTESIAN_POINT ( 'NONE',  ( -0.7917936426394298621, 1.083940803210520887, -0.3750000000016247559 ) ) ;
#1105 = VECTOR ( 'NONE', #3287, 1000.000000000000000 ) ;
#1106 = CARTESIAN_POINT ( 'NONE',  ( 0.5113906626683469847, 1.084947405771260032, -0.8386966373776529871 ) ) ;
#1107 = ORIENTED_EDGE ( 'NONE', *, *, #4560, .T. ) ;
#1108 = PLANE ( 'NONE',  #2601 ) ;
#1109 = PLANE ( 'NONE',  #3301 ) ;
#1110 = DIRECTION ( 'NONE',  ( 1.000000000000000000, 1.374056532156510714E-14, 5.367965283382788007E-16 ) ) ;
#1111 = ORIENTED_EDGE ( 'NONE', *, *, #2164, .T. ) ;
#1112 = CARTESIAN_POINT ( 'NONE',  ( 0.3175014562455041323, 0.7597945045706939737, -0.2869856896946179625 ) ) ;
#1113 = VERTEX_POINT ( 'NONE', #2668 ) ;
#1114 = AXIS2_PLACEMENT_3D ( 'NONE', #3984, #2214, #2630 ) ;
#1115 = CARTESIAN_POINT ( 'NONE',  ( 0.4410542485385600675, 0.7340000000000000968, -0.8506606302199869463 ) ) ;
#1116 = VERTEX_POINT ( 'NONE', #921 ) ;
#1117 = EDGE_CURVE ( 'NONE', #450, #666, #2754, .T. ) ;
#1118 = CARTESIAN_POINT ( 'NONE',  ( 0.4941451710809874887, 1.135000000000000009, -0.7926670434397008469 ) ) ;
#1119 = CARTESIAN_POINT ( 'NONE',  ( -0.6983728897629989385, 1.064136900068309854, -0.5974561308798268522 ) ) ;
#1120 = CARTESIAN_POINT ( 'NONE',  ( -0.3174999999999276734, 0.1770000000000000739, -0.1000000000007133238 ) ) ;
#1121 = CARTESIAN_POINT ( 'NONE',  ( -0.7999999999999120037, 0.9353333333332719546, -0.5667098521671939393 ) ) ;
#1122 = DIRECTION ( 'NONE',  ( 1.000000000000000000, 0.000000000000000000, 0.000000000000000000 ) ) ;
#1123 = CARTESIAN_POINT ( 'NONE',  ( 0.7268379807916509616, 1.135000000000000231, 0.3409392925884889292 ) ) ;
#1124 = CARTESIAN_POINT ( 'NONE',  ( -0.7635510552268152118, 1.127974012101721879, 0.1749999999994713840 ) ) ;
#1125 = DIRECTION ( 'NONE',  ( -0.000000000000000000, -0.000000000000000000, 1.000000000000000000 ) ) ;
#1126 = CARTESIAN_POINT ( 'NONE',  ( -0.2749999999999199751, 0.8850000000000000089, -0.8512489600658015299 ) ) ;
#1127 = ORIENTED_EDGE ( 'NONE', *, *, #1747, .T. ) ;
#1128 = CARTESIAN_POINT ( 'NONE',  ( -0.5454979985847329127, 0.1000038686905520002, -0.09998436881637733087 ) ) ;
#1129 = CARTESIAN_POINT ( 'NONE',  ( -0.2749999999999120925, 1.048649204839784410, 0.6529138651258552528 ) ) ;
#1130 = CARTESIAN_POINT ( 'NONE',  ( -0.7443949167447269089, 1.118418147301065035, -0.3749999999999800160 ) ) ;
#1131 = EDGE_CURVE ( 'NONE', #1986, #1667, #2591, .T. ) ;
#1132 = CARTESIAN_POINT ( 'NONE',  ( -2.104500969821421652, 1.085000000000000187, 0.3114282486431748653 ) ) ;
#1133 = ORIENTED_EDGE ( 'NONE', *, *, #3992, .T. ) ;
#1134 = CARTESIAN_POINT ( 'NONE',  ( 0.2158684380604770359, 0.8120000000000002771, -0.4705057616852019731 ) ) ;
#1135 = ORIENTED_EDGE ( 'NONE', *, *, #2227, .T. ) ;
#1136 = ORIENTED_EDGE ( 'NONE', *, *, #2804, .T. ) ;
#1137 = CARTESIAN_POINT ( 'NONE',  ( -1.349999999999909939, 0.3149600000000000732, 0.8413598162594201346 ) ) ;
#1138 = UNCERTAINTY_MEASURE_WITH_UNIT (LENGTH_MEASURE( 1.000000000000000082E-05 ), #3535, 'distance_accuracy_value', 'NONE');
#1139 = EDGE_CURVE ( 'NONE', #1236, #2585, #2461, .T. ) ;
#1140 = CARTESIAN_POINT ( 'NONE',  ( 1.800000000000089972, 0.6350000000000000089, 0.1500000000000200062 ) ) ;
#1141 = CARTESIAN_POINT ( 'NONE',  ( 0.5655537806769082021, 0.6350000000000000089, 0.3235362630493530678 ) ) ;
#1142 = CARTESIAN_POINT ( 'NONE',  ( 0.6172313738265214900, 1.135000000000000009, 0.4847903100989731651 ) ) ;
#1143 = DIRECTION ( 'NONE',  ( 1.000000000000000000, 0.000000000000000000, 0.000000000000000000 ) ) ;
#1144 = EDGE_CURVE ( 'NONE', #2925, #1713, #2392, .T. ) ;
#1145 = CARTESIAN_POINT ( 'NONE',  ( 0.6342638405391940459, 1.033861122575799874, 0.3789619266912720441 ) ) ;
#1146 = DIRECTION ( 'NONE',  ( 0.000000000000000000, 0.000000000000000000, 1.000000000000000000 ) ) ;
#1147 = EDGE_CURVE ( 'NONE', #3747, #1845, #1906, .T. ) ;
#1148 = ORIENTED_EDGE ( 'NONE', *, *, #568, .T. ) ;
#1149 = CARTESIAN_POINT ( 'NONE',  ( -0.3174999999627540204, 0.1770048647585190094, -0.09999090207329809632 ) ) ;
#1150 = DIRECTION ( 'NONE',  ( 0.000000000000000000, 1.000000000000000000, 0.000000000000000000 ) ) ;
#1151 = EDGE_CURVE ( 'NONE', #905, #1309, #2759, .T. ) ;
#1152 = VERTEX_POINT ( 'NONE', #4001 ) ;
#1153 = FILL_AREA_STYLE ('',( #4083 ) ) ;
#1154 = CARTESIAN_POINT ( 'NONE',  ( -0.7050648776893647662, 1.072940778105725190, -0.3749999999999796829 ) ) ;
#1155 = CARTESIAN_POINT ( 'NONE',  ( -0.3180883206429189758, 0.3456317290546179755, 0.08640811885652020796 ) ) ;
#1156 = EDGE_LOOP ( 'NONE', ( #4314, #2972, #5259, #3936 ) ) ;
#1157 = VECTOR ( 'NONE', #944, 1000.000000000000000 ) ;
#1158 = EDGE_LOOP ( 'NONE', ( #2615, #1459, #1277, #3129, #229, #3756, #2037, #1803 ) ) ;
#1159 = AXIS2_PLACEMENT_3D ( 'NONE', #635, #996, #3560 ) ;
#1160 = CARTESIAN_POINT ( 'NONE',  ( 0.5715053395999279973, 0.7597945045706780975, -0.4365758423691000756 ) ) ;
#1161 = VERTEX_POINT ( 'NONE', #1545 ) ;
#1162 = CARTESIAN_POINT ( 'NONE',  ( -0.001121954320004949933, 0.9353333333332719546, -0.8499991608118390163 ) ) ;
#1163 = ORIENTED_EDGE ( 'NONE', *, *, #4460, .T. ) ;
#1164 = LINE ( 'NONE', #326, #1515 ) ;
#1165 = DIRECTION ( 'NONE',  ( -1.000000000000000000, 0.000000000000000000, 0.000000000000000000 ) ) ;
#1166 = CARTESIAN_POINT ( 'NONE',  ( 0.2750000000000674683, 1.135000000000130349, -0.9042853971072157826 ) ) ;
#1167 =( BOUNDED_CURVE ( )  B_SPLINE_CURVE ( 3, ( #3084, #121, #4806, #1435 ),
 .UNSPECIFIED., .F., .F. ) 
 B_SPLINE_CURVE_WITH_KNOTS ( ( 4, 4 ),
 ( 6.447129612864635052E-18, 0.003196985723803410714 ),
 .UNSPECIFIED. ) 
 CURVE ( )  GEOMETRIC_REPRESENTATION_ITEM ( )  RATIONAL_B_SPLINE_CURVE ( ( 1.395212740209769375, 0.9916025867296928142, 0.8971319284219224643, 1.111800765286455217 ) ) 
 REPRESENTATION_ITEM ( '' )  );
#1168 = VECTOR ( 'NONE', #1504, 1000.000000000000000 ) ;
#1169 = PRESENTATION_STYLE_ASSIGNMENT (( #1697 ) ) ;
#1170 = CARTESIAN_POINT ( 'NONE',  ( 0.7500000000000830447, 0.09999999999999711897, 1.934987833344827419E-14 ) ) ;
#1171 = STYLED_ITEM ( 'NONE', ( #465 ), #4301 ) ;
#1172 = PLANE ( 'NONE',  #1555 ) ;
#1173 = SURFACE_STYLE_USAGE ( .BOTH. , #796 ) ;
#1174 = ORIENTED_EDGE ( 'NONE', *, *, #1538, .F. ) ;
#1175 = AXIS2_PLACEMENT_3D ( 'NONE', #4918, #3686, #2518 ) ;
#1176 = CARTESIAN_POINT ( 'NONE',  ( 0.7300000000000880229, 0.1000000000000000194, -1.049999999999980060 ) ) ;
#1177 = CARTESIAN_POINT ( 'NONE',  ( 0.6219175541426270604, 1.084999999999999964, 0.4804998238815859635 ) ) ;
#1178 = ORIENTED_EDGE ( 'NONE', *, *, #3256, .T. ) ;
#1179 = EDGE_CURVE ( 'NONE', #517, #1377, #742, .T. ) ;
#1180 = CARTESIAN_POINT ( 'NONE',  ( 0.7987387276679885906, 0.6350000000000001199, 0.6407171218268002955 ) ) ;
#1181 = VECTOR ( 'NONE', #3623, 1000.000000000000000 ) ;
#1182 = CARTESIAN_POINT ( 'NONE',  ( 0.2750000000001978084, 1.035000000000008580, -0.8512489600657763278 ) ) ;
#1183 = VERTEX_POINT ( 'NONE', #4439 ) ;
#1184 = MECHANICAL_DESIGN_GEOMETRIC_PRESENTATION_REPRESENTATION (  '', ( #3036 ), #1364 ) ;
#1185 = DIRECTION ( 'NONE',  ( -0.000000000000000000, -1.000000000000000000, -0.000000000000000000 ) ) ;
#1186 = EDGE_LOOP ( 'NONE', ( #3185, #3306, #3531, #797, #2371, #3132, #3288, #3928, #1916, #604, #1968, #3511 ) ) ;
#1187 = VECTOR ( 'NONE', #597, 1000.000000000000000 ) ;
#1188 = DIRECTION ( 'NONE',  ( 0.000000000000000000, 0.000000000000000000, 1.000000000000000000 ) ) ;
#1189 = ORIENTED_EDGE ( 'NONE', *, *, #2256, .F. ) ;
#1190 = VECTOR ( 'NONE', #2418, 1000.000000000000000 ) ;
#1191 = SURFACE_STYLE_FILL_AREA ( #3223 ) ;
#1192 = FACE_OUTER_BOUND ( 'NONE', #4687, .T. ) ;
#1193 = VECTOR ( 'NONE', #4304, 1000.000000000000000 ) ;
#1194 = ORIENTED_EDGE ( 'NONE', *, *, #4636, .F. ) ;
#1195 = CARTESIAN_POINT ( 'NONE',  ( 0.001196751274854080272, 0.9353333333332719546, -0.8999991048659591319 ) ) ;
#1196 = EDGE_CURVE ( 'NONE', #3666, #2458, #3667, .T. ) ;
#1197 = COLOUR_RGB ( '',1.000000000000000000, 1.000000000000000000, 1.000000000000000000 ) ;
#1198 = DIRECTION ( 'NONE',  ( -0.000000000000000000, 1.000000000000000000, -0.000000000000000000 ) ) ;
#1199 =( BOUNDED_CURVE ( )  B_SPLINE_CURVE ( 3, ( #1558, #788, #4451, #2434 ),
 .UNSPECIFIED., .F., .T. ) 
 B_SPLINE_CURVE_WITH_KNOTS ( ( 4, 4 ),
 ( 4.494925968317196976E-20, 0.0002792877797088758312 ),
 .UNSPECIFIED. ) 
 CURVE ( )  GEOMETRIC_REPRESENTATION_ITEM ( )  RATIONAL_B_SPLINE_CURVE ( ( 1.156758988149965361, 1.106181336070924948, 1.067842689805926337, 1.041743049354969530 ) ) 
 REPRESENTATION_ITEM ( '' )  );
#1200 = PRESENTATION_STYLE_ASSIGNMENT (( #2005 ) ) ;
#1201 = DIRECTION ( 'NONE',  ( -1.000000000000000000, -0.000000000000000000, -0.000000000000000000 ) ) ;
#1202 = ORIENTED_EDGE ( 'NONE', *, *, #1248, .F. ) ;
#1203 = FACE_OUTER_BOUND ( 'NONE', #137, .T. ) ;
#1204 = DIRECTION ( 'NONE',  ( 0.000000000000000000, 0.000000000000000000, -1.000000000000000000 ) ) ;
#1205 = ORIENTED_EDGE ( 'NONE', *, *, #3361, .T. ) ;
#1206 = DIRECTION ( 'NONE',  ( 0.000000000000000000, 1.000000000000000000, 0.000000000000000000 ) ) ;
#1207 = ADVANCED_FACE ( 'NONE', ( #1929 ), #2415, .F. ) ;
#1208 = ORIENTED_EDGE ( 'NONE', *, *, #4856, .T. ) ;
#1209 = PRESENTATION_STYLE_ASSIGNMENT (( #3321 ) ) ;
#1210 = CARTESIAN_POINT ( 'NONE',  ( 0.2750000000010965895, 1.035000000000000142, -0.7977642868471942483 ) ) ;
#1211 = ORIENTED_EDGE ( 'NONE', *, *, #4453, .T. ) ;
#1212 = LINE ( 'NONE', #2956, #3152 ) ;
#1213 = DIRECTION ( 'NONE',  ( 1.000000000000000000, -0.000000000000000000, 0.000000000000000000 ) ) ;
#1214 = ORIENTED_EDGE ( 'NONE', *, *, #4097, .T. ) ;
#1215 = CARTESIAN_POINT ( 'NONE',  ( 0.2635512341704980832, 1.134993507399409962, -0.9093078577968850551 ) ) ;
#1216 = CARTESIAN_POINT ( 'NONE',  ( 0.4000000000000880074, 0.6350000000000000089, 1.874600000000046451 ) ) ;
#1217 = ORIENTED_EDGE ( 'NONE', *, *, #5353, .F. ) ;
#1218 = ADVANCED_FACE ( 'NONE', ( #3617 ), #1978, .T. ) ;
#1219 = CARTESIAN_POINT ( 'NONE',  ( 1.250000000000089706, 1.134999999999999787, 0.1750000000000199729 ) ) ;
#1220 = CARTESIAN_POINT ( 'NONE',  ( -1.349999999999909939, -0.005079999999999956078, 1.377029908129719704 ) ) ;
#1221 = ORIENTED_EDGE ( 'NONE', *, *, #2328, .F. ) ;
#1222 = CARTESIAN_POINT ( 'NONE',  ( -0.7999999999999120037, 0.9353333333332719546, 0.3667098521672350064 ) ) ;
#1223 = DIRECTION ( 'NONE',  ( -0.000000000000000000, -0.000000000000000000, 1.000000000000000000 ) ) ;
#1224 = CARTESIAN_POINT ( 'NONE',  ( 0.3992928932189980240, -0.01878000000000000155, 1.213407106781299927 ) ) ;
#1225 = LINE ( 'NONE', #3772, #5245 ) ;
#1226 = EDGE_CURVE ( 'NONE', #3577, #3324, #5010, .T. ) ;
#1227 = ORIENTED_EDGE ( 'NONE', *, *, #5255, .T. ) ;
#1228 = DIRECTION ( 'NONE',  ( 1.000000000000000000, -0.000000000000000000, -0.000000000000000000 ) ) ;
#1229 = CARTESIAN_POINT ( 'NONE',  ( 0.2750000000010965895, 1.035000000000000142, -0.7977642868471943594 ) ) ;
#1230 =( BOUNDED_SURFACE ( )  B_SPLINE_SURFACE ( 3, 3, ( 
 ( #5166, #4371, #4399, #1418 ),
 ( #3092, #3525, #627, #1862 ),
 ( #4759, #5193, #1015, #2685 ),
 ( #1444, #5115, #2298, #3143 ),
 ( #4813, #1067, #1365, #3044 ),
 ( #4525, #2072, #1631, #3298 ),
 ( #1305, #4116, #4966, #3411 ) ),
 .UNSPECIFIED., .F., .F., .F. ) 
 B_SPLINE_SURFACE_WITH_KNOTS ( ( 4, 3, 4 ),
 ( 4, 4 ),
 ( 0.03240027310868250077, 1.000000000000000000, 1.967599726891319900 ),
 ( 0.07019087624970299366, 0.9298091237503900430 ),
 .UNSPECIFIED. ) 
 GEOMETRIC_REPRESENTATION_ITEM ( )  RATIONAL_B_SPLINE_SURFACE ( (
 ( 1.373210073378430041, 1.093969461875240023, 1.093969461875269999, 1.373210073378519969),
 ( 1.106612427980260049, 0.8815841259917539530, 0.8815841259917780448, 1.106612427980329993),
 ( 1.115848785514570007, 0.8889422813660660116, 0.8889422813660899925, 1.115848785514649943),
 ( 1.400919145981369907, 1.116043927998179974, 1.116043927998209950, 1.400919145981470049),
 ( 1.115848785514570007, 0.8889422813660660116, 0.8889422813660899925, 1.115848785514649943),
 ( 1.106612427980260049, 0.8815841259917539530, 0.8815841259917780448, 1.106612427980329993),
 ( 1.373210073378430041, 1.093969461875240023, 1.093969461875269999, 1.373210073378519969) ) ) 
 REPRESENTATION_ITEM ( '' )  SURFACE ( )  );
#1231 = ORIENTED_EDGE ( 'NONE', *, *, #2224, .F. ) ;
#1232 = CARTESIAN_POINT ( 'NONE',  ( -1.249999999999910294, 1.110000000000000098, -0.3749999999999800160 ) ) ;
#1233 = DIRECTION ( 'NONE',  ( 0.9396926207858875557, 0.000000000000000000, -0.3420201433257256673 ) ) ;
#1234 = ORIENTED_EDGE ( 'NONE', *, *, #2108, .T. ) ;
#1235 =( NAMED_UNIT ( * ) PLANE_ANGLE_UNIT ( ) SI_UNIT ( $, .RADIAN. ) );
#1236 = VERTEX_POINT ( 'NONE', #860 ) ;
#1237 = CARTESIAN_POINT ( 'NONE',  ( 0.6967642868476879858, 0.8850000000000000089, 0.1760000000000200016 ) ) ;
#1238 = CARTESIAN_POINT ( 'NONE',  ( -0.7519404295638177915, 1.043032127228208150, 0.1750000000000199729 ) ) ;
#1239 = ORIENTED_EDGE ( 'NONE', *, *, #1998, .T. ) ;
#1240 = LINE ( 'NONE', #3848, #1286 ) ;
#1241 = VECTOR ( 'NONE', #3805, 1000.000000000000000 ) ;
#1242 = CARTESIAN_POINT ( 'NONE',  ( 0.8951833846989875054, 1.084999999999999964, 1.500000000000019762 ) ) ;
#1243 = VERTEX_POINT ( 'NONE', #4952 ) ;
#1244 = CARTESIAN_POINT ( 'NONE',  ( 8.832363197406904263E-14, 0.6350000000085561647, -0.7999987205234633247 ) ) ;
#1245 = EDGE_CURVE ( 'NONE', #3747, #4077, #2914, .T. ) ;
#1246 = CARTESIAN_POINT ( 'NONE',  ( 0.4935209683217249288, 1.086427134029789965, 0.6109133805703578224 ) ) ;
#1247 = ORIENTED_EDGE ( 'NONE', *, *, #4121, .T. ) ;
#1248 = EDGE_CURVE ( 'NONE', #2739, #151, #1617, .T. ) ;
#1249 = FACE_OUTER_BOUND ( 'NONE', #2711, .T. ) ;
#1250 = EDGE_CURVE ( 'NONE', #1820, #960, #358, .T. ) ;
#1251 = CARTESIAN_POINT ( 'NONE',  ( 0.7500000000000879297, 0.2000000000000000111, -1.599999999999979883 ) ) ;
#1252 = CARTESIAN_POINT ( 'NONE',  ( -0.7499999999999118483, 0.000000000000000000, -1.899999999999979927 ) ) ;
#1253 = DIRECTION ( 'NONE',  ( 1.000000000000000000, -9.334587751896322712E-15, -2.437192233315970367E-16 ) ) ;
#1254 = CARTESIAN_POINT ( 'NONE',  ( -1.349999999999909939, 0.5849999999999999645, 1.899999999999982370 ) ) ;
#1255 = DIRECTION ( 'NONE',  ( 0.000000000000000000, -1.000000000000000000, 0.000000000000000000 ) ) ;
#1256 = DIRECTION ( 'NONE',  ( -1.000000000000000000, -0.000000000000000000, -0.000000000000000000 ) ) ;
#1257 = CARTESIAN_POINT ( 'NONE',  ( 8.815170815523740407E-14, 0.1748951871637630107, 0.2175000000000200107 ) ) ;
#1258 = B_SPLINE_CURVE_WITH_KNOTS ( 'NONE', 3,
 ( #4840, #3200, #1975, #1451, #1123, #1049, #2722, #1923, #1142, #633, #2803, #2829, #3147, #4457, #2304, #717, #4043, #300, #4817, #1896, #3636 ),
 .UNSPECIFIED., .F., .F.,
 ( 4, 1, 2, 2, 1, 1, 2, 2, 1, 1, 2, 2, 4 ),
 ( 0.000000000000000000, 0.1249999999999998890, 0.1875000000000000555, 0.2500000000000002220, 0.3750000000000005551, 0.4375000000000004996, 0.4687500000000004441, 0.5000000000000004441, 0.6250000000000000000, 0.6874999999999997780, 0.7187499999999997780, 0.7499999999999997780, 1.000000000000000000 ),
 .UNSPECIFIED. ) ;
#1259 = ORIENTED_EDGE ( 'NONE', *, *, #4939, .T. ) ;
#1260 = CARTESIAN_POINT ( 'NONE',  ( 0.3174943787080540814, 0.03025567659247460281, -0.09999090230702049886 ) ) ;
#1261 = DIRECTION ( 'NONE',  ( -0.000000000000000000, -0.000000000000000000, -1.000000000000000000 ) ) ;
#1262 = VECTOR ( 'NONE', #214, 1000.000000000000000 ) ;
#1263 = ORIENTED_EDGE ( 'NONE', *, *, #2935, .F. ) ;
#1264 = ADVANCED_FACE ( 'NONE', ( #1203 ), #2091, .F. ) ;
#1265 = CARTESIAN_POINT ( 'NONE',  ( 0.7300000000000496092, 0.1500000000000085154, -0.09999999999997985500 ) ) ;
#1266 = LINE ( 'NONE', #2036, #4954 ) ;
#1267 = ORIENTED_EDGE ( 'NONE', *, *, #4484, .F. ) ;
#1268 = DIRECTION ( 'NONE',  ( 0.000000000000000000, 0.000000000000000000, -1.000000000000000000 ) ) ;
#1269 = ORIENTED_EDGE ( 'NONE', *, *, #4230, .T. ) ;
#1270 = ORIENTED_EDGE ( 'NONE', *, *, #2395, .T. ) ;
#1271 = CARTESIAN_POINT ( 'NONE',  ( 0.7500000000000879297, 0.6350000000000000089, -1.599999999999980549 ) ) ;
#1272 = FACE_OUTER_BOUND ( 'NONE', #189, .T. ) ;
#1273 = ORIENTED_EDGE ( 'NONE', *, *, #894, .T. ) ;
#1274 = CARTESIAN_POINT ( 'NONE',  ( 8.689880412471318039E-14, 0.5849999999999998535, 1.899999999999944622 ) ) ;
#1275 = CARTESIAN_POINT ( 'NONE',  ( -0.4199999999999120548, 0.000000000000000000, -1.599999999999980327 ) ) ;
#1276 = VECTOR ( 'NONE', #5263, 1000.000000000000000 ) ;
#1277 = ORIENTED_EDGE ( 'NONE', *, *, #2869, .F. ) ;
#1278 = CARTESIAN_POINT ( 'NONE',  ( 0.3174943787081240254, 0.03025567659247449873, -0.1000090978473689995 ) ) ;
#1279 = COLOUR_RGB ( '',1.000000000000000000, 1.000000000000000000, 1.000000000000000000 ) ;
#1280 = ORIENTED_EDGE ( 'NONE', *, *, #1353, .T. ) ;
#1281 = EDGE_CURVE ( 'NONE', #1161, #885, #2059, .T. ) ;
#1282 = VECTOR ( 'NONE', #2788, 1000.000000000000000 ) ;
#1283 = CARTESIAN_POINT ( 'NONE',  ( 0.7300000000000880229, 0.1000000000000000194, -1.049999999999980060 ) ) ;
#1284 =( LENGTH_UNIT ( ) NAMED_UNIT ( * ) SI_UNIT ( .MILLI., .METRE. ) );
#1285 = DIRECTION ( 'NONE',  ( 0.000000000000000000, 0.000000000000000000, 1.000000000000000000 ) ) ;
#1286 = VECTOR ( 'NONE', #2900, 1000.000000000000000 ) ;
#1287 = CARTESIAN_POINT ( 'NONE',  ( 0.7009812066255888263, 1.061841228341116494, 0.1750000000000200562 ) ) ;
#1288 = SURFACE_STYLE_FILL_AREA ( #441 ) ;
#1289 = DIRECTION ( 'NONE',  ( -0.000000000000000000, 1.000000000000000000, -0.000000000000000000 ) ) ;
#1290 = AXIS2_PLACEMENT_3D ( 'NONE', #803, #3728, #2475 ) ;
#1291 = CARTESIAN_POINT ( 'NONE',  ( -0.8951833846988119792, 1.084000000000000075, 1.501000000000020096 ) ) ;
#1292 = VERTEX_POINT ( 'NONE', #4539 ) ;
#1293 = SURFACE_STYLE_USAGE ( .BOTH. , #5042 ) ;
#1294 = B_SPLINE_CURVE_WITH_KNOTS ( 'NONE', 3,
 ( #1166, #765, #2436, #4098, #715, #3684, #1641, #4561, #791, #2627, #3363, #4592, #4180, #850, #79, #2107 ),
 .UNSPECIFIED., .F., .F.,
 ( 4, 3, 3, 3, 3, 4 ),
 ( 0.000000000000000000, 3.739880465455615787E-05, 7.484135201023234783E-05, 0.0001114684410593916433, 0.0001458526383935939547, 0.0001612596466467404086 ),
 .UNSPECIFIED. ) ;
#1295 = CARTESIAN_POINT ( 'NONE',  ( -0.7299999999999120526, 0.2000000000000000111, -0.4720221554769949979 ) ) ;
#1296 = ORIENTED_EDGE ( 'NONE', *, *, #3505, .F. ) ;
#1297 = LINE ( 'NONE', #2976, #4860 ) ;
#1298 = VERTEX_POINT ( 'NONE', #4603 ) ;
#1299 = CARTESIAN_POINT ( 'NONE',  ( 0.7300000000000591571, 0.1999999999999999833, -0.09999999999988348764 ) ) ;
#1300 =( NAMED_UNIT ( * ) PLANE_ANGLE_UNIT ( ) SI_UNIT ( $, .RADIAN. ) );
#1301 = EDGE_LOOP ( 'NONE', ( #4704, #3314, #4801, #819 ) ) ;
#1302 = PLANE ( 'NONE',  #3244 ) ;
#1303 = CARTESIAN_POINT ( 'NONE',  ( -1.038390038532460233E-05, 0.7350013423541451596, 0.6999999999235879677 ) ) ;
#1304 = DIRECTION ( 'NONE',  ( 0.000000000000000000, 0.000000000000000000, 1.000000000000000000 ) ) ;
#1305 = CARTESIAN_POINT ( 'NONE',  ( 0.01056762986942679991, 0.6850072337659979249, 0.5990696459600638457 ) ) ;
#1306 = ADVANCED_FACE ( 'NONE', ( #2033 ), #3254, .F. ) ;
#1307 = CARTESIAN_POINT ( 'NONE',  ( 0.7538963950092180122, 1.135673141037540024, -0.3410674041153700653 ) ) ;
#1308 = DIRECTION ( 'NONE',  ( 0.000000000000000000, 0.000000000000000000, -1.000000000000000000 ) ) ;
#1309 = VERTEX_POINT ( 'NONE', #3720 ) ;
#1310 = CARTESIAN_POINT ( 'NONE',  ( -1.730654440909239168E-06, 0.7114295502341193567, -0.8999999999999698241 ) ) ;
#1311 = CARTESIAN_POINT ( 'NONE',  ( -0.6342617048191648843, 1.033860492207840043, 0.3789656600481329796 ) ) ;
#1312 = ORIENTED_EDGE ( 'NONE', *, *, #4280, .F. ) ;
#1313 = PLANE ( 'NONE',  #1438 ) ;
#1314 = EDGE_CURVE ( 'NONE', #425, #4472, #2471, .T. ) ;
#1315 = CARTESIAN_POINT ( 'NONE',  ( 0.4000000000001115441, -0.01778000000000000413, 1.212700000000067391 ) ) ;
#1316 = CARTESIAN_POINT ( 'NONE',  ( -0.8042853971072143615, 1.084999999999952447, 0.1750000000000130895 ) ) ;
#1317 = CARTESIAN_POINT ( 'NONE',  ( 0.7843785050540814652, 1.133660481931624719, -0.3749999999994312883 ) ) ;
#1318 = CARTESIAN_POINT ( 'NONE',  ( -0.1768622536544741664, 0.6350000000000001199, -0.7832822506916955474 ) ) ;
#1319 = CARTESIAN_POINT ( 'NONE',  ( -0.3999999999999119815, -0.01878000000000000155, 1.099000000000019961 ) ) ;
#1320 =( BOUNDED_CURVE ( )  B_SPLINE_CURVE ( 3, ( #541, #120, #95, #3460 ),
 .UNSPECIFIED., .F., .F. ) 
 B_SPLINE_CURVE_WITH_KNOTS ( ( 4, 4 ),
 ( 0.000000000000000000, 1.000000000000000000 ),
 .UNSPECIFIED. ) 
 CURVE ( )  GEOMETRIC_REPRESENTATION_ITEM ( )  RATIONAL_B_SPLINE_CURVE ( ( 1.041743049354969530, 0.9815976620601105651, 0.9864475434760218153, 1.056292693602703281 ) ) 
 REPRESENTATION_ITEM ( '' )  );
#1321 = EDGE_CURVE ( 'NONE', #4326, #4195, #773, .T. ) ;
#1322 = ORIENTED_EDGE ( 'NONE', *, *, #1324, .F. ) ;
#1323 = CARTESIAN_POINT ( 'NONE',  ( -0.5714999999450925960, 0.6849984649512627088, -0.1000000000008857554 ) ) ;
#1324 = EDGE_CURVE ( 'NONE', #2443, #392, #4219, .T. ) ;
#1325 = FACE_OUTER_BOUND ( 'NONE', #357, .T. ) ;
#1326 = CARTESIAN_POINT ( 'NONE',  ( 0.8750000000000890399, 0.6477000000000000535, 1.874600000000020028 ) ) ;
#1327 = ORIENTED_EDGE ( 'NONE', *, *, #2800, .F. ) ;
#1328 = FILL_AREA_STYLE ('',( #5393 ) ) ;
#1329 = CARTESIAN_POINT ( 'NONE',  ( 0.8000007863407021524, 0.6764214516331001903, -0.5661058965751981642 ) ) ;
#1330 = ORIENTED_EDGE ( 'NONE', *, *, #4667, .T. ) ;
#1331 = CARTESIAN_POINT ( 'NONE',  ( -0.7299991831900890515, 0.09900000000000050426, -0.1010920355382040059 ) ) ;
#1332 = DIRECTION ( 'NONE',  ( 5.487185488708470473E-13, -0.9998553246797002858, 0.01700969457842068169 ) ) ;
#1333 = CARTESIAN_POINT ( 'NONE',  ( 0.5792280697996473604, 1.084999999999999742, -0.7221080252706734148 ) ) ;
#1334 = LINE ( 'NONE', #5215, #1804 ) ;
#1335 = AXIS2_PLACEMENT_3D ( 'NONE', #3170, #4836, #4890 ) ;
#1336 = ORIENTED_EDGE ( 'NONE', *, *, #3947, .F. ) ;
#1337 = CARTESIAN_POINT ( 'NONE',  ( -0.4565285516143440248, -0.01669986628942519979, -0.1000130817872739858 ) ) ;
#1338 = CARTESIAN_POINT ( 'NONE',  ( -0.7143736345212430283, 1.033860492207840043, 0.1284295279599529938 ) ) ;
#1339 = ORIENTED_EDGE ( 'NONE', *, *, #5161, .T. ) ;
#1340 = EDGE_CURVE ( 'NONE', #5040, #3568, #829, .T. ) ;
#1341 = VECTOR ( 'NONE', #1821, 1000.000000000000000 ) ;
#1342 = LINE ( 'NONE', #3745, #4541 ) ;
#1343 = CARTESIAN_POINT ( 'NONE',  ( -0.7999999999999121147, 0.8850000000000002309, -0.1921900370586383244 ) ) ;
#1344 = CARTESIAN_POINT ( 'NONE',  ( -0.6977642868475149029, 0.8850000000000001199, -0.3750000000000336398 ) ) ;
#1345 = CARTESIAN_POINT ( 'NONE',  ( 8.818262947011198453E-14, 0.6350000000085561647, 0.5999987205235034482 ) ) ;
#1346 = LINE ( 'NONE', #1370, #1157 ) ;
#1347 = CARTESIAN_POINT ( 'NONE',  ( -0.6838835194840455767, 0.6849999999999999423, -0.2734733670672399586 ) ) ;
#1348 = FILL_AREA_STYLE_COLOUR ( '', #1450 ) ;
#1349 = CARTESIAN_POINT ( 'NONE',  ( -0.7499999999999119593, 1.036000000000000032, -0.09999999999998010480 ) ) ;
#1350 = ORIENTED_EDGE ( 'NONE', *, *, #3759, .T. ) ;
#1351 = DIRECTION ( 'NONE',  ( 0.000000000000000000, 0.000000000000000000, 1.000000000000000000 ) ) ;
#1352 = AXIS2_PLACEMENT_3D ( 'NONE', #3094, #607, #3609 ) ;
#1353 = EDGE_CURVE ( 'NONE', #423, #1488, #4983, .T. ) ;
#1354 = ORIENTED_EDGE ( 'NONE', *, *, #2199, .F. ) ;
#1355 = DIRECTION ( 'NONE',  ( 1.000000000000000000, -0.000000000000000000, -0.000000000000000000 ) ) ;
#1356 = COLOUR_RGB ( '',1.000000000000000000, 1.000000000000000000, 1.000000000000000000 ) ;
#1357 = CARTESIAN_POINT ( 'NONE',  ( 0.1110741493019636872, 0.6849999999999999423, 0.5937305429874958351 ) ) ;
#1358 = AXIS2_PLACEMENT_3D ( 'NONE', #2198, #4738, #1739 ) ;
#1359 = CARTESIAN_POINT ( 'NONE',  ( -0.001196751274677779892, 0.9353333333332719546, 0.6999991048659989223 ) ) ;
#1360 = CARTESIAN_POINT ( 'NONE',  ( 0.9738821434238890129, 1.135000000000000009, 0.1750000000000200007 ) ) ;
#1361 = ORIENTED_EDGE ( 'NONE', *, *, #5312, .F. ) ;
#1362 = MECHANICAL_DESIGN_GEOMETRIC_PRESENTATION_REPRESENTATION (  '', ( #2948 ), #4153 ) ;
#1363 = CARTESIAN_POINT ( 'NONE',  ( -0.7800808756941227662, 1.135000000000000231, 0.2457903386054648698 ) ) ;
#1364 =( GEOMETRIC_REPRESENTATION_CONTEXT ( 3 ) GLOBAL_UNCERTAINTY_ASSIGNED_CONTEXT ( ( #4866 ) ) GLOBAL_UNIT_ASSIGNED_CONTEXT ( ( #2617, #5151, #67 ) ) REPRESENTATION_CONTEXT ( 'NONE', 'WORKASPACE' ) );
#1365 = CARTESIAN_POINT ( 'NONE',  ( -0.7505045132893249926, 0.7057692263101749131, 0.3430720452947739196 ) ) ;
#1366 = CARTESIAN_POINT ( 'NONE',  ( -0.6691818881757504167, 1.035000000000000586, 0.3991920087746293477 ) ) ;
#1367 = DIRECTION ( 'NONE',  ( -1.000000000000000000, 9.334587751896322712E-15, 2.437192233315970367E-16 ) ) ;
#1368 = CARTESIAN_POINT ( 'NONE',  ( -0.4085184756185668564, 0.6350000000000000089, -0.6721653119485246908 ) ) ;
#1369 = CARTESIAN_POINT ( 'NONE',  ( 0.3329746382609379829, 0.7597945045706790967, 0.4715009707787929938 ) ) ;
#1370 = CARTESIAN_POINT ( 'NONE',  ( 0.7512489600659255640, 0.8849999999999652589, 0.1750000000000336287 ) ) ;
#1371 = LINE ( 'NONE', #665, #909 ) ;
#1372 = ORIENTED_EDGE ( 'NONE', *, *, #3972, .F. ) ;
#1373 = LINE ( 'NONE', #2694, #3043 ) ;
#1374 = CIRCLE ( 'NONE', #600, 0.04999999999986688010 ) ;
#1375 = FILL_AREA_STYLE ('',( #1348 ) ) ;
#1376 = CARTESIAN_POINT ( 'NONE',  ( 1.350000000000089795, -0.01778000000000000067, 1.377029908129719926 ) ) ;
#1377 = VERTEX_POINT ( 'NONE', #416 ) ;
#1378 = CARTESIAN_POINT ( 'NONE',  ( -0.2749999999999120370, 1.043032127191794389, -0.8519404295574659614 ) ) ;
#1379 = ADVANCED_FACE ( 'NONE', ( #4161 ), #3748, .F. ) ;
#1380 = CARTESIAN_POINT ( 'NONE',  ( -0.7499999999999292788, 0.7350000000000073141, -0.5369688917003986317 ) ) ;
#1381 =( BOUNDED_CURVE ( )  B_SPLINE_CURVE ( 3, ( #5232, #4794, #1051, #2340 ),
 .UNSPECIFIED., .F., .F. ) 
 B_SPLINE_CURVE_WITH_KNOTS ( ( 4, 4 ),
 ( 0.000000000000000000, 1.000000000000000000 ),
 .UNSPECIFIED. ) 
 CURVE ( )  GEOMETRIC_REPRESENTATION_ITEM ( )  RATIONAL_B_SPLINE_CURVE ( ( 1.213843530224143041, 1.286657601081629076, 1.453542054544978201, 1.714496890614183755 ) ) 
 REPRESENTATION_ITEM ( '' )  );
#1382 = CARTESIAN_POINT ( 'NONE',  ( -0.5774999999999121947, 0.1000000000000000194, -2.049999999999979838 ) ) ;
#1383 = CARTESIAN_POINT ( 'NONE',  ( -0.5287639116778620751, 1.084999999999999742, -0.7656083999092871961 ) ) ;
#1384 = LINE ( 'NONE', #3439, #325 ) ;
#1385 = ADVANCED_FACE ( 'NONE', ( #445 ), #3778, .T. ) ;
#1386 = CARTESIAN_POINT ( 'NONE',  ( -0.2749999999978472442, 1.133660481931632935, -0.8843785050542469772 ) ) ;
#1387 = ORIENTED_EDGE ( 'NONE', *, *, #1859, .F. ) ;
#1388 = DIRECTION ( 'NONE',  ( -1.000000000000000000, 0.000000000000000000, 0.000000000000000000 ) ) ;
#1389 = EDGE_CURVE ( 'NONE', #2986, #1509, #2997, .T. ) ;
#1390 = ORIENTED_EDGE ( 'NONE', *, *, #4280, .T. ) ;
#1391 = CARTESIAN_POINT ( 'NONE',  ( 0.4000000000000881184, 0.6096000000004452302, 1.874600000000073319 ) ) ;
#1392 = DIRECTION ( 'NONE',  ( 1.000000000000000000, 0.000000000000000000, 0.000000000000000000 ) ) ;
#1393 = LINE ( 'NONE', #1785, #483 ) ;
#1394 = DIRECTION ( 'NONE',  ( 1.000000000000000000, -1.374056532155380592E-14, 5.367965283551792581E-16 ) ) ;
#1395 = CARTESIAN_POINT ( 'NONE',  ( -0.3329740725221039810, 0.6849983515546390622, 0.4715000000453150597 ) ) ;
#1396 = CARTESIAN_POINT ( 'NONE',  ( -0.6576256808999971781, 1.135000000000000453, -0.6405202345407845499 ) ) ;
#1397 = CARTESIAN_POINT ( 'NONE',  ( 1.350000000000090239, 0.6096000000004483388, 1.874600000000076427 ) ) ;
#1398 = ORIENTED_EDGE ( 'NONE', *, *, #2707, .F. ) ;
#1399 = CARTESIAN_POINT ( 'NONE',  ( -0.3174999999861811695, 0.6849985898234433046, -0.1000000000007290196 ) ) ;
#1400 = DIRECTION ( 'NONE',  ( -1.000000000000000000, 0.000000000000000000, 0.000000000000000000 ) ) ;
#1401 = CARTESIAN_POINT ( 'NONE',  ( -0.4410542485383780464, 0.8346666666666352485, 0.6506606302200318437 ) ) ;
#1402 = VERTEX_POINT ( 'NONE', #1422 ) ;
#1403 = DIRECTION ( 'NONE',  ( 8.673617379907128586E-15, 1.000000000000000000, 0.000000000000000000 ) ) ;
#1404 = CARTESIAN_POINT ( 'NONE',  ( -9.085895394500548752E-06, 0.6350000000089771612, -0.7999986575868339722 ) ) ;
#1405 = ORIENTED_EDGE ( 'NONE', *, *, #823, .T. ) ;
#1406 = CARTESIAN_POINT ( 'NONE',  ( 0.2750000000000880629, 1.069024249098758039, 0.6649728597796059626 ) ) ;
#1407 = CARTESIAN_POINT ( 'NONE',  ( -0.2749999999998917755, 1.135000000000131237, 0.7042853971072562391 ) ) ;
#1408 = CARTESIAN_POINT ( 'NONE',  ( 0.3180883206428299914, 0.6871048128362370333, 0.08640811885678270632 ) ) ;
#1409 = CARTESIAN_POINT ( 'NONE',  ( 0.8000000000000879741, 0.7339999999999999858, -0.5667098521671950495 ) ) ;
#1410 =( BOUNDED_SURFACE ( )  B_SPLINE_SURFACE ( 3, 3, ( 
 ( #2750, #695, #5251, #1095 ),
 ( #3612, #2723, #3934, #1839 ),
 ( #1898, #4818, #1072, #188 ),
 ( #1868, #1949, #2692, #4404 ),
 ( #581, #2361, #5277, #4019 ),
 ( #2337, #3529, #3993, #275 ),
 ( #995, #247, #1924, #2250 ) ),
 .UNSPECIFIED., .F., .F., .T. ) 
 B_SPLINE_SURFACE_WITH_KNOTS ( ( 4, 3, 4 ),
 ( 4, 4 ),
 ( 0.04042736462268130271, 1.000000000000000000, 1.959572635381749972 ),
 ( 0.1629951871637629890, 0.6752048128362380108 ),
 .UNSPECIFIED. ) 
 GEOMETRIC_REPRESENTATION_ITEM ( )  RATIONAL_B_SPLINE_SURFACE ( (
 ( 1.158204805151350048, 1.158204805151350048, 1.158204805151350048, 1.158204805151350048),
 ( 0.9379871650767529490, 0.9379871650767529490, 0.9379871650767529490, 0.9379871650767529490),
 ( 0.9476731408576349880, 0.9476731408576349880, 0.9476731408576349880, 0.9476731408576349880),
 ( 1.187262732493999939, 1.187262732493999939, 1.187262732493999939, 1.187262732493999939),
 ( 0.9476731408565289838, 0.9476731408565289838, 0.9476731408565289838, 0.9476731408565289838),
 ( 0.9379871650766640201, 0.9379871650766640201, 0.9379871650766630209, 0.9379871650766630209),
 ( 1.158204805154400052, 1.158204805154400052, 1.158204805154400052, 1.158204805154400052) ) ) 
 REPRESENTATION_ITEM ( '' )  SURFACE ( )  );
#1411 = CARTESIAN_POINT ( 'NONE',  ( 0.7800760614854950203, 1.079851293524267453, -0.3750000000008024692 ) ) ;
#1412 = ORIENTED_EDGE ( 'NONE', *, *, #5216, .T. ) ;
#1413 = DIRECTION ( 'NONE',  ( 0.000000000000000000, 0.000000000000000000, 1.000000000000000000 ) ) ;
#1414 = ADVANCED_FACE ( 'NONE', ( #3096 ), #3909, .F. ) ;
#1415 = EDGE_LOOP ( 'NONE', ( #5319, #983, #4608, #5186 ) ) ;
#1416 = ADVANCED_FACE ( 'NONE', ( #3401 ), #4420, .T. ) ;
#1417 = EDGE_CURVE ( 'NONE', #1667, #399, #4792, .T. ) ;
#1418 = CARTESIAN_POINT ( 'NONE',  ( 0.01133612451298660236, 0.7358504847289429884, -0.8499070887012150077 ) ) ;
#1419 = CARTESIAN_POINT ( 'NONE',  ( -0.5160148121921254161, 1.085000000000000187, 0.5767350095164934798 ) ) ;
#1420 = LINE ( 'NONE', #5274, #1168 ) ;
#1421 = CARTESIAN_POINT ( 'NONE',  ( 1.350000000000090017, -0.01878000000000000155, 1.913700000000019941 ) ) ;
#1422 = CARTESIAN_POINT ( 'NONE',  ( -1.349999999999909939, 0.6095999999997879781, 1.912700000000020273 ) ) ;
#1423 = CARTESIAN_POINT ( 'NONE',  ( -0.5715043687575133147, 0.6849999999999988320, 0.2365752706124235605 ) ) ;
#1424 = VERTEX_POINT ( 'NONE', #1535 ) ;
#1425 = LINE ( 'NONE', #585, #5046 ) ;
#1426 = SURFACE_STYLE_FILL_AREA ( #1483 ) ;
#1427 = CARTESIAN_POINT ( 'NONE',  ( 8.798300629719868482E-14, 0.000000000000000000, -2.049999999999979838 ) ) ;
#1428 = ORIENTED_EDGE ( 'NONE', *, *, #4802, .T. ) ;
#1429 = CARTESIAN_POINT ( 'NONE',  ( -0.7299999999998919575, 0.1000000000000000194, -0.09999999999997503941 ) ) ;
#1430 = CARTESIAN_POINT ( 'NONE',  ( 0.3810000000000879905, 0.02031999999955104788, 1.874600000000042233 ) ) ;
#1431 = ORIENTED_EDGE ( 'NONE', *, *, #20, .F. ) ;
#1432 = DIRECTION ( 'NONE',  ( 1.000000000000000000, -7.035971055117749747E-15, 7.035971055102097958E-15 ) ) ;
#1433 = CARTESIAN_POINT ( 'NONE',  ( -0.2750000000035693337, 1.124633430746718954, 0.6556372338251525989 ) ) ;
#1434 = EDGE_CURVE ( 'NONE', #506, #4559, #2385, .T. ) ;
#1435 = CARTESIAN_POINT ( 'NONE',  ( 0.9722938510205214602, 1.134999999999999787, -1.614808458937344815 ) ) ;
#1436 = AXIS2_PLACEMENT_3D ( 'NONE', #4600, #4103, #2834 ) ;
#1437 = CARTESIAN_POINT ( 'NONE',  ( 2.058132317750930085, 1.118666666666850107, -0.9216907394351788740 ) ) ;
#1438 = AXIS2_PLACEMENT_3D ( 'NONE', #2934, #2517, #2546 ) ;
#1439 = CARTESIAN_POINT ( 'NONE',  ( -0.8749999999999109601, 0.6477000000000000535, 1.874600000000020028 ) ) ;
#1440 = VERTEX_POINT ( 'NONE', #217 ) ;
#1441 = CARTESIAN_POINT ( 'NONE',  ( -0.001121954320004949933, 0.8346666666666350265, 0.6499991608118790287 ) ) ;
#1442 = VECTOR ( 'NONE', #1228, 1000.000000000000000 ) ;
#1443 = ORIENTED_EDGE ( 'NONE', *, *, #3339, .F. ) ;
#1444 = CARTESIAN_POINT ( 'NONE',  ( -0.6991495152709770178, 0.6850072337659979249, -0.09999999999998013256 ) ) ;
#1445 = CIRCLE ( 'NONE', #4500, 0.03810000000043238522 ) ;
#1446 = EDGE_CURVE ( 'NONE', #293, #4982, #1258, .T. ) ;
#1447 = CARTESIAN_POINT ( 'NONE',  ( -1.811870264309870748, 0.5850000000000221689, 1.850000000000205480 ) ) ;
#1448 = CARTESIAN_POINT ( 'NONE',  ( 1.726782800868155527E-13, 0.8850000000000000089, 0.7000000000000083933 ) ) ;
#1449 = CARTESIAN_POINT ( 'NONE',  ( 0.3499623162209125615, 0.6349999999999997868, -0.7139810347630188847 ) ) ;
#1450 = COLOUR_RGB ( '',1.000000000000000000, 1.000000000000000000, 1.000000000000000000 ) ;
#1451 = CARTESIAN_POINT ( 'NONE',  ( 0.7453173107223040050, 1.135000000000000009, 0.3089184247444668463 ) ) ;
#1452 = CARTESIAN_POINT ( 'NONE',  ( -0.1855557665796431777, 0.8850000000000002309, 0.6330156814157607004 ) ) ;
#1453 = CARTESIAN_POINT ( 'NONE',  ( 0.7512489600659262301, 0.8850000000000000089, 0.1750000000000287159 ) ) ;
#1454 = EDGE_CURVE ( 'NONE', #986, #5398, #2502, .T. ) ;
#1455 = VECTOR ( 'NONE', #3344, 1000.000000000000000 ) ;
#1456 = ORIENTED_EDGE ( 'NONE', *, *, #1964, .F. ) ;
#1457 = LINE ( 'NONE', #2781, #2871 ) ;
#1458 = LINE ( 'NONE', #4380, #496 ) ;
#1459 = ORIENTED_EDGE ( 'NONE', *, *, #3872, .F. ) ;
#1460 = CARTESIAN_POINT ( 'NONE',  ( 8.815170815523741669E-14, 0.1000000000000000333, 0.6300000000000198774 ) ) ;
#1461 = AXIS2_PLACEMENT_3D ( 'NONE', #2246, #5064, #1392 ) ;
#1462 = LINE ( 'NONE', #594, #5041 ) ;
#1463 = ORIENTED_EDGE ( 'NONE', *, *, #361, .F. ) ;
#1464 = CARTESIAN_POINT ( 'NONE',  ( 0.7500000000000857092, 5.645428395699726173E-18, 9.622294280808851852E-15 ) ) ;
#1465 = DIRECTION ( 'NONE',  ( 0.000000000000000000, 1.000000000000000000, 0.000000000000000000 ) ) ;
#1466 = CARTESIAN_POINT ( 'NONE',  ( -0.2749999999999199196, 0.8849999999999998979, 0.6512489600658416533 ) ) ;
#1467 = VECTOR ( 'NONE', #2074, 1000.000000000000000 ) ;
#1468 = CARTESIAN_POINT ( 'NONE',  ( 1.292688350141889986, 1.101333333333150089, 1.152580069060040069 ) ) ;
#1469 = EDGE_CURVE ( 'NONE', #4441, #2057, #2410, .T. ) ;
#1470 = CARTESIAN_POINT ( 'NONE',  ( -0.2749999999999130917, 1.135000000000130349, -0.9042853971072788433 ) ) ;
#1471 = ORIENTED_EDGE ( 'NONE', *, *, #3429, .F. ) ;
#1472 = CARTESIAN_POINT ( 'NONE',  ( 0.7500000000000881517, 0.8346666666666349155, -0.09999999999998010480 ) ) ;
#1473 = ORIENTED_EDGE ( 'NONE', *, *, #2256, .T. ) ;
#1474 = CARTESIAN_POINT ( 'NONE',  ( 0.6977642868476879867, 0.8849999999999998979, -0.3749999999999800160 ) ) ;
#1475 = UNCERTAINTY_MEASURE_WITH_UNIT (LENGTH_MEASURE( 1.000000000000000082E-05 ), #4598, 'distance_accuracy_value', 'NONE');
#1476 = DIRECTION ( 'NONE',  ( -1.000000000000000000, 0.000000000000000000, 0.000000000000000000 ) ) ;
#1477 = CYLINDRICAL_SURFACE ( 'NONE', #4058, 0.03810000000043097662 ) ;
#1478 = CARTESIAN_POINT ( 'NONE',  ( 0.4353752552856389735, 0.7057692263101751351, -0.8571716985368739161 ) ) ;
#1479 = CARTESIAN_POINT ( 'NONE',  ( -0.5184942383073130046, 0.8120000000000001661, -0.1000067299974329998 ) ) ;
#1480 = CARTESIAN_POINT ( 'NONE',  ( -0.2750000000005251022, 0.8850000000000001199, 0.5977642868473945770 ) ) ;
#1481 = PLANE ( 'NONE',  #4209 ) ;
#1482 = ORIENTED_EDGE ( 'NONE', *, *, #719, .T. ) ;
#1483 = FILL_AREA_STYLE ('',( #1099 ) ) ;
#1484 = ORIENTED_EDGE ( 'NONE', *, *, #2491, .F. ) ;
#1485 = EDGE_CURVE ( 'NONE', #2134, #74, #4403, .T. ) ;
#1486 = CARTESIAN_POINT ( 'NONE',  ( -0.3175053582109039763, 0.1770048647585190094, -0.2869833747141690150 ) ) ;
#1487 = PLANE ( 'NONE',  #3553 ) ;
#1488 = VERTEX_POINT ( 'NONE', #4434 ) ;
#1489 = ADVANCED_FACE ( 'NONE', ( #662 ), #3528, .T. ) ;
#1490 = CARTESIAN_POINT ( 'NONE',  ( -1.799999999999909672, 0.3175000000000000044, -1.599999999999980105 ) ) ;
#1491 = FACE_OUTER_BOUND ( 'NONE', #1014, .T. ) ;
#1492 = ADVANCED_FACE ( 'NONE', ( #767 ), #793, .F. ) ;
#1493 = DIRECTION ( 'NONE',  ( 5.427688901957410071E-13, -0.9998553246796997307, -0.01700969457845742661 ) ) ;
#1494 = AXIS2_PLACEMENT_3D ( 'NONE', #4979, #1253, #3336 ) ;
#1495 =( BOUNDED_SURFACE ( )  B_SPLINE_SURFACE ( 3, 3, ( 
 ( #2728, #251, #3589, #1100 ),
 ( #771, #2442, #4899, #4158 ),
 ( #304, #2031, #2413, #5331 ),
 ( #4981, #2493, #1646, #4511 ) ),
 .UNSPECIFIED., .F., .F., .T. ) 
 B_SPLINE_SURFACE_WITH_KNOTS ( ( 4, 4 ),
 ( 4, 4 ),
 ( 0.01798541259073009949, 0.3964385745378810055 ),
 ( 0.03569738659792420082, 0.9643026134008499950 ),
 .UNSPECIFIED. ) 
 GEOMETRIC_REPRESENTATION_ITEM ( )  RATIONAL_B_SPLINE_SURFACE ( (
 ( 1.797663570342519890, 1.436941813098959964, 1.436941813098489895, 1.797663570341089923),
 ( 1.472870571084230029, 1.177322244156520092, 1.177322244156129960, 1.472870571083050084),
 ( 1.275582984274409970, 1.019622668235159901, 1.019622668234819951, 1.275582984273389897),
 ( 1.205800809913059934, 0.9638430853348820548, 0.9638430853345619775, 1.205800809912100036) ) ) 
 REPRESENTATION_ITEM ( '' )  SURFACE ( )  );
#1496 = CARTESIAN_POINT ( 'NONE',  ( -0.2158684381206640024, 0.8120000000000000551, -0.4705057616126209763 ) ) ;
#1497 = ORIENTED_EDGE ( 'NONE', *, *, #287, .F. ) ;
#1498 = CARTESIAN_POINT ( 'NONE',  ( 0.7500000000000880407, 0.8346666666666350265, -0.5375404864067260258 ) ) ;
#1499 = ORIENTED_EDGE ( 'NONE', *, *, #5161, .F. ) ;
#1500 = CARTESIAN_POINT ( 'NONE',  ( 0.6862706282500604660, 1.135000000000000009, -0.6026872737377357847 ) ) ;
#1501 = ADVANCED_FACE ( 'NONE', ( #4623 ), #2003, .F. ) ;
#1502 = EDGE_CURVE ( 'NONE', #1292, #1901, #2026, .T. ) ;
#1503 = PLANE ( 'NONE',  #5341 ) ;
#1504 = DIRECTION ( 'NONE',  ( -0.000000000000000000, -0.000000000000000000, 1.000000000000000000 ) ) ;
#1505 = CARTESIAN_POINT ( 'NONE',  ( 0.5759875549093163016, 0.6349999999999998979, -0.5030238270202477269 ) ) ;
#1506 = VECTOR ( 'NONE', #582, 1000.000000000000000 ) ;
#1507 = PRESENTATION_STYLE_ASSIGNMENT (( #5250 ) ) ;
#1508 = FACE_OUTER_BOUND ( 'NONE', #23, .T. ) ;
#1509 = VERTEX_POINT ( 'NONE', #1251 ) ;
#1510 = CARTESIAN_POINT ( 'NONE',  ( 0.5093670903860669785, 1.134993514580980190, 0.6292550264764149581 ) ) ;
#1511 = CARTESIAN_POINT ( 'NONE',  ( -1.799999999999909894, 0.5850000000000109557, 1.899999999999982370 ) ) ;
#1512 = LINE ( 'NONE', #3206, #922 ) ;
#1513 = ORIENTED_EDGE ( 'NONE', *, *, #1897, .F. ) ;
#1514 = CARTESIAN_POINT ( 'NONE',  ( 0.5454979985849520707, 0.1000038686905520141, -0.09998436894117701534 ) ) ;
#1515 = VECTOR ( 'NONE', #2849, 1000.000000000000000 ) ;
#1516 = CARTESIAN_POINT ( 'NONE',  ( 0.4000000000001115441, -0.005079999999999967354, 1.212700000000067391 ) ) ;
#1517 = VERTEX_POINT ( 'NONE', #2466 ) ;
#1518 = FACE_OUTER_BOUND ( 'NONE', #1577, .T. ) ;
#1519 = EDGE_CURVE ( 'NONE', #4394, #77, #4975, .T. ) ;
#1520 = CARTESIAN_POINT ( 'NONE',  ( -0.7791811067314033945, 1.132861283978516376, -0.3750000000036372572 ) ) ;
#1521 = CARTESIAN_POINT ( 'NONE',  ( -0.7499999999999119593, 0.2000000000000000666, -0.9499999999999800826 ) ) ;
#1522 = VERTEX_POINT ( 'NONE', #4151 ) ;
#1523 = CARTESIAN_POINT ( 'NONE',  ( -7.877523179319234731E-06, 0.6349996836118265708, 0.6235689763107121752 ) ) ;
#1524 = EDGE_LOOP ( 'NONE', ( #1205, #3519, #2048, #2793 ) ) ;
#1525 = CARTESIAN_POINT ( 'NONE',  ( 0.4410542485385600675, 0.8346666666666352485, -0.8506606302199869463 ) ) ;
#1526 = ORIENTED_EDGE ( 'NONE', *, *, #2010, .T. ) ;
#1527 =( BOUNDED_CURVE ( )  B_SPLINE_CURVE ( 3, ( #3065, #4395, #3140, #2268 ),
 .UNSPECIFIED., .F., .T. ) 
 B_SPLINE_CURVE_WITH_KNOTS ( ( 4, 4 ),
 ( 0.000000000000000000, 1.000000000000000000 ),
 .UNSPECIFIED. ) 
 CURVE ( )  GEOMETRIC_REPRESENTATION_ITEM ( )  RATIONAL_B_SPLINE_CURVE ( ( 1.213843530224138823, 1.286657601081628632, 1.453542054544972650, 1.714496890614177760 ) ) 
 REPRESENTATION_ITEM ( '' )  );
#1528 = FACE_OUTER_BOUND ( 'NONE', #4522, .T. ) ;
#1529 = VECTOR ( 'NONE', #224, 1000.000000000000000 ) ;
#1530 = PLANE ( 'NONE',  #4998 ) ;
#1531 = UNCERTAINTY_MEASURE_WITH_UNIT (LENGTH_MEASURE( 1.000000000000000082E-05 ), #373, 'distance_accuracy_value', 'NONE');
#1532 = CARTESIAN_POINT ( 'NONE',  ( 0.7924501708822487833, 1.085000000000000187, -0.4096141804521056806 ) ) ;
#1533 = FACE_OUTER_BOUND ( 'NONE', #2835, .T. ) ;
#1534 = DIRECTION ( 'NONE',  ( -1.000000000000000000, -3.435141330391194348E-15, -1.341991320845600366E-16 ) ) ;
#1535 = CARTESIAN_POINT ( 'NONE',  ( -0.8042853971072143615, 1.084999999999952447, 0.1750000000000130895 ) ) ;
#1536 = CARTESIAN_POINT ( 'NONE',  ( -0.7526323735561796235, 1.123048592273347746, 0.1750000000013197388 ) ) ;
#1537 = MECHANICAL_DESIGN_GEOMETRIC_PRESENTATION_REPRESENTATION (  '', ( #2769 ), #3192 ) ;
#1538 = EDGE_CURVE ( 'NONE', #3150, #2267, #3365, .T. ) ;
#1539 = ORIENTED_EDGE ( 'NONE', *, *, #4093, .T. ) ;
#1540 = CARTESIAN_POINT ( 'NONE',  ( 0.7143744130762472722, 1.033861122575799874, 0.1284270695711579868 ) ) ;
#1541 = CARTESIAN_POINT ( 'NONE',  ( 9.145245324915229901E-14, 0.2010000000000000120, -0.09999999999998647471 ) ) ;
#1542 = LINE ( 'NONE', #4877, #1701 ) ;
#1543 = VECTOR ( 'NONE', #900, 1000.000000000000000 ) ;
#1544 = ORIENTED_EDGE ( 'NONE', *, *, #5353, .T. ) ;
#1545 = CARTESIAN_POINT ( 'NONE',  ( 1.350000000000090239, 0.6095999999997868679, 1.912700000000020273 ) ) ;
#1546 = AXIS2_PLACEMENT_3D ( 'NONE', #1751, #2983, #1332 ) ;
#1547 = CARTESIAN_POINT ( 'NONE',  ( 0.7168811625292199619, 1.086390280905779937, -0.6124667263011489560 ) ) ;
#1548 = VERTEX_POINT ( 'NONE', #5030 ) ;
#1549 = SURFACE_STYLE_USAGE ( .BOTH. , #1573 ) ;
#1550 = CARTESIAN_POINT ( 'NONE',  ( -0.7108414964685508819, 1.082832106213454937, -0.3749999999999796829 ) ) ;
#1551 = LINE ( 'NONE', #1575, #398 ) ;
#1552 = ORIENTED_EDGE ( 'NONE', *, *, #361, .T. ) ;
#1553 = CARTESIAN_POINT ( 'NONE',  ( 0.3522938510195062212, 1.135000000000000009, -1.614808458937980529 ) ) ;
#1554 = VERTEX_POINT ( 'NONE', #3711 ) ;
#1555 = AXIS2_PLACEMENT_3D ( 'NONE', #4510, #1255, #795 ) ;
#1556 = LINE ( 'NONE', #323, #844 ) ;
#1557 = ORIENTED_EDGE ( 'NONE', *, *, #931, .T. ) ;
#1558 = CARTESIAN_POINT ( 'NONE',  ( 1.726782800868155527E-13, 0.8850000000000001199, 0.7000000000000083933 ) ) ;
#1559 = EDGE_CURVE ( 'NONE', #972, #2488, #3309, .T. ) ;
#1560 = DIRECTION ( 'NONE',  ( -0.000000000000000000, -1.000000000000000000, -0.000000000000000000 ) ) ;
#1561 = ADVANCED_FACE ( 'NONE', ( #3663 ), #4177, .T. ) ;
#1562 = CARTESIAN_POINT ( 'NONE',  ( -0.2749999999999119815, 0.8850000000000000089, 0.6483821799949738285 ) ) ;
#1563 =( BOUNDED_CURVE ( )  B_SPLINE_CURVE ( 3, ( #1036, #2595, #1380, #1004, #4721, #2671, #2704 ),
 .UNSPECIFIED., .F., .F. ) 
 B_SPLINE_CURVE_WITH_KNOTS ( ( 4, 3, 4 ),
 ( 0.000000000000000000, 0.4999999999999984457, 1.000000000000000000 ),
 .UNSPECIFIED. ) 
 CURVE ( )  GEOMETRIC_REPRESENTATION_ITEM ( )  RATIONAL_B_SPLINE_CURVE ( ( 1.355227453723639508, 1.098971398569345670, 1.110883851724908222, 1.390964813190319393, 1.110883851724907112, 1.098971398569345226, 1.355227453723642395 ) ) 
 REPRESENTATION_ITEM ( '' )  );
#1564 = CARTESIAN_POINT ( 'NONE',  ( 0.6669173333183293639, 0.6350000000000001199, 0.1138022812290351432 ) ) ;
#1565 = DIRECTION ( 'NONE',  ( -0.7071067811872125963, 0.000000000000000000, -0.7071067811858824381 ) ) ;
#1566 = FACE_OUTER_BOUND ( 'NONE', #4062, .T. ) ;
#1567 =( NAMED_UNIT ( * ) SI_UNIT ( $, .STERADIAN. ) SOLID_ANGLE_UNIT ( ) );
#1568 = ORIENTED_EDGE ( 'NONE', *, *, #4640, .F. ) ;
#1569 = CARTESIAN_POINT ( 'NONE',  ( -3.743183540905190847E-11, 0.03025567659247460281, -0.4174943788383559951 ) ) ;
#1570 = DIRECTION ( 'NONE',  ( 0.000000000000000000, 1.000000000000000000, 0.000000000000000000 ) ) ;
#1571 = LINE ( 'NONE', #4051, #235 ) ;
#1572 = ORIENTED_EDGE ( 'NONE', *, *, #3425, .T. ) ;
#1573 = SURFACE_SIDE_STYLE ('',( #4416 ) ) ;
#1574 = DIRECTION ( 'NONE',  ( 0.000000000000000000, 0.000000000000000000, 1.000000000000000000 ) ) ;
#1575 = CARTESIAN_POINT ( 'NONE',  ( 8.727827488508310694E-14, 0.05000000000000000971, 1.899999999999944400 ) ) ;
#1576 = ORIENTED_EDGE ( 'NONE', *, *, #4864, .T. ) ;
#1577 = EDGE_LOOP ( 'NONE', ( #4089, #3329, #3340, #2882 ) ) ;
#1578 = CARTESIAN_POINT ( 'NONE',  ( 0.3329746381677199940, 0.7597945045706780975, -0.6715009708907869745 ) ) ;
#1579 = EDGE_LOOP ( 'NONE', ( #4036, #1830, #1136, #1806 ) ) ;
#1580 = ORIENTED_EDGE ( 'NONE', *, *, #3037, .F. ) ;
#1581 = CARTESIAN_POINT ( 'NONE',  ( -0.3999999999999119260, 0.04999999999999794192, 1.899999999999982370 ) ) ;
#1582 = ADVANCED_FACE ( 'NONE', ( #1746 ), #895, .T. ) ;
#1583 = CARTESIAN_POINT ( 'NONE',  ( -0.4704578651075709828, 0.9353333333332719546, -0.9007046722347420431 ) ) ;
#1584 = FILL_AREA_STYLE ('',( #26 ) ) ;
#1585 = DIRECTION ( 'NONE',  ( 3.552713678800495407E-15, 3.826595902890337197E-16, 1.000000000000000000 ) ) ;
#1586 = EDGE_CURVE ( 'NONE', #4472, #1183, #2039, .T. ) ;
#1587 =( BOUNDED_CURVE ( )  B_SPLINE_CURVE ( 3, ( #1429, #3842, #1032, #1460, #5208, #168, #2620 ),
 .UNSPECIFIED., .F., .F. ) 
 B_SPLINE_CURVE_WITH_KNOTS ( ( 4, 3, 4 ),
 ( 1.936377193056535486E-16, 0.001145063828413696132, 0.002290127656827204913 ),
 .UNSPECIFIED. ) 
 CURVE ( )  GEOMETRIC_REPRESENTATION_ITEM ( )  RATIONAL_B_SPLINE_CURVE ( ( 1.156758988149792833, 0.9380307634136078043, 0.9481986781950099141, 1.187262732493999717, 0.9481986781950088039, 0.9380307634136078043, 1.156758988149795941 ) ) 
 REPRESENTATION_ITEM ( '' )  );
#1588 = CARTESIAN_POINT ( 'NONE',  ( -0.2750000000000218381, 1.035000000000009246, 0.6512489600658165623 ) ) ;
#1589 = AXIS2_PLACEMENT_3D ( 'NONE', #4324, #2751, #2251 ) ;
#1590 = SURFACE_STYLE_FILL_AREA ( #3690 ) ;
#1591 = ORIENTED_EDGE ( 'NONE', *, *, #1117, .T. ) ;
#1592 = CARTESIAN_POINT ( 'NONE',  ( 0.1849848548318500097, 0.03025567659247450220, -0.4174943788602110128 ) ) ;
#1593 = CARTESIAN_POINT ( 'NONE',  ( 0.2749999999877731360, 1.084999999999952669, 0.7042853970640868821 ) ) ;
#1594 = DIRECTION ( 'NONE',  ( 0.000000000000000000, 0.000000000000000000, -1.000000000000000000 ) ) ;
#1595 = ORIENTED_EDGE ( 'NONE', *, *, #1892, .F. ) ;
#1596 = CARTESIAN_POINT ( 'NONE',  ( -0.3999999999999119815, 0.3149600000000000177, 1.912700000000020051 ) ) ;
#1597 = CARTESIAN_POINT ( 'NONE',  ( 0.2750000000000878964, 1.040384314865729465, -0.8514815655612691936 ) ) ;
#1598 = CARTESIAN_POINT ( 'NONE',  ( -2.056340630042753137, 1.085000000000000187, -0.9190029851453860310 ) ) ;
#1599 = ORIENTED_EDGE ( 'NONE', *, *, #4802, .F. ) ;
#1600 = VECTOR ( 'NONE', #1285, 1000.000000000000000 ) ;
#1601 = CARTESIAN_POINT ( 'NONE',  ( -0.1849850302615889952, 0.7597945045706930856, -0.4174990291341201254 ) ) ;
#1602 = ADVANCED_FACE ( 'NONE', ( #3347 ), #1302, .T. ) ;
#1603 = VERTEX_POINT ( 'NONE', #2152 ) ;
#1604 = CARTESIAN_POINT ( 'NONE',  ( 0.4410542485385600675, 1.036000000000000032, -0.8506606302199869463 ) ) ;
#1605 = VERTEX_POINT ( 'NONE', #2952 ) ;
#1606 = FACE_BOUND ( 'NONE', #3141, .T. ) ;
#1607 = CARTESIAN_POINT ( 'NONE',  ( 0.001196751274854080272, 0.7339999999999999858, -0.8999991048659591319 ) ) ;
#1608 = VECTOR ( 'NONE', #3448, 1000.000000000000000 ) ;
#1609 = CARTESIAN_POINT ( 'NONE',  ( 0.3175053580751257543, 0.1770000000000000739, -0.2869833747329184614 ) ) ;
#1610 = DIRECTION ( 'NONE',  ( 1.000000000000000000, 0.000000000000000000, 0.000000000000000000 ) ) ;
#1611 = EDGE_CURVE ( 'NONE', #2545, #2129, #3300, .T. ) ;
#1612 = AXIS2_PLACEMENT_3D ( 'NONE', #1668, #4892, #5302 ) ;
#1613 = CARTESIAN_POINT ( 'NONE',  ( -1.799999999999909894, 0.3175000000000000044, 1.900000000000019673 ) ) ;
#1614 = CARTESIAN_POINT ( 'NONE',  ( 0.8750000000000890399, -0.005080000000000000314, 1.012700000000019918 ) ) ;
#1615 = VERTEX_POINT ( 'NONE', #2097 ) ;
#1616 = VECTOR ( 'NONE', #5357, 1000.000000000000000 ) ;
#1617 = LINE ( 'NONE', #4514, #391 ) ;
#1618 = PLANE ( 'NONE',  #3380 ) ;
#1619 =( BOUNDED_CURVE ( )  B_SPLINE_CURVE ( 3, ( #663, #1022, #610, #3123 ),
 .UNSPECIFIED., .F., .F. ) 
 B_SPLINE_CURVE_WITH_KNOTS ( ( 4, 4 ),
 ( 0.000000000000000000, 1.000000000000000000 ),
 .UNSPECIFIED. ) 
 CURVE ( )  GEOMETRIC_REPRESENTATION_ITEM ( )  RATIONAL_B_SPLINE_CURVE ( ( 1.714496890614187308, 1.453542054544979756, 1.286657601081636404, 1.213843530224143041 ) ) 
 REPRESENTATION_ITEM ( '' )  );
#1620 = VERTEX_POINT ( 'NONE', #1919 ) ;
#1621 = LINE ( 'NONE', #2499, #1105 ) ;
#1622 = VECTOR ( 'NONE', #2581, 1000.000000000000000 ) ;
#1623 = EDGE_CURVE ( 'NONE', #316, #118, #2381, .T. ) ;
#1624 = CARTESIAN_POINT ( 'NONE',  ( -0.7299999999999119416, 0.2000000000000000111, -1.049999999999980060 ) ) ;
#1625 = ORIENTED_EDGE ( 'NONE', *, *, #4519, .F. ) ;
#1626 = CARTESIAN_POINT ( 'NONE',  ( 8.684459401608890516E-14, 0.6350000000000168843, 1.850000000000024736 ) ) ;
#1627 = MECHANICAL_DESIGN_GEOMETRIC_PRESENTATION_REPRESENTATION (  '', ( #752 ), #4942 ) ;
#1628 = ORIENTED_EDGE ( 'NONE', *, *, #4732, .T. ) ;
#1629 = ORIENTED_EDGE ( 'NONE', *, *, #3660, .F. ) ;
#1630 = FACE_OUTER_BOUND ( 'NONE', #2556, .T. ) ;
#1631 = CARTESIAN_POINT ( 'NONE',  ( -0.4353752552854619484, 0.7057692263101751351, 0.6571716985369140396 ) ) ;
#1632 = ORIENTED_EDGE ( 'NONE', *, *, #672, .T. ) ;
#1633 = CARTESIAN_POINT ( 'NONE',  ( 0.6342617048195080542, 1.033860492207939963, -0.5789656600476560389 ) ) ;
#1634 = LINE ( 'NONE', #346, #579 ) ;
#1635 = ORIENTED_EDGE ( 'NONE', *, *, #4059, .F. ) ;
#1636 = CARTESIAN_POINT ( 'NONE',  ( -0.5455072046213099712, 0.1000038686905520002, 0.2212568715006880404 ) ) ;
#1637 = EDGE_CURVE ( 'NONE', #871, #4635, #5246, .T. ) ;
#1638 = LINE ( 'NONE', #493, #1860 ) ;
#1639 = AXIS2_PLACEMENT_3D ( 'NONE', #356, #3689, #4075 ) ;
#1640 = ORIENTED_EDGE ( 'NONE', *, *, #815, .T. ) ;
#1641 = CARTESIAN_POINT ( 'NONE',  ( 0.2750000000000877853, 1.110554996922022086, -0.8347114869808394122 ) ) ;
#1642 = VECTOR ( 'NONE', #1825, 1000.000000000000000 ) ;
#1643 = DIRECTION ( 'NONE',  ( 1.000000000000000000, 0.000000000000000000, 0.000000000000000000 ) ) ;
#1644 = FACE_OUTER_BOUND ( 'NONE', #3761, .T. ) ;
#1645 = FACE_OUTER_BOUND ( 'NONE', #2077, .T. ) ;
#1646 = CARTESIAN_POINT ( 'NONE',  ( -0.7137274326897899979, 1.093499400003510091, -0.3282201922989210208 ) ) ;
#1647 = ORIENTED_EDGE ( 'NONE', *, *, #929, .F. ) ;
#1648 = CARTESIAN_POINT ( 'NONE',  ( 0.4565285516145229927, -0.01669986628942519979, -0.09998691833028569564 ) ) ;
#1649 = DIRECTION ( 'NONE',  ( -0.000000000000000000, -0.000000000000000000, 1.000000000000000000 ) ) ;
#1650 = PRODUCT ( 'tc33x-2-104e', 'tc33x-2-104e', '', ( #2387 ) ) ;
#1651 = VERTEX_POINT ( 'NONE', #5301 ) ;
#1652 = CARTESIAN_POINT ( 'NONE',  ( -0.7299999999998932898, 0.1999999999999999833, -0.09999999999997008504 ) ) ;
#1653 = ADVANCED_FACE ( 'NONE', ( #1192 ), #1530, .F. ) ;
#1654 = VERTEX_POINT ( 'NONE', #350 ) ;
#1655 = SURFACE_SIDE_STYLE ('',( #867 ) ) ;
#1656 = EDGE_CURVE ( 'NONE', #3407, #571, #2651, .T. ) ;
#1657 = ORIENTED_EDGE ( 'NONE', *, *, #2532, .F. ) ;
#1658 = ORIENTED_EDGE ( 'NONE', *, *, #2916, .T. ) ;
#1659 = CARTESIAN_POINT ( 'NONE',  ( -0.5999999999998179012, -0.005080000000000000314, 1.112700000000019784 ) ) ;
#1660 = ADVANCED_FACE ( 'NONE', ( #3224 ), #1503, .F. ) ;
#1661 = DIRECTION ( 'NONE',  ( 0.000000000000000000, 0.000000000000000000, -1.000000000000000000 ) ) ;
#1662 = ORIENTED_EDGE ( 'NONE', *, *, #4325, .F. ) ;
#1663 = CARTESIAN_POINT ( 'NONE',  ( 0.5160148121923141540, 1.085000000000000187, -0.7767350095164450297 ) ) ;
#1664 = CARTESIAN_POINT ( 'NONE',  ( 8.892619477656341881E-14, 0.7350000000000025402, 0.6500000000000267786 ) ) ;
#1665 = VERTEX_POINT ( 'NONE', #2024 ) ;
#1666 = CARTESIAN_POINT ( 'NONE',  ( 0.7300000000000879119, 0.1999999999999693689, -1.049999999999949418 ) ) ;
#1667 = VERTEX_POINT ( 'NONE', #1581 ) ;
#1668 = CARTESIAN_POINT ( 'NONE',  ( 1.364804006944810189, 0.02032000000039236795, 1.874599999999976729 ) ) ;
#1669 = VECTOR ( 'NONE', #455, 1000.000000000000000 ) ;
#1670 = SURFACE_SIDE_STYLE ('',( #2437 ) ) ;
#1671 = DIRECTION ( 'NONE',  ( 0.000000000000000000, 1.000000000000000000, 0.000000000000000000 ) ) ;
#1672 = EDGE_CURVE ( 'NONE', #2877, #3114, #2773, .T. ) ;
#1673 = CARTESIAN_POINT ( 'NONE',  ( 0.7306430134142299915, 0.1329999999999909865, 0.3292928019108130044 ) ) ;
#1674 = B_SPLINE_CURVE_WITH_KNOTS ( 'NONE', 3,
 ( #2228, #3483, #4720, #1001, #3867, #116, #1795, #615, #2282, #5128, #3457, #197, #1378, #1771, #3055, #4771 ),
 .UNSPECIFIED., .F., .F.,
 ( 4, 3, 3, 3, 3, 4 ),
 ( 1.084202172485504434E-19, 1.860882655072222645E-05, 3.724439541337136862E-05, 5.540656873442358782E-05, 7.251608683242362471E-05, 8.048010071150612610E-05 ),
 .UNSPECIFIED. ) ;
#1675 = CARTESIAN_POINT ( 'NONE',  ( 0.3178191561342497695, 0.09999999999999999167, -0.6454950494212031709 ) ) ;
#1676 = CARTESIAN_POINT ( 'NONE',  ( 0.3174999999863578615, 0.6849985898234416393, -0.09999999999953100571 ) ) ;
#1677 = ORIENTED_EDGE ( 'NONE', *, *, #295, .F. ) ;
#1678 = CARTESIAN_POINT ( 'NONE',  ( -1.350939692620759969, 0.6340000000000000080, 0.8417018364025889987 ) ) ;
#1679 = DIRECTION ( 'NONE',  ( 0.000000000000000000, -1.000000000000000000, 0.000000000000000000 ) ) ;
#1680 = ORIENTED_EDGE ( 'NONE', *, *, #449, .T. ) ;
#1681 = CARTESIAN_POINT ( 'NONE',  ( 8.807152055815741149E-14, 0.8849999999999652589, -0.8499999999999725553 ) ) ;
#1682 = LINE ( 'NONE', #5391, #3563 ) ;
#1683 = VERTEX_POINT ( 'NONE', #3683 ) ;
#1684 = EDGE_CURVE ( 'NONE', #142, #915, #4531, .T. ) ;
#1685 = EDGE_LOOP ( 'NONE', ( #473, #1629, #372, #2375 ) ) ;
#1686 = CARTESIAN_POINT ( 'NONE',  ( -1.349999999999909939, 0.3174999999999999489, 1.900000000000019895 ) ) ;
#1687 = CARTESIAN_POINT ( 'NONE',  ( 0.3329740725285222358, 0.6849999999999984990, -0.6715000000559733229 ) ) ;
#1688 = VERTEX_POINT ( 'NONE', #789 ) ;
#1689 = CARTESIAN_POINT ( 'NONE',  ( 0.5988970558278408074, 1.084999999999999964, -0.7031751873263667463 ) ) ;
#1690 = VECTOR ( 'NONE', #4631, 1000.000000000000000 ) ;
#1691 = CARTESIAN_POINT ( 'NONE',  ( 0.4636748597800306460, 0.6850000000000000533, -0.6266823652765293184 ) ) ;
#1692 = EDGE_LOOP ( 'NONE', ( #1513, #2619, #4108, #1950, #1544 ) ) ;
#1693 = LINE ( 'NONE', #3356, #4342 ) ;
#1694 = CARTESIAN_POINT ( 'NONE',  ( -0.2320254396227600102, 1.093499357084900092, 0.6124990785471969845 ) ) ;
#1695 = ORIENTED_EDGE ( 'NONE', *, *, #1961, .T. ) ;
#1696 = CARTESIAN_POINT ( 'NONE',  ( 8.689880412471318039E-14, 0.5849999999999998535, 1.899999999999944844 ) ) ;
#1697 = SURFACE_STYLE_USAGE ( .BOTH. , #1670 ) ;
#1698 = LINE ( 'NONE', #437, #4129 ) ;
#1699 = CARTESIAN_POINT ( 'NONE',  ( 2.690470087923256662E-13, 0.6476999999999898394, 0.3500000000000489386 ) ) ;
#1700 = CARTESIAN_POINT ( 'NONE',  ( 0.9738821434238892349, 0.8850000000000001199, 0.1750000000000200007 ) ) ;
#1701 = VECTOR ( 'NONE', #2757, 1000.000000000000000 ) ;
#1702 = CARTESIAN_POINT ( 'NONE',  ( -1.349999999999910383, 0.02031999999955226913, 1.874600000000052225 ) ) ;
#1703 = ORIENTED_EDGE ( 'NONE', *, *, #3357, .T. ) ;
#1704 = FILL_AREA_STYLE_COLOUR ( '', #219 ) ;
#1705 = CARTESIAN_POINT ( 'NONE',  ( -0.2749999999999119815, 1.135000000000000009, -1.073882143423779967 ) ) ;
#1706 = EDGE_CURVE ( 'NONE', #1080, #77, #806, .T. ) ;
#1707 = CIRCLE ( 'NONE', #2584, 0.5000000000004137801 ) ;
#1708 = ORIENTED_EDGE ( 'NONE', *, *, #2312, .F. ) ;
#1709 = DIRECTION ( 'NONE',  ( -0.000000000000000000, -1.000000000000000000, -0.000000000000000000 ) ) ;
#1710 = ORIENTED_EDGE ( 'NONE', *, *, #3662, .F. ) ;
#1711 = PLANE ( 'NONE',  #3115 ) ;
#1712 = CARTESIAN_POINT ( 'NONE',  ( -0.2749999999999119815, 1.084999999999999964, -1.349999999999980327 ) ) ;
#1713 = VERTEX_POINT ( 'NONE', #4067 ) ;
#1714 = CARTESIAN_POINT ( 'NONE',  ( -0.8000007863405259600, 0.6764214516330991911, 0.3661058965752380656 ) ) ;
#1715 = PRESENTATION_LAYER_ASSIGNMENT (  '', '', ( #2948 ) ) ;
#1716 = CARTESIAN_POINT ( 'NONE',  ( -1.038391059959839895E-05, 0.6764214516330989690, 0.7000007862732330333 ) ) ;
#1717 = ORIENTED_EDGE ( 'NONE', *, *, #126, .T. ) ;
#1718 = PLANE ( 'NONE',  #2635 ) ;
#1719 = ORIENTED_EDGE ( 'NONE', *, *, #3325, .F. ) ;
#1720 = CARTESIAN_POINT ( 'NONE',  ( 0.7268379807915315016, 1.084999999999999742, -0.5409392925883238501 ) ) ;
#1721 = CARTESIAN_POINT ( 'NONE',  ( 8.798300629719868482E-14, 0.1000000000000000056, -1.799999999999980060 ) ) ;
#1722 = ORIENTED_EDGE ( 'NONE', *, *, #3249, .F. ) ;
#1723 = EDGE_CURVE ( 'NONE', #3577, #4203, #1942, .T. ) ;
#1724 = CARTESIAN_POINT ( 'NONE',  ( -6.542427726746704671E-06, 0.6447625194759786238, -0.8511835685964517229 ) ) ;
#1725 = AXIS2_PLACEMENT_3D ( 'NONE', #645, #4882, #2790 ) ;
#1726 = DIRECTION ( 'NONE',  ( -0.000000000000000000, -0.000000000000000000, -1.000000000000000000 ) ) ;
#1727 = ORIENTED_EDGE ( 'NONE', *, *, #753, .F. ) ;
#1728 = AXIS2_PLACEMENT_3D ( 'NONE', #1430, #675, #1034 ) ;
#1729 = DIRECTION ( 'NONE',  ( -8.673617379910850432E-15, -1.000000000000000000, 0.000000000000000000 ) ) ;
#1730 = EDGE_CURVE ( 'NONE', #1183, #2789, #1092, .T. ) ;
#1731 = COLOUR_RGB ( '',1.000000000000000000, 1.000000000000000000, 1.000000000000000000 ) ;
#1732 = ADVANCED_FACE ( 'NONE', ( #2001 ), #2539, .F. ) ;
#1733 = CARTESIAN_POINT ( 'NONE',  ( 0.7556372338250506582, 1.124633430746649232, 0.1750000000036770198 ) ) ;
#1734 = ADVANCED_FACE ( 'NONE', ( #1971 ), #2155, .F. ) ;
#1735 = DIRECTION ( 'NONE',  ( -0.000000000000000000, -1.000000000000000000, -0.000000000000000000 ) ) ;
#1736 = DIRECTION ( 'NONE',  ( 1.000000000000000000, 0.000000000000000000, 0.000000000000000000 ) ) ;
#1737 = STYLED_ITEM ( 'NONE', ( #4194 ), #3605 ) ;
#1738 = CARTESIAN_POINT ( 'NONE',  ( -0.5655537806766872677, 0.6350000000000001199, -0.5235362630493582969 ) ) ;
#1739 = DIRECTION ( 'NONE',  ( 1.000000000000000000, 0.000000000000000000, 0.000000000000000000 ) ) ;
#1740 = CARTESIAN_POINT ( 'NONE',  ( -0.3999999999999119815, 0.5973000000000000531, 1.900000000000019673 ) ) ;
#1741 = VERTEX_POINT ( 'NONE', #1666 ) ;
#1742 = DIRECTION ( 'NONE',  ( 1.000000000000000000, -2.333646937971015559E-15, 6.092980583483539501E-17 ) ) ;
#1743 = DIRECTION ( 'NONE',  ( -0.000000000000000000, 0.000000000000000000, 1.000000000000000000 ) ) ;
#1744 = ORIENTED_EDGE ( 'NONE', *, *, #5309, .T. ) ;
#1745 =( BOUNDED_CURVE ( )  B_SPLINE_CURVE ( 3, ( #1126, #4822, #4796, #4846 ),
 .UNSPECIFIED., .F., .T. ) 
 B_SPLINE_CURVE_WITH_KNOTS ( ( 4, 4 ),
 ( 4.082708646800557530E-18, 0.0002792877797087970639 ),
 .UNSPECIFIED. ) 
 CURVE ( )  GEOMETRIC_REPRESENTATION_ITEM ( )  RATIONAL_B_SPLINE_CURVE ( ( 1.041743049354969308, 1.067842689805917900, 1.106181336070900301, 1.156758988149916734 ) ) 
 REPRESENTATION_ITEM ( '' )  );
#1746 = FACE_OUTER_BOUND ( 'NONE', #2681, .T. ) ;
#1747 = EDGE_CURVE ( 'NONE', #700, #207, #2487, .T. ) ;
#1748 = ADVANCED_FACE ( 'NONE', ( #2162 ), #2906, .T. ) ;
#1749 = ORIENTED_EDGE ( 'NONE', *, *, #16, .T. ) ;
#1750 = FACE_OUTER_BOUND ( 'NONE', #3697, .T. ) ;
#1751 = CARTESIAN_POINT ( 'NONE',  ( 6.033819659966620574E-14, 0.7350000000000318501, -0.7999999999999614086 ) ) ;
#1752 = CARTESIAN_POINT ( 'NONE',  ( 0.7159666952827832276, 1.084999999999999742, -0.5583565452696807041 ) ) ;
#1753 = CARTESIAN_POINT ( 'NONE',  ( 0.2810282655131697283, 0.6850000000000001643, -0.7414850678830420261 ) ) ;
#1754 = EDGE_LOOP ( 'NONE', ( #291, #5278, #3853, #3841, #3777 ) ) ;
#1755 = CARTESIAN_POINT ( 'NONE',  ( -0.4565362561679749964, -0.01669986628942530388, 0.1688606275786380118 ) ) ;
#1756 = CARTESIAN_POINT ( 'NONE',  ( -0.2750000000009207302, 1.034999999999999920, -0.7977642868471949145 ) ) ;
#1757 = VERTEX_POINT ( 'NONE', #3707 ) ;
#1758 = B_SPLINE_CURVE_WITH_KNOTS ( 'NONE', 3,
 ( #3943, #1823, #977, #5104, #2622, #5182, #3058, #1406, #4751, #3008, #1773, #3459, #5130, #3108, #4775, #540 ),
 .UNSPECIFIED., .F., .F.,
 ( 4, 3, 3, 3, 3, 4 ),
 ( 2.168404344971008868E-19, 1.860882655072405604E-05, 3.724439541337505491E-05, 5.540656873443106881E-05, 7.251608683243408726E-05, 8.048010071150532650E-05 ),
 .UNSPECIFIED. ) ;
#1759 = FACE_OUTER_BOUND ( 'NONE', #4166, .T. ) ;
#1760 = LINE ( 'NONE', #5088, #792 ) ;
#1761 = DIRECTION ( 'NONE',  ( -1.000000000000000000, -0.000000000000000000, -0.000000000000000000 ) ) ;
#1762 = CARTESIAN_POINT ( 'NONE',  ( 0.2750000000000880074, 1.084999999999999964, 1.150000000000019895 ) ) ;
#1763 = DIRECTION ( 'NONE',  ( 1.000000000000000000, -0.000000000000000000, 0.000000000000000000 ) ) ;
#1764 = EDGE_CURVE ( 'NONE', #2585, #464, #4741, .T. ) ;
#1765 = CARTESIAN_POINT ( 'NONE',  ( 0.3174999999840420473, 0.6849983515546670398, -0.1000041211133340102 ) ) ;
#1766 = CARTESIAN_POINT ( 'NONE',  ( -0.7999999999999447553, 0.7350000000000002087, -0.09999999999998013256 ) ) ;
#1767 = CARTESIAN_POINT ( 'NONE',  ( 8.668980248502740918E-14, 0.7350000000000030953, -0.8499999999999866551 ) ) ;
#1768 = LINE ( 'NONE', #5047, #747 ) ;
#1769 = CARTESIAN_POINT ( 'NONE',  ( -0.4410542485383780464, 0.9353333333332719546, -0.8506606302199920533 ) ) ;
#1770 = ORIENTED_EDGE ( 'NONE', *, *, #591, .F. ) ;
#1771 = CARTESIAN_POINT ( 'NONE',  ( -0.2749999999999120370, 1.040384314850518077, -0.8514815655599513589 ) ) ;
#1772 = CARTESIAN_POINT ( 'NONE',  ( -9.846255098810990456E-06, 0.6349992136593850534, -0.8585785483029709786 ) ) ;
#1773 = CARTESIAN_POINT ( 'NONE',  ( 0.2750000000135008893, 1.054166816698629328, 0.6549536877014090486 ) ) ;
#1774 =( BOUNDED_SURFACE ( )  B_SPLINE_SURFACE ( 3, 3, ( 
 ( #1331, #3007, #4670, #2193 ),
 ( #2521, #2168, #2968, #3798 ),
 ( #4626, #3367, #2111, #3419 ),
 ( #3396, #2492, #2549, #4243 ),
 ( #4154, #4565, #497, #4654 ),
 ( #3855, #1673, #4212, #908 ),
 ( #2576, #824, #2910, #3830 ) ),
 .UNSPECIFIED., .F., .F., .T. ) 
 B_SPLINE_SURFACE_WITH_KNOTS ( ( 4, 3, 4 ),
 ( 4, 4 ),
 ( 0.04153217745765080265, 1.000000000000000000, 1.958467822542349968 ),
 ( -0.0009999999999999210909, 0.1009999999999929982 ),
 .UNSPECIFIED. ) 
 GEOMETRIC_REPRESENTATION_ITEM ( )  RATIONAL_B_SPLINE_SURFACE ( (
 ( 1.157445070597149961, 1.157445070597149961, 1.157445070597149961, 1.157445070597149961),
 ( 0.9380097739191799455, 0.9380097739191799455, 0.9380097739191799455, 0.9380097739191799455),
 ( 0.9479489945514629756, 0.9479489945514629756, 0.9479489945514629756, 0.9479489945514629756),
 ( 1.187262732493999939, 1.187262732493999939, 1.187262732493999939, 1.187262732493999939),
 ( 0.9479489945514629756, 0.9479489945514629756, 0.9479489945514629756, 0.9479489945514629756),
 ( 0.9380097739191799455, 0.9380097739191799455, 0.9380097739191799455, 0.9380097739191799455),
 ( 1.157445070597149961, 1.157445070597149961, 1.157445070597149961, 1.157445070597149961) ) ) 
 REPRESENTATION_ITEM ( '' )  SURFACE ( )  );
#1775 = DIRECTION ( 'NONE',  ( 0.000000000000000000, 0.000000000000000000, -1.000000000000000000 ) ) ;
#1776 = CARTESIAN_POINT ( 'NONE',  ( 0.2181600193698511048, 0.6850000000000001643, 0.5655179864311112858 ) ) ;
#1777 = CARTESIAN_POINT ( 'NONE',  ( -0.001196751274677779892, 0.7339999999999999858, -0.8999991048659591319 ) ) ;
#1778 = EDGE_CURVE ( 'NONE', #3374, #74, #4999, .T. ) ;
#1779 = CARTESIAN_POINT ( 'NONE',  ( 0.7608846197610200646, 1.064308004865067714, -0.3750000000126221256 ) ) ;
#1780 = ORIENTED_EDGE ( 'NONE', *, *, #3191, .T. ) ;
#1781 = CARTESIAN_POINT ( 'NONE',  ( -0.5984391845731485970, 1.135000000000000009, 0.5046835085210626959 ) ) ;
#1782 = STYLED_ITEM ( 'NONE', ( #294 ), #994 ) ;
#1783 = CARTESIAN_POINT ( 'NONE',  ( -2.106275777884670131, 1.135999999999980137, 0.3129411384691550557 ) ) ;
#1784 = FACE_OUTER_BOUND ( 'NONE', #2290, .T. ) ;
#1785 = CARTESIAN_POINT ( 'NONE',  ( 0.2750000000000880074, 1.010000000000000009, -0.7977642868475800508 ) ) ;
#1786 = CARTESIAN_POINT ( 'NONE',  ( 0.6000000000000412781, -0.01778000000000000413, 1.012699999999996603 ) ) ;
#1787 = EDGE_CURVE ( 'NONE', #4000, #8, #1638, .T. ) ;
#1788 = CARTESIAN_POINT ( 'NONE',  ( 0.5715053395985419948, 0.7597945045706788747, 0.2365758422897240032 ) ) ;
#1789 = CARTESIAN_POINT ( 'NONE',  ( -0.5792280697995634275, 1.134999999999999787, -0.7221080252708433900 ) ) ;
#1790 = ORIENTED_EDGE ( 'NONE', *, *, #2808, .T. ) ;
#1791 = CARTESIAN_POINT ( 'NONE',  ( 8.988036009904831758E-14, 0.6350000000000000089, -1.599999999999981215 ) ) ;
#1792 = LINE ( 'NONE', #3026, #3793 ) ;
#1793 = ORIENTED_EDGE ( 'NONE', *, *, #20, .T. ) ;
#1794 = ADVANCED_FACE ( 'NONE', ( #5058 ), #2720, .T. ) ;
#1795 = CARTESIAN_POINT ( 'NONE',  ( -0.2749999999999119260, 1.072840046728421592, -0.8696643875681089320 ) ) ;
#1796 = MECHANICAL_DESIGN_GEOMETRIC_PRESENTATION_REPRESENTATION (  '', ( #4237 ), #4925 ) ;
#1797 = CARTESIAN_POINT ( 'NONE',  ( -1.038391059982049946E-05, 0.6764214516330989690, -0.9000007862731921326 ) ) ;
#1798 = EDGE_CURVE ( 'NONE', #2458, #3230, #941, .T. ) ;
#1799 = CARTESIAN_POINT ( 'NONE',  ( -0.2750000000019149349, 1.040200614809631885, 0.5977642868473426185 ) ) ;
#1800 = CARTESIAN_POINT ( 'NONE',  ( 1.800000000000089750, 0.000000000000000000, 1.850000000000125322 ) ) ;
#1801 = AXIS2_PLACEMENT_3D ( 'NONE', #1319, #503, #609 ) ;
#1802 = CARTESIAN_POINT ( 'NONE',  ( 0.7980824549235654430, 1.084999999999901377, -0.3749999999999798495 ) ) ;
#1803 = ORIENTED_EDGE ( 'NONE', *, *, #1147, .T. ) ;
#1804 = VECTOR ( 'NONE', #3110, 1000.000000000000000 ) ;
#1805 = CARTESIAN_POINT ( 'NONE',  ( 0.7500000000000880407, 1.036000000000000032, -0.5375404864067260258 ) ) ;
#1806 = ORIENTED_EDGE ( 'NONE', *, *, #1248, .T. ) ;
#1807 = VECTOR ( 'NONE', #2918, 1000.000000000000000 ) ;
#1808 = CARTESIAN_POINT ( 'NONE',  ( -2.058132317750750229, 1.084000000000020281, -0.9216907394351788740 ) ) ;
#1809 = CARTESIAN_POINT ( 'NONE',  ( -0.7512489600658469602, 1.035000000000070086, 0.1750000000000310196 ) ) ;
#1810 = DIRECTION ( 'NONE',  ( 1.000000000000000000, 0.000000000000000000, 0.000000000000000000 ) ) ;
#1811 = DIRECTION ( 'NONE',  ( -0.000000000000000000, -0.000000000000000000, -1.000000000000000000 ) ) ;
#1812 = CARTESIAN_POINT ( 'NONE',  ( -0.1849850302098679788, 0.7597945045706938627, 0.2174990291964170042 ) ) ;
#1813 = CARTESIAN_POINT ( 'NONE',  ( -0.8042853971072658759, 1.135000000000130349, -0.3749999999999989453 ) ) ;
#1814 = LINE ( 'NONE', #3074, #1869 ) ;
#1815 = ORIENTED_EDGE ( 'NONE', *, *, #3752, .T. ) ;
#1816 = CIRCLE ( 'NONE', #2079, 0.1269999999999903428 ) ;
#1817 = CARTESIAN_POINT ( 'NONE',  ( -0.6789745355614359434, 0.6850000000000000533, 0.07194725806761463616 ) ) ;
#1818 = CARTESIAN_POINT ( 'NONE',  ( 0.4636697300048781001, 0.6350000000000001199, 0.4266851266891918404 ) ) ;
#1819 = CARTESIAN_POINT ( 'NONE',  ( 0.001121954320181250096, 0.7339999999999999858, 0.6499991608118790287 ) ) ;
#1820 = VERTEX_POINT ( 'NONE', #4288 ) ;
#1821 = DIRECTION ( 'NONE',  ( -0.000000000000000000, -0.000000000000000000, 1.000000000000000000 ) ) ;
#1822 = CARTESIAN_POINT ( 'NONE',  ( 0.4467520212879519947, 0.6349992136593851644, 0.6585843472164649715 ) ) ;
#1823 = CARTESIAN_POINT ( 'NONE',  ( 0.2750000000000880074, 1.084999999995121422, 0.6980824548805881768 ) ) ;
#1824 = EDGE_CURVE ( 'NONE', #810, #760, #5109, .T. ) ;
#1825 = DIRECTION ( 'NONE',  ( 1.000000000000000000, -0.000000000000000000, -0.000000000000000000 ) ) ;
#1826 = CARTESIAN_POINT ( 'NONE',  ( 0.3174984271628270016, 0.1748951871637630107, -0.1009993744051579934 ) ) ;
#1827 = ADVANCED_FACE ( 'NONE', ( #959 ), #1854, .F. ) ;
#1828 = CARTESIAN_POINT ( 'NONE',  ( 0.4704578651077480633, 0.9353333333332719546, -0.9007046722347420431 ) ) ;
#1829 = CARTESIAN_POINT ( 'NONE',  ( 0.2750000000010965895, 1.034999999999999476, 0.5977642868472344828 ) ) ;
#1830 = ORIENTED_EDGE ( 'NONE', *, *, #1961, .F. ) ;
#1831 = CARTESIAN_POINT ( 'NONE',  ( 1.296183384699090002, 1.084000000000000075, 1.150000000000019895 ) ) ;
#1832 = VERTEX_POINT ( 'NONE', #3925 ) ;
#1833 = CARTESIAN_POINT ( 'NONE',  ( 0.8951833846989873944, 1.134999999999999787, -0.1295090612753300729 ) ) ;
#1834 = CARTESIAN_POINT ( 'NONE',  ( -0.5864469611375102698, 1.085000000000000187, 0.5153011027454197368 ) ) ;
#1835 = DIRECTION ( 'NONE',  ( 1.000000000000000000, 0.000000000000000000, 0.000000000000000000 ) ) ;
#1836 = CARTESIAN_POINT ( 'NONE',  ( 8.832363197406904263E-14, 0.6350000000085561647, -0.7999987205234633247 ) ) ;
#1837 = EDGE_CURVE ( 'NONE', #3003, #4032, #2638, .T. ) ;
#1838 =( NAMED_UNIT ( * ) SI_UNIT ( $, .STERADIAN. ) SOLID_ANGLE_UNIT ( ) );
#1839 = CARTESIAN_POINT ( 'NONE',  ( -0.3180883206419120590, 0.1748951871637640376, -0.2864081188575030579 ) ) ;
#1840 = SURFACE_STYLE_USAGE ( .BOTH. , #3994 ) ;
#1841 = ORIENTED_EDGE ( 'NONE', *, *, #1730, .T. ) ;
#1842 = DIRECTION ( 'NONE',  ( -0.000000000000000000, -1.000000000000000000, -0.000000000000000000 ) ) ;
#1843 = CARTESIAN_POINT ( 'NONE',  ( -0.2749999999999119815, 1.135000000000000009, 0.8738821434238199792 ) ) ;
#1844 = PRESENTATION_STYLE_ASSIGNMENT (( #2178 ) ) ;
#1845 = VERTEX_POINT ( 'NONE', #982 ) ;
#1846 = DIRECTION ( 'NONE',  ( 0.000000000000000000, 0.000000000000000000, -1.000000000000000000 ) ) ;
#1847 = DIRECTION ( 'NONE',  ( -1.000000000000000000, -0.000000000000000000, -0.000000000000000000 ) ) ;
#1848 = ORIENTED_EDGE ( 'NONE', *, *, #1029, .F. ) ;
#1849 = CARTESIAN_POINT ( 'NONE',  ( -0.2750000000015567214, 1.081896843924820883, 0.6859371315601150432 ) ) ;
#1850 = LINE ( 'NONE', #2672, #2431 ) ;
#1851 = CARTESIAN_POINT ( 'NONE',  ( -0.3522938510193291406, 1.084999999999999964, -1.614808458937980085 ) ) ;
#1852 = CARTESIAN_POINT ( 'NONE',  ( 1.292688350141889986, 1.118666666666850107, 1.152580069060040069 ) ) ;
#1853 = EDGE_CURVE ( 'NONE', #1113, #4982, #2902, .T. ) ;
#1854 = CYLINDRICAL_SURFACE ( 'NONE', #101, 0.8499999999999332534 ) ;
#1855 = ORIENTED_EDGE ( 'NONE', *, *, #4364, .F. ) ;
#1856 = AXIS2_PLACEMENT_3D ( 'NONE', #4558, #4178, #2133 ) ;
#1857 = LINE ( 'NONE', #5141, #4678 ) ;
#1858 = VERTEX_POINT ( 'NONE', #3851 ) ;
#1859 = EDGE_CURVE ( 'NONE', #256, #293, #2602, .T. ) ;
#1860 = VECTOR ( 'NONE', #3392, 1000.000000000000000 ) ;
#1861 = CIRCLE ( 'NONE', #4913, 0.8499999999999285905 ) ;
#1862 = CARTESIAN_POINT ( 'NONE',  ( -0.4350783856451390097, 0.7358504847289409900, -0.8566554053230119870 ) ) ;
#1863 = UNCERTAINTY_MEASURE_WITH_UNIT (LENGTH_MEASURE( 1.000000000000000082E-05 ), #3436, 'distance_accuracy_value', 'NONE');
#1864 = LINE ( 'NONE', #2043, #2964 ) ;
#1865 = CARTESIAN_POINT ( 'NONE',  ( 0.4000000000000880074, 0.03515999999999999681, 1.900000000000019673 ) ) ;
#1866 = CARTESIAN_POINT ( 'NONE',  ( 0.2377458540492147498, 0.6350000000000000089, -0.7588121499819543425 ) ) ;
#1867 = DIRECTION ( 'NONE',  ( -0.000000000000000000, -0.000000000000000000, -1.000000000000000000 ) ) ;
#1868 = CARTESIAN_POINT ( 'NONE',  ( 8.815170815523740407E-14, 0.6871048128362360341, -0.4174999999999799982 ) ) ;
#1869 = VECTOR ( 'NONE', #2640, 1000.000000000000000 ) ;
#1870 = ORIENTED_EDGE ( 'NONE', *, *, #2473, .F. ) ;
#1871 = LINE ( 'NONE', #249, #2515 ) ;
#1872 =( NAMED_UNIT ( * ) SI_UNIT ( $, .STERADIAN. ) SOLID_ANGLE_UNIT ( ) );
#1873 = LINE ( 'NONE', #1376, #3880 ) ;
#1874 = EDGE_LOOP ( 'NONE', ( #4316, #4262, #5252, #386, #1888 ) ) ;
#1875 = LINE ( 'NONE', #143, #109 ) ;
#1876 = ORIENTED_EDGE ( 'NONE', *, *, #3246, .F. ) ;
#1877 = ORIENTED_EDGE ( 'NONE', *, *, #5293, .F. ) ;
#1878 = LINE ( 'NONE', #3543, #2500 ) ;
#1879 = VECTOR ( 'NONE', #1256, 1000.000000000000000 ) ;
#1880 = DIRECTION ( 'NONE',  ( 0.000000000000000000, 0.000000000000000000, 1.000000000000000000 ) ) ;
#1881 =( BOUNDED_SURFACE ( )  B_SPLINE_SURFACE ( 3, 3, ( 
 ( #5176, #3840, #1028, #3078 ),
 ( #919, #113, #1769, #90 ),
 ( #140, #1000, #2697, #3888 ),
 ( #614, #2225, #3507, #1349 ),
 ( #949, #3431, #3455, #5152 ),
 ( #5126, #1401, #2618, #4278 ),
 ( #1819, #194, #2588, #4744 ) ),
 .UNSPECIFIED., .F., .F., .T. ) 
 B_SPLINE_SURFACE_WITH_KNOTS ( ( 4, 3, 4 ),
 ( 4, 4 ),
 ( 0.04153217745764709729, 1.000000000000000000, 1.958467822542349968 ),
 ( 0.1239999999999999991, 0.4259999999999060094 ),
 .UNSPECIFIED. ) 
 GEOMETRIC_REPRESENTATION_ITEM ( )  RATIONAL_B_SPLINE_SURFACE ( (
 ( 1.157445070597149961, 1.157445070597149961, 1.157445070597149961, 1.157445070597149961),
 ( 0.9380097739191799455, 0.9380097739191799455, 0.9380097739191799455, 0.9380097739191799455),
 ( 0.9479489945514619764, 0.9479489945514619764, 0.9479489945514619764, 0.9479489945514619764),
 ( 1.187262732493999939, 1.187262732493999939, 1.187262732493999939, 1.187262732493999939),
 ( 0.9479489945514619764, 0.9479489945514619764, 0.9479489945514619764, 0.9479489945514619764),
 ( 0.9380097739191799455, 0.9380097739191799455, 0.9380097739191799455, 0.9380097739191799455),
 ( 1.157445070597149961, 1.157445070597149961, 1.157445070597149961, 1.157445070597149961) ) ) 
 REPRESENTATION_ITEM ( '' )  SURFACE ( )  );
#1882 = COLOUR_RGB ( '',1.000000000000000000, 1.000000000000000000, 1.000000000000000000 ) ;
#1883 = CARTESIAN_POINT ( 'NONE',  ( 0.2750000000004922951, 1.116582787734560211, 0.6429058708316247595 ) ) ;
#1884 = ORIENTED_EDGE ( 'NONE', *, *, #4650, .T. ) ;
#1885 = EDGE_CURVE ( 'NONE', #3603, #1688, #3546, .T. ) ;
#1886 = CARTESIAN_POINT ( 'NONE',  ( 0.4444999999626739196, 0.8119999999999999440, -0.1000057695586319823 ) ) ;
#1887 = VECTOR ( 'NONE', #4478, 1000.000000000000000 ) ;
#1888 = ORIENTED_EDGE ( 'NONE', *, *, #3425, .F. ) ;
#1889 = CARTESIAN_POINT ( 'NONE',  ( 0.6691818881759264981, 1.035000000000000364, 0.3991920087746295143 ) ) ;
#1890 = AXIS2_PLACEMENT_3D ( 'NONE', #501, #1394, #5092 ) ;
#1891 = CARTESIAN_POINT ( 'NONE',  ( -0.9738821434237104890, 1.135000000000000009, 0.1750000000000200007 ) ) ;
#1892 = EDGE_CURVE ( 'NONE', #960, #1654, #3040, .T. ) ;
#1893 = CARTESIAN_POINT ( 'NONE',  ( -0.4224999999999120015, -5.293955920339377119E-18, -1.799999999999980060 ) ) ;
#1894 = CARTESIAN_POINT ( 'NONE',  ( -0.6977642868474599469, 1.034999999999999920, 0.1750000000000848377 ) ) ;
#1895 = VECTOR ( 'NONE', #193, 1000.000000000000000 ) ;
#1896 = CARTESIAN_POINT ( 'NONE',  ( 0.3276785911103703430, 1.134999999999999787, 0.6862736159567155436 ) ) ;
#1897 = EDGE_CURVE ( 'NONE', #810, #871, #1041, .T. ) ;
#1898 = CARTESIAN_POINT ( 'NONE',  ( -0.1854929580198459993, 0.6871048128362360341, -0.4174999999999799982 ) ) ;
#1899 =( LENGTH_UNIT ( ) NAMED_UNIT ( * ) SI_UNIT ( .MILLI., .METRE. ) );
#1900 = EDGE_CURVE ( 'NONE', #2482, #4203, #206, .T. ) ;
#1901 = VERTEX_POINT ( 'NONE', #290 ) ;
#1902 = CARTESIAN_POINT ( 'NONE',  ( 0.7137274326915089562, 1.093499400003510313, 0.1282201922941390015 ) ) ;
#1903 = CARTESIAN_POINT ( 'NONE',  ( -0.3999999999999121481, 0.6096000000002167463, 1.900000000000019673 ) ) ;
#1904 = VECTOR ( 'NONE', #3893, 1000.000000000000000 ) ;
#1905 = ORIENTED_EDGE ( 'NONE', *, *, #2808, .F. ) ;
#1906 = LINE ( 'NONE', #4799, #1079 ) ;
#1907 =( GEOMETRIC_REPRESENTATION_CONTEXT ( 3 ) GLOBAL_UNCERTAINTY_ASSIGNED_CONTEXT ( ( #270 ) ) GLOBAL_UNIT_ASSIGNED_CONTEXT ( ( #2809, #1098, #3151 ) ) REPRESENTATION_CONTEXT ( 'NONE', 'WORKASPACE' ) );
#1908 = FACE_BOUND ( 'NONE', #3885, .T. ) ;
#1909 = VERTEX_POINT ( 'NONE', #5294 ) ;
#1910 = PLANE ( 'NONE',  #3983 ) ;
#1911 = CARTESIAN_POINT ( 'NONE',  ( -1.818939583681099981, 1.084999999999999964, 1.501000000000020096 ) ) ;
#1912 = AXIS2_PLACEMENT_3D ( 'NONE', #1911, #1933, #5261 ) ;
#1913 = EDGE_CURVE ( 'NONE', #3286, #1909, #408, .T. ) ;
#1914 = CARTESIAN_POINT ( 'NONE',  ( -0.3992928932188209989, -0.005080000000000000314, 1.313407106781300016 ) ) ;
#1915 = CARTESIAN_POINT ( 'NONE',  ( -0.5715053395983828999, 0.7597945045706778755, -0.4365758422896679480 ) ) ;
#1916 = ORIENTED_EDGE ( 'NONE', *, *, #591, .T. ) ;
#1917 = DIRECTION ( 'NONE',  ( 0.000000000000000000, 0.000000000000000000, 1.000000000000000000 ) ) ;
#1918 = ORIENTED_EDGE ( 'NONE', *, *, #4706, .T. ) ;
#1919 = CARTESIAN_POINT ( 'NONE',  ( 0.4000000000000880074, -0.005080000000000179858, 1.874600000000030908 ) ) ;
#1920 = CARTESIAN_POINT ( 'NONE',  ( 0.7300000000000880229, 0.1000000000000000194, -1.074999999999980194 ) ) ;
#1921 = LINE ( 'NONE', #1893, #4675 ) ;
#1922 = CARTESIAN_POINT ( 'NONE',  ( 0.4000000000000878964, 0.02031999999955111033, 1.874600000000042233 ) ) ;
#1923 = CARTESIAN_POINT ( 'NONE',  ( 0.6576256809001734815, 1.135000000000000009, 0.4405202345408265607 ) ) ;
#1924 = CARTESIAN_POINT ( 'NONE',  ( 0.3174984271628240595, 0.3456317290546179755, -0.09900062559399751272 ) ) ;
#1925 = ORIENTED_EDGE ( 'NONE', *, *, #1913, .F. ) ;
#1926 =( NAMED_UNIT ( * ) PLANE_ANGLE_UNIT ( ) SI_UNIT ( $, .RADIAN. ) );
#1927 = CARTESIAN_POINT ( 'NONE',  ( -0.6977642868475149029, 0.8850000000000001199, 0.1750000000000735689 ) ) ;
#1928 = VERTEX_POINT ( 'NONE', #1553 ) ;
#1929 = FACE_OUTER_BOUND ( 'NONE', #376, .T. ) ;
#1930 = ORIENTED_EDGE ( 'NONE', *, *, #4798, .F. ) ;
#1931 = B_SPLINE_CURVE_WITH_KNOTS ( 'NONE', 3,
 ( #3989, #245, #3932, #3581, #3173, #1866, #1449, #5249, #3121, #1505, #5303, #4477, #736, #2409, #4069, #2827, #3634, #1973, #1564, #4893, #3226, #1141, #1818, #4690, #4305, #4223, #2177, #4637, #3887, #532 ),
 .UNSPECIFIED., .F., .F.,
 ( 4, 1, 2, 2, 2, 1, 2, 2, 2, 1, 2, 2, 2, 1, 2, 2, 4 ),
 ( 0.000000000000000000, 0.06250000000000000000, 0.09374999999999998612, 0.1249999999999999722, 0.2499999999999998335, 0.3124999999999997780, 0.3437499999999997780, 0.3749999999999997780, 0.4999999999999997780, 0.5624999999999997780, 0.5937499999999997780, 0.6249999999999997780, 0.7499999999999998890, 0.8124999999999998890, 0.8437499999999998890, 0.8749999999999998890, 1.000000000000000000 ),
 .UNSPECIFIED. ) ;
#1932 = FACE_OUTER_BOUND ( 'NONE', #1186, .T. ) ;
#1933 = DIRECTION ( 'NONE',  ( -0.000000000000000000, 1.000000000000000000, 0.000000000000000000 ) ) ;
#1934 = CARTESIAN_POINT ( 'NONE',  ( 8.489303010561499718E-14, 1.135000000000000009, 1.150000000000019895 ) ) ;
#1935 = ORIENTED_EDGE ( 'NONE', *, *, #4460, .F. ) ;
#1936 = AXIS2_PLACEMENT_3D ( 'NONE', #2897, #4642, #1304 ) ;
#1937 = CARTESIAN_POINT ( 'NONE',  ( 0.3329740725222890552, 0.6849983515546388402, -0.6715000000452749918 ) ) ;
#1938 = ORIENTED_EDGE ( 'NONE', *, *, #2391, .T. ) ;
#1939 = ORIENTED_EDGE ( 'NONE', *, *, #3740, .T. ) ;
#1940 = CARTESIAN_POINT ( 'NONE',  ( -1.368999999999910511, 0.02031999999955200892, 1.874600000000052225 ) ) ;
#1941 = ADVANCED_FACE ( 'NONE', ( #3188 ), #4383, .T. ) ;
#1942 = LINE ( 'NONE', #3659, #4908 ) ;
#1943 = B_SPLINE_CURVE_WITH_KNOTS ( 'NONE', 3,
 ( #4815, #1532, #3197, #370, #1720, #1752, #4615, #4231, #5399, #1689, #2483, #1333, #458, #1663, #4144, #4172, #2126, #811, #430, #3789, #3326 ),
 .UNSPECIFIED., .F., .F.,
 ( 4, 1, 2, 2, 1, 1, 2, 2, 1, 1, 2, 2, 4 ),
 ( 0.000000000000000000, 0.1250000000000007772, 0.1875000000000011657, 0.2500000000000015543, 0.3750000000000023315, 0.4375000000000027200, 0.4687500000000026090, 0.5000000000000025535, 0.6250000000000019984, 0.6875000000000017764, 0.7187500000000017764, 0.7500000000000017764, 1.000000000000000000 ),
 .UNSPECIFIED. ) ;
#1944 = DIRECTION ( 'NONE',  ( 0.000000000000000000, 0.000000000000000000, 1.000000000000000000 ) ) ;
#1945 = CARTESIAN_POINT ( 'NONE',  ( -0.4249999999999120037, 0.1000000000000000056, -1.799999999999979838 ) ) ;
#1946 = CARTESIAN_POINT ( 'NONE',  ( 0.4055837017685830492, 0.6850072337659980359, -0.8053604830287061089 ) ) ;
#1947 = VECTOR ( 'NONE', #4040, 1000.000000000000000 ) ;
#1948 = CARTESIAN_POINT ( 'NONE',  ( -0.3174990291383850138, 0.7597945045706939737, -0.1000041211019730009 ) ) ;
#1949 = CARTESIAN_POINT ( 'NONE',  ( 8.815170815523740407E-14, 0.5163682709453819575, -0.4174999999999799982 ) ) ;
#1950 = ORIENTED_EDGE ( 'NONE', *, *, #2221, .T. ) ;
#1951 = FACE_OUTER_BOUND ( 'NONE', #4260, .T. ) ;
#1952 = LINE ( 'NONE', #1843, #1895 ) ;
#1953 = CARTESIAN_POINT ( 'NONE',  ( 0.6977642868476909843, 0.8850000000000001199, 0.1750000000000735412 ) ) ;
#1954 = EDGE_CURVE ( 'NONE', #5291, #741, #4940, .T. ) ;
#1955 = ORIENTED_EDGE ( 'NONE', *, *, #2646, .T. ) ;
#1956 = CARTESIAN_POINT ( 'NONE',  ( 0.2760000000000880083, 1.084000000000000075, -1.349999999999980105 ) ) ;
#1957 = PRESENTATION_STYLE_ASSIGNMENT (( #3970 ) ) ;
#1958 = ORIENTED_EDGE ( 'NONE', *, *, #3382, .F. ) ;
#1959 = CARTESIAN_POINT ( 'NONE',  ( -0.4199999999999119993, 1.099999999999999867, -1.799999999999980060 ) ) ;
#1960 = CARTESIAN_POINT ( 'NONE',  ( 0.2750000000017323032, 1.081896843924822438, -0.8859371315600768071 ) ) ;
#1961 = EDGE_CURVE ( 'NONE', #3333, #2879, #4393, .T. ) ;
#1962 = CARTESIAN_POINT ( 'NONE',  ( -0.1854929580207190509, 0.6871048128362370333, 0.2175000000000200384 ) ) ;
#1963 = ORIENTED_EDGE ( 'NONE', *, *, #4428, .T. ) ;
#1964 = EDGE_CURVE ( 'NONE', #1845, #256, #808, .T. ) ;
#1965 = CARTESIAN_POINT ( 'NONE',  ( -0.5715043687454679500, 0.6849983515546391732, -0.4365752705266259803 ) ) ;
#1966 = VERTEX_POINT ( 'NONE', #1659 ) ;
#1967 = CARTESIAN_POINT ( 'NONE',  ( 0.1855557665798192868, 0.8850000000000002309, -0.8330156814157193557 ) ) ;
#1968 = ORIENTED_EDGE ( 'NONE', *, *, #4632, .T. ) ;
#1969 = CARTESIAN_POINT ( 'NONE',  ( 0.7512489600659068012, 0.8850000000000000089, -0.3749999999999867883 ) ) ;
#1970 = VECTOR ( 'NONE', #3956, 1000.000000000000000 ) ;
#1971 = FACE_OUTER_BOUND ( 'NONE', #2175, .T. ) ;
#1972 = LINE ( 'NONE', #4068, #3273 ) ;
#1973 = CARTESIAN_POINT ( 'NONE',  ( 0.6789728353054691468, 0.6350000000000001199, 0.07194853985236109029 ) ) ;
#1974 = EDGE_CURVE ( 'NONE', #399, #167, #42, .T. ) ;
#1975 = CARTESIAN_POINT ( 'NONE',  ( 0.7713752796919068899, 1.135000000000000231, 0.2602387948263993889 ) ) ;
#1976 = CARTESIAN_POINT ( 'NONE',  ( -0.6996493175713522916, 1.056424752479775186, 0.1749999999987522370 ) ) ;
#1977 = MECHANICAL_DESIGN_GEOMETRIC_PRESENTATION_REPRESENTATION (  '', ( #4590 ), #4496 ) ;
#1978 =( BOUNDED_SURFACE ( )  B_SPLINE_SURFACE ( 3, 3, ( 
 ( #1128, #3643, #2314, #1149 ),
 ( #2008, #4050, #3155, #1486 ),
 ( #723, #306, #1983, #2836 ),
 ( #5311, #4824, #1569, #227 ),
 ( #3231, #5333, #1592, #3968 ),
 ( #2730, #4382, #641, #5257 ),
 ( #1514, #1648, #1260, #3341 ) ),
 .UNSPECIFIED., .F., .F., .T. ) 
 B_SPLINE_SURFACE_WITH_KNOTS ( ( 4, 3, 4 ),
 ( 4, 4 ),
 ( 0.04251302808449140130, 1.000000000000000000, 1.957486971920570085 ),
 ( 0.02634898756959489982, 0.9736510124303919822 ),
 .UNSPECIFIED. ) 
 GEOMETRIC_REPRESENTATION_ITEM ( )  RATIONAL_B_SPLINE_SURFACE ( (
 ( 1.752771188265140001, 0.9581057534579330293, 0.9581057534579220381, 1.752771188265110025),
 ( 1.421327991739069985, 0.7769311451222009612, 0.7769311451221919684, 1.421327991739050001),
 ( 1.436728052054810023, 0.7853491785146320403, 0.7853491785146230475, 1.436728052054780047),
 ( 1.798971369212359894, 0.9833598536352260444, 0.9833598536352140540, 1.798971369212319926),
 ( 1.436728052052899995, 0.7853491785135859882, 0.7853491785135769954, 1.436728052052870019),
 ( 1.421327991738909891, 0.7769311451221120324, 0.7769311451221030396, 1.421327991738879915),
 ( 1.752771188270390024, 0.9581057534608039550, 0.9581057534607929638, 1.752771188270360048) ) ) 
 REPRESENTATION_ITEM ( '' )  SURFACE ( )  );
#1979 = DIRECTION ( 'NONE',  ( 0.000000000000000000, 1.000000000000000000, 0.000000000000000000 ) ) ;
#1980 = CARTESIAN_POINT ( 'NONE',  ( -5.332756458642511437E-11, 0.6849983515546671509, -0.4175000000106708908 ) ) ;
#1981 = VECTOR ( 'NONE', #4969, 1000.000000000000000 ) ;
#1982 = ORIENTED_EDGE ( 'NONE', *, *, #5189, .T. ) ;
#1983 = CARTESIAN_POINT ( 'NONE',  ( -0.1849848549055380653, 0.03025567659247449873, -0.4174943788165030312 ) ) ;
#1984 = PRESENTATION_LAYER_ASSIGNMENT (  '', '', ( #758 ) ) ;
#1985 = CARTESIAN_POINT ( 'NONE',  ( 8.816599983943861394E-14, 0.6849999999999910605, -0.7999999999999830580 ) ) ;
#1986 = VERTEX_POINT ( 'NONE', #3816 ) ;
#1987 = DIRECTION ( 'NONE',  ( -1.000000000000000000, 0.000000000000000000, 0.000000000000000000 ) ) ;
#1988 = CARTESIAN_POINT ( 'NONE',  ( 0.2749999999972320142, 1.084999999999953557, -0.9042853970906269412 ) ) ;
#1989 = CARTESIAN_POINT ( 'NONE',  ( -0.3174984271626489774, 0.5163682709453819575, -0.1009993744056089937 ) ) ;
#1990 = VERTEX_POINT ( 'NONE', #839 ) ;
#1991 = VECTOR ( 'NONE', #4518, 1000.000000000000000 ) ;
#1992 = ADVANCED_FACE ( 'NONE', ( #1750 ), #1718, .F. ) ;
#1993 = LINE ( 'NONE', #2844, #2165 ) ;
#1994 = CARTESIAN_POINT ( 'NONE',  ( -5.332756458642511437E-11, 0.6849983515546671509, -0.4175000000106710019 ) ) ;
#1995 = ORIENTED_EDGE ( 'NONE', *, *, #3714, .T. ) ;
#1996 = VECTOR ( 'NONE', #705, 1000.000000000000000 ) ;
#1997 = CARTESIAN_POINT ( 'NONE',  ( 0.7300000000000591571, 0.1000000000000000194, -0.09999999999988350152 ) ) ;
#1998 = EDGE_CURVE ( 'NONE', #4793, #1152, #2480, .T. ) ;
#1999 = ORIENTED_EDGE ( 'NONE', *, *, #2421, .F. ) ;
#2000 = CARTESIAN_POINT ( 'NONE',  ( 0.6219175541981458721, 1.135000000000000009, -0.6804998239334899557 ) ) ;
#2001 = FACE_OUTER_BOUND ( 'NONE', #3821, .T. ) ;
#2002 = CARTESIAN_POINT ( 'NONE',  ( 0.001196751274854080272, 0.9353333333332719546, 0.6999991048659989223 ) ) ;
#2003 = PLANE ( 'NONE',  #186 ) ;
#2004 = DIRECTION ( 'NONE',  ( 0.000000000000000000, 0.000000000000000000, -1.000000000000000000 ) ) ;
#2005 = SURFACE_STYLE_USAGE ( .BOTH. , #4185 ) ;
#2006 = LINE ( 'NONE', #4921, #385 ) ;
#2007 = ORIENTED_EDGE ( 'NONE', *, *, #3771, .F. ) ;
#2008 = CARTESIAN_POINT ( 'NONE',  ( -0.5455072046120480467, 0.1000038686905520002, -0.4212568714556220173 ) ) ;
#2009 = DIRECTION ( 'NONE',  ( 0.7071067811858818830, -0.000000000000000000, 0.7071067811872131514 ) ) ;
#2010 = EDGE_CURVE ( 'NONE', #4000, #3866, #1212, .T. ) ;
#2011 = CARTESIAN_POINT ( 'NONE',  ( -1.800707106781100242, 0.000000000000000000, -1.599292893218789979 ) ) ;
#2012 = ORIENTED_EDGE ( 'NONE', *, *, #886, .F. ) ;
#2013 = CARTESIAN_POINT ( 'NONE',  ( 0.2750000000000880074, 1.135000000000000009, -1.349999999999980327 ) ) ;
#2014 = CARTESIAN_POINT ( 'NONE',  ( 0.2750000000000878964, 1.043032127214277516, -0.8519404295613624001 ) ) ;
#2015 = DIRECTION ( 'NONE',  ( 0.7071067811865474617, 0.000000000000000000, -0.7071067811865474617 ) ) ;
#2016 = VERTEX_POINT ( 'NONE', #1271 ) ;
#2017 = ORIENTED_EDGE ( 'NONE', *, *, #2362, .T. ) ;
#2018 = CARTESIAN_POINT ( 'NONE',  ( -0.3329740726153049835, 0.6849983515546389512, -0.6714999999332270653 ) ) ;
#2019 = ORIENTED_EDGE ( 'NONE', *, *, #4891, .F. ) ;
#2020 = SURFACE_SIDE_STYLE ('',( #4527 ) ) ;
#2021 = EDGE_LOOP ( 'NONE', ( #2892, #369, #2843, #1939, #2943, #3794, #2398, #2979, #4847, #2405, #3299, #2114 ) ) ;
#2022 = ADVANCED_FACE ( 'NONE', ( #4991 ), #2040, .T. ) ;
#2023 = LINE ( 'NONE', #5324, #5267 ) ;
#2024 = CARTESIAN_POINT ( 'NONE',  ( 0.4000000000000878964, 0.02031999999977555926, 1.900000000000019673 ) ) ;
#2025 = DIRECTION ( 'NONE',  ( -0.000000000000000000, -0.000000000000000000, 1.000000000000000000 ) ) ;
#2026 = LINE ( 'NONE', #5002, #901 ) ;
#2027 = CARTESIAN_POINT ( 'NONE',  ( -0.3999999999999118705, 0.6477000000000001645, 1.874600000000015365 ) ) ;
#2028 = ADVANCED_FACE ( 'NONE', ( #4579 ), #4612, .T. ) ;
#2029 = CARTESIAN_POINT ( 'NONE',  ( -0.5714999999450925960, 0.6849984649512627088, -0.1000000000008857554 ) ) ;
#2030 = AXIS2_PLACEMENT_3D ( 'NONE', #1397, #4819, #4740 ) ;
#2031 = CARTESIAN_POINT ( 'NONE',  ( -0.6693544923948310243, 1.135672765510920224, -0.6054604989734051479 ) ) ;
#2032 = ORIENTED_EDGE ( 'NONE', *, *, #4038, .T. ) ;
#2033 = FACE_OUTER_BOUND ( 'NONE', #3613, .T. ) ;
#2034 = DIRECTION ( 'NONE',  ( 0.000000000000000000, 1.000000000000000000, 0.000000000000000000 ) ) ;
#2035 = LINE ( 'NONE', #1596, #232 ) ;
#2036 = CARTESIAN_POINT ( 'NONE',  ( -1.349999999999909939, 0.6350000000000000089, 0.8413598162594199126 ) ) ;
#2037 = ORIENTED_EDGE ( 'NONE', *, *, #4734, .F. ) ;
#2038 = AXIS2_PLACEMENT_3D ( 'NONE', #4977, #2885, #355 ) ;
#2039 = LINE ( 'NONE', #1626, #4825 ) ;
#2040 = CYLINDRICAL_SURFACE ( 'NONE', #1936, 0.5000000000004137801 ) ;
#2041 = CARTESIAN_POINT ( 'NONE',  ( -0.7696643876001275641, 1.072840046754434562, 0.1750000000000199729 ) ) ;
#2042 = EDGE_LOOP ( 'NONE', ( #5097, #4692, #3654, #1905 ) ) ;
#2043 = CARTESIAN_POINT ( 'NONE',  ( 8.695301423333745561E-14, 0.5850000000000034062, 1.899999999999944622 ) ) ;
#2044 = CARTESIAN_POINT ( 'NONE',  ( 0.2750000000000880629, 0.8850000000000001199, -1.073882143423779967 ) ) ;
#2045 = ORIENTED_EDGE ( 'NONE', *, *, #4310, .T. ) ;
#2046 =( NAMED_UNIT ( * ) PLANE_ANGLE_UNIT ( ) SI_UNIT ( $, .RADIAN. ) );
#2047 = CARTESIAN_POINT ( 'NONE',  ( -0.4488397645852800211, 1.033860492207840265, 0.5426082213854449554 ) ) ;
#2048 = ORIENTED_EDGE ( 'NONE', *, *, #3722, .F. ) ;
#2049 = DIRECTION ( 'NONE',  ( -0.000000000000000000, -1.000000000000000000, -0.000000000000000000 ) ) ;
#2050 = VECTOR ( 'NONE', #2273, 1000.000000000000000 ) ;
#2051 = DIRECTION ( 'NONE',  ( -0.000000000000000000, -1.000000000000000000, -0.000000000000000000 ) ) ;
#2052 = DIRECTION ( 'NONE',  ( 0.000000000000000000, 0.000000000000000000, 1.000000000000000000 ) ) ;
#2053 = EDGE_CURVE ( 'NONE', #3485, #4006, #5368, .T. ) ;
#2054 = MECHANICAL_DESIGN_GEOMETRIC_PRESENTATION_REPRESENTATION (  '', ( #1171 ), #5364 ) ;
#2055 = CARTESIAN_POINT ( 'NONE',  ( 0.1849855958554779967, 0.6849983515546650414, -0.4175000000417950496 ) ) ;
#2056 = ADVANCED_FACE ( 'NONE', ( #5396 ), #2536, .F. ) ;
#2057 = VERTEX_POINT ( 'NONE', #2122 ) ;
#2058 = VECTOR ( 'NONE', #798, 1000.000000000000000 ) ;
#2059 = LINE ( 'NONE', #383, #2495 ) ;
#2060 = CARTESIAN_POINT ( 'NONE',  ( -0.3999999999999120370, 0.6350000000000000089, 1.874600000000046895 ) ) ;
#2061 = ADVANCED_FACE ( 'NONE', ( #1630 ), #2923, .F. ) ;
#2062 = ORIENTED_EDGE ( 'NONE', *, *, #4128, .F. ) ;
#2063 = PLANE ( 'NONE',  #3461 ) ;
#2064 = VECTOR ( 'NONE', #4914, 1000.000000000000000 ) ;
#2065 = DIRECTION ( 'NONE',  ( 0.000000000000000000, 3.826595902890337197E-16, 1.000000000000000000 ) ) ;
#2066 = VERTEX_POINT ( 'NONE', #485 ) ;
#2067 = CARTESIAN_POINT ( 'NONE',  ( 1.038391077612390052E-05, 0.6764214516330989690, 0.7000007862732321451 ) ) ;
#2068 = COLOUR_RGB ( '',1.000000000000000000, 1.000000000000000000, 1.000000000000000000 ) ;
#2069 = ORIENTED_EDGE ( 'NONE', *, *, #349, .T. ) ;
#2070 = VECTOR ( 'NONE', #3693, 1000.000000000000000 ) ;
#2071 = DIRECTION ( 'NONE',  ( 1.000000000000000000, 0.000000000000000000, 0.000000000000000000 ) ) ;
#2072 = CARTESIAN_POINT ( 'NONE',  ( -0.4230341438796429987, 0.6844954867105910168, 0.6357089714491579446 ) ) ;
#2073 = EDGE_LOOP ( 'NONE', ( #1296, #2870, #2425, #4581 ) ) ;
#2074 = DIRECTION ( 'NONE',  ( 1.000000000000000000, 0.000000000000000000, 0.000000000000000000 ) ) ;
#2075 = CARTESIAN_POINT ( 'NONE',  ( 0.6838835194841835774, 0.6850000000000000533, 0.07347336706746379620 ) ) ;
#2076 = ADVANCED_FACE ( 'NONE', ( #393 ), #2875, .F. ) ;
#2077 = EDGE_LOOP ( 'NONE', ( #4578, #1354, #814, #2269, #3051, #3355, #2896, #1958, #2562, #954 ) ) ;
#2078 = CARTESIAN_POINT ( 'NONE',  ( 0.3175053582592519685, 0.1770048647585190094, 0.08698337466675649943 ) ) ;
#2079 = AXIS2_PLACEMENT_3D ( 'NONE', #2957, #5077, #3700 ) ;
#2080 = CARTESIAN_POINT ( 'NONE',  ( -0.5002996974935938201, 1.034999999999999698, -0.7687764108787711326 ) ) ;
#2081 = AXIS2_PLACEMENT_3D ( 'NONE', #4437, #4482, #277 ) ;
#2082 = ORIENTED_EDGE ( 'NONE', *, *, #4706, .F. ) ;
#2083 = CARTESIAN_POINT ( 'NONE',  ( 0.4200000000000880807, -0.001000000000000010212, -1.798999999999980171 ) ) ;
#2084 = CARTESIAN_POINT ( 'NONE',  ( 0.7500000000000880407, 0.6360000000000000098, -1.900999999999980261 ) ) ;
#2085 = CARTESIAN_POINT ( 'NONE',  ( -0.7429058708305645853, 1.116582787734072824, 0.1750000000013197388 ) ) ;
#2086 = CARTESIAN_POINT ( 'NONE',  ( 0.6982038609142073859, 1.045419222028685313, 0.1750000000000200562 ) ) ;
#2087 = CARTESIAN_POINT ( 'NONE',  ( 0.4000000000000881184, 0.04999999999999870520, 1.899999999999982148 ) ) ;
#2088 = CARTESIAN_POINT ( 'NONE',  ( 0.2750000000000880074, 0.8840000000000000080, 1.151000000000020007 ) ) ;
#2089 = ORIENTED_EDGE ( 'NONE', *, *, #1139, .F. ) ;
#2090 = ADVANCED_FACE ( 'NONE', ( #2453 ), #4115, .F. ) ;
#2091 = PLANE ( 'NONE',  #4331 ) ;
#2092 = CARTESIAN_POINT ( 'NONE',  ( 0.7310000000000880238, 0.1000000000000000056, -1.050999999999979950 ) ) ;
#2093 = ORIENTED_EDGE ( 'NONE', *, *, #4760, .T. ) ;
#2094 = DIRECTION ( 'NONE',  ( 0.000000000000000000, 1.000000000000000000, 0.000000000000000000 ) ) ;
#2095 = CARTESIAN_POINT ( 'NONE',  ( 0.3990000000000880065, 0.6106000000000001426, 1.912700000000020051 ) ) ;
#2096 = EDGE_LOOP ( 'NONE', ( #801, #1057, #5191, #2019 ) ) ;
#2097 = CARTESIAN_POINT ( 'NONE',  ( 0.2750000000000674683, 1.135000000000130349, -0.9042853971072157826 ) ) ;
#2098 = DIRECTION ( 'NONE',  ( 0.000000000000000000, 1.000000000000000000, 0.000000000000000000 ) ) ;
#2099 = CARTESIAN_POINT ( 'NONE',  ( -0.2759999999999119824, 0.8850000000000000089, -0.7967642868475800499 ) ) ;
#2100 = VERTEX_POINT ( 'NONE', #5052 ) ;
#2101 = DIRECTION ( 'NONE',  ( -1.000000000000000000, 0.000000000000000000, 0.000000000000000000 ) ) ;
#2102 = CARTESIAN_POINT ( 'NONE',  ( 0.5655574678020152124, 0.6850000000000001643, -0.5235334141825102039 ) ) ;
#2103 = ORIENTED_EDGE ( 'NONE', *, *, #3252, .T. ) ;
#2104 = CARTESIAN_POINT ( 'NONE',  ( 0.7500000000000881517, 0.8849999999999997868, -0.007558799060458996910 ) ) ;
#2105 = CARTESIAN_POINT ( 'NONE',  ( -0.5093625989583500102, 1.134993507399409962, 0.6292593472845370295 ) ) ;
#2106 = ORIENTED_EDGE ( 'NONE', *, *, #4693, .T. ) ;
#2107 = CARTESIAN_POINT ( 'NONE',  ( 0.2750000000010965895, 1.035000000000000142, -0.7977642868471943594 ) ) ;
#2108 = EDGE_CURVE ( 'NONE', #2488, #142, #4985, .T. ) ;
#2109 = DIRECTION ( 'NONE',  ( -0.000000000000000000, -1.000000000000000000, -0.000000000000000000 ) ) ;
#2110 = DIRECTION ( 'NONE',  ( 1.000000000000000000, -0.000000000000000000, -0.000000000000000000 ) ) ;
#2111 = CARTESIAN_POINT ( 'NONE',  ( -0.4258727401024339221, 0.1670000000000320117, 0.6300000000000199885 ) ) ;
#2112 = CARTESIAN_POINT ( 'NONE',  ( 0.4000000000000880074, 0.6095999999997868679, 1.912700000000020273 ) ) ;
#2113 = CARTESIAN_POINT ( 'NONE',  ( 8.941957417574197819E-14, 1.135000000000000009, -1.259999999999386278 ) ) ;
#2114 = ORIENTED_EDGE ( 'NONE', *, *, #4071, .T. ) ;
#2115 = CARTESIAN_POINT ( 'NONE',  ( -9.023272580510610652E-14, 0.6334205602996370033, 0.3500000000000537126 ) ) ;
#2116 = CARTESIAN_POINT ( 'NONE',  ( -0.5160148121922134568, 1.135000000000000009, -0.7767350095166282165 ) ) ;
#2117 = MECHANICAL_DESIGN_GEOMETRIC_PRESENTATION_REPRESENTATION (  '', ( #3523 ), #2307 ) ;
#2118 = LINE ( 'NONE', #3781, #5213 ) ;
#2119 = CARTESIAN_POINT ( 'NONE',  ( -0.5113906626828800261, 1.084947405771200080, 0.6386966373738860447 ) ) ;
#2120 = VERTEX_POINT ( 'NONE', #3410 ) ;
#2121 =( BOUNDED_CURVE ( )  B_SPLINE_CURVE ( 3, ( #527, #4318, #4244, #2194, #1343, #81, #3045 ),
 .UNSPECIFIED., .F., .T. ) 
 B_SPLINE_CURVE_WITH_KNOTS ( ( 4, 3, 4 ),
 ( 3.583202066149274961E-18, 0.0002796297425723404118, 0.0005592594851446759446 ),
 .UNSPECIFIED. ) 
 CURVE ( )  GEOMETRIC_REPRESENTATION_ITEM ( )  RATIONAL_B_SPLINE_CURVE ( ( 1.056292693602704169, 1.087212179383741928, 1.130868859014173777, 1.187262732493999939, 1.130868859014173555, 1.087212179383741706, 1.056292693602704169 ) ) 
 REPRESENTATION_ITEM ( '' )  );
#2122 = CARTESIAN_POINT ( 'NONE',  ( -0.3999999999999588884, -0.005079999999999989906, 1.312700000000160960 ) ) ;
#2123 = FACE_OUTER_BOUND ( 'NONE', #2818, .T. ) ;
#2124 = ORIENTED_EDGE ( 'NONE', *, *, #1519, .T. ) ;
#2125 = ADVANCED_FACE ( 'NONE', ( #5076 ), #1774, .T. ) ;
#2126 = CARTESIAN_POINT ( 'NONE',  ( 0.4381850244698227148, 1.084999999999999964, -0.8283589053935024316 ) ) ;
#2127 = VECTOR ( 'NONE', #718, 1000.000000000000000 ) ;
#2128 = PLANE ( 'NONE',  #5032 ) ;
#2129 = VERTEX_POINT ( 'NONE', #102 ) ;
#2130 = EDGE_CURVE ( 'NONE', #1488, #1820, #1342, .T. ) ;
#2131 = CARTESIAN_POINT ( 'NONE',  ( 0.7549536877070384122, 1.054166816710578214, 0.1750000000253040255 ) ) ;
#2132 = EDGE_CURVE ( 'NONE', #1517, #2667, #1760, .T. ) ;
#2133 = DIRECTION ( 'NONE',  ( 2.845674993368205560E-15, -1.000000000000000000, 0.000000000000000000 ) ) ;
#2134 = VERTEX_POINT ( 'NONE', #1315 ) ;
#2135 = CARTESIAN_POINT ( 'NONE',  ( 9.846255275114399990E-06, 0.6349992136593850534, -0.8585785483029709786 ) ) ;
#2136 = DIRECTION ( 'NONE',  ( -1.000000000000000000, -0.000000000000000000, -0.000000000000000000 ) ) ;
#2137 = CARTESIAN_POINT ( 'NONE',  ( -0.5792280697994731664, 1.085000000000000187, 0.5221080252707126501 ) ) ;
#2138 = CARTESIAN_POINT ( 'NONE',  ( -0.6977642868475149029, 0.8850000000000001199, 0.1750000000000735689 ) ) ;
#2139 = CIRCLE ( 'NONE', #210, 0.03810000000042938761 ) ;
#2140 = DIRECTION ( 'NONE',  ( 0.000000000000000000, -1.000000000000000000, 0.000000000000000000 ) ) ;
#2141 = EDGE_CURVE ( 'NONE', #2879, #972, #80, .T. ) ;
#2142 = EDGE_LOOP ( 'NONE', ( #4742, #5314, #1925, #3467 ) ) ;
#2143 = DIRECTION ( 'NONE',  ( 0.3420201433254050349, -0.000000000000000000, 0.9396926207860043512 ) ) ;
#2144 = CARTESIAN_POINT ( 'NONE',  ( -0.7713752796917282550, 1.134999999999999787, -0.4602387948263628736 ) ) ;
#2145 = AXIS2_PLACEMENT_3D ( 'NONE', #2166, #3418, #3875 ) ;
#2146 = ORIENTED_EDGE ( 'NONE', *, *, #5138, .F. ) ;
#2147 = DIRECTION ( 'NONE',  ( -1.000000000000000000, -3.435141330391194348E-15, -1.341991320845600366E-16 ) ) ;
#2148 = DIRECTION ( 'NONE',  ( 1.000000000000000000, -0.000000000000000000, -0.000000000000000000 ) ) ;
#2149 = CYLINDRICAL_SURFACE ( 'NONE', #3825, 0.03810000000043238522 ) ;
#2150 = VECTOR ( 'NONE', #3315, 1000.000000000000000 ) ;
#2151 = ORIENTED_EDGE ( 'NONE', *, *, #2819, .T. ) ;
#2152 = CARTESIAN_POINT ( 'NONE',  ( -0.2750000000009206746, 1.034999999999999920, 0.5977642868472347049 ) ) ;
#2153 = DIRECTION ( 'NONE',  ( -1.000000000000000000, -0.000000000000000000, -0.000000000000000000 ) ) ;
#2154 = CARTESIAN_POINT ( 'NONE',  ( -0.3329740726215381641, 0.6849999999999984990, -0.6714999999439250633 ) ) ;
#2155 =( BOUNDED_SURFACE ( )  B_SPLINE_SURFACE ( 3, 3, ( 
 ( #3274, #241, #51, #904 ),
 ( #4148, #1246, #3416, #818 ),
 ( #3766, #4620, #3332, #22 ),
 ( #2932, #4238, #2514, #4205 ) ),
 .UNSPECIFIED., .F., .F., .F. ) 
 B_SPLINE_SURFACE_WITH_KNOTS ( ( 4, 4 ),
 ( 4, 4 ),
 ( 0.002451522172537010102, 0.4178378756718260090 ),
 ( 0.05212107475597289874, 0.9478789252491020001 ),
 .UNSPECIFIED. ) 
 GEOMETRIC_REPRESENTATION_ITEM ( )  RATIONAL_B_SPLINE_SURFACE ( (
 ( 1.866800480314739996, 1.459926323482640065, 1.459926323484940003, 1.866800480321650024),
 ( 1.493117789400389972, 1.167688774345160052, 1.167688774346999914, 1.493117789405919993),
 ( 1.275422602480110079, 0.9974408355687049976, 0.9974408355702799600, 1.275422602484840073),
 ( 1.213714919553910088, 0.9491825071532760116, 0.9491825071547740356, 1.213714919558410044) ) ) 
 REPRESENTATION_ITEM ( '' )  SURFACE ( )  );
#2156 = CARTESIAN_POINT ( 'NONE',  ( 0.4484330393040579787, 1.093499357084900314, -0.7420259088746751219 ) ) ;
#2157 = CARTESIAN_POINT ( 'NONE',  ( 0.1755535730132095351, 0.6850000000000000533, 0.5780569004561711965 ) ) ;
#2158 = STYLED_ITEM ( 'NONE', ( #89 ), #5217 ) ;
#2159 = ORIENTED_EDGE ( 'NONE', *, *, #1611, .F. ) ;
#2160 = CARTESIAN_POINT ( 'NONE',  ( -0.1849848548733210030, 0.03025567659247440158, 0.2174943788602509698 ) ) ;
#2161 = CIRCLE ( 'NONE', #499, 0.02539999999970513067 ) ;
#2162 = FACE_OUTER_BOUND ( 'NONE', #5283, .T. ) ;
#2163 = ORIENTED_EDGE ( 'NONE', *, *, #3100, .T. ) ;
#2164 = EDGE_CURVE ( 'NONE', #293, #539, #2303, .T. ) ;
#2165 = VECTOR ( 'NONE', #3652, 1000.000000000000000 ) ;
#2166 = CARTESIAN_POINT ( 'NONE',  ( 2.689244819250857472E-13, 0.6349999999999897948, 0.3500000000000490497 ) ) ;
#2167 = STYLED_ITEM ( 'NONE', ( #1200 ), #2930 ) ;
#2168 = CARTESIAN_POINT ( 'NONE',  ( -0.7306430134140531329, 0.1329999999999909865, 0.3292928019108130044 ) ) ;
#2169 = DIRECTION ( 'NONE',  ( 1.000000000000000000, 2.333646937974095666E-15, 6.092980583288830140E-17 ) ) ;
#2170 = CARTESIAN_POINT ( 'NONE',  ( 0.7526323735563513750, 1.123048592273343083, -0.3750000000012801982 ) ) ;
#2171 = VECTOR ( 'NONE', #4418, 1000.000000000000000 ) ;
#2172 = DIRECTION ( 'NONE',  ( -1.000000000000000000, -0.000000000000000000, -0.000000000000000000 ) ) ;
#2173 = CARTESIAN_POINT ( 'NONE',  ( 0.3329740726154660213, 0.6849983515546399504, 0.4714999999332660230 ) ) ;
#2174 = DIRECTION ( 'NONE',  ( 1.000000000000000000, 0.000000000000000000, 0.000000000000000000 ) ) ;
#2175 = EDGE_LOOP ( 'NONE', ( #2455, #280, #3091, #1189 ) ) ;
#2176 = DIRECTION ( 'NONE',  ( 0.7071067811865358044, 0.000000000000000000, 0.7071067811865592301 ) ) ;
#2177 = CARTESIAN_POINT ( 'NONE',  ( 0.2810208696907948167, 0.6350000000000001199, 0.5414868459998261052 ) ) ;
#2178 = SURFACE_STYLE_USAGE ( .BOTH. , #166 ) ;
#2179 = EDGE_LOOP ( 'NONE', ( #3536, #360, #1662, #1963 ) ) ;
#2180 = EDGE_CURVE ( 'NONE', #506, #2267, #1, .T. ) ;
#2181 = CARTESIAN_POINT ( 'NONE',  ( 8.814362748034273218E-14, 0.8850000000000002309, 0.6500000000000125677 ) ) ;
#2182 = CARTESIAN_POINT ( 'NONE',  ( 0.6977642868476362503, 1.034999999999999920, -0.3750000000000449085 ) ) ;
#2183 = EDGE_LOOP ( 'NONE', ( #3417, #2103, #5056, #3680, #3996, #2677, #32, #1270, #3691, #3753, #1841, #429 ) ) ;
#2184 = CARTESIAN_POINT ( 'NONE',  ( -1.249999999999910072, 1.084999999999999964, -0.1295090612753300729 ) ) ;
#2185 = CARTESIAN_POINT ( 'NONE',  ( 0.6336869556749440413, 1.093499357084900092, -0.5785316355727719850 ) ) ;
#2186 = CARTESIAN_POINT ( 'NONE',  ( 0.5313954048760960447, 0.6850000000000000533, 0.3582224823082569287 ) ) ;
#2187 = CARTESIAN_POINT ( 'NONE',  ( 0.8000000000000880851, 0.7339999999999999858, -0.09999999999998010480 ) ) ;
#2188 =( BOUNDED_CURVE ( )  B_SPLINE_CURVE ( 3, ( #3387, #3353, #2509, #3412 ),
 .UNSPECIFIED., .F., .F. ) 
 B_SPLINE_CURVE_WITH_KNOTS ( ( 4, 4 ),
 ( 1.288712503520877454E-15, 0.0002799170765231384357 ),
 .UNSPECIFIED. ) 
 CURVE ( )  GEOMETRIC_REPRESENTATION_ITEM ( )  RATIONAL_B_SPLINE_CURVE ( ( 1.036700060875865637, 1.062799325529736327, 1.102818967954420026, 1.156758988149916734 ) ) 
 REPRESENTATION_ITEM ( '' )  );
#2189 = CARTESIAN_POINT ( 'NONE',  ( 0.7649728598083794795, 1.069024249128151638, -0.3749999999999802380 ) ) ;
#2190 = ORIENTED_EDGE ( 'NONE', *, *, #524, .T. ) ;
#2191 = EDGE_CURVE ( 'NONE', #534, #3627, #3327, .T. ) ;
#2192 = CYLINDRICAL_SURFACE ( 'NONE', #215, 0.04999999999984541810 ) ;
#2193 = CARTESIAN_POINT ( 'NONE',  ( -0.7299991831900899397, 0.2009999999999990128, -0.1010920355382040059 ) ) ;
#2194 = CARTESIAN_POINT ( 'NONE',  ( -0.7999999999999120037, 0.8850000000000000089, -0.09999999999998010480 ) ) ;
#2195 = CARTESIAN_POINT ( 'NONE',  ( -0.3999999999999119815, 0.03515999999999999681, 1.900000000000019673 ) ) ;
#2196 = AXIS2_PLACEMENT_3D ( 'NONE', #367, #897, #4228 ) ;
#2197 = CARTESIAN_POINT ( 'NONE',  ( -0.6999352744128192194, 0.6350000000000000089, -0.01226267338398095638 ) ) ;
#2198 = CARTESIAN_POINT ( 'NONE',  ( 1.349000000000089905, 0.04900000000000000189, 1.900000000000019895 ) ) ;
#2199 = EDGE_CURVE ( 'NONE', #915, #284, #1225, .T. ) ;
#2200 = ORIENTED_EDGE ( 'NONE', *, *, #636, .F. ) ;
#2201 = CARTESIAN_POINT ( 'NONE',  ( -0.6940357340801242003, 0.6849999999999999423, 0.008663360067106383108 ) ) ;
#2202 = DIRECTION ( 'NONE',  ( -1.000000000000000000, 0.000000000000000000, 0.000000000000000000 ) ) ;
#2203 = DIRECTION ( 'NONE',  ( 1.000000000000000000, 1.067688588976006858E-16, 0.000000000000000000 ) ) ;
#2204 = CARTESIAN_POINT ( 'NONE',  ( -0.2749999999999119815, 1.084999999999999964, -1.073882143423779967 ) ) ;
#2205 = CARTESIAN_POINT ( 'NONE',  ( 0.4711469485909610122, 0.6764214516330999682, 0.7000069018368308971 ) ) ;
#2206 = SURFACE_SIDE_STYLE ('',( #119 ) ) ;
#2207 = CARTESIAN_POINT ( 'NONE',  ( 0.2320254396238529970, 1.093499357084900536, -0.8124990785469211607 ) ) ;
#2208 = CARTESIAN_POINT ( 'NONE',  ( -0.4941451710367311123, 1.084999999999999742, -0.7926670433777497360 ) ) ;
#2209 = CARTESIAN_POINT ( 'NONE',  ( 8.684459401608890516E-14, 0.6350000000000169953, 1.850000000000023848 ) ) ;
#2210 = CARTESIAN_POINT ( 'NONE',  ( 0.2750000000021207702, 1.102934162625836878, 0.6254742204148914242 ) ) ;
#2211 = VERTEX_POINT ( 'NONE', #853 ) ;
#2212 = FILL_AREA_STYLE ('',( #906 ) ) ;
#2213 = VECTOR ( 'NONE', #2110, 1000.000000000000000 ) ;
#2214 = DIRECTION ( 'NONE',  ( -0.000000000000000000, 1.000000000000000000, 0.000000000000000000 ) ) ;
#2215 = FACE_OUTER_BOUND ( 'NONE', #4499, .T. ) ;
#2216 = CARTESIAN_POINT ( 'NONE',  ( 0.7635510552269875184, 1.127974012101718326, -0.3749999999994312883 ) ) ;
#2217 = CARTESIAN_POINT ( 'NONE',  ( -0.6438295652862688900, 0.6349999999999998979, 0.1755716965520465467 ) ) ;
#2218 = CARTESIAN_POINT ( 'NONE',  ( 0.4444999999626739196, 0.8119999999999999440, -0.1000057695586319823 ) ) ;
#2219 = CARTESIAN_POINT ( 'NONE',  ( -0.4515701949670051230, 1.134999999999999787, -0.8201264690484931785 ) ) ;
#2220 = DIRECTION ( 'NONE',  ( 0.000000000000000000, 0.000000000000000000, -1.000000000000000000 ) ) ;
#2221 = EDGE_CURVE ( 'NONE', #1605, #2920, #5134, .T. ) ;
#2222 = ORIENTED_EDGE ( 'NONE', *, *, #4965, .T. ) ;
#2223 = CARTESIAN_POINT ( 'NONE',  ( -0.3499689022347430289, 0.6849999999999999423, -0.7139787109418813671 ) ) ;
#2224 = EDGE_CURVE ( 'NONE', #2230, #5084, #4733, .T. ) ;
#2225 = CARTESIAN_POINT ( 'NONE',  ( -0.7499999999999119593, 0.8346666666666349155, -0.09999999999998010480 ) ) ;
#2226 = ORIENTED_EDGE ( 'NONE', *, *, #2876, .F. ) ;
#2227 = EDGE_CURVE ( 'NONE', #3920, #4559, #2786, .T. ) ;
#2228 = CARTESIAN_POINT ( 'NONE',  ( -0.2749999999875971102, 1.084999999999950671, -0.9042853970640468697 ) ) ;
#2229 = VECTOR ( 'NONE', #3965, 1000.000000000000000 ) ;
#2230 = VERTEX_POINT ( 'NONE', #2329 ) ;
#2231 = SURFACE_STYLE_USAGE ( .BOTH. , #2206 ) ;
#2232 = VERTEX_POINT ( 'NONE', #1474 ) ;
#2233 = CARTESIAN_POINT ( 'NONE',  ( -0.3999999999999119260, -0.01778000000000000413, 1.874599999999998268 ) ) ;
#2234 = CARTESIAN_POINT ( 'NONE',  ( 0.9738821434238890129, 1.084999999999999964, -0.3749999999999800160 ) ) ;
#2235 = VECTOR ( 'NONE', #2496, 1000.000000000000000 ) ;
#2236 = PLANE ( 'NONE',  #3384 ) ;
#2237 = CARTESIAN_POINT ( 'NONE',  ( -0.2749999999978472442, 1.127974012101837120, -0.8635510552274985319 ) ) ;
#2238 = ORIENTED_EDGE ( 'NONE', *, *, #1131, .T. ) ;
#2239 = VECTOR ( 'NONE', #2015, 1000.000000000000114 ) ;
#2240 = DIRECTION ( 'NONE',  ( -1.000000000000000000, -0.000000000000000000, -0.000000000000000000 ) ) ;
#2241 = ORIENTED_EDGE ( 'NONE', *, *, #5093, .F. ) ;
#2242 = AXIS2_PLACEMENT_3D ( 'NONE', #72, #4261, #3847 ) ;
#2243 = CARTESIAN_POINT ( 'NONE',  ( -1.292688350141710130, 1.101333333333150089, 1.152580069060040069 ) ) ;
#2244 = UNCERTAINTY_MEASURE_WITH_UNIT (LENGTH_MEASURE( 1.000000000000000082E-05 ), #4491, 'distance_accuracy_value', 'NONE');
#2245 = VECTOR ( 'NONE', #307, 1000.000000000000000 ) ;
#2246 = CARTESIAN_POINT ( 'NONE',  ( -0.4209999999999120002, 0.09900000000000000466, -1.799999999999980060 ) ) ;
#2247 = CARTESIAN_POINT ( 'NONE',  ( -0.2749999999999278577, 0.8849999999999651479, 0.6512489600658631916 ) ) ;
#2248 = CARTESIAN_POINT ( 'NONE',  ( -0.3470533776571450568, 0.6350000000000002309, -0.7085041273671881523 ) ) ;
#2249 = CARTESIAN_POINT ( 'NONE',  ( -0.5184982019129890096, 0.8119999999999999440, 0.2053584227191569689 ) ) ;
#2250 = CARTESIAN_POINT ( 'NONE',  ( 0.3174984271628240595, 0.1748951871637640099, -0.09900062559399751272 ) ) ;
#2251 = DIRECTION ( 'NONE',  ( 0.000000000000000000, 0.000000000000000000, -1.000000000000000000 ) ) ;
#2252 = VERTEX_POINT ( 'NONE', #549 ) ;
#2253 = CARTESIAN_POINT ( 'NONE',  ( -1.799999999999909894, 0.6350000000000083356, 1.850000000000112665 ) ) ;
#2254 = VECTOR ( 'NONE', #1068, 1000.000000000000000 ) ;
#2255 = FILL_AREA_STYLE_COLOUR ( '', #3186 ) ;
#2256 = EDGE_CURVE ( 'NONE', #4, #3203, #2333, .T. ) ;
#2257 = ORIENTED_EDGE ( 'NONE', *, *, #285, .F. ) ;
#2258 = CARTESIAN_POINT ( 'NONE',  ( -0.5454950493836139280, 0.1000000000000000056, -0.09999999988077126756 ) ) ;
#2259 = CARTESIAN_POINT ( 'NONE',  ( 0.7755027160929690577, 1.032707259998560057, -0.2966715303873720400 ) ) ;
#2260 = ORIENTED_EDGE ( 'NONE', *, *, #2272, .T. ) ;
#2261 = CARTESIAN_POINT ( 'NONE',  ( -0.2749999999999120370, 1.084999999998075504, 0.6980824549069925000 ) ) ;
#2262 = CARTESIAN_POINT ( 'NONE',  ( 0.7500000000000880407, 0.3175000000000000044, -1.899999999999980149 ) ) ;
#2263 = CARTESIAN_POINT ( 'NONE',  ( -0.3999999999999119815, 0.6095999999995735941, 1.874600000000010480 ) ) ;
#2264 = CARTESIAN_POINT ( 'NONE',  ( -1.499999999999917621, 0.000000000000000000, -1.899999999999982370 ) ) ;
#2265 =( BOUNDED_CURVE ( )  B_SPLINE_CURVE ( 3, ( #4202, #2985, #2570, #3035, #3328, #3354, #3011 ),
 .UNSPECIFIED., .F., .F. ) 
 B_SPLINE_CURVE_WITH_KNOTS ( ( 4, 3, 4 ),
 ( 0.000000000000000000, 0.4999999999999987232, 1.000000000000000000 ),
 .UNSPECIFIED. ) 
 CURVE ( )  GEOMETRIC_REPRESENTATION_ITEM ( )  RATIONAL_B_SPLINE_CURVE ( ( 1.355227453723561792, 1.098971398569207114, 1.110883851724771887, 1.390964813190256111, 1.110883851724771665, 1.098971398569207558, 1.355227453723572228 ) ) 
 REPRESENTATION_ITEM ( '' )  );
#2266 = CARTESIAN_POINT ( 'NONE',  ( 0.4200000000000880807, 0.5500000000000000444, -1.799999999999980060 ) ) ;
#2267 = VERTEX_POINT ( 'NONE', #2270 ) ;
#2268 = CARTESIAN_POINT ( 'NONE',  ( -0.2750000000009207302, 1.034999999999999920, -0.7977642868471949145 ) ) ;
#2269 = ORIENTED_EDGE ( 'NONE', *, *, #2108, .F. ) ;
#2270 = CARTESIAN_POINT ( 'NONE',  ( 0.4000000000000111244, 0.6350000000000003419, 1.099999999999804690 ) ) ;
#2271 = PLANE ( 'NONE',  #4433 ) ;
#2272 = EDGE_CURVE ( 'NONE', #4195, #5340, #962, .T. ) ;
#2273 = DIRECTION ( 'NONE',  ( 1.000000000000000000, -0.000000000000000000, -0.000000000000000000 ) ) ;
#2274 = CARTESIAN_POINT ( 'NONE',  ( -0.01133612451281030067, 0.7358504847289419892, -0.8499070887012150077 ) ) ;
#2275 = CARTESIAN_POINT ( 'NONE',  ( 0.3020912304018639749, 0.8120000000000000551, 0.4184942383002899779 ) ) ;
#2276 = PLANE ( 'NONE',  #4747 ) ;
#2277 = PLANE ( 'NONE',  #1159 ) ;
#2278 = ORIENTED_EDGE ( 'NONE', *, *, #2800, .T. ) ;
#2279 = CARTESIAN_POINT ( 'NONE',  ( -1.295183384698910034, 1.109999999999999876, 1.150000000000019895 ) ) ;
#2280 = DIRECTION ( 'NONE',  ( -0.000000000000000000, -1.000000000000000000, -0.000000000000000000 ) ) ;
#2281 = ORIENTED_EDGE ( 'NONE', *, *, #2988, .T. ) ;
#2282 = CARTESIAN_POINT ( 'NONE',  ( -0.2750000000133248079, 1.064308004832920318, -0.8608846197361181840 ) ) ;
#2283 = ADVANCED_FACE ( 'NONE', ( #183 ), #3470, .T. ) ;
#2284 = ORIENTED_EDGE ( 'NONE', *, *, #1778, .T. ) ;
#2285 = LINE ( 'NONE', #173, #5051 ) ;
#2286 = CARTESIAN_POINT ( 'NONE',  ( -0.6662647483130371695, 1.085000000000000187, -0.6288600966244766166 ) ) ;
#2287 = DIRECTION ( 'NONE',  ( -0.000000000000000000, -1.000000000000000000, -0.000000000000000000 ) ) ;
#2288 = ADVANCED_FACE ( 'NONE', ( #1046 ), #4002, .T. ) ;
#2289 = DIRECTION ( 'NONE',  ( -0.000000000000000000, -0.000000000000000000, -1.000000000000000000 ) ) ;
#2290 = EDGE_LOOP ( 'NONE', ( #5009, #3390, #4010, #4436, #1387, #91, #5025, #611 ) ) ;
#2291 = AXIS2_PLACEMENT_3D ( 'NONE', #4459, #4101, #4897 ) ;
#2292 = COLOUR_RGB ( '',1.000000000000000000, 1.000000000000000000, 1.000000000000000000 ) ;
#2293 = CARTESIAN_POINT ( 'NONE',  ( 0.4410542485385600675, 0.8346666666666352485, 0.6506606302200270697 ) ) ;
#2294 = ADVANCED_FACE ( 'NONE', ( #3905 ), #1230, .F. ) ;
#2295 = EDGE_LOOP ( 'NONE', ( #4446, #4538, #2990, #3616, #2284 ) ) ;
#2296 =( BOUNDED_SURFACE ( )  B_SPLINE_SURFACE ( 3, 3, ( 
 ( #3571, #4723, #148, #1826 ),
 ( #1408, #3488, #5159, #1060 ),
 ( #3514, #2735, #5184, #313 ),
 ( #3216, #288, #4906, #1257 ),
 ( #1962, #4469, #681, #259 ),
 ( #3598, #3236, #1155, #4187 ),
 ( #443, #1989, #2942, #4008 ) ),
 .UNSPECIFIED., .F., .F., .F. ) 
 B_SPLINE_SURFACE_WITH_KNOTS ( ( 4, 3, 4 ),
 ( 4, 4 ),
 ( 0.04042736462002600312, 1.000000000000000000, 1.959572635380919969 ),
 ( 0.1629951871637609906, 0.6752048128362390100 ),
 .UNSPECIFIED. ) 
 GEOMETRIC_REPRESENTATION_ITEM ( )  RATIONAL_B_SPLINE_SURFACE ( (
 ( 1.158204805153179917, 1.158204805153179917, 1.158204805153179917, 1.158204805153179917),
 ( 0.9379871650766999913, 0.9379871650766999913, 0.9379871650766999913, 0.9379871650766989921),
 ( 0.9476731408569729620, 0.9476731408569729620, 0.9476731408569729620, 0.9476731408569729620),
 ( 1.187262732493999939, 1.187262732493999939, 1.187262732493999939, 1.187262732493999939),
 ( 0.9476731408567350412, 0.9476731408567350412, 0.9476731408567350412, 0.9476731408567350412),
 ( 0.9379871650766800073, 0.9379871650766800073, 0.9379871650766800073, 0.9379871650766800073),
 ( 1.158204805153830064, 1.158204805153830064, 1.158204805153830064, 1.158204805153830064) ) ) 
 REPRESENTATION_ITEM ( '' )  SURFACE ( )  );
#2297 = ADVANCED_FACE ( 'NONE', ( #3323 ), #782, .F. ) ;
#2298 = CARTESIAN_POINT ( 'NONE',  ( -0.7505045132893251036, 0.7057692263101761343, -0.09999999999997991051 ) ) ;
#2299 = CARTESIAN_POINT ( 'NONE',  ( -0.2759999999999119824, 1.084000000000000075, 1.150000000000019895 ) ) ;
#2300 = CARTESIAN_POINT ( 'NONE',  ( 0.2750000000000960010, 0.8850000000000001199, 0.6512489600658635247 ) ) ;
#2301 = AXIS2_PLACEMENT_3D ( 'NONE', #2353, #2797, #3272 ) ;
#2302 = DIRECTION ( 'NONE',  ( 0.000000000000000000, 0.7071067811865482389, 0.7071067811865469066 ) ) ;
#2303 = B_SPLINE_CURVE_WITH_KNOTS ( 'NONE', 3,
 ( #3015, #881, #4680, #2940, #1733, #28, #4183, #5062, #936, #2992, #438, #1287, #410, #2086, #2608, #3311 ),
 .UNSPECIFIED., .F., .F.,
 ( 4, 3, 3, 3, 3, 4 ),
 ( 4.336808689942017736E-19, 3.739880465478498552E-05, 7.484135201069797201E-05, 0.0001114684410599582609, 0.0001458526383940920101, 0.0001612596466469514486 ),
 .UNSPECIFIED. ) ;
#2304 = CARTESIAN_POINT ( 'NONE',  ( 0.4714078311716986547, 1.135000000000000231, 0.6075620779688802875 ) ) ;
#2305 = CARTESIAN_POINT ( 'NONE',  ( -0.09265138488060388477, 0.8850000000000001199, 0.6499999999999086508 ) ) ;
#2306 = LINE ( 'NONE', #4405, #4226 ) ;
#2307 =( GEOMETRIC_REPRESENTATION_CONTEXT ( 3 ) GLOBAL_UNCERTAINTY_ASSIGNED_CONTEXT ( ( #3446 ) ) GLOBAL_UNIT_ASSIGNED_CONTEXT ( ( #1899, #4378, #4714 ) ) REPRESENTATION_CONTEXT ( 'NONE', 'WORKASPACE' ) );
#2308 = ORIENTED_EDGE ( 'NONE', *, *, #5350, .T. ) ;
#2309 = FILL_AREA_STYLE ('',( #4898 ) ) ;
#2310 = SURFACE_SIDE_STYLE ('',( #1426 ) ) ;
#2311 = CARTESIAN_POINT ( 'NONE',  ( -0.7299999999998730837, 0.1500000000000085154, -0.09999999999997009892 ) ) ;
#2312 = EDGE_CURVE ( 'NONE', #4394, #2120, #1816, .T. ) ;
#2313 = VERTEX_POINT ( 'NONE', #368 ) ;
#2314 = CARTESIAN_POINT ( 'NONE',  ( -0.3174943787079500535, 0.03025567659247460281, -0.09999090223437390179 ) ) ;
#2315 = FILL_AREA_STYLE_COLOUR ( '', #2954 ) ;
#2316 = VERTEX_POINT ( 'NONE', #5397 ) ;
#2317 = CARTESIAN_POINT ( 'NONE',  ( 0.3174999999863578615, 0.6849985898234416393, -0.09999999999953100571 ) ) ;
#2318 = CARTESIAN_POINT ( 'NONE',  ( -1.124999999999910738, 0.6350000000000000089, -1.899999999999979927 ) ) ;
#2319 = CARTESIAN_POINT ( 'NONE',  ( -0.6219175541424686315, 1.084999999999999964, -0.6804998238815200828 ) ) ;
#2320 = VECTOR ( 'NONE', #2643, 1000.000000000000000 ) ;
#2321 = FACE_OUTER_BOUND ( 'NONE', #52, .T. ) ;
#2322 = VECTOR ( 'NONE', #4729, 1000.000000000000000 ) ;
#2323 = CARTESIAN_POINT ( 'NONE',  ( -2.056340630042753137, 1.134999999999993570, -0.9190029851453860310 ) ) ;
#2324 = ORIENTED_EDGE ( 'NONE', *, *, #2703, .F. ) ;
#2325 = LINE ( 'NONE', #1043, #2322 ) ;
#2326 = MECHANICAL_DESIGN_GEOMETRIC_PRESENTATION_REPRESENTATION (  '', ( #3709 ), #1096 ) ;
#2327 = ORIENTED_EDGE ( 'NONE', *, *, #126, .F. ) ;
#2328 = EDGE_CURVE ( 'NONE', #200, #1243, #4871, .T. ) ;
#2329 = CARTESIAN_POINT ( 'NONE',  ( 0.8951833846989875054, 1.134999999999999787, 1.500000000000019762 ) ) ;
#2330 = VECTOR ( 'NONE', #105, 1000.000000000000000 ) ;
#2331 = CARTESIAN_POINT ( 'NONE',  ( 0.2750000000001880385, 1.035000000000089626, 0.6512489600658224465 ) ) ;
#2332 = CARTESIAN_POINT ( 'NONE',  ( 0.7300000000000880229, 1.749358617118585302E-14, -1.150000000000015232 ) ) ;
#2333 =( BOUNDED_CURVE ( )  B_SPLINE_CURVE ( 3, ( #4707, #1889, #3118, #605 ),
 .UNSPECIFIED., .F., .T. ) 
 B_SPLINE_CURVE_WITH_KNOTS ( ( 4, 4 ),
 ( 0.000000000000000000, 1.000000000000000000 ),
 .UNSPECIFIED. ) 
 CURVE ( )  GEOMETRIC_REPRESENTATION_ITEM ( )  RATIONAL_B_SPLINE_CURVE ( ( 1.056292693602703281, 0.9864475434760219263, 0.9815976620601106761, 1.041743049354969752 ) ) 
 REPRESENTATION_ITEM ( '' )  );
#2334 = LINE ( 'NONE', #716, #3030 ) ;
#2335 = PRESENTATION_LAYER_ASSIGNMENT (  '', '', ( #752 ) ) ;
#2336 = FILL_AREA_STYLE_COLOUR ( '', #4415 ) ;
#2337 = CARTESIAN_POINT ( 'NONE',  ( 0.3180883206433260391, 0.6871048128362361451, -0.2864081188562799807 ) ) ;
#2338 = DIRECTION ( 'NONE',  ( -0.000000000000000000, -1.000000000000000000, -0.000000000000000000 ) ) ;
#2339 = ORIENTED_EDGE ( 'NONE', *, *, #449, .F. ) ;
#2340 = CARTESIAN_POINT ( 'NONE',  ( 0.2750000000010965895, 1.034999999999999476, 0.5977642868472344828 ) ) ;
#2341 =( NAMED_UNIT ( * ) SI_UNIT ( $, .STERADIAN. ) SOLID_ANGLE_UNIT ( ) );
#2342 = ORIENTED_EDGE ( 'NONE', *, *, #1787, .F. ) ;
#2343 = DIRECTION ( 'NONE',  ( 0.000000000000000000, 1.000000000000000000, 0.000000000000000000 ) ) ;
#2344 = ORIENTED_EDGE ( 'NONE', *, *, #5136, .F. ) ;
#2345 = CARTESIAN_POINT ( 'NONE',  ( -0.7299999999999119416, 0.1000000000000000194, -1.049999999999980060 ) ) ;
#2346 = LINE ( 'NONE', #3570, #2695 ) ;
#2347 = ADVANCED_FACE ( 'NONE', ( #1272 ), #4613, .F. ) ;
#2348 = LINE ( 'NONE', #706, #2675 ) ;
#2349 = CARTESIAN_POINT ( 'NONE',  ( 0.1849855958554780244, 0.6849983515546651525, -0.4175000000417949941 ) ) ;
#2350 = ORIENTED_EDGE ( 'NONE', *, *, #2860, .F. ) ;
#2351 = PLANE ( 'NONE',  #660 ) ;
#2352 = EDGE_LOOP ( 'NONE', ( #1870, #3088, #2017, #5016 ) ) ;
#2353 = CARTESIAN_POINT ( 'NONE',  ( 0.2750000000000880074, 0.8840000000000000080, -0.7967642868475800499 ) ) ;
#2354 = CARTESIAN_POINT ( 'NONE',  ( -0.7454036035566818930, 1.084944679810410317, -0.6309564532134930293 ) ) ;
#2355 = UNCERTAINTY_MEASURE_WITH_UNIT (LENGTH_MEASURE( 1.000000000000000082E-05 ), #4249, 'distance_accuracy_value', 'NONE');
#2356 = EDGE_CURVE ( 'NONE', #4793, #5084, #14, .T. ) ;
#2357 = DIRECTION ( 'NONE',  ( 1.000000000000000000, 0.000000000000000000, 0.000000000000000000 ) ) ;
#2358 = CARTESIAN_POINT ( 'NONE',  ( -0.3999999999999119260, -0.01778000000000000067, 1.506350000000020062 ) ) ;
#2359 = CARTESIAN_POINT ( 'NONE',  ( 1.350000000000090239, -0.005080000000000181593, 1.874600000000030908 ) ) ;
#2360 = DIRECTION ( 'NONE',  ( -1.000000000000000000, 0.000000000000000000, 0.000000000000000000 ) ) ;
#2361 = CARTESIAN_POINT ( 'NONE',  ( 0.1854929580210959994, 0.5163682709453819575, -0.4174999999999799427 ) ) ;
#2362 = EDGE_CURVE ( 'NONE', #1424, #1683, #4480, .T. ) ;
#2363 = EDGE_LOOP ( 'NONE', ( #5165, #3221, #1239, #779 ) ) ;
#2364 = CARTESIAN_POINT ( 'NONE',  ( 0.2322416407354670476, 1.033861122575800096, 0.6131434277054350623 ) ) ;
#2365 = LINE ( 'NONE', #4023, #1020 ) ;
#2366 = CARTESIAN_POINT ( 'NONE',  ( 1.250000000000089706, 1.084999999999999964, -0.3749999999999799605 ) ) ;
#2367 = ADVANCED_FACE ( 'NONE', ( #898 ), #2507, .T. ) ;
#2368 = ORIENTED_EDGE ( 'NONE', *, *, #5255, .F. ) ;
#2369 = DIRECTION ( 'NONE',  ( -1.000000000000000000, 0.000000000000000000, 0.000000000000000000 ) ) ;
#2370 = FILL_AREA_STYLE ('',( #2315 ) ) ;
#2371 = ORIENTED_EDGE ( 'NONE', *, *, #2272, .F. ) ;
#2372 = DIRECTION ( 'NONE',  ( 0.000000000000000000, 0.000000000000000000, 1.000000000000000000 ) ) ;
#2373 = DIRECTION ( 'NONE',  ( 0.000000000000000000, -0.7071067811876915465, 0.7071067811854034879 ) ) ;
#2374 = LINE ( 'NONE', #750, #2239 ) ;
#2375 = ORIENTED_EDGE ( 'NONE', *, *, #5328, .F. ) ;
#2376 = CARTESIAN_POINT ( 'NONE',  ( -0.3705057616176560265, 0.8120000000000001661, -0.09999519087798303119 ) ) ;
#2377 = EDGE_LOOP ( 'NONE', ( #4774, #2758, #339, #5021, #335, #4955, #733, #3590 ) ) ;
#2378 = CARTESIAN_POINT ( 'NONE',  ( 0.09265138488078031309, 0.8850000000000001199, -0.8499999999998675282 ) ) ;
#2379 = ORIENTED_EDGE ( 'NONE', *, *, #3594, .T. ) ;
#2380 = FACE_OUTER_BOUND ( 'NONE', #4359, .T. ) ;
#2381 = LINE ( 'NONE', #5349, #1947 ) ;
#2382 = CARTESIAN_POINT ( 'NONE',  ( -0.4704578651075709828, 0.7340000000000000968, 0.7007046722347819445 ) ) ;
#2383 = CARTESIAN_POINT ( 'NONE',  ( 0.6991495152711549865, 0.6850072337659980359, 0.3127538212132259798 ) ) ;
#2384 = VECTOR ( 'NONE', #1560, 1000.000000000000000 ) ;
#2385 = LINE ( 'NONE', #4018, #1887 ) ;
#2386 = CARTESIAN_POINT ( 'NONE',  ( -1.349999999999909717, 0.6350000000000000089, 1.874600000000046673 ) ) ;
#2387 = PRODUCT_CONTEXT ( 'NONE', #3500, 'mechanical' ) ;
#2388 = CARTESIAN_POINT ( 'NONE',  ( 0.2450904112963170622, 1.135672765510920001, 0.6525980933308810350 ) ) ;
#2389 = DIRECTION ( 'NONE',  ( -0.000000000000000000, -1.000000000000000000, -0.000000000000000000 ) ) ;
#2390 = ORIENTED_EDGE ( 'NONE', *, *, #3890, .F. ) ;
#2391 = EDGE_CURVE ( 'NONE', #3317, #2889, #2895, .T. ) ;
#2392 = LINE ( 'NONE', #4464, #2569 ) ;
#2393 = DIRECTION ( 'NONE',  ( 0.000000000000000000, 1.000000000000000000, 0.000000000000000000 ) ) ;
#2394 = EDGE_LOOP ( 'NONE', ( #2485, #1780, #2278, #4306, #3601, #522, #1259, #4034, #3343, #3599, #3565, #515, #920, #5163, #3896, #308 ) ) ;
#2395 = EDGE_CURVE ( 'NONE', #4811, #506, #456, .T. ) ;
#2396 = ADVANCED_FACE ( 'NONE', ( #2123 ), #3787, .F. ) ;
#2397 = DIRECTION ( 'NONE',  ( 1.707404996061914205E-14, 1.000000000000000000, 0.000000000000000000 ) ) ;
#2398 = ORIENTED_EDGE ( 'NONE', *, *, #3785, .T. ) ;
#2399 = DIRECTION ( 'NONE',  ( 1.000000000000000000, 0.000000000000000000, 0.000000000000000000 ) ) ;
#2400 = LINE ( 'NONE', #4056, #3545 ) ;
#2401 = VERTEX_POINT ( 'NONE', #516 ) ;
#2402 = CARTESIAN_POINT ( 'NONE',  ( -0.5714999999410299569, 0.6849983515546410606, -0.09999258199597839403 ) ) ;
#2403 = EDGE_LOOP ( 'NONE', ( #4988, #4052, #1234, #1208 ) ) ;
#2404 = STYLED_ITEM ( 'NONE', ( #1844 ), #3723 ) ;
#2405 = ORIENTED_EDGE ( 'NONE', *, *, #3935, .F. ) ;
#2406 = CARTESIAN_POINT ( 'NONE',  ( 0.3305643050036954356, 1.135000000000000231, -0.8852869371935649934 ) ) ;
#2407 = CARTESIAN_POINT ( 'NONE',  ( -0.2304170208454009716, 1.086427134029740005, -0.8878605367282569327 ) ) ;
#2408 = CARTESIAN_POINT ( 'NONE',  ( -0.4199999999999121103, -5.293955920339377119E-18, -1.799999999999980060 ) ) ;
#2409 = CARTESIAN_POINT ( 'NONE',  ( 0.6838819035057219775, 0.6350000000000000089, -0.2734746744059015633 ) ) ;
#2410 = LINE ( 'NONE', #187, #2854 ) ;
#2411 = CARTESIAN_POINT ( 'NONE',  ( -1.250999999999909962, 0.8839999999999990088, 0.1750000000000200007 ) ) ;
#2412 = AXIS2_PLACEMENT_3D ( 'NONE', #1291, #1763, #3047 ) ;
#2413 = CARTESIAN_POINT ( 'NONE',  ( -0.6336894130988529605, 1.093499400003510091, -0.5785281499989649578 ) ) ;
#2414 = ORIENTED_EDGE ( 'NONE', *, *, #2699, .F. ) ;
#2415 = PLANE ( 'NONE',  #2589 ) ;
#2416 = FACE_OUTER_BOUND ( 'NONE', #2096, .T. ) ;
#2417 =( GEOMETRIC_REPRESENTATION_CONTEXT ( 3 ) GLOBAL_UNCERTAINTY_ASSIGNED_CONTEXT ( ( #2244 ) ) GLOBAL_UNIT_ASSIGNED_CONTEXT ( ( #4491, #2420, #2762 ) ) REPRESENTATION_CONTEXT ( 'NONE', 'WORKASPACE' ) );
#2418 = DIRECTION ( 'NONE',  ( 1.000000000000000000, 0.000000000000000000, 0.000000000000000000 ) ) ;
#2419 = ORIENTED_EDGE ( 'NONE', *, *, #1723, .T. ) ;
#2420 =( NAMED_UNIT ( * ) PLANE_ANGLE_UNIT ( ) SI_UNIT ( $, .RADIAN. ) );
#2421 = EDGE_CURVE ( 'NONE', #3846, #4669, #2951, .T. ) ;
#2422 =( GEOMETRIC_REPRESENTATION_CONTEXT ( 3 ) GLOBAL_UNCERTAINTY_ASSIGNED_CONTEXT ( ( #3067 ) ) GLOBAL_UNIT_ASSIGNED_CONTEXT ( ( #3180, #5236, #3941 ) ) REPRESENTATION_CONTEXT ( 'NONE', 'WORKASPACE' ) );
#2423 = DIRECTION ( 'NONE',  ( 1.000000000000000000, 0.000000000000000000, 0.000000000000000000 ) ) ;
#2424 = CARTESIAN_POINT ( 'NONE',  ( 0.9722938510195880957, 1.084999999999999964, -1.614808458937980307 ) ) ;
#2425 = ORIENTED_EDGE ( 'NONE', *, *, #1586, .F. ) ;
#2426 = COLOUR_RGB ( '',1.000000000000000000, 1.000000000000000000, 1.000000000000000000 ) ;
#2427 = ORIENTED_EDGE ( 'NONE', *, *, #3097, .F. ) ;
#2428 = EDGE_CURVE ( 'NONE', #626, #933, #3919, .T. ) ;
#2429 = CARTESIAN_POINT ( 'NONE',  ( 0.5715009707867209077, 0.7597945045706780975, -0.09999258198105227813 ) ) ;
#2430 = ORIENTED_EDGE ( 'NONE', *, *, #3249, .T. ) ;
#2431 = VECTOR ( 'NONE', #979, 1000.000000000000000 ) ;
#2432 = CARTESIAN_POINT ( 'NONE',  ( 0.7510000000000880416, 0.6360000000000000098, -1.599999999999980105 ) ) ;
#2433 = ORIENTED_EDGE ( 'NONE', *, *, #5136, .T. ) ;
#2434 = CARTESIAN_POINT ( 'NONE',  ( -0.2749999999999199196, 0.8849999999999998979, 0.6512489600658416533 ) ) ;
#2435 = CARTESIAN_POINT ( 'NONE',  ( -0.7759183221121150886, 1.032648626225330046, -0.2950365934240389842 ) ) ;
#2436 = CARTESIAN_POINT ( 'NONE',  ( 0.2750000000037452486, 1.132861283978533029, -0.8791811067315036254 ) ) ;
#2437 = SURFACE_STYLE_FILL_AREA ( #1584 ) ;
#2438 = LINE ( 'NONE', #3310, #3250 ) ;
#2439 =( BOUNDED_CURVE ( )  B_SPLINE_CURVE ( 3, ( #2673, #1038, #2708, #3160 ),
 .UNSPECIFIED., .F., .T. ) 
 B_SPLINE_CURVE_WITH_KNOTS ( ( 4, 4 ),
 ( 1.189526900226082595E-19, 0.0002792877797087909382 ),
 .UNSPECIFIED. ) 
 CURVE ( )  GEOMETRIC_REPRESENTATION_ITEM ( )  RATIONAL_B_SPLINE_CURVE ( ( 1.156758988149917178, 1.106181336070900967, 1.067842689805919010, 1.041743049354970418 ) ) 
 REPRESENTATION_ITEM ( '' )  );
#2440 = ADVANCED_FACE ( 'NONE', ( #4696 ), #564, .T. ) ;
#2441 = LINE ( 'NONE', #29, #3990 ) ;
#2442 = CARTESIAN_POINT ( 'NONE',  ( -0.4736763510056499760, 1.135672765510920001, -0.7781570038882760221 ) ) ;
#2443 = VERTEX_POINT ( 'NONE', #3540 ) ;
#2444 = DIRECTION ( 'NONE',  ( 0.9396926207860043512, 0.000000000000000000, -0.3420201433254050349 ) ) ;
#2445 = CARTESIAN_POINT ( 'NONE',  ( 0.5990000000000880176, -0.01878000000000000155, 1.012700000000019918 ) ) ;
#2446 = ORIENTED_EDGE ( 'NONE', *, *, #2180, .F. ) ;
#2447 = LINE ( 'NONE', #4543, #3813 ) ;
#2448 = CARTESIAN_POINT ( 'NONE',  ( -0.4791799041614280275, 1.064140335611860166, 0.5921686486106380043 ) ) ;
#2449 = ORIENTED_EDGE ( 'NONE', *, *, #2227, .F. ) ;
#2450 = CARTESIAN_POINT ( 'NONE',  ( 5.350386800273549876E-11, 0.6849983515546669288, 0.2175000000107109588 ) ) ;
#2451 = ORIENTED_EDGE ( 'NONE', *, *, #1062, .F. ) ;
#2452 = ORIENTED_EDGE ( 'NONE', *, *, #4059, .T. ) ;
#2453 = FACE_OUTER_BOUND ( 'NONE', #757, .T. ) ;
#2454 = CARTESIAN_POINT ( 'NONE',  ( -0.3989999999999120361, -0.01778000000000000413, 1.875600000000019918 ) ) ;
#2455 = ORIENTED_EDGE ( 'NONE', *, *, #242, .F. ) ;
#2456 = CARTESIAN_POINT ( 'NONE',  ( 1.295183384698765039, 1.084999999999999964, 1.149999999999784972 ) ) ;
#2457 = DIRECTION ( 'NONE',  ( -0.000000000000000000, -1.000000000000000000, -0.000000000000000000 ) ) ;
#2458 = VERTEX_POINT ( 'NONE', #5157 ) ;
#2459 = CARTESIAN_POINT ( 'NONE',  ( 0.6662647483726760189, 1.135000000000000231, -0.6288600966718296270 ) ) ;
#2460 = EDGE_CURVE ( 'NONE', #8, #3203, #1758, .T. ) ;
#2461 = B_SPLINE_CURVE_WITH_KNOTS ( 'NONE', 3,
 ( #592, #3029, #1104, #5284, #701, #4026, #3179, #3209, #4411, #1078, #673, #4485, #4901, #3592, #254, #4078 ),
 .UNSPECIFIED., .F., .F.,
 ( 4, 3, 3, 3, 3, 4 ),
 ( 0.000000000000000000, 1.860882655112195485E-05, 3.724439541414445220E-05, 5.540656873534364856E-05, 7.251608683449342087E-05, 8.048010072565756653E-05 ),
 .UNSPECIFIED. ) ;
#2462 = DIRECTION ( 'NONE',  ( 0.000000000000000000, 0.000000000000000000, -1.000000000000000000 ) ) ;
#2463 = ORIENTED_EDGE ( 'NONE', *, *, #2699, .T. ) ;
#2464 = EDGE_CURVE ( 'NONE', #1243, #4602, #1563, .T. ) ;
#2465 = DIRECTION ( 'NONE',  ( -0.000000000000000000, -1.000000000000000000, -0.000000000000000000 ) ) ;
#2466 = CARTESIAN_POINT ( 'NONE',  ( -0.8951833846988120902, 1.134999999999999787, 1.500000000000019762 ) ) ;
#2467 = LINE ( 'NONE', #4458, #730 ) ;
#2468 = FACE_OUTER_BOUND ( 'NONE', #1415, .T. ) ;
#2469 = CARTESIAN_POINT ( 'NONE',  ( -1.349999999999909939, -0.01878000000000000155, 0.8403598162594200227 ) ) ;
#2470 = EDGE_LOOP ( 'NONE', ( #4406, #5173, #2159, #1336 ) ) ;
#2471 = LINE ( 'NONE', #3692, #1616 ) ;
#2472 = CARTESIAN_POINT ( 'NONE',  ( 0.5287639116780227244, 1.085000000000000409, 0.5656083999093329817 ) ) ;
#2473 = EDGE_CURVE ( 'NONE', #44, #1055, #4295, .T. ) ;
#2474 = CARTESIAN_POINT ( 'NONE',  ( -0.7512489600658478484, 1.035000000000170006, -0.3749999999999882871 ) ) ;
#2475 = DIRECTION ( 'NONE',  ( 0.000000000000000000, -0.7071067811854069296, -0.7071067811876882159 ) ) ;
#2476 = EDGE_LOOP ( 'NONE', ( #4283, #1214, #2379, #2045, #4104, #2257, #2698, #2767, #1918, #171, #15, #945, #4463, #3482, #1133, #3075, #5074, #1719, #1322, #1722 ) ) ;
#2477 = AXIS2_PLACEMENT_3D ( 'NONE', #2771, #4427, #687 ) ;
#2478 = CARTESIAN_POINT ( 'NONE',  ( -0.6999986576457660759, 0.6350000000089771612, -0.09999999999998007705 ) ) ;
#2479 = ORIENTED_EDGE ( 'NONE', *, *, #1454, .T. ) ;
#2480 = LINE ( 'NONE', #3385, #7 ) ;
#2481 = CARTESIAN_POINT ( 'NONE',  ( -0.7980824549233919152, 1.084999999999901599, 0.1750000000000200839 ) ) ;
#2482 = VERTEX_POINT ( 'NONE', #2013 ) ;
#2483 = CARTESIAN_POINT ( 'NONE',  ( 0.5864469611376924574, 1.084999999999999742, -0.7153011027453727300 ) ) ;
#2484 = FILL_AREA_STYLE ('',( #3241 ) ) ;
#2485 = ORIENTED_EDGE ( 'NONE', *, *, #4328, .T. ) ;
#2486 = CARTESIAN_POINT ( 'NONE',  ( 0.3178288338611879871, 0.1000038686905520002, 0.4454979987712899825 ) ) ;
#2487 = LINE ( 'NONE', #1220, #5087 ) ;
#2488 = VERTEX_POINT ( 'NONE', #1464 ) ;
#2489 = PRESENTATION_LAYER_ASSIGNMENT (  '', '', ( #2404 ) ) ;
#2490 = CARTESIAN_POINT ( 'NONE',  ( -0.7254742204147240914, 1.102934162625892833, 0.1750000000025425106 ) ) ;
#2491 = EDGE_CURVE ( 'NONE', #2443, #2590, #3595, .T. ) ;
#2492 = CARTESIAN_POINT ( 'NONE',  ( 8.815170815523740407E-14, 0.1329999999999909865, 0.6300000000000199885 ) ) ;
#2493 = CARTESIAN_POINT ( 'NONE',  ( -0.7538971829750440445, 1.135672765510920001, -0.3410647989579480566 ) ) ;
#2494 = ORIENTED_EDGE ( 'NONE', *, *, #4222, .T. ) ;
#2495 = VECTOR ( 'NONE', #2554, 1000.000000000000000 ) ;
#2496 = DIRECTION ( 'NONE',  ( 0.000000000000000000, 1.000000000000000000, 0.000000000000000000 ) ) ;
#2497 = FACE_OUTER_BOUND ( 'NONE', #1524, .T. ) ;
#2498 = VERTEX_POINT ( 'NONE', #1959 ) ;
#2499 = CARTESIAN_POINT ( 'NONE',  ( 0.2750000000000880074, 1.135000000000000009, 0.8738821434238199792 ) ) ;
#2500 = VECTOR ( 'NONE', #233, 1000.000000000000000 ) ;
#2501 = ORIENTED_EDGE ( 'NONE', *, *, #3895, .F. ) ;
#2502 =( BOUNDED_CURVE ( )  B_SPLINE_CURVE ( 3, ( #737, #3558, #3227, #5228, #3122, #4894, #1071 ),
 .UNSPECIFIED., .F., .T. ) 
 B_SPLINE_CURVE_WITH_KNOTS ( ( 4, 3, 4 ),
 ( 3.244011895128704679E-18, 0.0002796297425723432307, 0.0005592594851446790888 ),
 .UNSPECIFIED. ) 
 CURVE ( )  GEOMETRIC_REPRESENTATION_ITEM ( )  RATIONAL_B_SPLINE_CURVE ( ( 1.056292693602703281, 1.087212179383741040, 1.130868859014173111, 1.187262732493999939, 1.130868859014173777, 1.087212179383741928, 1.056292693602704391 ) ) 
 REPRESENTATION_ITEM ( '' )  );
#2503 = AXIS2_PLACEMENT_3D ( 'NONE', #2099, #4643, #2566 ) ;
#2504 = CARTESIAN_POINT ( 'NONE',  ( 1.038390056162800001E-05, 0.7350013423541450486, 0.6999999999235878567 ) ) ;
#2505 = VERTEX_POINT ( 'NONE', #3620 ) ;
#2506 = CARTESIAN_POINT ( 'NONE',  ( 0.4250000000000879741, -0.001000000000000019970, -1.798999999999980171 ) ) ;
#2507 = PLANE ( 'NONE',  #2503 ) ;
#2508 = ORIENTED_EDGE ( 'NONE', *, *, #351, .T. ) ;
#2509 = CARTESIAN_POINT ( 'NONE',  ( -0.09265138488060381539, 0.8850000000000001199, -0.8499999999998686384 ) ) ;
#2510 = CARTESIAN_POINT ( 'NONE',  ( 0.3990000000000880065, -0.005080000000000000314, 1.011700000000020028 ) ) ;
#2511 = EDGE_LOOP ( 'NONE', ( #4589, #3951, #5318, #2106 ) ) ;
#2512 = CARTESIAN_POINT ( 'NONE',  ( 3.760880495917719073E-11, 0.1770048647585189816, 0.2175000000931980038 ) ) ;
#2513 = AXIS2_PLACEMENT_3D ( 'NONE', #1699, #5034, #4317 ) ;
#2514 = CARTESIAN_POINT ( 'NONE',  ( 0.7744805922935641407, 1.064136900068300084, 0.09467520238596702220 ) ) ;
#2515 = VECTOR ( 'NONE', #3639, 1000.000000000000000 ) ;
#2516 = ORIENTED_EDGE ( 'NONE', *, *, #4730, .F. ) ;
#2517 = DIRECTION ( 'NONE',  ( 1.000000000000000000, -0.000000000000000000, 0.000000000000000000 ) ) ;
#2518 = DIRECTION ( 'NONE',  ( 1.000000000000000000, 0.000000000000000000, 0.000000000000000000 ) ) ;
#2519 = LINE ( 'NONE', #4624, #3949 ) ;
#2520 = ADVANCED_FACE ( 'NONE', ( #1518 ), #3158, .T. ) ;
#2521 = CARTESIAN_POINT ( 'NONE',  ( -0.7306430134140531329, 0.09900000000000051814, 0.3292928019108130044 ) ) ;
#2522 = PLANE ( 'NONE',  #2604 ) ;
#2523 = CARTESIAN_POINT ( 'NONE',  ( -0.7987387276678131753, 0.6476999999999949464, 0.6407171218268006285 ) ) ;
#2524 = LINE ( 'NONE', #5144, #3625 ) ;
#2525 = DIRECTION ( 'NONE',  ( -0.000000000000000000, 1.000000000000000000, -0.000000000000000000 ) ) ;
#2526 = ORIENTED_EDGE ( 'NONE', *, *, #1778, .F. ) ;
#2527 = DIRECTION ( 'NONE',  ( 0.000000000000000000, -0.7071067811865474617, -0.7071067811865476838 ) ) ;
#2528 = CARTESIAN_POINT ( 'NONE',  ( -0.4304382217448277648, 1.135000000000000009, -0.8329679284933390049 ) ) ;
#2529 = ADVANCED_FACE ( 'NONE', ( #5315 ), #309, .T. ) ;
#2530 = ORIENTED_EDGE ( 'NONE', *, *, #3597, .T. ) ;
#2531 = DIRECTION ( 'NONE',  ( 1.000000000000000000, 0.000000000000000000, 0.000000000000000000 ) ) ;
#2532 = EDGE_CURVE ( 'NONE', #787, #1042, #1025, .T. ) ;
#2533 = CARTESIAN_POINT ( 'NONE',  ( -0.7168811625487081507, 1.086390280906569972, 0.4124667262830470360 ) ) ;
#2534 = ORIENTED_EDGE ( 'NONE', *, *, #749, .F. ) ;
#2535 = CARTESIAN_POINT ( 'NONE',  ( -0.4711464854834209737, 0.7350013423541470470, -0.9000061154811509478 ) ) ;
#2536 = PLANE ( 'NONE',  #3587 ) ;
#2537 = CARTESIAN_POINT ( 'NONE',  ( -0.5715043687561665031, 0.6849999999999988320, -0.4365752705329265515 ) ) ;
#2538 = ORIENTED_EDGE ( 'NONE', *, *, #2593, .F. ) ;
#2539 =( BOUNDED_SURFACE ( )  B_SPLINE_SURFACE ( 3, 3, ( 
 ( #3196, #2407, #4429, #5326 ),
 ( #4916, #4865, #3606, #4503 ),
 ( #2354, #763, #1119, #3578 ),
 ( #4452, #714, #296, #2435 ) ),
 .UNSPECIFIED., .F., .F., .T. ) 
 B_SPLINE_SURFACE_WITH_KNOTS ( ( 4, 4 ),
 ( 4, 4 ),
 ( 0.002451522172100800007, 0.4178378756708360231 ),
 ( 0.05212107475696420300, 0.9478789252481070182 ),
 .UNSPECIFIED. ) 
 GEOMETRIC_REPRESENTATION_ITEM ( )  RATIONAL_B_SPLINE_SURFACE ( (
 ( 1.866800480314559918, 1.459926323484010080, 1.459926323486310018, 1.866800480321469946),
 ( 1.493117789400659978, 1.167688774346570035, 1.167688774348420111, 1.493117789406180007),
 ( 1.275422602480289935, 0.9974408355698749507, 0.9974408355714490249, 1.275422602485009937),
 ( 1.213714919553479987, 0.9491825071539139458, 0.9491825071554119697, 1.213714919557969951) ) ) 
 REPRESENTATION_ITEM ( '' )  SURFACE ( )  );
#2540 = LINE ( 'NONE', #3736, #4516 ) ;
#2541 = FACE_OUTER_BOUND ( 'NONE', #2295, .T. ) ;
#2542 = VERTEX_POINT ( 'NONE', #2345 ) ;
#2543 = CARTESIAN_POINT ( 'NONE',  ( 5.403832936679010082E-11, -0.01669986628942519633, 0.3565285518019130073 ) ) ;
#2544 = CARTESIAN_POINT ( 'NONE',  ( -0.2750000000019447444, 1.094325790470328297, -0.8186816629231664644 ) ) ;
#2545 = VERTEX_POINT ( 'NONE', #2317 ) ;
#2546 = DIRECTION ( 'NONE',  ( 0.000000000000000000, 0.000000000000000000, -1.000000000000000000 ) ) ;
#2547 = CARTESIAN_POINT ( 'NONE',  ( 1.038391077612390052E-05, 0.6764214516330989690, -0.9000007862731921326 ) ) ;
#2548 = LINE ( 'NONE', #852, #2213 ) ;
#2549 = CARTESIAN_POINT ( 'NONE',  ( 8.815170815523740407E-14, 0.1670000000000320117, 0.6300000000000199885 ) ) ;
#2550 = CARTESIAN_POINT ( 'NONE',  ( -0.4304382217447567660, 1.084999999999999742, 0.6329679284931887251 ) ) ;
#2551 = LINE ( 'NONE', #4214, #3963 ) ;
#2552 = LINE ( 'NONE', #4217, #4064 ) ;
#2553 = VERTEX_POINT ( 'NONE', #2840 ) ;
#2554 = DIRECTION ( 'NONE',  ( -0.000000000000000000, -1.000000000000000000, -0.000000000000000000 ) ) ;
#2555 = CARTESIAN_POINT ( 'NONE',  ( 0.4000000000000880074, 0.6350000000000084466, 1.850000000000020961 ) ) ;
#2556 = EDGE_LOOP ( 'NONE', ( #2571, #5394, #1431, #5356 ) ) ;
#2557 = VECTOR ( 'NONE', #623, 1000.000000000000000 ) ;
#2558 = CARTESIAN_POINT ( 'NONE',  ( 1.800000000000086420, 0.6350000000000001199, -1.599999999999976552 ) ) ;
#2559 = DIRECTION ( 'NONE',  ( -1.000000000000000000, -0.000000000000000000, -0.000000000000000000 ) ) ;
#2560 = DIRECTION ( 'NONE',  ( 3.578294879349324768E-16, 1.000000000000000000, -4.121620141467510430E-16 ) ) ;
#2561 = ADVANCED_FACE ( 'NONE', ( #4803 ), #1910, .T. ) ;
#2562 = ORIENTED_EDGE ( 'NONE', *, *, #1024, .F. ) ;
#2563 = AXIS2_PLACEMENT_3D ( 'NONE', #2411, #3228, #1610 ) ;
#2564 = EDGE_CURVE ( 'NONE', #2986, #5342, #3973, .T. ) ;
#2565 = DIRECTION ( 'NONE',  ( 0.000000000000000000, 0.000000000000000000, -1.000000000000000000 ) ) ;
#2566 = DIRECTION ( 'NONE',  ( 1.000000000000000000, 0.000000000000000000, 0.000000000000000000 ) ) ;
#2567 = EDGE_LOOP ( 'NONE', ( #5346, #2784, #4117, #3266, #3163, #4797, #2494, #3349, #1127, #4889, #1539, #2427, #5000, #1031, #4513 ) ) ;
#2568 = CARTESIAN_POINT ( 'NONE',  ( 0.5093625989591119563, 1.134993507399409962, -0.8292593472838609703 ) ) ;
#2569 = VECTOR ( 'NONE', #2343, 1000.000000000000000 ) ;
#2570 = CARTESIAN_POINT ( 'NONE',  ( 0.8000000000001206146, 0.7350000000000020961, -0.5661001511470944436 ) ) ;
#2571 = ORIENTED_EDGE ( 'NONE', *, *, #115, .F. ) ;
#2572 = CARTESIAN_POINT ( 'NONE',  ( 0.3174999999629280478, 0.1770048647585190094, -0.1000090980084480247 ) ) ;
#2573 = CARTESIAN_POINT ( 'NONE',  ( -0.2450843479551390036, 1.135673141037599976, 0.6526001130229870384 ) ) ;
#2574 = EDGE_LOOP ( 'NONE', ( #874, #2821, #863, #4192, #4497, #1876, #3561, #2795, #457, #2501, #3767, #2200 ) ) ;
#2575 = PLANE ( 'NONE',  #1010 ) ;
#2576 = CARTESIAN_POINT ( 'NONE',  ( 0.7299991831902660211, 0.09900000000000050426, -0.1010920355382040059 ) ) ;
#2577 = CARTESIAN_POINT ( 'NONE',  ( -1.249999999999910072, 1.134999999999999787, -0.3749999999999799605 ) ) ;
#2578 = ADVANCED_FACE ( 'NONE', ( #1932 ), #1108, .T. ) ;
#2579 = CARTESIAN_POINT ( 'NONE',  ( 0.4250000000000879186, 0.1000000000000000056, -1.799999999999979838 ) ) ;
#2580 = VECTOR ( 'NONE', #104, 1000.000000000000000 ) ;
#2581 = DIRECTION ( 'NONE',  ( 0.000000000000000000, 1.000000000000000000, 0.000000000000000000 ) ) ;
#2582 = DIRECTION ( 'NONE',  ( 1.000000000000000000, -0.000000000000000000, -0.000000000000000000 ) ) ;
#2583 = CARTESIAN_POINT ( 'NONE',  ( -0.4249999999999120037, 0.000000000000000000, -1.599999999999980327 ) ) ;
#2584 = AXIS2_PLACEMENT_3D ( 'NONE', #1087, #3167, #1413 ) ;
#2585 = VERTEX_POINT ( 'NONE', #2474 ) ;
#2586 = CARTESIAN_POINT ( 'NONE',  ( -0.7000316913092279325, 0.6850000000000001643, -0.05613168375425200279 ) ) ;
#2587 = SURFACE_STYLE_FILL_AREA ( #4663 ) ;
#2588 = CARTESIAN_POINT ( 'NONE',  ( 0.001121954320181250096, 0.9353333333332719546, 0.6499991608118790287 ) ) ;
#2589 = AXIS2_PLACEMENT_3D ( 'NONE', #1956, #282, #5235 ) ;
#2590 = VERTEX_POINT ( 'NONE', #4135 ) ;
#2591 = LINE ( 'NONE', #4258, #4392 ) ;
#2592 = VECTOR ( 'NONE', #4753, 1000.000000000000000 ) ;
#2593 = EDGE_CURVE ( 'NONE', #2313, #2877, #387, .T. ) ;
#2594 = ORIENTED_EDGE ( 'NONE', *, *, #621, .T. ) ;
#2595 = CARTESIAN_POINT ( 'NONE',  ( -0.4417054767102404078, 0.7350000000000067590, -0.8499999999999584555 ) ) ;
#2596 = EDGE_LOOP ( 'NONE', ( #2452, #652, #707, #181 ) ) ;
#2597 = CARTESIAN_POINT ( 'NONE',  ( 0.7137262903223029475, 1.093499357084899870, -0.3282225318968749472 ) ) ;
#2598 = CARTESIAN_POINT ( 'NONE',  ( 0.04488546306186758789, 0.6850000000000000533, 0.6000000000000257350 ) ) ;
#2599 = AXIS2_PLACEMENT_3D ( 'NONE', #1541, #668, #3205 ) ;
#2600 = CARTESIAN_POINT ( 'NONE',  ( 0.2750000000000880074, 1.084999999999999964, -1.073882143423779967 ) ) ;
#2601 = AXIS2_PLACEMENT_3D ( 'NONE', #4442, #704, #2372 ) ;
#2602 = LINE ( 'NONE', #1360, #3166 ) ;
#2603 = VERTEX_POINT ( 'NONE', #4956 ) ;
#2604 = AXIS2_PLACEMENT_3D ( 'NONE', #2813, #2393, #4184 ) ;
#2605 = DIRECTION ( 'NONE',  ( -1.000000000000000000, 7.035971055117749747E-15, -7.035971055102097958E-15 ) ) ;
#2606 = ADVANCED_FACE ( 'NONE', ( #3750 ), #2063, .F. ) ;
#2607 = VECTOR ( 'NONE', #1761, 1000.000000000000000 ) ;
#2608 = CARTESIAN_POINT ( 'NONE',  ( 0.6977642868473635795, 1.040200614809547286, 0.1750000000017945812 ) ) ;
#2609 = LINE ( 'NONE', #2993, #3731 ) ;
#2610 = VECTOR ( 'NONE', #1006, 1000.000000000000000 ) ;
#2611 = CARTESIAN_POINT ( 'NONE',  ( -0.09012950952815812489, 0.6349999999999998979, -0.7999998275745842102 ) ) ;
#2612 = CARTESIAN_POINT ( 'NONE',  ( 0.5715043687456270449, 0.6849983515546391732, 0.2365752705266829792 ) ) ;
#2613 = CARTESIAN_POINT ( 'NONE',  ( 8.814801712553400346E-14, 0.7350000000000002087, 0.6999999999999969580 ) ) ;
#2614 = EDGE_CURVE ( 'NONE', #1236, #933, #777, .T. ) ;
#2615 = ORIENTED_EDGE ( 'NONE', *, *, #3080, .F. ) ;
#2616 = CARTESIAN_POINT ( 'NONE',  ( -0.1110741493017897291, 0.6850000000000000533, -0.7937305429874569329 ) ) ;
#2617 =( LENGTH_UNIT ( ) NAMED_UNIT ( * ) SI_UNIT ( .MILLI., .METRE. ) );
#2618 = CARTESIAN_POINT ( 'NONE',  ( -0.4410542485383780464, 0.9353333333332719546, 0.6506606302200318437 ) ) ;
#2619 = ORIENTED_EDGE ( 'NONE', *, *, #1824, .T. ) ;
#2620 = CARTESIAN_POINT ( 'NONE',  ( 0.7300000000000591571, 0.1000000000000000194, -0.09999999999988350152 ) ) ;
#2621 = EDGE_LOOP ( 'NONE', ( #4909, #5242 ) ) ;
#2622 = CARTESIAN_POINT ( 'NONE',  ( 0.2750000000009103496, 1.079851293506022936, 0.6800760614473844168 ) ) ;
#2623 = CARTESIAN_POINT ( 'NONE',  ( -0.2749999999999120925, 1.072940778106022286, 0.6050648776897226133 ) ) ;
#2624 = CARTESIAN_POINT ( 'NONE',  ( 0.8000000000000879741, 1.036000000000000032, 0.3667098521672350064 ) ) ;
#2625 = DIRECTION ( 'NONE',  ( -1.000000000000000000, 9.694042953988801314E-15, 0.000000000000000000 ) ) ;
#2626 = ORIENTED_EDGE ( 'NONE', *, *, #925, .T. ) ;
#2627 = CARTESIAN_POINT ( 'NONE',  ( 0.2750000000000877853, 1.082832106213753143, -0.8108414964689126814 ) ) ;
#2628 = EDGE_CURVE ( 'NONE', #1620, #5049, #2447, .T. ) ;
#2629 = EDGE_CURVE ( 'NONE', #4572, #5142, #5122, .T. ) ;
#2630 = DIRECTION ( 'NONE',  ( 1.000000000000000000, 0.000000000000000000, 0.000000000000000000 ) ) ;
#2631 = UNCERTAINTY_MEASURE_WITH_UNIT (LENGTH_MEASURE( 1.000000000000000082E-05 ), #271, 'distance_accuracy_value', 'NONE');
#2632 = EDGE_CURVE ( 'NONE', #1243, #671, #4109, .T. ) ;
#2633 = DIRECTION ( 'NONE',  ( -1.000000000000000000, 0.000000000000000000, 0.000000000000000000 ) ) ;
#2634 = CARTESIAN_POINT ( 'NONE',  ( 0.7254742204148967311, 1.102934162625885728, -0.3750000000025029423 ) ) ;
#2635 = AXIS2_PLACEMENT_3D ( 'NONE', #869, #4964, #2071 ) ;
#2636 = B_SPLINE_CURVE_WITH_KNOTS ( 'NONE', 3,
 ( #4520, #3974, #1520, #4828, #3159, #1130, #3215, #4055, #4084, #1550, #1154, #4007, #286, #1082, #3672, #2816 ),
 .UNSPECIFIED., .F., .F.,
 ( 4, 3, 3, 3, 3, 4 ),
 ( 1.084202172485504434E-19, 3.739880465478577157E-05, 7.484135201069913753E-05, 0.0001114684410599614322, 0.0001458526383940940971, 0.0001612596466469508251 ),
 .UNSPECIFIED. ) ;
#2637 = CARTESIAN_POINT ( 'NONE',  ( 0.7500000000000867084, 0.1999999999999975409, 1.273859291535018132E-14 ) ) ;
#2638 = B_SPLINE_CURVE_WITH_KNOTS ( 'NONE', 3,
 ( #4726, #1802, #1011, #2710, #1411, #3464, #570, #2189, #1779, #3900, #4808, #545, #521, #4313, #4755, #150 ),
 .UNSPECIFIED., .F., .F.,
 ( 4, 3, 3, 3, 3, 4 ),
 ( 0.000000000000000000, 1.860882655170272807E-05, 3.724439541525338096E-05, 5.540656873776753837E-05, 7.251608683856554871E-05, 8.048010075426752057E-05 ),
 .UNSPECIFIED. ) ;
#2639 = CARTESIAN_POINT ( 'NONE',  ( 0.7300000000000879119, 0.1000000000000000056, -2.049999999999979838 ) ) ;
#2640 = DIRECTION ( 'NONE',  ( -0.9396926207860043512, -0.000000000000000000, 0.3420201433254050905 ) ) ;
#2641 = EDGE_LOOP ( 'NONE', ( #4091, #2644, #1884, #403 ) ) ;
#2642 = LINE ( 'NONE', #3025, #4421 ) ;
#2643 = DIRECTION ( 'NONE',  ( 1.000000000000000000, -0.000000000000000000, -0.000000000000000000 ) ) ;
#2644 = ORIENTED_EDGE ( 'NONE', *, *, #4781, .F. ) ;
#2645 = CARTESIAN_POINT ( 'NONE',  ( -1.349999999999909939, -0.01778000000000000413, 1.874599999999998268 ) ) ;
#2646 = EDGE_CURVE ( 'NONE', #4160, #5110, #4193, .T. ) ;
#2647 = CARTESIAN_POINT ( 'NONE',  ( 0.7585785483669870155, 0.6349992136593850534, -0.5419719835858730628 ) ) ;
#2648 = PRESENTATION_STYLE_ASSIGNMENT (( #2231 ) ) ;
#2649 = CARTESIAN_POINT ( 'NONE',  ( -0.8951833846988119792, 1.084999999999999964, -0.1295090612753300729 ) ) ;
#2650 = DIRECTION ( 'NONE',  ( 1.000000000000000000, 0.000000000000000000, 0.000000000000000000 ) ) ;
#2651 = CIRCLE ( 'NONE', #4557, 0.03810000000042935986 ) ;
#2652 = CARTESIAN_POINT ( 'NONE',  ( 0.4704578651077480633, 0.8346666666666352485, -0.9007046722347420431 ) ) ;
#2653 = CARTESIAN_POINT ( 'NONE',  ( 0.7330898929963821642, 0.8849999999999998979, -0.2853674677028049111 ) ) ;
#2654 = CARTESIAN_POINT ( 'NONE',  ( 0.2750000000004922951, 1.110512254489616435, 0.6337739742833919943 ) ) ;
#2655 = ORIENTED_EDGE ( 'NONE', *, *, #2491, .T. ) ;
#2656 = LINE ( 'NONE', #3981, #3706 ) ;
#2657 = ORIENTED_EDGE ( 'NONE', *, *, #1144, .T. ) ;
#2658 = CARTESIAN_POINT ( 'NONE',  ( -1.292688350141710130, 1.084000000000020059, 1.152580069060040069 ) ) ;
#2659 = EDGE_CURVE ( 'NONE', #4526, #5142, #36, .T. ) ;
#2660 = LINE ( 'NONE', #5195, #299 ) ;
#2661 = CARTESIAN_POINT ( 'NONE',  ( -0.6169434069809749399, 0.6350000000000003419, -0.4444998268008300002 ) ) ;
#2662 = PLANE ( 'NONE',  #1589 ) ;
#2663 = EDGE_LOOP ( 'NONE', ( #2344, #37, #5149, #4586 ) ) ;
#2664 = CARTESIAN_POINT ( 'NONE',  ( -0.4301163776096710301, 0.6850000000000000533, -0.6604531801191472207 ) ) ;
#2665 = DIRECTION ( 'NONE',  ( 0.000000000000000000, 0.000000000000000000, -1.000000000000000000 ) ) ;
#2666 = DIRECTION ( 'NONE',  ( 0.000000000000000000, 0.000000000000000000, -1.000000000000000000 ) ) ;
#2667 = VERTEX_POINT ( 'NONE', #5045 ) ;
#2668 = CARTESIAN_POINT ( 'NONE',  ( 0.2750000000010965895, 1.034999999999999476, 0.5977642868472344828 ) ) ;
#2669 = CARTESIAN_POINT ( 'NONE',  ( 0.6987097292238519941, 1.032707259998559834, -0.5994767700504068930 ) ) ;
#2670 = ORIENTED_EDGE ( 'NONE', *, *, #815, .F. ) ;
#2671 = CARTESIAN_POINT ( 'NONE',  ( -0.4417054767102381874, 0.7350000000000070921, 0.6500000000000011324 ) ) ;
#2672 = CARTESIAN_POINT ( 'NONE',  ( 1.800000000000089750, 0.000000000000000000, -0.02499999999998011452 ) ) ;
#2673 = CARTESIAN_POINT ( 'NONE',  ( 8.823045889930817149E-14, 0.8850000000000002309, -0.8999999999999684919 ) ) ;
#2674 = FACE_OUTER_BOUND ( 'NONE', #2663, .T. ) ;
#2675 = VECTOR ( 'NONE', #3450, 1000.000000000000000 ) ;
#2676 = CARTESIAN_POINT ( 'NONE',  ( 0.2750000000000878964, 1.135000000000195186, 0.6943751496716613625 ) ) ;
#2677 = ORIENTED_EDGE ( 'NONE', *, *, #1084, .F. ) ;
#2678 = AXIS2_PLACEMENT_3D ( 'NONE', #980, #3898, #2650 ) ;
#2679 = EDGE_CURVE ( 'NONE', #3028, #933, #4987, .T. ) ;
#2680 = DIRECTION ( 'NONE',  ( -0.000000000000000000, -1.000000000000000000, -0.000000000000000000 ) ) ;
#2681 = EDGE_LOOP ( 'NONE', ( #3742, #1703, #1482, #1695 ) ) ;
#2682 = VECTOR ( 'NONE', #1649, 1000.000000000000000 ) ;
#2683 =( BOUNDED_CURVE ( )  B_SPLINE_CURVE ( 3, ( #1120, #4868, #3702, #5371, #5247, #3144, #3955 ),
 .UNSPECIFIED., .F., .F. ) 
 B_SPLINE_CURVE_WITH_KNOTS ( ( 4, 3, 4 ),
 ( 0.000000000000000000, 0.5000000000013206103, 1.000000000000000000 ),
 .UNSPECIFIED. ) 
 CURVE ( )  GEOMETRIC_REPRESENTATION_ITEM ( )  RATIONAL_B_SPLINE_CURVE ( ( 1.752722997339021482, 1.421288913401717480, 1.436688550243168327, 1.798921907863374914, 1.436688550245078133, 1.421288913401877574, 1.752722997333771016 ) ) 
 REPRESENTATION_ITEM ( '' )  );
#2684 = MECHANICAL_DESIGN_GEOMETRIC_PRESENTATION_REPRESENTATION (  '', ( #847 ), #2417 ) ;
#2685 = CARTESIAN_POINT ( 'NONE',  ( -0.7499927662339139767, 0.7358504847289409900, -0.5427699274386590389 ) ) ;
#2686 = VECTOR ( 'NONE', #1040, 1000.000000000000000 ) ;
#2687 = PRODUCT_RELATED_PRODUCT_CATEGORY ( 'part', '', ( #1650 ) ) ;
#2688 = LINE ( 'NONE', #1920, #3904 ) ;
#2689 = CARTESIAN_POINT ( 'NONE',  ( 0.7499927662340899470, 0.7358504847289409900, -0.5427699274386590389 ) ) ;
#2690 = EDGE_CURVE ( 'NONE', #4982, #3485, #1621, .T. ) ;
#2691 = CARTESIAN_POINT ( 'NONE',  ( -0.2158684380602939878, 0.8120000000000000551, 0.2705057616852419855 ) ) ;
#2692 = CARTESIAN_POINT ( 'NONE',  ( 8.815170815523740407E-14, 0.3456317290546179755, -0.4174999999999799982 ) ) ;
#2693 = ORIENTED_EDGE ( 'NONE', *, *, #769, .T. ) ;
#2694 = CARTESIAN_POINT ( 'NONE',  ( 1.650000000000084954, 0.6350000000000000089, -1.749999999999979794 ) ) ;
#2695 = VECTOR ( 'NONE', #1574, 1000.000000000000000 ) ;
#2696 = DIRECTION ( 'NONE',  ( 0.000000000000000000, 1.000000000000000000, 0.000000000000000000 ) ) ;
#2697 = CARTESIAN_POINT ( 'NONE',  ( -0.7499999999999118483, 0.9353333333332719546, -0.5375404864067300226 ) ) ;
#2698 = ORIENTED_EDGE ( 'NONE', *, *, #2180, .T. ) ;
#2699 = EDGE_CURVE ( 'NONE', #1161, #4028, #5014, .T. ) ;
#2700 = CARTESIAN_POINT ( 'NONE',  ( 0.2750000000000880074, 0.8850000000000001199, 0.8738821434238199792 ) ) ;
#2701 = CARTESIAN_POINT ( 'NONE',  ( 0.4250000000000879186, 0.000000000000000000, -2.049999999999979838 ) ) ;
#2702 = ORIENTED_EDGE ( 'NONE', *, *, #2132, .F. ) ;
#2703 = EDGE_CURVE ( 'NONE', #571, #776, #2035, .T. ) ;
#2704 = CARTESIAN_POINT ( 'NONE',  ( 8.892619477656343143E-14, 0.7350000000000026512, 0.6500000000000267786 ) ) ;
#2705 = ORIENTED_EDGE ( 'NONE', *, *, #658, .T. ) ;
#2706 = CARTESIAN_POINT ( 'NONE',  ( -0.5454950493836139280, 0.1000000000000000056, -0.09999999988077125368 ) ) ;
#2707 = EDGE_CURVE ( 'NONE', #5049, #3114, #2161, .T. ) ;
#2708 = CARTESIAN_POINT ( 'NONE',  ( 0.1851291097558488419, 0.8850000000000000089, -0.8841468356449138088 ) ) ;
#2709 = CARTESIAN_POINT ( 'NONE',  ( 0.8042853971074427344, 1.135000000000130571, 0.1750000000000391243 ) ) ;
#2710 = CARTESIAN_POINT ( 'NONE',  ( 0.7859371315754883902, 1.081896843930102214, -0.3750000000008024692 ) ) ;
#2711 = EDGE_LOOP ( 'NONE', ( #5295, #2670, #1050, #3757, #490, #2260, #3066, #3264 ) ) ;
#2712 = CARTESIAN_POINT ( 'NONE',  ( 0.7500000000000880407, 0.7339999999999999858, 0.3375404864067649280 ) ) ;
#2713 = ORIENTED_EDGE ( 'NONE', *, *, #4174, .F. ) ;
#2714 = EDGE_CURVE ( 'NONE', #1554, #3666, #2118, .T. ) ;
#2715 = EDGE_CURVE ( 'NONE', #1522, #2873, #1297, .T. ) ;
#2716 = DIRECTION ( 'NONE',  ( 0.000000000000000000, 0.000000000000000000, -1.000000000000000000 ) ) ;
#2717 = CARTESIAN_POINT ( 'NONE',  ( 0.9722938510195879847, 1.084999999999999964, -1.614808458937980307 ) ) ;
#2718 = B_SPLINE_CURVE_WITH_KNOTS ( 'NONE', 3,
 ( #3739, #433, #5057, #4554, #3012, #5376, #461, #4587, #520, #3765, #2131, #2987, #816, #4647, #4997, #846 ),
 .UNSPECIFIED., .F., .F.,
 ( 4, 3, 3, 3, 3, 4 ),
 ( 0.000000000000000000, 1.860882655112543446E-05, 3.724439541415196030E-05, 5.540656873535641504E-05, 7.251608683450808470E-05, 8.048010072565781048E-05 ),
 .UNSPECIFIED. ) ;
#2719 = DIRECTION ( 'NONE',  ( 0.000000000000000000, 1.000000000000000000, 0.000000000000000000 ) ) ;
#2720 =( BOUNDED_SURFACE ( )  B_SPLINE_SURFACE ( 3, 3, ( 
 ( #375, #876, #848, #1338 ),
 ( #434, #463, #3741, #1311 ),
 ( #2105, #3359, #2989, #2047 ),
 ( #3824, #2573, #1694, #76 ) ),
 .UNSPECIFIED., .F., .F., .F. ) 
 B_SPLINE_SURFACE_WITH_KNOTS ( ( 4, 4 ),
 ( 4, 4 ),
 ( 0.6035625945659239822, 0.9820186804751680487 ),
 ( 0.03569329353202699978, 0.9643067064667459887 ),
 .UNSPECIFIED. ) 
 GEOMETRIC_REPRESENTATION_ITEM ( )  RATIONAL_B_SPLINE_SURFACE ( (
 ( 1.205804656110559980, 0.9638425357785519454, 0.9638425357782319791, 1.205804656109600081),
 ( 1.275588342555739940, 1.019623117615259922, 1.019623117614919972, 1.275588342554730081),
 ( 1.472879750022489942, 1.177325154588070077, 1.177325154587679945, 1.472879750021309997),
 ( 1.797678878510790001, 1.436948646696990073, 1.436948646696510012, 1.797678878509360034) ) ) 
 REPRESENTATION_ITEM ( '' )  SURFACE ( )  );
#2721 = CARTESIAN_POINT ( 'NONE',  ( 0.7292307736899209525, 0.6844954867105910168, -0.5305127613083360227 ) ) ;
#2722 = CARTESIAN_POINT ( 'NONE',  ( 0.6881594842380529542, 1.135000000000000453, 0.4002224063017471578 ) ) ;
#2723 = CARTESIAN_POINT ( 'NONE',  ( -0.3180883206419120590, 0.5163682709453818465, -0.2864081188575030579 ) ) ;
#2724 = CARTESIAN_POINT ( 'NONE',  ( -0.7499999999999118483, 0.6350000000000000089, -1.599999999999980549 ) ) ;
#2725 = VERTEX_POINT ( 'NONE', #1180 ) ;
#2726 = CARTESIAN_POINT ( 'NONE',  ( 1.350000000000090461, 0.05000000000000000971, 1.899999999999982148 ) ) ;
#2727 = LINE ( 'NONE', #4795, #4253 ) ;
#2728 = CARTESIAN_POINT ( 'NONE',  ( -0.2635575734736689824, 1.134993514580979967, -0.9093051304221221320 ) ) ;
#2729 = ORIENTED_EDGE ( 'NONE', *, *, #4573, .F. ) ;
#2730 = CARTESIAN_POINT ( 'NONE',  ( 0.5455072045387240331, 0.1000038686905520002, -0.4212568715821610188 ) ) ;
#2731 = LINE ( 'NONE', #4385, #2867 ) ;
#2732 = ORIENTED_EDGE ( 'NONE', *, *, #1446, .F. ) ;
#2733 = CARTESIAN_POINT ( 'NONE',  ( -0.2750000000011239010, 1.037687278625160303, 0.6512489600657035416 ) ) ;
#2734 = CARTESIAN_POINT ( 'NONE',  ( -0.4249999999999118927, 0.04999999999999998890, -2.049999999999979838 ) ) ;
#2735 = CARTESIAN_POINT ( 'NONE',  ( 0.1854929580206650108, 0.5163682709453820685, 0.2175000000000200662 ) ) ;
#2736 = EDGE_CURVE ( 'NONE', #1741, #1548, #889, .T. ) ;
#2737 = CARTESIAN_POINT ( 'NONE',  ( 0.8000000000000879741, 0.7339999999999999858, 0.3667098521672350064 ) ) ;
#2738 = CARTESIAN_POINT ( 'NONE',  ( -0.5715009707865259525, 0.7597945045706779865, -0.09999258198336689885 ) ) ;
#2739 = VERTEX_POINT ( 'NONE', #2558 ) ;
#2740 = VECTOR ( 'NONE', #5377, 1000.000000000000114 ) ;
#2741 = CARTESIAN_POINT ( 'NONE',  ( 0.7500000000000880407, 0.7339999999999999858, -0.5375404864067260258 ) ) ;
#2742 = ORIENTED_EDGE ( 'NONE', *, *, #2473, .T. ) ;
#2743 = CARTESIAN_POINT ( 'NONE',  ( -1.292688350141710130, 1.135999999999989907, 1.152580069060040069 ) ) ;
#2744 = PRODUCT_DEFINITION_CONTEXT ( 'detailed design', #3293, 'design' ) ;
#2745 = DIRECTION ( 'NONE',  ( 1.000000000000000000, 0.000000000000000000, 0.000000000000000000 ) ) ;
#2746 = DIRECTION ( 'NONE',  ( 0.000000000000000000, 0.000000000000000000, 1.000000000000000000 ) ) ;
#2747 = AXIS2_PLACEMENT_3D ( 'NONE', #974, #5101, #1351 ) ;
#2748 = FACE_OUTER_BOUND ( 'NONE', #1086, .T. ) ;
#2749 = DIRECTION ( 'NONE',  ( 0.000000000000000000, 1.000000000000000000, 0.000000000000000000 ) ) ;
#2750 = CARTESIAN_POINT ( 'NONE',  ( -0.3174984271626539734, 0.6871048128362360341, -0.09900062559610049717 ) ) ;
#2751 = DIRECTION ( 'NONE',  ( 0.000000000000000000, -1.000000000000000000, 0.000000000000000000 ) ) ;
#2752 = EDGE_CURVE ( 'NONE', #1116, #3495, #3259, .T. ) ;
#2753 = ORIENTED_EDGE ( 'NONE', *, *, #526, .F. ) ;
#2754 =( BOUNDED_CURVE ( )  B_SPLINE_CURVE ( 3, ( #3916, #4333, #3940, #2181 ),
 .UNSPECIFIED., .F., .F. ) 
 B_SPLINE_CURVE_WITH_KNOTS ( ( 4, 4 ),
 ( 6.441698499346629905E-16, 0.0002799170765231378394 ),
 .UNSPECIFIED. ) 
 CURVE ( )  GEOMETRIC_REPRESENTATION_ITEM ( )  RATIONAL_B_SPLINE_CURVE ( ( 1.036700060875866969, 1.062799325529737438, 1.102818967954420692, 1.156758988149916734 ) ) 
 REPRESENTATION_ITEM ( '' )  );
#2755 = CARTESIAN_POINT ( 'NONE',  ( 0.6336894131016269638, 1.093499400003510091, 0.3785281499967129704 ) ) ;
#2756 = DIRECTION ( 'NONE',  ( -0.000000000000000000, -1.000000000000000000, -0.000000000000000000 ) ) ;
#2757 = DIRECTION ( 'NONE',  ( 0.000000000000000000, 1.000000000000000000, 0.000000000000000000 ) ) ;
#2758 = ORIENTED_EDGE ( 'NONE', *, *, #855, .F. ) ;
#2759 = LINE ( 'NONE', #336, #3869 ) ;
#2760 = DIRECTION ( 'NONE',  ( -0.000000000000000000, 1.000000000000000000, 0.000000000000000000 ) ) ;
#2761 = VERTEX_POINT ( 'NONE', #165 ) ;
#2762 =( NAMED_UNIT ( * ) SI_UNIT ( $, .STERADIAN. ) SOLID_ANGLE_UNIT ( ) );
#2763 = PLANE ( 'NONE',  #3393 ) ;
#2764 = CARTESIAN_POINT ( 'NONE',  ( -1.349999999999909939, 0.5973000000000000531, 1.900000000000019895 ) ) ;
#2765 =( GEOMETRIC_REPRESENTATION_CONTEXT ( 3 ) GLOBAL_UNCERTAINTY_ASSIGNED_CONTEXT ( ( #1138 ) ) GLOBAL_UNIT_ASSIGNED_CONTEXT ( ( #3535, #2783, #2341 ) ) REPRESENTATION_CONTEXT ( 'NONE', 'WORKASPACE' ) );
#2766 = CARTESIAN_POINT ( 'NONE',  ( -0.1849855959070589861, 0.6849983515546649304, -0.4174999999795470651 ) ) ;
#2767 = ORIENTED_EDGE ( 'NONE', *, *, #3591, .T. ) ;
#2768 = CARTESIAN_POINT ( 'NONE',  ( 0.3174990291385679786, 0.7597945045706938627, -0.1000041211007089981 ) ) ;
#2769 = STYLED_ITEM ( 'NONE', ( #1507 ), #1489 ) ;
#2770 = ORIENTED_EDGE ( 'NONE', *, *, #1314, .T. ) ;
#2771 = CARTESIAN_POINT ( 'NONE',  ( 0.7510000000000880416, 0.2000000000000000111, 0.6569556890459899989 ) ) ;
#2772 = EDGE_CURVE ( 'NONE', #539, #3724, #1425, .T. ) ;
#2773 = LINE ( 'NONE', #2825, #462 ) ;
#2774 = AXIS2_PLACEMENT_3D ( 'NONE', #2263, #3945, #204 ) ;
#2775 = EDGE_CURVE ( 'NONE', #2129, #2889, #688, .T. ) ;
#2776 = CARTESIAN_POINT ( 'NONE',  ( 0.09238598621533690436, 0.8849999999999998979, 0.6999999999999116929 ) ) ;
#2777 = CARTESIAN_POINT ( 'NONE',  ( 0.4055837017685830492, 0.6850072337659980359, 0.6053604830287460103 ) ) ;
#2778 =( LENGTH_UNIT ( ) NAMED_UNIT ( * ) SI_UNIT ( .MILLI., .METRE. ) );
#2779 = CARTESIAN_POINT ( 'NONE',  ( -0.5714999999450925960, 0.6849984649512627088, -0.1000000000008857554 ) ) ;
#2780 = EDGE_LOOP ( 'NONE', ( #1473, #4308, #4633, #248, #2729, #1044, #1330, #3427, #950, #783, #2479, #2190 ) ) ;
#2781 = CARTESIAN_POINT ( 'NONE',  ( 0.7500000000000880407, 0.3175000000000000044, -1.599999999999980105 ) ) ;
#2782 = LINE ( 'NONE', #4876, #3809 ) ;
#2783 =( NAMED_UNIT ( * ) PLANE_ANGLE_UNIT ( ) SI_UNIT ( $, .RADIAN. ) );
#2784 = ORIENTED_EDGE ( 'NONE', *, *, #4097, .F. ) ;
#2785 = CARTESIAN_POINT ( 'NONE',  ( 8.798300629719868482E-14, 0.1000000000000000056, -2.049999999999979838 ) ) ;
#2786 = CIRCLE ( 'NONE', #4168, 0.02539999999967741673 ) ;
#2787 = STYLED_ITEM ( 'NONE', ( #606 ), #3153 ) ;
#2788 = DIRECTION ( 'NONE',  ( -0.000000000000000000, -1.000000000000000000, -0.000000000000000000 ) ) ;
#2789 = VERTEX_POINT ( 'NONE', #2253 ) ;
#2790 = DIRECTION ( 'NONE',  ( 0.000000000000000000, 0.000000000000000000, -1.000000000000000000 ) ) ;
#2791 = CARTESIAN_POINT ( 'NONE',  ( -0.8951833846988120902, 1.084999999999999964, 1.150000000000019895 ) ) ;
#2792 = LINE ( 'NONE', #1521, #5292 ) ;
#2793 = ORIENTED_EDGE ( 'NONE', *, *, #2715, .F. ) ;
#2794 = CARTESIAN_POINT ( 'NONE',  ( -0.3329746382607770006, 0.7597945045706780975, -0.6715009707787540361 ) ) ;
#2795 = ORIENTED_EDGE ( 'NONE', *, *, #4373, .F. ) ;
#2796 = EDGE_LOOP ( 'NONE', ( #5223, #2433, #1576, #4397, #4021, #3738, #145, #4347, #3271, #4086 ) ) ;
#2797 = DIRECTION ( 'NONE',  ( 1.000000000000000000, -0.000000000000000000, 0.000000000000000000 ) ) ;
#2798 = DIRECTION ( 'NONE',  ( 1.000000000000000000, 0.000000000000000000, 0.000000000000000000 ) ) ;
#2799 = FILL_AREA_STYLE_COLOUR ( '', #5135 ) ;
#2800 = EDGE_CURVE ( 'NONE', #888, #3028, #138, .T. ) ;
#2801 = FACE_OUTER_BOUND ( 'NONE', #1754, .T. ) ;
#2802 = CARTESIAN_POINT ( 'NONE',  ( 1.350000000000090239, 0.6095999999995739271, 1.874600000000012034 ) ) ;
#2803 = CARTESIAN_POINT ( 'NONE',  ( 0.5864469611377816083, 1.135000000000000453, 0.5153011027455874915 ) ) ;
#2804 = EDGE_CURVE ( 'NONE', #3333, #2739, #1373, .T. ) ;
#2805 = DIRECTION ( 'NONE',  ( -0.000000000000000000, -0.000000000000000000, 1.000000000000000000 ) ) ;
#2806 = B_SPLINE_CURVE_WITH_KNOTS ( 'NONE', 3,
 ( #970, #4767, #2616, #4276, #612, #5098, #2223, #2664, #3001, #3912, #559, #998, #3808, #1347, #916, #2586, #2201, #1817, #3886, #3504, #3052, #3479, #3103, #5150, #531, #110, #3863, #4327, #66, #5174 ),
 .UNSPECIFIED., .F., .F.,
 ( 4, 1, 2, 2, 2, 1, 2, 2, 2, 1, 2, 2, 2, 1, 2, 2, 4 ),
 ( 0.000000000000000000, 0.06249999999999986122, 0.09374999999999977796, 0.1249999999999996947, 0.2499999999999995559, 0.3124999999999994449, 0.3437499999999994449, 0.3749999999999994449, 0.4999999999999995559, 0.5624999999999996669, 0.5937499999999996669, 0.6249999999999996669, 0.7499999999999997780, 0.8124999999999997780, 0.8437499999999997780, 0.8749999999999997780, 1.000000000000000000 ),
 .UNSPECIFIED. ) ;
#2807 = B_SPLINE_CURVE_WITH_KNOTS ( 'NONE', 3,
 ( #1345, #3019, #3801, #5145, #4657, #4629, #940, #3400, #912, #5066, #554, #3474, #2217, #83, #2197, #3071, #992, #884, #61, #4737, #2661, #1738, #159, #1368, #2248, #578, #965, #1318, #2611, #1836 ),
 .UNSPECIFIED., .F., .F.,
 ( 4, 1, 2, 2, 2, 1, 2, 2, 2, 1, 2, 2, 2, 1, 2, 2, 4 ),
 ( 0.000000000000000000, 0.06250000000000000000, 0.09375000000000000000, 0.1250000000000000000, 0.2500000000000001110, 0.3125000000000001110, 0.3437500000000001110, 0.3750000000000001110, 0.5000000000000002220, 0.5625000000000002220, 0.5937500000000002220, 0.6250000000000002220, 0.7500000000000002220, 0.8125000000000002220, 0.8437500000000002220, 0.8750000000000002220, 1.000000000000000000 ),
 .UNSPECIFIED. ) ;
#2808 = EDGE_CURVE ( 'NONE', #200, #1440, #2806, .T. ) ;
#2809 =( LENGTH_UNIT ( ) NAMED_UNIT ( * ) SI_UNIT ( .MILLI., .METRE. ) );
#2810 = LINE ( 'NONE', #721, #2838 ) ;
#2811 = EDGE_LOOP ( 'NONE', ( #1632, #1390, #3320, #2823, #2961, #1591 ) ) ;
#2812 = DIRECTION ( 'NONE',  ( 0.000000000000000000, 1.000000000000000000, 0.000000000000000000 ) ) ;
#2813 = CARTESIAN_POINT ( 'NONE',  ( 0.7310000000000880238, 0.1000000000000000056, -1.148999999999980037 ) ) ;
#2814 = ORIENTED_EDGE ( 'NONE', *, *, #3395, .T. ) ;
#2815 = CARTESIAN_POINT ( 'NONE',  ( 0.4210000000000880260, 1.100000000000000089, -1.900999999999980261 ) ) ;
#2816 = CARTESIAN_POINT ( 'NONE',  ( -0.6977642868474601689, 1.034999999999999920, -0.3750000000000447975 ) ) ;
#2817 = DIRECTION ( 'NONE',  ( 0.000000000000000000, 0.000000000000000000, 1.000000000000000000 ) ) ;
#2818 = EDGE_LOOP ( 'NONE', ( #5028, #859, #2082, #3619 ) ) ;
#2819 = EDGE_CURVE ( 'NONE', #4602, #1243, #262, .T. ) ;
#2820 = CARTESIAN_POINT ( 'NONE',  ( 8.814801712553400346E-14, 0.7350000000000002087, 0.6999999999999969580 ) ) ;
#2821 = ORIENTED_EDGE ( 'NONE', *, *, #672, .F. ) ;
#2822 = PRESENTATION_STYLE_ASSIGNMENT (( #5372 ) ) ;
#2823 = ORIENTED_EDGE ( 'NONE', *, *, #4107, .F. ) ;
#2824 =( NAMED_UNIT ( * ) SI_UNIT ( $, .STERADIAN. ) SOLID_ANGLE_UNIT ( ) );
#2825 = CARTESIAN_POINT ( 'NONE',  ( 1.350000000000090239, 0.03515999999999999681, 1.900000000000019895 ) ) ;
#2826 = DIRECTION ( 'NONE',  ( 0.000000000000000000, 9.965093497109407198E-17, -1.000000000000000000 ) ) ;
#2827 = CARTESIAN_POINT ( 'NONE',  ( 0.7000303492623956014, 0.6350000000000001199, -0.05613133669190822211 ) ) ;
#2828 =( GEOMETRIC_REPRESENTATION_CONTEXT ( 3 ) GLOBAL_UNCERTAINTY_ASSIGNED_CONTEXT ( ( #550 ) ) GLOBAL_UNIT_ASSIGNED_CONTEXT ( ( #4609, #1235, #3784 ) ) REPRESENTATION_CONTEXT ( 'NONE', 'WORKASPACE' ) );
#2829 = CARTESIAN_POINT ( 'NONE',  ( 0.5792280697997417294, 1.135000000000000009, 0.5221080252708832914 ) ) ;
#2830 = LINE ( 'NONE', #3744, #5179 ) ;
#2831 = ADVANCED_FACE ( 'NONE', ( #3453 ), #5123, .F. ) ;
#2832 =( BOUNDED_SURFACE ( )  B_SPLINE_SURFACE ( 3, 3, ( 
 ( #3002, #2949, #5015, #4607 ),
 ( #865, #2533, #4664, #448 ),
 ( #2119, #3782, #2448, #38 ),
 ( #363, #3379, #3865, #560 ) ),
 .UNSPECIFIED., .F., .F., .T. ) 
 B_SPLINE_SURFACE_WITH_KNOTS ( ( 4, 4 ),
 ( 4, 4 ),
 ( 0.5828728643813470001, 0.9980100096901759477 ),
 ( 0.05283181480915109807, 0.9471681851959220522 ),
 .UNSPECIFIED. ) 
 GEOMETRIC_REPRESENTATION_ITEM ( )  RATIONAL_B_SPLINE_SURFACE ( (
 ( 1.213403695461489962, 0.9496410754213649996, 0.9496410754228610251, 1.213403695465979926),
 ( 1.275575590618480026, 0.9982984065294899789, 0.9982984065310630539, 1.275575590623200029),
 ( 1.493467112860779933, 1.168825940178360057, 1.168825940180199918, 1.493467112866309954),
 ( 1.867078262188399895, 1.461223676367980007, 1.461223676370279945, 1.867078262195309923) ) ) 
 REPRESENTATION_ITEM ( '' )  SURFACE ( )  );
#2833 = SURFACE_STYLE_USAGE ( .BOTH. , #222 ) ;
#2834 = DIRECTION ( 'NONE',  ( 0.000000000000000000, 1.000000000000000000, 0.000000000000000000 ) ) ;
#2835 = EDGE_LOOP ( 'NONE', ( #1770, #1471, #3079, #1677 ) ) ;
#2836 = CARTESIAN_POINT ( 'NONE',  ( -0.1849881300721670507, 0.1770048647585190371, -0.4175000000713000037 ) ) ;
#2837 = ADVANCED_FACE ( 'NONE', ( #946 ), #825, .T. ) ;
#2838 = VECTOR ( 'NONE', #2389, 1000.000000000000000 ) ;
#2839 = PLANE ( 'NONE',  #5035 ) ;
#2840 = CARTESIAN_POINT ( 'NONE',  ( -1.799999999999909894, 0.000000000000000000, 1.850000000000112887 ) ) ;
#2841 = CARTESIAN_POINT ( 'NONE',  ( 0.2750000000269139933, 1.064308004852772216, -0.8608846197511906828 ) ) ;
#2842 = CARTESIAN_POINT ( 'NONE',  ( 1.726782800868155527E-13, 0.8850000000000000089, 0.7000000000000083933 ) ) ;
#2843 = ORIENTED_EDGE ( 'NONE', *, *, #3039, .T. ) ;
#2844 = CARTESIAN_POINT ( 'NONE',  ( -0.2749999999999119815, 1.084999999999999964, 0.8738821434238199792 ) ) ;
#2845 = CARTESIAN_POINT ( 'NONE',  ( 0.3705057616177950264, 0.8120000000000000551, -0.09999519087647378013 ) ) ;
#2846 = EDGE_LOOP ( 'NONE', ( #3708, #2281, #1708, #2124 ) ) ;
#2847 = VECTOR ( 'NONE', #1093, 1000.000000000000000 ) ;
#2848 = ORIENTED_EDGE ( 'NONE', *, *, #5073, .F. ) ;
#2849 = DIRECTION ( 'NONE',  ( 1.000000000000000000, -0.000000000000000000, -0.000000000000000000 ) ) ;
#2850 = EDGE_CURVE ( 'NONE', #5202, #4441, #947, .T. ) ;
#2851 = AXIS2_PLACEMENT_3D ( 'NONE', #2083, #4869, #2826 ) ;
#2852 = CARTESIAN_POINT ( 'NONE',  ( -0.7499999999999119593, 0.000000000000000000, -0.02499999999998000696 ) ) ;
#2853 = UNCERTAINTY_MEASURE_WITH_UNIT (LENGTH_MEASURE( 1.000000000000000082E-05 ), #5001, 'distance_accuracy_value', 'NONE');
#2854 = VECTOR ( 'NONE', #1867, 1000.000000000000000 ) ;
#2855 = CARTESIAN_POINT ( 'NONE',  ( -0.7999999999999120037, 1.036000000000000032, -0.5667098521671939393 ) ) ;
#2856 = CARTESIAN_POINT ( 'NONE',  ( -1.349999999999909939, -0.005080000000000178123, 1.874600000000036015 ) ) ;
#2857 = CIRCLE ( 'NONE', #495, 0.02539999999970513414 ) ;
#2858 = FILL_AREA_STYLE_COLOUR ( '', #2426 ) ;
#2859 = DIRECTION ( 'NONE',  ( -0.000000000000000000, -0.000000000000000000, -1.000000000000000000 ) ) ;
#2860 = EDGE_CURVE ( 'NONE', #539, #1113, #1381, .T. ) ;
#2861 = ORIENTED_EDGE ( 'NONE', *, *, #1226, .F. ) ;
#2862 = DIRECTION ( 'NONE',  ( 0.000000000000000000, 3.826595902890337197E-16, 1.000000000000000000 ) ) ;
#2863 = DIRECTION ( 'NONE',  ( 1.000000000000000000, 0.000000000000000000, 0.000000000000000000 ) ) ;
#2864 = VECTOR ( 'NONE', #4927, 1000.000000000000000 ) ;
#2865 = EDGE_LOOP ( 'NONE', ( #481, #3894, #2732, #1111 ) ) ;
#2866 = CARTESIAN_POINT ( 'NONE',  ( 8.489303010561499718E-14, 1.084999999999999964, 1.150000000000019895 ) ) ;
#2867 = VECTOR ( 'NONE', #643, 1000.000000000000000 ) ;
#2868 = FACE_BOUND ( 'NONE', #4630, .T. ) ;
#2869 = EDGE_CURVE ( 'NONE', #2232, #1858, #191, .T. ) ;
#2870 = ORIENTED_EDGE ( 'NONE', *, *, #4087, .F. ) ;
#2871 = VECTOR ( 'NONE', #3964, 1000.000000000000000 ) ;
#2872 = EDGE_CURVE ( 'NONE', #5342, #4542, #1871, .T. ) ;
#2873 = VERTEX_POINT ( 'NONE', #638 ) ;
#2874 = VERTEX_POINT ( 'NONE', #5203 ) ;
#2875 = PLANE ( 'NONE',  #3070 ) ;
#2876 = EDGE_CURVE ( 'NONE', #2016, #1509, #1457, .T. ) ;
#2877 = VERTEX_POINT ( 'NONE', #2726 ) ;
#2878 = CARTESIAN_POINT ( 'NONE',  ( 0.4410542485385600675, 0.9353333333332719546, -0.8506606302199869463 ) ) ;
#2879 = VERTEX_POINT ( 'NONE', #303 ) ;
#2880 = SURFACE_SIDE_STYLE ('',( #1191 ) ) ;
#2881 = DIRECTION ( 'NONE',  ( -0.000000000000000000, -1.000000000000000000, -0.000000000000000000 ) ) ;
#2882 = ORIENTED_EDGE ( 'NONE', *, *, #3005, .F. ) ;
#2883 = DIRECTION ( 'NONE',  ( 1.000000000000000000, -3.224074330045093613E-15, 0.000000000000000000 ) ) ;
#2884 = ADVANCED_FACE ( 'NONE', ( #1566 ), #3586, .T. ) ;
#2885 = DIRECTION ( 'NONE',  ( 0.000000000000000000, 0.000000000000000000, -1.000000000000000000 ) ) ;
#2886 = ADVANCED_FACE ( 'NONE', ( #1951 ), #720, .F. ) ;
#2887 = LINE ( 'NONE', #5036, #5384 ) ;
#2888 = PLANE ( 'NONE',  #5023 ) ;
#2889 = VERTEX_POINT ( 'NONE', #2029 ) ;
#2890 = DIRECTION ( 'NONE',  ( -0.000000000000000000, -1.000000000000000000, -0.000000000000000000 ) ) ;
#2891 = LINE ( 'NONE', #3721, #3719 ) ;
#2892 = ORIENTED_EDGE ( 'NONE', *, *, #2996, .T. ) ;
#2893 = CARTESIAN_POINT ( 'NONE',  ( 0.7299999999994813971, 0.2000000000000000111, 0.3299266639986628835 ) ) ;
#2894 = VERTEX_POINT ( 'NONE', #4948 ) ;
#2895 =( BOUNDED_CURVE ( )  B_SPLINE_CURVE ( 3, ( #486, #3760, #1687, #4229, #2154, #2537, #4199 ),
 .UNSPECIFIED., .F., .T. ) 
 B_SPLINE_CURVE_WITH_KNOTS ( ( 4, 3, 4 ),
 ( 2.710505431213761085E-20, 0.0008932017550472276914, 0.001786403509882156454 ),
 .UNSPECIFIED. ) 
 CURVE ( )  GEOMETRIC_REPRESENTATION_ITEM ( )  RATIONAL_B_SPLINE_CURVE ( ( 1.338098233377800428, 1.085075303631305887, 1.096834838226374398, 1.373376837163026165, 1.096834838292104264, 1.085075303636895638, 1.338098233197371201 ) ) 
 REPRESENTATION_ITEM ( '' )  );
#2896 = ORIENTED_EDGE ( 'NONE', *, *, #696, .F. ) ;
#2897 = CARTESIAN_POINT ( 'NONE',  ( 8.941957417574197819E-14, 1.083641427674310265, -1.259999999999386278 ) ) ;
#2898 = DIRECTION ( 'NONE',  ( 0.000000000000000000, 0.000000000000000000, -1.000000000000000000 ) ) ;
#2899 = ORIENTED_EDGE ( 'NONE', *, *, #4939, .F. ) ;
#2900 = DIRECTION ( 'NONE',  ( -1.000000000000000000, 0.000000000000000000, 0.000000000000000000 ) ) ;
#2901 = PLANE ( 'NONE',  #5119 ) ;
#2902 = B_SPLINE_CURVE_WITH_KNOTS ( 'NONE', 3,
 ( #1829, #177, #98, #4267, #3518, #4782, #5187, #2210, #2654, #1883, #4702, #3440, #3491, #5162, #2676, #3138 ),
 .UNSPECIFIED., .F., .F.,
 ( 4, 3, 3, 3, 3, 4 ),
 ( 4.470280076681872512E-19, 3.191745368866299927E-05, 6.376876461009694738E-05, 9.662558674252204490E-05, 0.0001316477528769241967, 0.0001612517886006374331 ),
 .UNSPECIFIED. ) ;
#2903 = ADVANCED_FACE ( 'NONE', ( #856 ), #1172, .F. ) ;
#2904 = ORIENTED_EDGE ( 'NONE', *, *, #3740, .F. ) ;
#2905 = CARTESIAN_POINT ( 'NONE',  ( 0.6977642868476909843, 0.8850000000000001199, 0.1750000000000735412 ) ) ;
#2906 = CYLINDRICAL_SURFACE ( 'NONE', #1856, 0.03810000000042935986 ) ;
#2907 = ORIENTED_EDGE ( 'NONE', *, *, #5233, .T. ) ;
#2908 = PLANE ( 'NONE',  #2851 ) ;
#2909 = DIRECTION ( 'NONE',  ( 0.000000000000000000, 1.000000000000000000, 0.000000000000000000 ) ) ;
#2910 = CARTESIAN_POINT ( 'NONE',  ( 0.7299991831902660211, 0.1670000000000320117, -0.1010920355382040059 ) ) ;
#2911 = CARTESIAN_POINT ( 'NONE',  ( -0.5454950493836139280, 0.1000000000000000056, -0.09999999988077125368 ) ) ;
#2912 = LINE ( 'NONE', #1614, #5192 ) ;
#2913 = EDGE_LOOP ( 'NONE', ( #35, #4218, #5153, #697 ) ) ;
#2914 = LINE ( 'NONE', #4105, #2058 ) ;
#2915 = DIRECTION ( 'NONE',  ( 0.000000000000000000, -0.000000000000000000, 1.000000000000000000 ) ) ;
#2916 = EDGE_CURVE ( 'NONE', #3054, #3802, #2441, .T. ) ;
#2917 = EDGE_LOOP ( 'NONE', ( #4269, #5156, #324, #754, #4065, #4197, #3154, #4386, #1625, #99, #5177, #2350 ) ) ;
#2918 = DIRECTION ( 'NONE',  ( -1.000000000000000000, -0.000000000000000000, -0.000000000000000000 ) ) ;
#2919 = FACE_OUTER_BOUND ( 'NONE', #4922, .T. ) ;
#2920 = VERTEX_POINT ( 'NONE', #2523 ) ;
#2921 =( GEOMETRIC_REPRESENTATION_CONTEXT ( 3 ) GLOBAL_UNCERTAINTY_ASSIGNED_CONTEXT ( ( #1531 ) ) GLOBAL_UNIT_ASSIGNED_CONTEXT ( ( #373, #2046, #2824 ) ) REPRESENTATION_CONTEXT ( 'NONE', 'WORKASPACE' ) );
#2922 = ORIENTED_EDGE ( 'NONE', *, *, #1045, .F. ) ;
#2923 = PLANE ( 'NONE',  #4289 ) ;
#2924 = CARTESIAN_POINT ( 'NONE',  ( -0.7512489600658469602, 1.035000000000070086, 0.1750000000000310196 ) ) ;
#2925 = VERTEX_POINT ( 'NONE', #2087 ) ;
#2926 =( BOUNDED_SURFACE ( )  B_SPLINE_SURFACE ( 3, 3, ( 
 ( #3056, #144, #1716, #1303 ),
 ( #4282, #1822, #2205, #4668 ),
 ( #3458, #923, #976, #70 ),
 ( #538, #3845, #117, #5102 ),
 ( #3814, #2647, #1329, #3484 ),
 ( #4694, #93, #4259, #5155 ),
 ( #1404, #1772, #1797, #3435 ) ),
 .UNSPECIFIED., .F., .F., .T. ) 
 B_SPLINE_SURFACE_WITH_KNOTS ( ( 4, 3, 4 ),
 ( 4, 4 ),
 ( 0.04252350326909529882, 1.000000000000000000, 1.957476496730899962 ),
 ( 0.04306566887151439676, 0.9569343311284780329 ),
 .UNSPECIFIED. ) 
 GEOMETRIC_REPRESENTATION_ITEM ( )  RATIONAL_B_SPLINE_SURFACE ( (
 ( 1.355241953936290100, 1.090605925912299989, 1.090605925912299989, 1.355241953936290100),
 ( 1.098977293338029959, 0.8843816744869810176, 0.8843816744869790192, 1.098977293338019967),
 ( 1.110887491141169914, 0.8939661861420240552, 0.8939661861420219457, 1.110887491141159922),
 ( 1.390972547345709964, 1.119359460877429990, 1.119359460877429990, 1.390972547345699972),
 ( 1.110887491141169914, 0.8939661861420240552, 0.8939661861420219457, 1.110887491141159922),
 ( 1.098977293338029959, 0.8843816744869810176, 0.8843816744869790192, 1.098977293338019967),
 ( 1.355241953936290100, 1.090605925912299989, 1.090605925912299989, 1.355241953936280108) ) ) 
 REPRESENTATION_ITEM ( '' )  SURFACE ( )  );
#2927 = DIRECTION ( 'NONE',  ( 0.000000000000000000, 0.000000000000000000, -1.000000000000000000 ) ) ;
#2928 = CARTESIAN_POINT ( 'NONE',  ( 0.2377536638790212487, 0.6850000000000000533, 0.5588107521392562393 ) ) ;
#2929 = ORIENTED_EDGE ( 'NONE', *, *, #3187, .F. ) ;
#2930 = ADVANCED_FACE ( 'NONE', ( #1645 ), #770, .F. ) ;
#2931 = CARTESIAN_POINT ( 'NONE',  ( -0.3174943787078749469, 0.03025567659247449873, -0.1000090977747269821 ) ) ;
#2932 = CARTESIAN_POINT ( 'NONE',  ( 0.8266366476172021249, 1.084944679810409873, 0.1077852670237890026 ) ) ;
#2933 = ORIENTED_EDGE ( 'NONE', *, *, #4234, .T. ) ;
#2934 = CARTESIAN_POINT ( 'NONE',  ( 0.7300000000000880229, -0.001000000000000170024, -0.09899999999998000677 ) ) ;
#2935 = EDGE_CURVE ( 'NONE', #2603, #1488, #2887, .T. ) ;
#2936 = VECTOR ( 'NONE', #2203, 1000.000000000000000 ) ;
#2937 = DIRECTION ( 'NONE',  ( 0.000000000000000000, 0.000000000000000000, 1.000000000000000000 ) ) ;
#2938 = CARTESIAN_POINT ( 'NONE',  ( -0.7299999999999121636, -5.929230630780102373E-18, -1.074999999999975309 ) ) ;
#2939 = EDGE_CURVE ( 'NONE', #2316, #5286, #5354, .T. ) ;
#2940 = CARTESIAN_POINT ( 'NONE',  ( 0.7674127680825943987, 1.128748614683571461, 0.1750000000036770198 ) ) ;
#2941 = DIRECTION ( 'NONE',  ( -0.000000000000000000, -1.000000000000000000, -0.000000000000000000 ) ) ;
#2942 = CARTESIAN_POINT ( 'NONE',  ( -0.3174984271626489774, 0.3456317290546179755, -0.1009993744056089937 ) ) ;
#2943 = ORIENTED_EDGE ( 'NONE', *, *, #1764, .T. ) ;
#2944 = CARTESIAN_POINT ( 'NONE',  ( 0.8750000000000890399, -0.01778000000000000413, 1.012700000000019918 ) ) ;
#2945 = CARTESIAN_POINT ( 'NONE',  ( -0.2750000000000119016, 1.035000000000089404, -0.8512489600657821009 ) ) ;
#2946 = ORIENTED_EDGE ( 'NONE', *, *, #1389, .T. ) ;
#2947 = CARTESIAN_POINT ( 'NONE',  ( 0.4253163879213019416, 0.2000000000000000389, 0.6300000000000198774 ) ) ;
#2948 = STYLED_ITEM ( 'NONE', ( #2822 ), #4490 ) ;
#2949 = CARTESIAN_POINT ( 'NONE',  ( -0.7956713144400880955, 1.086390280906569972, 0.1017863919999730249 ) ) ;
#2950 = ORIENTED_EDGE ( 'NONE', *, *, #157, .T. ) ;
#2951 = CIRCLE ( 'NONE', #583, 0.04999999999984541810 ) ;
#2952 = CARTESIAN_POINT ( 'NONE',  ( -0.3999999999999119815, 0.6476999999999969448, 1.099999999999948130 ) ) ;
#2953 = ORIENTED_EDGE ( 'NONE', *, *, #3097, .T. ) ;
#2954 = COLOUR_RGB ( '',1.000000000000000000, 1.000000000000000000, 1.000000000000000000 ) ;
#2955 = ORIENTED_EDGE ( 'NONE', *, *, #281, .F. ) ;
#2956 = CARTESIAN_POINT ( 'NONE',  ( 8.489303010561499718E-14, 1.084999999999999964, 1.150000000000019895 ) ) ;
#2957 = CARTESIAN_POINT ( 'NONE',  ( 0.4445000000000393636, 0.1770000000000232221, -0.09999999999786482463 ) ) ;
#2958 = ORIENTED_EDGE ( 'NONE', *, *, #537, .T. ) ;
#2959 = CARTESIAN_POINT ( 'NONE',  ( 8.983338015250835002E-14, 0.6849999999999913936, 0.6000000000000190736 ) ) ;
#2960 = AXIS2_PLACEMENT_3D ( 'NONE', #2984, #2927, #2101 ) ;
#2961 = ORIENTED_EDGE ( 'NONE', *, *, #1062, .T. ) ;
#2962 = CARTESIAN_POINT ( 'NONE',  ( 0.4565362562296399473, -0.01669986628942529694, 0.1688606274727080248 ) ) ;
#2963 = CARTESIAN_POINT ( 'NONE',  ( -0.7512489600658478484, 1.035000000000170006, -0.3749999999999882871 ) ) ;
#2964 = VECTOR ( 'NONE', #2357, 1000.000000000000000 ) ;
#2965 = ORIENTED_EDGE ( 'NONE', *, *, #4020, .F. ) ;
#2966 = CARTESIAN_POINT ( 'NONE',  ( -0.4941451710808405506, 1.135000000000000453, 0.5926670434397314224 ) ) ;
#2967 = LINE ( 'NONE', #2938, #1600 ) ;
#2968 = CARTESIAN_POINT ( 'NONE',  ( -0.7306430134140531329, 0.1670000000000320117, 0.3292928019108130044 ) ) ;
#2969 = ADVANCED_FACE ( 'NONE', ( #3279 ), #3665, .T. ) ;
#2970 = CARTESIAN_POINT ( 'NONE',  ( 1.350000000000090239, 0.02032000000039250673, 1.874599999999976729 ) ) ;
#2971 = FACE_OUTER_BOUND ( 'NONE', #4611, .T. ) ;
#2972 = ORIENTED_EDGE ( 'NONE', *, *, #261, .F. ) ;
#2973 = ADVANCED_FACE ( 'NONE', ( #2468 ), #4130, .T. ) ;
#2974 = PRESENTATION_STYLE_ASSIGNMENT (( #1293 ) ) ;
#2975 = LINE ( 'NONE', #3883, #4039 ) ;
#2976 = CARTESIAN_POINT ( 'NONE',  ( -0.7299999999999120526, 0.09999999999999992228, -2.049999999999979838 ) ) ;
#2977 = DIRECTION ( 'NONE',  ( 0.000000000000000000, -1.000000000000000000, 0.000000000000000000 ) ) ;
#2978 = FILL_AREA_STYLE_COLOUR ( '', #1197 ) ;
#2979 = ORIENTED_EDGE ( 'NONE', *, *, #5338, .F. ) ;
#2980 = CARTESIAN_POINT ( 'NONE',  ( -0.7585785483668110452, 0.6349992136593850534, -0.5419719835858729517 ) ) ;
#2981 = FACE_BOUND ( 'NONE', #2621, .T. ) ;
#2982 = CARTESIAN_POINT ( 'NONE',  ( 1.500000000000089706, 0.3174999999999999489, -1.899999999999980149 ) ) ;
#2983 = DIRECTION ( 'NONE',  ( 1.000000000000000000, 5.574247481516933730E-13, 4.711367226314002011E-13 ) ) ;
#2984 = CARTESIAN_POINT ( 'NONE',  ( -0.6967642868475120155, 0.8840000000000000080, -0.3749999999999800160 ) ) ;
#2985 = CARTESIAN_POINT ( 'NONE',  ( 0.4711525084910921923, 0.7350000000000018741, -0.9000000000000009104 ) ) ;
#2986 = VERTEX_POINT ( 'NONE', #4980 ) ;
#2987 = CARTESIAN_POINT ( 'NONE',  ( 0.7529138651229305701, 1.048649204829480208, 0.1750000000000200562 ) ) ;
#2988 = EDGE_CURVE ( 'NONE', #1080, #2120, #440, .T. ) ;
#2989 = CARTESIAN_POINT ( 'NONE',  ( -0.4484330393032799900, 1.093499357084900314, 0.5420259088751511189 ) ) ;
#2990 = ORIENTED_EDGE ( 'NONE', *, *, #1088, .F. ) ;
#2991 =( NAMED_UNIT ( * ) SI_UNIT ( $, .STERADIAN. ) SOLID_ANGLE_UNIT ( ) );
#2992 = CARTESIAN_POINT ( 'NONE',  ( 0.7108414964687286286, 1.082832106213457379, 0.1750000000000198896 ) ) ;
#2993 = CARTESIAN_POINT ( 'NONE',  ( 0.9738821434238890129, 1.135000000000000009, -0.3749999999999800160 ) ) ;
#2994 = CARTESIAN_POINT ( 'NONE',  ( 0.4000000000000880074, 0.6096000000002226304, 1.900000000000019673 ) ) ;
#2995 = CARTESIAN_POINT ( 'NONE',  ( -0.3522938510194119632, 1.109999999999999876, -1.614808458937980085 ) ) ;
#2996 = EDGE_CURVE ( 'NONE', #1055, #1683, #1005, .T. ) ;
#2997 = LINE ( 'NONE', #84, #574 ) ;
#2998 = DIRECTION ( 'NONE',  ( 0.000000000000000000, 1.000000000000000000, 0.000000000000000000 ) ) ;
#2999 = PRESENTATION_LAYER_ASSIGNMENT (  '', '', ( #3523 ) ) ;
#3000 = VECTOR ( 'NONE', #2289, 1000.000000000000000 ) ;
#3001 = CARTESIAN_POINT ( 'NONE',  ( -0.5313954048759415016, 0.6850000000000001643, -0.5582224823082094778 ) ) ;
#3002 = CARTESIAN_POINT ( 'NONE',  ( -0.8261398557465609027, 1.084947405771200080, 0.1095133728627149944 ) ) ;
#3003 = VERTEX_POINT ( 'NONE', #5330 ) ;
#3004 = CARTESIAN_POINT ( 'NONE',  ( -0.6999986576457638554, 0.6350000000089770502, 0.3078414765264469444 ) ) ;
#3005 = EDGE_CURVE ( 'NONE', #2498, #423, #59, .T. ) ;
#3006 =( BOUNDED_SURFACE ( )  B_SPLINE_SURFACE ( 3, 3, ( 
 ( #1094, #3556, #1019, #273 ),
 ( #2777, #5227, #4790, #4870 ),
 ( #2383, #4763, #630, #4432 ),
 ( #3957, #5196, #4839, #1070 ),
 ( #1048, #2721, #692, #2689 ),
 ( #1946, #4456, #1478, #4375 ),
 ( #3610, #4352, #185, #2274 ) ),
 .UNSPECIFIED., .F., .F., .T. ) 
 B_SPLINE_SURFACE_WITH_KNOTS ( ( 4, 3, 4 ),
 ( 4, 4 ),
 ( 0.03240027310868259791, 1.000000000000000000, 1.967599726891319900 ),
 ( 0.07019087624970160588, 0.9298091237503890438 ),
 .UNSPECIFIED. ) 
 GEOMETRIC_REPRESENTATION_ITEM ( )  RATIONAL_B_SPLINE_SURFACE ( (
 ( 1.373210073378430041, 1.093969461875240023, 1.093969461875269999, 1.373210073378519969),
 ( 1.106612427980260049, 0.8815841259917539530, 0.8815841259917780448, 1.106612427980329993),
 ( 1.115848785514570007, 0.8889422813660660116, 0.8889422813660899925, 1.115848785514639951),
 ( 1.400919145981379899, 1.116043927998179974, 1.116043927998209950, 1.400919145981470049),
 ( 1.115848785514570007, 0.8889422813660660116, 0.8889422813660899925, 1.115848785514639951),
 ( 1.106612427980260049, 0.8815841259917539530, 0.8815841259917780448, 1.106612427980329993),
 ( 1.373210073378430041, 1.093969461875240023, 1.093969461875269999, 1.373210073378519969) ) ) 
 REPRESENTATION_ITEM ( '' )  SURFACE ( )  );
#3007 = CARTESIAN_POINT ( 'NONE',  ( -0.7299991831900899397, 0.1329999999999909865, -0.1010920355382040059 ) ) ;
#3008 = CARTESIAN_POINT ( 'NONE',  ( 0.2750000000135008893, 1.059087827249730607, 0.6578316718916615846 ) ) ;
#3009 = FACE_OUTER_BOUND ( 'NONE', #5270, .T. ) ;
#3010 = VECTOR ( 'NONE', #3081, 1000.000000000000000 ) ;
#3011 = CARTESIAN_POINT ( 'NONE',  ( 8.814801712553401608E-14, 0.7350000000000002087, 0.6999999999999969580 ) ) ;
#3012 = CARTESIAN_POINT ( 'NONE',  ( 0.7800760614601235376, 1.079851293512054333, 0.1750000000016647406 ) ) ;
#3013 = CARTESIAN_POINT ( 'NONE',  ( 0.6000000000000881295, -0.005080000000000000314, 1.012700000000019918 ) ) ;
#3014 = VERTEX_POINT ( 'NONE', #3497 ) ;
#3015 = CARTESIAN_POINT ( 'NONE',  ( 0.8042853971074427344, 1.135000000000130571, 0.1750000000000391243 ) ) ;
#3016 = CARTESIAN_POINT ( 'NONE',  ( -0.4714078311714455238, 1.084999999999999964, 0.6075620779686945472 ) ) ;
#3017 = DIRECTION ( 'NONE',  ( -0.000000000000000000, -0.000000000000000000, 1.000000000000000000 ) ) ;
#3018 = CIRCLE ( 'NONE', #1352, 0.04999999999984541810 ) ;
#3019 = CARTESIAN_POINT ( 'NONE',  ( -0.04487654594848666800, 0.6350000000000000089, 0.5999992401967894073 ) ) ;
#3020 = CARTESIAN_POINT ( 'NONE',  ( 0.3175024270975950191, 0.6849983515546650414, 0.08698626141354859342 ) ) ;
#3021 = CARTESIAN_POINT ( 'NONE',  ( -0.7453173107221257032, 1.135000000000000009, -0.5089184247444299425 ) ) ;
#3022 = VECTOR ( 'NONE', #2025, 1000.000000000000000 ) ;
#3023 = ORIENTED_EDGE ( 'NONE', *, *, #3542, .F. ) ;
#3024 = CARTESIAN_POINT ( 'NONE',  ( -1.350999999999910051, 0.6350000000000000089, 1.875600000000019918 ) ) ;
#3025 = CARTESIAN_POINT ( 'NONE',  ( 0.4225000000000879719, 0.1000000000000000194, -1.799999999999980060 ) ) ;
#3026 = CARTESIAN_POINT ( 'NONE',  ( 1.295183384698765039, 1.109999999999999876, 1.149999999999706368 ) ) ;
#3027 = VECTOR ( 'NONE', #5386, 1000.000000000000000 ) ;
#3028 = VERTEX_POINT ( 'NONE', #2577 ) ;
#3029 = CARTESIAN_POINT ( 'NONE',  ( -0.7980824548948404207, 1.084999999996704378, -0.3749999999999800160 ) ) ;
#3030 = VECTOR ( 'NONE', #4042, 1000.000000000000000 ) ;
#3031 = CARTESIAN_POINT ( 'NONE',  ( 0.4590185539418962235, 1.035000000000000364, -0.7252396488174026601 ) ) ;
#3032 = ORIENTED_EDGE ( 'NONE', *, *, #115, .T. ) ;
#3033 = DIRECTION ( 'NONE',  ( -0.7071067811865592301, 0.000000000000000000, -0.7071067811865358044 ) ) ;
#3034 = CARTESIAN_POINT ( 'NONE',  ( -0.2750000000035693337, 1.132861283978534139, 0.6791811067315426387 ) ) ;
#3035 = CARTESIAN_POINT ( 'NONE',  ( 0.8000000000001205036, 0.7350000000000000977, -0.09999999999998011868 ) ) ;
#3036 = STYLED_ITEM ( 'NONE', ( #112 ), #5201 ) ;
#3037 = EDGE_CURVE ( 'NONE', #3911, #316, #5143, .T. ) ;
#3038 = CARTESIAN_POINT ( 'NONE',  ( 0.3512938510195879882, 1.084000000000000075, -1.614808458937980085 ) ) ;
#3039 = EDGE_CURVE ( 'NONE', #3054, #3826, #2121, .T. ) ;
#3040 = LINE ( 'NONE', #2266, #2557 ) ;
#3041 = VERTEX_POINT ( 'NONE', #3799 ) ;
#3042 = SURFACE_STYLE_USAGE ( .BOTH. , #5085 ) ;
#3043 = VECTOR ( 'NONE', #2176, 1000.000000000000000 ) ;
#3044 = CARTESIAN_POINT ( 'NONE',  ( -0.7499927662339139767, 0.7358504847289409900, 0.3427699274386989403 ) ) ;
#3045 = CARTESIAN_POINT ( 'NONE',  ( -0.7512489600657498157, 0.8850000000000001199, -0.3749999999999886757 ) ) ;
#3046 = CARTESIAN_POINT ( 'NONE',  ( -0.8750000000000235367, -0.005080000000000403637, 1.874600000000019584 ) ) ;
#3047 = DIRECTION ( 'NONE',  ( 0.000000000000000000, 0.000000000000000000, -1.000000000000000000 ) ) ;
#3048 = EDGE_CURVE ( 'NONE', #1757, #4811, #156, .T. ) ;
#3049 = CARTESIAN_POINT ( 'NONE',  ( 0.5184942383075189509, 0.8120000000000000551, -0.1000067299953019961 ) ) ;
#3050 = CARTESIAN_POINT ( 'NONE',  ( 8.817204817975764790E-14, 0.7350000000000002087, -0.8999999999999571676 ) ) ;
#3051 = ORIENTED_EDGE ( 'NONE', *, *, #1559, .F. ) ;
#3052 = CARTESIAN_POINT ( 'NONE',  ( -0.6169461681799701669, 0.6850000000000001643, 0.2444973932747947221 ) ) ;
#3053 = CARTESIAN_POINT ( 'NONE',  ( -1.349999999999909939, 0.02032000000019474825, 1.912700000000020273 ) ) ;
#3054 = VERTEX_POINT ( 'NONE', #963 ) ;
#3055 = CARTESIAN_POINT ( 'NONE',  ( -0.2750000000005177192, 1.037687278617635878, -0.8512489600656676370 ) ) ;
#3056 = CARTESIAN_POINT ( 'NONE',  ( -9.085895394500548752E-06, 0.6350000000089771612, 0.5999986575868740957 ) ) ;
#3057 = ORIENTED_EDGE ( 'NONE', *, *, #1417, .T. ) ;
#3058 = CARTESIAN_POINT ( 'NONE',  ( 0.2750000000000880629, 1.072840046728418262, 0.6696643875681468350 ) ) ;
#3059 = LINE ( 'NONE', #2649, #4080 ) ;
#3060 = LINE ( 'NONE', #4778, #225 ) ;
#3061 = DIRECTION ( 'NONE',  ( 0.000000000000000000, 1.000000000000000000, 0.000000000000000000 ) ) ;
#3062 = EDGE_CURVE ( 'NONE', #1548, #1688, #498, .T. ) ;
#3063 = CARTESIAN_POINT ( 'NONE',  ( -0.2749999999999118705, 1.135000000000194964, -0.8943751496716215721 ) ) ;
#3064 = EDGE_LOOP ( 'NONE', ( #4143, #364, #260, #4832, #1063 ) ) ;
#3065 = CARTESIAN_POINT ( 'NONE',  ( -0.6977642868474601689, 1.034999999999999920, -0.3750000000000447975 ) ) ;
#3066 = ORIENTED_EDGE ( 'NONE', *, *, #4896, .T. ) ;
#3067 = UNCERTAINTY_MEASURE_WITH_UNIT (LENGTH_MEASURE( 1.000000000000000082E-05 ), #3180, 'distance_accuracy_value', 'NONE');
#3068 = CARTESIAN_POINT ( 'NONE',  ( 0.6967642868476879858, 0.8840000000000000080, 0.1750000000000200007 ) ) ;
#3069 = DIRECTION ( 'NONE',  ( -0.000000000000000000, -1.000000000000000000, -0.000000000000000000 ) ) ;
#3070 = AXIS2_PLACEMENT_3D ( 'NONE', #4141, #3786, #4524 ) ;
#3071 = CARTESIAN_POINT ( 'NONE',  ( -0.7000303492622397261, 0.6350000000000002309, -0.1438686633079796218 ) ) ;
#3072 = CARTESIAN_POINT ( 'NONE',  ( -0.3175024270981500196, 0.6849983515546650414, 0.08698626145766549800 ) ) ;
#3073 = DIRECTION ( 'NONE',  ( -0.000000000000000000, 1.000000000000000000, 0.000000000000000000 ) ) ;
#3074 = CARTESIAN_POINT ( 'NONE',  ( -1.074369363833935997, 0.6477000000000000535, 0.7410384690430560362 ) ) ;
#3075 = ORIENTED_EDGE ( 'NONE', *, *, #5138, .T. ) ;
#3076 = CARTESIAN_POINT ( 'NONE',  ( -0.3705057616176199997, 0.8120000000000001661, -0.1000048091235070102 ) ) ;
#3077 = LINE ( 'NONE', #1791, #3803 ) ;
#3078 = CARTESIAN_POINT ( 'NONE',  ( 0.001121954320181250096, 1.036000000000000032, -0.8499991608118390163 ) ) ;
#3079 = ORIENTED_EDGE ( 'NONE', *, *, #2646, .F. ) ;
#3080 = EDGE_CURVE ( 'NONE', #4423, #1845, #2609, .T. ) ;
#3081 = DIRECTION ( 'NONE',  ( -0.000000000000000000, -1.000000000000000000, -0.000000000000000000 ) ) ;
#3082 = CARTESIAN_POINT ( 'NONE',  ( -0.2749999999970559328, 1.084999999999952447, 0.7042853970906671757 ) ) ;
#3083 = CARTESIAN_POINT ( 'NONE',  ( 0.6000000000000412781, -0.005080000000000000314, 1.012699999999996603 ) ) ;
#3084 = CARTESIAN_POINT ( 'NONE',  ( 1.295183384698927576, 1.135000000000000009, 1.149999999999863132 ) ) ;
#3085 = CARTESIAN_POINT ( 'NONE',  ( 0.4704578651077480633, 1.036000000000000032, -0.9007046722347420431 ) ) ;
#3086 = VECTOR ( 'NONE', #4152, 1000.000000000000000 ) ;
#3087 = CARTESIAN_POINT ( 'NONE',  ( 2.689092438307172372E-13, 0.6334205602996270112, 0.3500000000000490497 ) ) ;
#3088 = ORIENTED_EDGE ( 'NONE', *, *, #3100, .F. ) ;
#3089 = ADVANCED_FACE ( 'NONE', ( #2215 ), #4296, .T. ) ;
#3090 = LINE ( 'NONE', #3466, #3106 ) ;
#3091 = ORIENTED_EDGE ( 'NONE', *, *, #2460, .T. ) ;
#3092 = CARTESIAN_POINT ( 'NONE',  ( -0.4055837017684060797, 0.6850072337659980359, -0.8053604830287061089 ) ) ;
#3093 = ADVANCED_FACE ( 'NONE', ( #1784 ), #882, .F. ) ;
#3094 = CARTESIAN_POINT ( 'NONE',  ( -1.799999999999909228, 0.05000000000000254241, 1.850000000000205702 ) ) ;
#3095 = DIRECTION ( 'NONE',  ( 1.000000000000000000, -0.000000000000000000, 0.000000000000000000 ) ) ;
#3096 = FACE_OUTER_BOUND ( 'NONE', #432, .T. ) ;
#3097 = EDGE_CURVE ( 'NONE', #3704, #1077, #237, .T. ) ;
#3098 = CARTESIAN_POINT ( 'NONE',  ( 1.350000000000090239, 0.6350000000000000089, 1.874600000000048228 ) ) ;
#3099 =( NAMED_UNIT ( * ) PLANE_ANGLE_UNIT ( ) SI_UNIT ( $, .RADIAN. ) );
#3100 = EDGE_CURVE ( 'NONE', #1424, #44, #3694, .T. ) ;
#3101 = ORIENTED_EDGE ( 'NONE', *, *, #1837, .T. ) ;
#3102 = PRESENTATION_LAYER_ASSIGNMENT (  '', '', ( #4237 ) ) ;
#3103 = CARTESIAN_POINT ( 'NONE',  ( -0.4636748597798125426, 0.6850000000000001643, 0.4266823652766039143 ) ) ;
#3104 = CARTESIAN_POINT ( 'NONE',  ( -0.2749999999999119815, 0.8850000000000000089, -0.7977642868475800508 ) ) ;
#3105 = CARTESIAN_POINT ( 'NONE',  ( 1.800000000000089528, 0.5849999999999967448, 1.850000000000180167 ) ) ;
#3106 = VECTOR ( 'NONE', #3520, 1000.000000000000000 ) ;
#3107 = ORIENTED_EDGE ( 'NONE', *, *, #5355, .F. ) ;
#3108 = CARTESIAN_POINT ( 'NONE',  ( 0.2750000000000880074, 1.040384314850510528, 0.6514815655599908162 ) ) ;
#3109 = CARTESIAN_POINT ( 'NONE',  ( -0.2749999999999119260, 1.135000000000182308, 0.6918191288891821777 ) ) ;
#3110 = DIRECTION ( 'NONE',  ( 1.000000000000000000, -0.000000000000000000, -0.000000000000000000 ) ) ;
#3111 = CARTESIAN_POINT ( 'NONE',  ( 2.106275777884850431, 1.084000000000020281, 0.3129411384691550557 ) ) ;
#3112 = AXIS2_PLACEMENT_3D ( 'NONE', #1421, #3095, #3527 ) ;
#3113 = DIRECTION ( 'NONE',  ( -1.000000000000000000, -0.000000000000000000, -0.000000000000000000 ) ) ;
#3114 = VERTEX_POINT ( 'NONE', #4837 ) ;
#3115 = AXIS2_PLACEMENT_3D ( 'NONE', #4845, #3588, #613 ) ;
#3116 = VERTEX_POINT ( 'NONE', #4788 ) ;
#3117 = VECTOR ( 'NONE', #4165, 1000.000000000000000 ) ;
#3118 = CARTESIAN_POINT ( 'NONE',  ( 0.5002996974937697905, 1.035000000000000142, 0.5687764108788117001 ) ) ;
#3119 = CARTESIAN_POINT ( 'NONE',  ( 2.056340630042932993, 1.084999999999999742, -0.9190029851453863641 ) ) ;
#3120 = LINE ( 'NONE', #991, #2050 ) ;
#3121 = CARTESIAN_POINT ( 'NONE',  ( 0.5313912834247480621, 0.6350000000000001199, -0.5582252520740661472 ) ) ;
#3122 = CARTESIAN_POINT ( 'NONE',  ( 0.8000000000000879741, 0.8850000000000002309, -0.007809962941321806247 ) ) ;
#3123 = CARTESIAN_POINT ( 'NONE',  ( -0.6977642868474599469, 1.034999999999999920, 0.1750000000000848377 ) ) ;
#3124 = EDGE_CURVE ( 'NONE', #1713, #2313, #1864, .T. ) ;
#3125 = ORIENTED_EDGE ( 'NONE', *, *, #2428, .T. ) ;
#3126 = CARTESIAN_POINT ( 'NONE',  ( 0.4488440504617849380, 1.033861122575800096, 0.5426048837495041077 ) ) ;
#3127 = VECTOR ( 'NONE', #1775, 1000.000000000000000 ) ;
#3128 = EDGE_CURVE ( 'NONE', #5286, #2789, #1374, .T. ) ;
#3129 = ORIENTED_EDGE ( 'NONE', *, *, #3844, .F. ) ;
#3130 = LINE ( 'NONE', #3537, #3010 ) ;
#3131 = FACE_OUTER_BOUND ( 'NONE', #5367, .T. ) ;
#3132 = ORIENTED_EDGE ( 'NONE', *, *, #4396, .F. ) ;
#3133 = DIRECTION ( 'NONE',  ( -0.000000000000000000, -1.000000000000000000, -0.000000000000000000 ) ) ;
#3134 = ADVANCED_FACE ( 'NONE', ( #243 ), #2271, .F. ) ;
#3135 = CARTESIAN_POINT ( 'NONE',  ( -0.3178191561202148296, 0.1000000000000000333, 0.4454950494212442380 ) ) ;
#3136 = CARTESIAN_POINT ( 'NONE',  ( -0.3305643049740236150, 1.084999999999999742, -0.8852869371233508256 ) ) ;
#3137 = CARTESIAN_POINT ( 'NONE',  ( -0.001196751274677779892, 1.036000000000000032, 0.6999991048659989223 ) ) ;
#3138 = CARTESIAN_POINT ( 'NONE',  ( 0.2750000000000891176, 1.135000000000130349, 0.7042853971073188557 ) ) ;
#3139 = ORIENTED_EDGE ( 'NONE', *, *, #1054, .T. ) ;
#3140 = CARTESIAN_POINT ( 'NONE',  ( -0.4590185539417198646, 1.034999999999999920, -0.7252396488174029932 ) ) ;
#3141 = EDGE_LOOP ( 'NONE', ( #2594, #226, #1640, #5100 ) ) ;
#3142 = EDGE_CURVE ( 'NONE', #77, #4394, #2683, .T. ) ;
#3143 = CARTESIAN_POINT ( 'NONE',  ( -0.7499927662339139767, 0.7358504847289430995, -0.09999999999998009093 ) ) ;
#3144 = CARTESIAN_POINT ( 'NONE',  ( 0.3175053581660776114, 0.1769999999999999629, 0.08698337461188483666 ) ) ;
#3145 = CARTESIAN_POINT ( 'NONE',  ( 1.364804006944809966, 0.6095999999995739271, 1.874600000000012034 ) ) ;
#3146 = CARTESIAN_POINT ( 'NONE',  ( -0.4249999999999119482, 0.1000000000000000056, -2.049999999999979838 ) ) ;
#3147 = CARTESIAN_POINT ( 'NONE',  ( 0.5513679328560656678, 1.135000000000000009, 0.5477229692439098407 ) ) ;
#3148 = CARTESIAN_POINT ( 'NONE',  ( 8.810095033626139319E-14, 0.8850000000000000089, -0.8499999999999725553 ) ) ;
#3149 = FACE_OUTER_BOUND ( 'NONE', #4114, .T. ) ;
#3150 = VERTEX_POINT ( 'NONE', #3171 ) ;
#3151 =( NAMED_UNIT ( * ) SI_UNIT ( $, .STERADIAN. ) SOLID_ANGLE_UNIT ( ) );
#3152 = VECTOR ( 'NONE', #3733, 1000.000000000000000 ) ;
#3153 = ADVANCED_FACE ( 'NONE', ( #628 ), #1017, .T. ) ;
#3154 = ORIENTED_EDGE ( 'NONE', *, *, #2632, .F. ) ;
#3155 = CARTESIAN_POINT ( 'NONE',  ( -0.3174997368612669235, 0.03025567659247450567, -0.2869800642221749798 ) ) ;
#3156 = CARTESIAN_POINT ( 'NONE',  ( 0.7956713144310471053, 1.086390280905770167, -0.3017863920359780128 ) ) ;
#3157 = ORIENTED_EDGE ( 'NONE', *, *, #1787, .T. ) ;
#3158 = PLANE ( 'NONE',  #3285 ) ;
#3159 = CARTESIAN_POINT ( 'NONE',  ( -0.7556372338248731335, 1.124633430746648788, -0.3750000000036372572 ) ) ;
#3160 = CARTESIAN_POINT ( 'NONE',  ( 0.2750000000000982769, 0.8850000000000000089, -0.8512489600658239564 ) ) ;
#3161 = EDGE_CURVE ( 'NONE', #1152, #4827, #513, .T. ) ;
#3162 = B_SPLINE_CURVE_WITH_KNOTS ( 'NONE', 3,
 ( #1593, #4902, #3749, #3284, #2472, #359, #3255, #4924, #1177, #5011, #337, #4540, #4984, #3572 ),
 .UNSPECIFIED., .F., .F.,
 ( 4, 1, 1, 2, 2, 2, 2, 4 ),
 ( 0.000000000000000000, 0.2499999999999988343, 0.3749999999999984457, 0.4374999999999983902, 0.4999999999999983347, 0.6249999999999988898, 0.7499999999999993339, 1.000000000000000000 ),
 .UNSPECIFIED. ) ;
#3163 = ORIENTED_EDGE ( 'NONE', *, *, #4891, .T. ) ;
#3164 = CARTESIAN_POINT ( 'NONE',  ( -0.3174990291383920638, 0.7597945045706943068, -0.09999587889923990114 ) ) ;
#3165 = ORIENTED_EDGE ( 'NONE', *, *, #4297, .F. ) ;
#3166 = VECTOR ( 'NONE', #3113, 1000.000000000000000 ) ;
#3167 = DIRECTION ( 'NONE',  ( 0.000000000000000000, 1.000000000000000000, 0.000000000000000000 ) ) ;
#3168 = ORIENTED_EDGE ( 'NONE', *, *, #3714, .F. ) ;
#3169 = VECTOR ( 'NONE', #4073, 1000.000000000000000 ) ;
#3170 = CARTESIAN_POINT ( 'NONE',  ( -0.4445000000000362550, 0.1769999999999722629, -0.09999999989191872551 ) ) ;
#3171 = CARTESIAN_POINT ( 'NONE',  ( 0.4000000000000111244, 0.6476999999999999424, 1.099999999999804690 ) ) ;
#3172 = CARTESIAN_POINT ( 'NONE',  ( -0.2749999999998917755, 1.135000000000131237, 0.7042853971072562391 ) ) ;
#3173 = CARTESIAN_POINT ( 'NONE',  ( 0.2181521267287032662, 0.6349999999999998979, -0.7655191650495510869 ) ) ;
#3174 = CARTESIAN_POINT ( 'NONE',  ( 0.5715043687563254871, 0.6849999999999989431, 0.2365752705329836059 ) ) ;
#3175 = ORIENTED_EDGE ( 'NONE', *, *, #3319, .F. ) ;
#3176 = CARTESIAN_POINT ( 'NONE',  ( 0.8107021043513229497, 1.134993514580979967, 0.1592286378156110016 ) ) ;
#3177 = CARTESIAN_POINT ( 'NONE',  ( -0.7512489600657492606, 0.8849999999999651479, -0.3749999999999936162 ) ) ;
#3178 = ORIENTED_EDGE ( 'NONE', *, *, #5131, .F. ) ;
#3179 = CARTESIAN_POINT ( 'NONE',  ( -0.7696643875786939315, 1.072840046736999176, -0.3749999999999802380 ) ) ;
#3180 =( LENGTH_UNIT ( ) NAMED_UNIT ( * ) SI_UNIT ( .MILLI., .METRE. ) );
#3181 = ORIENTED_EDGE ( 'NONE', *, *, #2988, .F. ) ;
#3182 = CARTESIAN_POINT ( 'NONE',  ( -1.349999999999909939, 0.6096000000004463404, 1.874600000000073319 ) ) ;
#3183 = FACE_OUTER_BOUND ( 'NONE', #640, .T. ) ;
#3184 = DIRECTION ( 'NONE',  ( 0.000000000000000000, 0.000000000000000000, -1.000000000000000000 ) ) ;
#3185 = ORIENTED_EDGE ( 'NONE', *, *, #3442, .T. ) ;
#3186 = COLOUR_RGB ( '',0.6470588235294117974, 0.6196078431372549211, 0.5882352941176470784 ) ;
#3187 = EDGE_CURVE ( 'NONE', #4526, #4326, #2688, .T. ) ;
#3188 = FACE_OUTER_BOUND ( 'NONE', #832, .T. ) ;
#3189 = ORIENTED_EDGE ( 'NONE', *, *, #1637, .F. ) ;
#3190 = CARTESIAN_POINT ( 'NONE',  ( -0.7299999999998919575, 0.1000000000000000194, -0.09999999999997503941 ) ) ;
#3191 = EDGE_CURVE ( 'NONE', #4057, #888, #4430, .T. ) ;
#3192 =( GEOMETRIC_REPRESENTATION_CONTEXT ( 3 ) GLOBAL_UNCERTAINTY_ASSIGNED_CONTEXT ( ( #4814 ) ) GLOBAL_UNIT_ASSIGNED_CONTEXT ( ( #2778, #4181, #436 ) ) REPRESENTATION_CONTEXT ( 'NONE', 'WORKASPACE' ) );
#3193 = ORIENTED_EDGE ( 'NONE', *, *, #3362, .F. ) ;
#3194 = EDGE_CURVE ( 'NONE', #1741, #3603, #5273, .T. ) ;
#3195 = PLANE ( 'NONE',  #2301 ) ;
#3196 = CARTESIAN_POINT ( 'NONE',  ( -0.2392558080330159931, 1.084944679810410095, -0.9180828336407430568 ) ) ;
#3197 = CARTESIAN_POINT ( 'NONE',  ( 0.7713752796917791033, 1.084999999999999742, -0.4602387948262556261 ) ) ;
#3198 = CARTESIAN_POINT ( 'NONE',  ( -0.4249999999999120037, -1.764651973446459168E-18, -1.799999999999979838 ) ) ;
#3199 = PLANE ( 'NONE',  #3112 ) ;
#3200 = CARTESIAN_POINT ( 'NONE',  ( 0.7924501708823824542, 1.135000000000000009, 0.2096141804522287100 ) ) ;
#3201 = PLANE ( 'NONE',  #190 ) ;
#3202 = SHAPE_DEFINITION_REPRESENTATION ( #775, #4027 ) ;
#3203 = VERTEX_POINT ( 'NONE', #2331 ) ;
#3204 = CARTESIAN_POINT ( 'NONE',  ( 0.4736763510075199801, 1.135672765510920224, 0.5781570038877640316 ) ) ;
#3205 = DIRECTION ( 'NONE',  ( 1.000000000000000000, -3.224074330045093613E-15, 0.000000000000000000 ) ) ;
#3206 = CARTESIAN_POINT ( 'NONE',  ( 1.350000000000090017, -0.01143000000000000266, 1.012700000000019918 ) ) ;
#3207 = EDGE_CURVE ( 'NONE', #3003, #266, #1943, .T. ) ;
#3208 = ORIENTED_EDGE ( 'NONE', *, *, #3831, .F. ) ;
#3209 = CARTESIAN_POINT ( 'NONE',  ( -0.7649728597891275461, 1.069024249108537328, -0.3749999999999802380 ) ) ;
#3210 = B_SPLINE_CURVE_WITH_KNOTS ( 'NONE', 3,
 ( #1407, #3109, #3034, #3437, #1433, #1059, #3487, #4722, #619, #3944, #2623, #3868, #4285, #3897, #1799, #646 ),
 .UNSPECIFIED., .F., .F.,
 ( 4, 3, 3, 3, 3, 4 ),
 ( 0.000000000000000000, 3.739880465455877351E-05, 7.484135201023738937E-05, 0.0001114684410593941099, 0.0001458526383935929247, 0.0001612596466467431462 ),
 .UNSPECIFIED. ) ;
#3211 = AXIS2_PLACEMENT_3D ( 'NONE', #3734, #1213, #2898 ) ;
#3212 = AXIS2_PLACEMENT_3D ( 'NONE', #3715, #5382, #4156 ) ;
#3213 = CARTESIAN_POINT ( 'NONE',  ( 0.7443326024832930266, 1.084947405771260032, -0.6320905500264629717 ) ) ;
#3214 = ORIENTED_EDGE ( 'NONE', *, *, #4020, .T. ) ;
#3215 = CARTESIAN_POINT ( 'NONE',  ( -0.7347114869804798332, 1.110554996921847781, -0.3749999999999800160 ) ) ;
#3216 = CARTESIAN_POINT ( 'NONE',  ( 8.815170815523740407E-14, 0.6871048128362371443, 0.2175000000000200107 ) ) ;
#3217 = ORIENTED_EDGE ( 'NONE', *, *, #3895, .T. ) ;
#3218 = CARTESIAN_POINT ( 'NONE',  ( -7.469380669533619383E-11, 0.8120000000000000551, -0.5444999999999800000 ) ) ;
#3219 = ORIENTED_EDGE ( 'NONE', *, *, #2564, .F. ) ;
#3220 = CARTESIAN_POINT ( 'NONE',  ( -0.7499999999999118483, 0.6350000000000000089, -1.899999999999979927 ) ) ;
#3221 = ORIENTED_EDGE ( 'NONE', *, *, #2356, .F. ) ;
#3222 = ADVANCED_FACE ( 'NONE', ( #3009 ), #396, .F. ) ;
#3223 = FILL_AREA_STYLE ('',( #4037 ) ) ;
#3224 = FACE_OUTER_BOUND ( 'NONE', #2511, .T. ) ;
#3225 = CARTESIAN_POINT ( 'NONE',  ( -0.7999999999999120037, 0.8346666666666349155, -0.09999999999998010480 ) ) ;
#3226 = CARTESIAN_POINT ( 'NONE',  ( 0.6169434069811171595, 0.6350000000000000089, 0.2444998268009039577 ) ) ;
#3227 = CARTESIAN_POINT ( 'NONE',  ( 0.8000000000000880851, 0.8850000000000001199, -0.1921900370586393791 ) ) ;
#3228 = DIRECTION ( 'NONE',  ( 0.000000000000000000, 0.000000000000000000, 1.000000000000000000 ) ) ;
#3229 = CARTESIAN_POINT ( 'NONE',  ( -1.368999999999910289, 0.6096000000004465624, 1.874600000000073319 ) ) ;
#3230 = VERTEX_POINT ( 'NONE', #872 ) ;
#3231 = CARTESIAN_POINT ( 'NONE',  ( 0.3178288336628419808, 0.1000038686905520002, -0.6454979988463630525 ) ) ;
#3232 = CARTESIAN_POINT ( 'NONE',  ( -0.7299999999999120526, 0.1000000000000000194, -1.074999999999975309 ) ) ;
#3233 = PRESENTATION_STYLE_ASSIGNMENT (( #1549 ) ) ;
#3234 = CARTESIAN_POINT ( 'NONE',  ( 0.2750000000269139933, 1.054166816720636612, -0.8549536877109751298 ) ) ;
#3235 = EDGE_CURVE ( 'NONE', #1901, #3826, #1240, .T. ) ;
#3236 = CARTESIAN_POINT ( 'NONE',  ( -0.3180883206429189758, 0.5163682709453820685, 0.08640811885652020796 ) ) ;
#3237 = ORIENTED_EDGE ( 'NONE', *, *, #4038, .F. ) ;
#3238 = EDGE_LOOP ( 'NONE', ( #3629, #4993, #2093, #2907 ) ) ;
#3239 = CARTESIAN_POINT ( 'NONE',  ( 0.5715043687470030553, 0.6849983515546388402, -0.4365752706060719857 ) ) ;
#3240 = VERTEX_POINT ( 'NONE', #45 ) ;
#3241 = FILL_AREA_STYLE_COLOUR ( '', #1882 ) ;
#3242 = EDGE_LOOP ( 'NONE', ( #722, #5378, #4256, #732, #48, #1202 ) ) ;
#3243 = DIRECTION ( 'NONE',  ( -1.707404996060288836E-14, 1.000000000000000000, 0.000000000000000000 ) ) ;
#3244 = AXIS2_PLACEMENT_3D ( 'NONE', #4227, #1268, #482 ) ;
#3245 = DIRECTION ( 'NONE',  ( -1.000000000000000000, -0.000000000000000000, -0.000000000000000000 ) ) ;
#3246 = EDGE_CURVE ( 'NONE', #3666, #671, #2188, .T. ) ;
#3247 = CARTESIAN_POINT ( 'NONE',  ( -0.4704578651075709828, 0.8346666666666352485, -0.9007046722347420431 ) ) ;
#3248 = PLANE ( 'NONE',  #2038 ) ;
#3249 = EDGE_CURVE ( 'NONE', #2789, #2443, #4551, .T. ) ;
#3250 = VECTOR ( 'NONE', #2004, 1000.000000000000000 ) ;
#3251 = PRESENTATION_STYLE_ASSIGNMENT (( #1173 ) ) ;
#3252 = EDGE_CURVE ( 'NONE', #167, #1986, #4201, .T. ) ;
#3253 = ORIENTED_EDGE ( 'NONE', *, *, #5373, .F. ) ;
#3254 = CYLINDRICAL_SURFACE ( 'NONE', #5366, 0.8499999999999285905 ) ;
#3255 = CARTESIAN_POINT ( 'NONE',  ( 0.5612644712795553659, 1.085000000000000409, 0.5385047667804212512 ) ) ;
#3256 = EDGE_CURVE ( 'NONE', #3041, #4206, #5022, .T. ) ;
#3257 = DIRECTION ( 'NONE',  ( 0.000000000000000000, 1.000000000000000000, 0.000000000000000000 ) ) ;
#3258 = ORIENTED_EDGE ( 'NONE', *, *, #5328, .T. ) ;
#3259 = LINE ( 'NONE', #2866, #1991 ) ;
#3260 = DIRECTION ( 'NONE',  ( 0.000000000000000000, -1.000000000000000000, 0.000000000000000000 ) ) ;
#3261 = CARTESIAN_POINT ( 'NONE',  ( 0.8951833846989875054, 1.084999999999999964, 1.150000000000019895 ) ) ;
#3262 = ORIENTED_EDGE ( 'NONE', *, *, #1502, .F. ) ;
#3263 = ORIENTED_EDGE ( 'NONE', *, *, #211, .T. ) ;
#3264 = ORIENTED_EDGE ( 'NONE', *, *, #4958, .T. ) ;
#3265 = CARTESIAN_POINT ( 'NONE',  ( 0.3175024270983319852, 0.6849983515546650414, -0.2869862614576310644 ) ) ;
#3266 = ORIENTED_EDGE ( 'NONE', *, *, #2532, .T. ) ;
#3267 = VECTOR ( 'NONE', #3017, 1000.000000000000000 ) ;
#3268 = EDGE_CURVE ( 'NONE', #5084, #3360, #2540, .T. ) ;
#3269 = CARTESIAN_POINT ( 'NONE',  ( -0.001121954320004949933, 1.036000000000000032, -0.8499991608118390163 ) ) ;
#3270 = EDGE_CURVE ( 'NONE', #4621, #2230, #5078, .T. ) ;
#3271 = ORIENTED_EDGE ( 'NONE', *, *, #2224, .T. ) ;
#3272 = DIRECTION ( 'NONE',  ( 0.000000000000000000, 0.000000000000000000, -1.000000000000000000 ) ) ;
#3273 = VECTOR ( 'NONE', #2049, 1000.000000000000000 ) ;
#3274 = CARTESIAN_POINT ( 'NONE',  ( 0.2392558080339040327, 1.084944679810410095, 0.7180828336406601675 ) ) ;
#3275 = VECTOR ( 'NONE', #2749, 1000.000000000000000 ) ;
#3276 = CARTESIAN_POINT ( 'NONE',  ( 0.5999999999999942046, -0.01143000000000000266, 1.012699999999926215 ) ) ;
#3277 = CARTESIAN_POINT ( 'NONE',  ( -1.295183384698747719, 1.135000000000000009, 1.149999999999863576 ) ) ;
#3278 = VECTOR ( 'NONE', #1308, 1000.000000000000000 ) ;
#3279 = FACE_OUTER_BOUND ( 'NONE', #5234, .T. ) ;
#3280 = FACE_OUTER_BOUND ( 'NONE', #2567, .T. ) ;
#3281 = COLOUR_RGB ( '',1.000000000000000000, 1.000000000000000000, 1.000000000000000000 ) ;
#3282 = ORIENTED_EDGE ( 'NONE', *, *, #1900, .F. ) ;
#3283 = CARTESIAN_POINT ( 'NONE',  ( 0.4200000000000880807, 0.5500000000000000444, -1.799999999999980060 ) ) ;
#3284 = CARTESIAN_POINT ( 'NONE',  ( 0.4941451710368816030, 1.084999999999999964, 0.5926670433777984082 ) ) ;
#3285 = AXIS2_PLACEMENT_3D ( 'NONE', #2815, #1081, #5288 ) ;
#3286 = VERTEX_POINT ( 'NONE', #3818 ) ;
#3287 = DIRECTION ( 'NONE',  ( -0.000000000000000000, -0.000000000000000000, 1.000000000000000000 ) ) ;
#3288 = ORIENTED_EDGE ( 'NONE', *, *, #894, .F. ) ;
#3289 = VECTOR ( 'NONE', #4081, 1000.000000000000000 ) ;
#3290 = CARTESIAN_POINT ( 'NONE',  ( -9.023216063500690173E-14, 0.6350000000000002309, 0.3500000000000537126 ) ) ;
#3291 = ORIENTED_EDGE ( 'NONE', *, *, #4573, .T. ) ;
#3292 = CARTESIAN_POINT ( 'NONE',  ( -0.8000007863405259600, 0.6764214516330991911, -0.5661058965751981642 ) ) ;
#3293 = APPLICATION_CONTEXT ( 'automotive_design' ) ;
#3294 = AXIS2_PLACEMENT_3D ( 'NONE', #576, #2169, #3856 ) ;
#3295 = VERTEX_POINT ( 'NONE', #17 ) ;
#3296 = ORIENTED_EDGE ( 'NONE', *, *, #4325, .T. ) ;
#3297 = CARTESIAN_POINT ( 'NONE',  ( 8.489303010561499718E-14, 1.135000000000000009, 1.150000000000019895 ) ) ;
#3298 = CARTESIAN_POINT ( 'NONE',  ( -0.4350783856451390097, 0.7358504847289409900, 0.6566554053230518884 ) ) ;
#3299 = ORIENTED_EDGE ( 'NONE', *, *, #990, .T. ) ;
#3300 =( BOUNDED_CURVE ( )  B_SPLINE_CURVE ( 3, ( #69, #424, #4666, #2450, #365, #3698, #5365 ),
 .UNSPECIFIED., .F., .T. ) 
 B_SPLINE_CURVE_WITH_KNOTS ( ( 4, 3, 4 ),
 ( 0.000000000000000000, 0.4999999999405755347, 1.000000000000000000 ),
 .UNSPECIFIED. ) 
 CURVE ( )  GEOMETRIC_REPRESENTATION_ITEM ( )  RATIONAL_B_SPLINE_CURVE ( ( 1.338105109900620038, 1.085080880014400062, 1.096840475103769919, 1.373383895168740043, 1.096840475038040053, 1.085080880008810089, 1.338105110081049931 ) ) 
 REPRESENTATION_ITEM ( '' )  );
#3301 = AXIS2_PLACEMENT_3D ( 'NONE', #341, #2373, #312 ) ;
#3302 = FACE_OUTER_BOUND ( 'NONE', #4614, .T. ) ;
#3303 = ORIENTED_EDGE ( 'NONE', *, *, #2775, .T. ) ;
#3304 = CARTESIAN_POINT ( 'NONE',  ( -7.877523179307111995E-06, 0.6349996836118265708, -0.8235689763106720518 ) ) ;
#3305 = CARTESIAN_POINT ( 'NONE',  ( -0.2750000000003163803, 1.110512254489616657, -0.8337739742833525369 ) ) ;
#3306 = ORIENTED_EDGE ( 'NONE', *, *, #3890, .T. ) ;
#3307 = CARTESIAN_POINT ( 'NONE',  ( -0.7999999999999120037, 1.036000000000000032, -0.09999999999998010480 ) ) ;
#3308 = ADVANCED_FACE ( 'NONE', ( #4672 ), #4140, .T. ) ;
#3309 = LINE ( 'NONE', #4976, #548 ) ;
#3310 = CARTESIAN_POINT ( 'NONE',  ( 0.7300000000000880229, 0.2000000000000000111, -0.4720221554769949979 ) ) ;
#3311 = CARTESIAN_POINT ( 'NONE',  ( 0.6977642868476361393, 1.034999999999999476, 0.1750000000000848932 ) ) ;
#3312 = DIRECTION ( 'NONE',  ( -0.000000000000000000, 1.000000000000000000, 0.000000000000000000 ) ) ;
#3313 =( NAMED_UNIT ( * ) PLANE_ANGLE_UNIT ( ) SI_UNIT ( $, .RADIAN. ) );
#3314 = ORIENTED_EDGE ( 'NONE', *, *, #5355, .T. ) ;
#3315 = DIRECTION ( 'NONE',  ( 1.000000000000000000, 0.000000000000000000, 0.000000000000000000 ) ) ;
#3316 = CARTESIAN_POINT ( 'NONE',  ( -1.349999999999909717, 0.04999999999999917705, 1.899999999999982370 ) ) ;
#3317 = VERTEX_POINT ( 'NONE', #956 ) ;
#3318 = DIRECTION ( 'NONE',  ( 0.000000000000000000, 1.000000000000000000, 0.000000000000000000 ) ) ;
#3319 = EDGE_CURVE ( 'NONE', #683, #4811, #203, .T. ) ;
#3320 = ORIENTED_EDGE ( 'NONE', *, *, #990, .F. ) ;
#3321 = SURFACE_STYLE_USAGE ( .BOTH. , #1655 ) ;
#3322 = CARTESIAN_POINT ( 'NONE',  ( -2.104500969821420764, 1.134999999999993792, 0.3114282486431739772 ) ) ;
#3323 = FACE_OUTER_BOUND ( 'NONE', #39, .T. ) ;
#3324 = VERTEX_POINT ( 'NONE', #4752 ) ;
#3325 = EDGE_CURVE ( 'NONE', #392, #4542, #5132, .T. ) ;
#3326 = CARTESIAN_POINT ( 'NONE',  ( 0.2749999999972320142, 1.084999999999953557, -0.9042853970906269412 ) ) ;
#3327 = CIRCLE ( 'NONE', #1494, 0.03810000000042938761 ) ;
#3328 = CARTESIAN_POINT ( 'NONE',  ( 0.8000000000001208367, 0.7350000000000022071, 0.3661001511471345671 ) ) ;
#3329 = ORIENTED_EDGE ( 'NONE', *, *, #2130, .F. ) ;
#3330 = EDGE_CURVE ( 'NONE', #4120, #1603, #3210, .T. ) ;
#3331 = CARTESIAN_POINT ( 'NONE',  ( -0.3178288337342210501, 0.1000038686905520002, 0.4454979988464039531 ) ) ;
#3332 = CARTESIAN_POINT ( 'NONE',  ( 0.6983728897644230216, 1.064136900068300529, 0.3974561308784491098 ) ) ;
#3333 = VERTEX_POINT ( 'NONE', #4697 ) ;
#3334 = DIRECTION ( 'NONE',  ( 1.000000000000000000, 0.000000000000000000, 0.000000000000000000 ) ) ;
#3335 = CARTESIAN_POINT ( 'NONE',  ( 1.350000000000090239, 0.02032000000019630950, 1.912700000000020273 ) ) ;
#3336 = DIRECTION ( 'NONE',  ( -9.959862476788711770E-15, -1.000000000000000000, -1.690330946060712751E-12 ) ) ;
#3337 = CARTESIAN_POINT ( 'NONE',  ( 0.5454950493836671077, 0.1000000000000000194, -0.1000000000379195342 ) ) ;
#3338 = LINE ( 'NONE', #5007, #1879 ) ;
#3339 = EDGE_CURVE ( 'NONE', #2100, #4032, #1320, .T. ) ;
#3340 = ORIENTED_EDGE ( 'NONE', *, *, #1353, .F. ) ;
#3341 = CARTESIAN_POINT ( 'NONE',  ( 0.3174999999629170011, 0.1770048647585190094, -0.09999090214593980841 ) ) ;
#3342 = DIRECTION ( 'NONE',  ( 0.000000000000000000, 1.000000000000000000, -0.000000000000000000 ) ) ;
#3343 = ORIENTED_EDGE ( 'NONE', *, *, #942, .T. ) ;
#3344 = DIRECTION ( 'NONE',  ( 0.000000000000000000, 0.000000000000000000, -1.000000000000000000 ) ) ;
#3345 =( NAMED_UNIT ( * ) SI_UNIT ( $, .STERADIAN. ) SOLID_ANGLE_UNIT ( ) );
#3346 = ORIENTED_EDGE ( 'NONE', *, *, #3124, .F. ) ;
#3347 = FACE_OUTER_BOUND ( 'NONE', #5075, .T. ) ;
#3348 = ORIENTED_EDGE ( 'NONE', *, *, #621, .F. ) ;
#3349 = ORIENTED_EDGE ( 'NONE', *, *, #4781, .T. ) ;
#3350 = CARTESIAN_POINT ( 'NONE',  ( 1.250000000000089484, 1.134999999999999787, -0.1295090612753300729 ) ) ;
#3351 = CARTESIAN_POINT ( 'NONE',  ( -0.7800760614853264885, 1.079851293524274114, 0.1750000000008424261 ) ) ;
#3352 = ORIENTED_EDGE ( 'NONE', *, *, #596, .F. ) ;
#3353 = CARTESIAN_POINT ( 'NONE',  ( -0.1855557665796430389, 0.8850000000000001199, -0.8330156814157205769 ) ) ;
#3354 = CARTESIAN_POINT ( 'NONE',  ( 0.4711525084910919148, 0.7350000000000016520, 0.7000000000000405898 ) ) ;
#3355 = ORIENTED_EDGE ( 'NONE', *, *, #2141, .F. ) ;
#3356 = CARTESIAN_POINT ( 'NONE',  ( -0.4224999999999120015, 0.1000000000000000194, -1.799999999999980060 ) ) ;
#3357 = EDGE_CURVE ( 'NONE', #972, #4605, #4776, .T. ) ;
#3358 = VECTOR ( 'NONE', #4816, 1000.000000000000000 ) ;
#3359 = CARTESIAN_POINT ( 'NONE',  ( -0.4736718491638549633, 1.135673141037600198, 0.5781605564576379752 ) ) ;
#3360 = VERTEX_POINT ( 'NONE', #5105 ) ;
#3361 = EDGE_CURVE ( 'NONE', #1522, #5110, #5183, .T. ) ;
#3362 = EDGE_CURVE ( 'NONE', #626, #888, #2285, .T. ) ;
#3363 = CARTESIAN_POINT ( 'NONE',  ( 0.2750000000000877853, 1.072940778106020954, -0.8050648776896830450 ) ) ;
#3364 = VECTOR ( 'NONE', #1810, 1000.000000000000000 ) ;
#3365 = LINE ( 'NONE', #4072, #3515 ) ;
#3366 = CARTESIAN_POINT ( 'NONE',  ( -1.249999999999910072, 1.134999999999999787, 0.1750000000000199729 ) ) ;
#3367 = CARTESIAN_POINT ( 'NONE',  ( -0.4258727401024339221, 0.1329999999999910143, 0.6300000000000199885 ) ) ;
#3368 = CARTESIAN_POINT ( 'NONE',  ( -0.2749999999999120370, 1.084999999999999964, 1.150000000000019895 ) ) ;
#3369 = CARTESIAN_POINT ( 'NONE',  ( -0.7499999999999119593, 0.1999999999999999833, -1.260385025514398905E-14 ) ) ;
#3370 = ORIENTED_EDGE ( 'NONE', *, *, #4048, .F. ) ;
#3371 = VECTOR ( 'NONE', #132, 1000.000000000000000 ) ;
#3372 = SURFACE_STYLE_FILL_AREA ( #63 ) ;
#3373 = DIRECTION ( 'NONE',  ( -0.000000000000000000, -0.000000000000000000, -1.000000000000000000 ) ) ;
#3374 = VERTEX_POINT ( 'NONE', #3083 ) ;
#3375 = DIRECTION ( 'NONE',  ( -0.000000000000000000, -0.000000000000000000, 1.000000000000000000 ) ) ;
#3376 =( GEOMETRIC_REPRESENTATION_CONTEXT ( 3 ) GLOBAL_UNCERTAINTY_ASSIGNED_CONTEXT ( ( #988 ) ) GLOBAL_UNIT_ASSIGNED_CONTEXT ( ( #223, #1926, #1872 ) ) REPRESENTATION_CONTEXT ( 'NONE', 'WORKASPACE' ) );
#3377 = ORIENTED_EDGE ( 'NONE', *, *, #3235, .F. ) ;
#3378 = FILL_AREA_STYLE_COLOUR ( '', #2068 ) ;
#3379 = CARTESIAN_POINT ( 'NONE',  ( -0.2297147562249599873, 1.086390280906569972, 0.6880620022507880629 ) ) ;
#3380 = AXIS2_PLACEMENT_3D ( 'NONE', #4953, #2915, #1150 ) ;
#3381 = ORIENTED_EDGE ( 'NONE', *, *, #3594, .F. ) ;
#3382 = EDGE_CURVE ( 'NONE', #4669, #151, #1850, .T. ) ;
#3383 = CARTESIAN_POINT ( 'NONE',  ( -0.7999999999909349624, 0.7350013423541451596, -0.09999999999998010480 ) ) ;
#3384 = AXIS2_PLACEMENT_3D ( 'NONE', #3038, #1880, #4779 ) ;
#3385 = CARTESIAN_POINT ( 'NONE',  ( 8.489303010561499718E-14, 1.084999999999999964, 1.150000000000019895 ) ) ;
#3386 = CARTESIAN_POINT ( 'NONE',  ( -0.7578316719119190248, 1.059087827283944350, 0.1750000000126620825 ) ) ;
#3387 = CARTESIAN_POINT ( 'NONE',  ( -0.2749999999999119815, 0.8850000000000000089, -0.7977642868475800508 ) ) ;
#3388 = DIRECTION ( 'NONE',  ( 1.000000000000000000, 0.000000000000000000, 0.000000000000000000 ) ) ;
#3389 = VECTOR ( 'NONE', #2633, 1000.000000000000000 ) ;
#3390 = ORIENTED_EDGE ( 'NONE', *, *, #3921, .F. ) ;
#3391 = CARTESIAN_POINT ( 'NONE',  ( 0.1849848549473619985, 0.03025567659247430097, 0.2174943788165429881 ) ) ;
#3392 = DIRECTION ( 'NONE',  ( 0.000000000000000000, 0.000000000000000000, -1.000000000000000000 ) ) ;
#3393 = AXIS2_PLACEMENT_3D ( 'NONE', #4492, #748, #2423 ) ;
#3394 = ORIENTED_EDGE ( 'NONE', *, *, #3194, .F. ) ;
#3395 = EDGE_CURVE ( 'NONE', #3495, #2667, #3059, .T. ) ;
#3396 = CARTESIAN_POINT ( 'NONE',  ( 8.815170815523740407E-14, 0.09900000000000050426, 0.6300000000000199885 ) ) ;
#3397 = EDGE_CURVE ( 'NONE', #2120, #1080, #196, .T. ) ;
#3398 = DIRECTION ( 'NONE',  ( 1.000000000000000000, -0.000000000000000000, -0.000000000000000000 ) ) ;
#3399 = CARTESIAN_POINT ( 'NONE',  ( 0.7943751496715909521, 1.135000000000179643, -0.3749999999999803491 ) ) ;
#3400 = CARTESIAN_POINT ( 'NONE',  ( -0.4301106738370382709, 0.6349999999999998979, 0.4604560122794773558 ) ) ;
#3401 = FACE_OUTER_BOUND ( 'NONE', #4279, .T. ) ;
#3402 = CARTESIAN_POINT ( 'NONE',  ( -0.3276785911101998683, 1.134999999999999787, -0.8862736159566728666 ) ) ;
#3403 = ORIENTED_EDGE ( 'NONE', *, *, #2564, .T. ) ;
#3404 = CARTESIAN_POINT ( 'NONE',  ( -0.5184942383073131156, 0.8120000000000001661, -0.1000067299974329998 ) ) ;
#3405 = SURFACE_SIDE_STYLE ('',( #2587 ) ) ;
#3406 = DIRECTION ( 'NONE',  ( 0.000000000000000000, -1.000000000000000000, 0.000000000000000000 ) ) ;
#3407 = VERTEX_POINT ( 'NONE', #2233 ) ;
#3408 = CARTESIAN_POINT ( 'NONE',  ( -0.7585785483668110452, 0.6349992136593850534, 0.3419719835859120760 ) ) ;
#3409 = CARTESIAN_POINT ( 'NONE',  ( 0.6158329235394786050, 1.035000000000000142, -0.5828864701424735228 ) ) ;
#3410 = CARTESIAN_POINT ( 'NONE',  ( 0.5454950493836671077, 0.1000000000000000056, -0.1000000000379195342 ) ) ;
#3411 = CARTESIAN_POINT ( 'NONE',  ( 0.01133612451298680185, 0.7358504847289429884, 0.6499070887012550202 ) ) ;
#3412 = CARTESIAN_POINT ( 'NONE',  ( 8.810095033626139319E-14, 0.8850000000000000089, -0.8499999999999724443 ) ) ;
#3413 = CARTESIAN_POINT ( 'NONE',  ( 0.4000000000000880074, -0.01778000000000000067, 1.506350000000020062 ) ) ;
#3414 = ORIENTED_EDGE ( 'NONE', *, *, #3505, .T. ) ;
#3415 = CARTESIAN_POINT ( 'NONE',  ( 0.2659916948556849681, -0.01669986628942529694, 0.3565285517705150120 ) ) ;
#3416 = CARTESIAN_POINT ( 'NONE',  ( 0.4801195889079790113, 1.064136900068300084, 0.5916087905837480454 ) ) ;
#3417 = ORIENTED_EDGE ( 'NONE', *, *, #4348, .T. ) ;
#3418 = DIRECTION ( 'NONE',  ( 9.647784822044258760E-15, 1.000000000000000000, -8.375982706032198841E-15 ) ) ;
#3419 = CARTESIAN_POINT ( 'NONE',  ( -0.4258727401024339221, 0.2009999999999989850, 0.6300000000000199885 ) ) ;
#3420 = CARTESIAN_POINT ( 'NONE',  ( -0.5988970558276540679, 1.085000000000000187, 0.5031751873264188601 ) ) ;
#3421 = CARTESIAN_POINT ( 'NONE',  ( 0.7120989480622619272, 1.085983356948932999, -0.3750000000025029423 ) ) ;
#3422 = PLANE ( 'NONE',  #4769 ) ;
#3423 = CARTESIAN_POINT ( 'NONE',  ( 0.3175014562446961119, 0.7597945045706939737, 0.08698568965052720647 ) ) ;
#3424 = LINE ( 'NONE', #914, #3517 ) ;
#3425 = EDGE_CURVE ( 'NONE', #4544, #423, #147, .T. ) ;
#3426 = PRODUCT_DEFINITION_FORMATION_WITH_SPECIFIED_SOURCE ( 'ANY', '', #1650, .NOT_KNOWN. ) ;
#3427 = ORIENTED_EDGE ( 'NONE', *, *, #5093, .T. ) ;
#3428 = CARTESIAN_POINT ( 'NONE',  ( -0.3174990291383850138, 0.7597945045706939737, -0.1000041211019730147 ) ) ;
#3429 = EDGE_CURVE ( 'NONE', #5110, #2894, #4804, .T. ) ;
#3430 = SURFACE_STYLE_FILL_AREA ( #1375 ) ;
#3431 = CARTESIAN_POINT ( 'NONE',  ( -0.7499999999999118483, 0.8346666666666350265, 0.3375404864067699795 ) ) ;
#3432 = EDGE_LOOP ( 'NONE', ( #2713, #2530, #5370, #511 ) ) ;
#3433 = FACE_OUTER_BOUND ( 'NONE', #3539, .T. ) ;
#3434 = VECTOR ( 'NONE', #5219, 1000.000000000000000 ) ;
#3435 = CARTESIAN_POINT ( 'NONE',  ( -1.038390038532460064E-05, 0.7350013423541450486, -0.8999999999235479553 ) ) ;
#3436 =( LENGTH_UNIT ( ) NAMED_UNIT ( * ) SI_UNIT ( .MILLI., .METRE. ) );
#3437 = CARTESIAN_POINT ( 'NONE',  ( -0.2750000000035693337, 1.128748614683614981, 0.6674127680826255071 ) ) ;
#3438 = MECHANICAL_DESIGN_GEOMETRIC_PRESENTATION_REPRESENTATION (  '', ( #1782 ), #2921 ) ;
#3439 = CARTESIAN_POINT ( 'NONE',  ( -0.3999999999999119815, 0.3149600000000000177, 1.100000000000020073 ) ) ;
#3440 = CARTESIAN_POINT ( 'NONE',  ( 0.2749999999980234366, 1.127974012101837342, 0.6635510552275381002 ) ) ;
#3441 = ORIENTED_EDGE ( 'NONE', *, *, #1485, .F. ) ;
#3442 = EDGE_CURVE ( 'NONE', #2603, #1654, #2346, .T. ) ;
#3443 = EDGE_CURVE ( 'NONE', #2313, #2401, #4030, .T. ) ;
#3444 = CARTESIAN_POINT ( 'NONE',  ( -0.2749999999998917755, 1.135000000000131237, 0.7042853971072562391 ) ) ;
#3445 = CARTESIAN_POINT ( 'NONE',  ( -0.9684995803668789982, 1.101333333333150311, -1.617237147854340362 ) ) ;
#3446 = UNCERTAINTY_MEASURE_WITH_UNIT (LENGTH_MEASURE( 1.000000000000000082E-05 ), #1899, 'distance_accuracy_value', 'NONE');
#3447 = CARTESIAN_POINT ( 'NONE',  ( 8.798300629719868482E-14, 0.1000000000000694222, -1.150000000000049427 ) ) ;
#3448 = DIRECTION ( 'NONE',  ( 0.000000000000000000, 1.000000000000000000, 0.000000000000000000 ) ) ;
#3449 = VECTOR ( 'NONE', #964, 1000.000000000000000 ) ;
#3450 = DIRECTION ( 'NONE',  ( 0.000000000000000000, 1.000000000000000000, 0.000000000000000000 ) ) ;
#3451 = CARTESIAN_POINT ( 'NONE',  ( 0.3705057616178319968, 0.8120000000000000551, -0.1000048091219759988 ) ) ;
#3452 = CARTESIAN_POINT ( 'NONE',  ( -0.7999999999999447553, 0.7350000000000022071, -0.5661001511470953318 ) ) ;
#3453 = FACE_OUTER_BOUND ( 'NONE', #2073, .T. ) ;
#3454 = FACE_OUTER_BOUND ( 'NONE', #1301, .T. ) ;
#3455 = CARTESIAN_POINT ( 'NONE',  ( -0.7499999999999118483, 0.9353333333332719546, 0.3375404864067699795 ) ) ;
#3456 = ORIENTED_EDGE ( 'NONE', *, *, #287, .T. ) ;
#3457 = CARTESIAN_POINT ( 'NONE',  ( -0.2750000000133248079, 1.054166816698637987, -0.8549536877013721448 ) ) ;
#3458 = CARTESIAN_POINT ( 'NONE',  ( 0.6999986576459401588, 0.6350000000089770502, 0.3078414765264469444 ) ) ;
#3459 = CARTESIAN_POINT ( 'NONE',  ( 0.2750000000000880074, 1.048649204817266645, 0.6529138651191548348 ) ) ;
#3460 = CARTESIAN_POINT ( 'NONE',  ( 0.7512489600660230415, 1.035000000000069420, -0.3749999999999910072 ) ) ;
#3461 = AXIS2_PLACEMENT_3D ( 'NONE', #3725, #4221, #1206 ) ;
#3462 = CARTESIAN_POINT ( 'NONE',  ( -0.8951833846988119792, 1.109999999999999876, 1.150000000000019895 ) ) ;
#3463 = CARTESIAN_POINT ( 'NONE',  ( 0.9684995803670559678, 1.084000000000020059, -1.617237147854340362 ) ) ;
#3464 = CARTESIAN_POINT ( 'NONE',  ( 0.7744803498083501214, 1.076757051614414484, -0.3749999999999802380 ) ) ;
#3465 = EDGE_LOOP ( 'NONE', ( #1405, #1855, #2226, #4251, #978, #4915 ) ) ;
#3466 = CARTESIAN_POINT ( 'NONE',  ( -0.3174999999999345013, 0.4309999999999999387, -0.09999999999998002154 ) ) ;
#3467 = ORIENTED_EDGE ( 'NONE', *, *, #551, .T. ) ;
#3468 = VECTOR ( 'NONE', #3929, 1000.000000000000000 ) ;
#3469 = MECHANICAL_DESIGN_GEOMETRIC_PRESENTATION_REPRESENTATION (  '', ( #2787 ), #3641 ) ;
#3470 = PLANE ( 'NONE',  #1114 ) ;
#3471 = DIRECTION ( 'NONE',  ( -0.000000000000000000, -0.000000000000000000, -1.000000000000000000 ) ) ;
#3472 = CARTESIAN_POINT ( 'NONE',  ( -0.7330898929962059718, 0.8849999999999998979, -0.2853674677028046891 ) ) ;
#3473 =( BOUNDED_SURFACE ( )  B_SPLINE_SURFACE ( 3, 3, ( 
 ( #199, #3156, #1002, #2259 ),
 ( #3213, #1547, #5258, #2669 ),
 ( #1106, #3917, #4335, #4440 ),
 ( #4361, #170, #702, #616 ) ),
 .UNSPECIFIED., .F., .F., .F. ) 
 B_SPLINE_SURFACE_WITH_KNOTS ( ( 4, 4 ),
 ( 4, 4 ),
 ( 0.5828728643966269996, 0.9980100096916330044 ),
 ( 0.05283181482442549787, 0.9471681851806440511 ),
 .UNSPECIFIED. ) 
 GEOMETRIC_REPRESENTATION_ITEM ( )  RATIONAL_B_SPLINE_SURFACE ( (
 ( 1.213403695454839948, 0.9496410754312439861, 0.9496410754327390125, 1.213403695459329912),
 ( 1.275575590620529942, 0.9982984065469510115, 0.9982984065485229763, 1.275575590625249944),
 ( 1.493467112859429902, 1.168825940195870050, 1.168825940197709912, 1.493467112864949931),
 ( 1.867078262171540048, 1.461223676377990000, 1.461223676380289938, 1.867078262178450077) ) ) 
 REPRESENTATION_ITEM ( '' )  SURFACE ( )  );
#3474 = CARTESIAN_POINT ( 'NONE',  ( -0.6331899130072869974, 0.6350000000000001199, 0.1994443245691244759 ) ) ;
#3475 = CARTESIAN_POINT ( 'NONE',  ( -0.2589798341886530575, 0.8120000000000002771, 0.3445000000435710641 ) ) ;
#3476 = CARTESIAN_POINT ( 'NONE',  ( -0.5864469611376045277, 1.135000000000000009, -0.7153011027455465909 ) ) ;
#3477 = DIRECTION ( 'NONE',  ( -0.000000000000000000, -1.000000000000000000, -0.000000000000000000 ) ) ;
#3478 = ORIENTED_EDGE ( 'NONE', *, *, #4529, .F. ) ;
#3479 = CARTESIAN_POINT ( 'NONE',  ( -0.5655574678019260615, 0.6849999999999999423, 0.3235334141824818821 ) ) ;
#3480 = DIRECTION ( 'NONE',  ( -1.000000000000000000, -0.000000000000000000, -0.000000000000000000 ) ) ;
#3481 = CARTESIAN_POINT ( 'NONE',  ( 1.074369363834109414, 0.6477000000000000535, 0.7410384690430560362 ) ) ;
#3482 = ORIENTED_EDGE ( 'NONE', *, *, #719, .F. ) ;
#3483 = CARTESIAN_POINT ( 'NONE',  ( -0.2749999999999119260, 1.084999999995119424, -0.8980824548805490526 ) ) ;
#3484 = CARTESIAN_POINT ( 'NONE',  ( 0.7999999999911110438, 0.7350013423541470470, -0.5661054384229089464 ) ) ;
#3485 = VERTEX_POINT ( 'NONE', #5238 ) ;
#3486 = FILL_AREA_STYLE ('',( #4284 ) ) ;
#3487 = CARTESIAN_POINT ( 'NONE',  ( -0.2749999999999117595, 1.110554996922021864, 0.6347114869808754278 ) ) ;
#3488 = CARTESIAN_POINT ( 'NONE',  ( 0.3180883206428299914, 0.5163682709453820685, 0.08640811885678270632 ) ) ;
#3489 = LINE ( 'NONE', #5107, #62 ) ;
#3490 = ADVANCED_FACE ( 'NONE', ( #1491 ), #1109, .T. ) ;
#3491 = CARTESIAN_POINT ( 'NONE',  ( 0.2749999999980234366, 1.131050250481905994, 0.6748181862303770373 ) ) ;
#3492 = ORIENTED_EDGE ( 'NONE', *, *, #3967, .F. ) ;
#3493 = CARTESIAN_POINT ( 'NONE',  ( 0.8042853971073794517, 1.135000000000130571, -0.3749999999999776290 ) ) ;
#3494 = EDGE_CURVE ( 'NONE', #4766, #1292, #2636, .T. ) ;
#3495 = VERTEX_POINT ( 'NONE', #2791 ) ;
#3496 = CARTESIAN_POINT ( 'NONE',  ( -1.292688350141710130, 1.118666666666850107, 1.152580069060040069 ) ) ;
#3497 = CARTESIAN_POINT ( 'NONE',  ( -0.7987387276678186154, 0.6349999999999949019, 0.6407171218267860846 ) ) ;
#3498 = CARTESIAN_POINT ( 'NONE',  ( -1.349999999999910161, 0.6350000000000001199, -0.02499999999998011452 ) ) ;
#3499 = CARTESIAN_POINT ( 'NONE',  ( 0.9738821434238890129, 1.084999999999999964, 0.1750000000000200007 ) ) ;
#3500 = APPLICATION_CONTEXT ( 'automotive_design' ) ;
#3501 = CARTESIAN_POINT ( 'NONE',  ( 0.5184982019118609120, 0.8120000000000000551, 0.2053584226471300012 ) ) ;
#3502 = CARTESIAN_POINT ( 'NONE',  ( 0.4000000000000880074, 0.6095999999995739271, 1.874600000000012034 ) ) ;
#3503 = ORIENTED_EDGE ( 'NONE', *, *, #3822, .F. ) ;
#3504 = CARTESIAN_POINT ( 'NONE',  ( -0.6605662008441138822, 0.6849999999999999423, 0.1328137180519511074 ) ) ;
#3505 = EDGE_CURVE ( 'NONE', #787, #425, #3596, .T. ) ;
#3506 = FILL_AREA_STYLE_COLOUR ( '', #4653 ) ;
#3507 = CARTESIAN_POINT ( 'NONE',  ( -0.7499999999999119593, 0.9353333333332720656, -0.09999999999998010480 ) ) ;
#3508 = ORIENTED_EDGE ( 'NONE', *, *, #2629, .F. ) ;
#3509 = PLANE ( 'NONE',  #2747 ) ;
#3510 = CYLINDRICAL_SURFACE ( 'NONE', #1728, 0.02539999999970513761 ) ;
#3511 = ORIENTED_EDGE ( 'NONE', *, *, #929, .T. ) ;
#3512 = CARTESIAN_POINT ( 'NONE',  ( 1.800000000000090417, 0.04999999999997721545, 1.850000000000231015 ) ) ;
#3513 = CARTESIAN_POINT ( 'NONE',  ( 0.5454950494299418695, 0.09999999999999993616, 0.2212642010393486014 ) ) ;
#3514 = CARTESIAN_POINT ( 'NONE',  ( 0.1854929580206650108, 0.6871048128362370333, 0.2175000000000200662 ) ) ;
#3515 = VECTOR ( 'NONE', #2051, 1000.000000000000000 ) ;
#3516 = CARTESIAN_POINT ( 'NONE',  ( 2.058132317750930085, 1.084000000000020059, -0.9216907394351790961 ) ) ;
#3517 = VECTOR ( 'NONE', #967, 1000.000000000000000 ) ;
#3518 = CARTESIAN_POINT ( 'NONE',  ( 0.2750000000000882294, 1.076460739496446495, 0.6067766461643915310 ) ) ;
#3519 = ORIENTED_EDGE ( 'NONE', *, *, #3429, .T. ) ;
#3520 = DIRECTION ( 'NONE',  ( 0.000000000000000000, -1.000000000000000000, 0.000000000000000000 ) ) ;
#3521 = ADVANCED_FACE ( 'NONE', ( #4443 ), #2763, .T. ) ;
#3522 = ORIENTED_EDGE ( 'NONE', *, *, #192, .F. ) ;
#3523 = STYLED_ITEM ( 'NONE', ( #1073 ), #5323 ) ;
#3524 = EDGE_CURVE ( 'NONE', #3783, #1042, #4468, .T. ) ;
#3525 = CARTESIAN_POINT ( 'NONE',  ( -0.4230341438796429987, 0.6844954867105910168, -0.8357089714491180432 ) ) ;
#3526 = DIRECTION ( 'NONE',  ( -0.000000000000000000, -1.000000000000000000, -0.000000000000000000 ) ) ;
#3527 = DIRECTION ( 'NONE',  ( 0.000000000000000000, 0.000000000000000000, -1.000000000000000000 ) ) ;
#3528 = PLANE ( 'NONE',  #1175 ) ;
#3529 = CARTESIAN_POINT ( 'NONE',  ( 0.3180883206433260391, 0.5163682709453818465, -0.2864081188562799807 ) ) ;
#3530 = FACE_OUTER_BOUND ( 'NONE', #1158, .T. ) ;
#3531 = ORIENTED_EDGE ( 'NONE', *, *, #1623, .T. ) ;
#3532 = VECTOR ( 'NONE', #2719, 1000.000000000000000 ) ;
#3533 = CARTESIAN_POINT ( 'NONE',  ( 0.4484375503252729933, 1.093499400003510091, 0.5420229021621889576 ) ) ;
#3534 = CARTESIAN_POINT ( 'NONE',  ( -0.9722938510193953610, 1.135000000000000009, -1.614808458937954105 ) ) ;
#3535 =( LENGTH_UNIT ( ) NAMED_UNIT ( * ) SI_UNIT ( .MILLI., .METRE. ) );
#3536 = ORIENTED_EDGE ( 'NONE', *, *, #5262, .F. ) ;
#3537 = CARTESIAN_POINT ( 'NONE',  ( -0.9722938510193790407, 1.110000000000001208, -1.614808458937928126 ) ) ;
#3538 = CIRCLE ( 'NONE', #2145, 0.8499999999999332534 ) ;
#3539 = EDGE_LOOP ( 'NONE', ( #4004, #1312, #1361, #239, #1877, #2308, #1065, #2742 ) ) ;
#3540 = CARTESIAN_POINT ( 'NONE',  ( -1.799999999999909894, 0.6349999999999998979, -1.599999999999980105 ) ) ;
#3541 = DIRECTION ( 'NONE',  ( 0.000000000000000000, 1.000000000000000000, 0.000000000000000000 ) ) ;
#3542 = EDGE_CURVE ( 'NONE', #266, #2100, #542, .T. ) ;
#3543 = CARTESIAN_POINT ( 'NONE',  ( -1.499999999999914957, 0.3175000000000000044, -1.899999999999984812 ) ) ;
#3544 = CARTESIAN_POINT ( 'NONE',  ( 8.817204817975766052E-14, 0.7350000000000002087, -0.8999999999999570566 ) ) ;
#3545 = VECTOR ( 'NONE', #4031, 1000.000000000000000 ) ;
#3546 = LINE ( 'NONE', #4343, #4912 ) ;
#3547 = ORIENTED_EDGE ( 'NONE', *, *, #2460, .F. ) ;
#3548 = CARTESIAN_POINT ( 'NONE',  ( 0.7500000000000880407, 1.036000000000000032, 0.3375404864067649280 ) ) ;
#3549 = ORIENTED_EDGE ( 'NONE', *, *, #4734, .T. ) ;
#3550 = VECTOR ( 'NONE', #1709, 1000.000000000000000 ) ;
#3551 = CARTESIAN_POINT ( 'NONE',  ( 0.7300000000000880229, -5.929230630780102373E-18, -1.074999999999980194 ) ) ;
#3552 = ADVANCED_FACE ( 'NONE', ( #2868, #258 ), #778, .F. ) ;
#3553 = AXIS2_PLACEMENT_3D ( 'NONE', #4826, #3257, #1594 ) ;
#3554 = CARTESIAN_POINT ( 'NONE',  ( 8.798300629719868482E-14, 0.2000000000000000111, -1.049999999999980060 ) ) ;
#3555 = DIRECTION ( 'NONE',  ( 0.000000000000000000, 0.000000000000000000, 1.000000000000000000 ) ) ;
#3556 = CARTESIAN_POINT ( 'NONE',  ( -0.01102230744253349971, 0.6844954867105910168, 0.6291474679616240184 ) ) ;
#3557 = VECTOR ( 'NONE', #1735, 1000.000000000000000 ) ;
#3558 = CARTESIAN_POINT ( 'NONE',  ( 0.7842118008290114295, 0.8850000000000001199, -0.2849516369305911123 ) ) ;
#3559 = FACE_BOUND ( 'NONE', #2394, .T. ) ;
#3560 = DIRECTION ( 'NONE',  ( 0.000000000000000000, 0.000000000000000000, 1.000000000000000000 ) ) ;
#3561 = ORIENTED_EDGE ( 'NONE', *, *, #1196, .T. ) ;
#3562 = PRESENTATION_STYLE_ASSIGNMENT (( #2833 ) ) ;
#3563 = VECTOR ( 'NONE', #3696, 1000.000000000000000 ) ;
#3564 = ADVANCED_FACE ( 'NONE', ( #3183 ), #422, .T. ) ;
#3565 = ORIENTED_EDGE ( 'NONE', *, *, #1964, .T. ) ;
#3566 = DIRECTION ( 'NONE',  ( 0.000000000000000000, 1.000000000000000000, 0.000000000000000000 ) ) ;
#3567 = FACE_OUTER_BOUND ( 'NONE', #3918, .T. ) ;
#3568 = VERTEX_POINT ( 'NONE', #10 ) ;
#3569 = CARTESIAN_POINT ( 'NONE',  ( -0.7499999999999119593, 0.3175000000000000044, -1.599999999999980105 ) ) ;
#3570 = CARTESIAN_POINT ( 'NONE',  ( 0.4200000000000879141, 0.000000000000000000, -1.599999999999980327 ) ) ;
#3571 = CARTESIAN_POINT ( 'NONE',  ( 0.3174984271628270016, 0.6871048128362370333, -0.1009993744051579934 ) ) ;
#3572 = CARTESIAN_POINT ( 'NONE',  ( 0.8042853970786477680, 1.084999999999952447, 0.1749999999901842573 ) ) ;
#3573 = ADVANCED_FACE ( 'NONE', ( #5048 ), #2149, .T. ) ;
#3574 = CARTESIAN_POINT ( 'NONE',  ( -0.2589798342611819848, 0.8120000000000000551, -0.5444999999564288373 ) ) ;
#3575 = ORIENTED_EDGE ( 'NONE', *, *, #4128, .T. ) ;
#3576 = LINE ( 'NONE', #985, #488 ) ;
#3577 = VERTEX_POINT ( 'NONE', #1712 ) ;
#3578 = CARTESIAN_POINT ( 'NONE',  ( -0.6996693348108918853, 1.032648626225330046, -0.5983795981946831155 ) ) ;
#3579 = DIRECTION ( 'NONE',  ( -1.000000000000000000, 7.035971055112086514E-15, 7.035971055103585749E-15 ) ) ;
#3580 = FACE_OUTER_BOUND ( 'NONE', #2021, .T. ) ;
#3581 = CARTESIAN_POINT ( 'NONE',  ( 0.1755453845560063508, 0.6350000000000000089, -0.7780576390166755729 ) ) ;
#3582 = CARTESIAN_POINT ( 'NONE',  ( 0.4000000000001822098, -0.01143000000000000266, 1.212700000000114464 ) ) ;
#3583 = CARTESIAN_POINT ( 'NONE',  ( -1.799999999999909894, 0.000000000000000000, -0.02499999999998011452 ) ) ;
#3584 = LINE ( 'NONE', #5200, #1506 ) ;
#3585 = ORIENTED_EDGE ( 'NONE', *, *, #1723, .F. ) ;
#3586 = PLANE ( 'NONE',  #2081 ) ;
#3587 = AXIS2_PLACEMENT_3D ( 'NONE', #2506, #4198, #2565 ) ;
#3588 = DIRECTION ( 'NONE',  ( -1.000000000000000000, -0.000000000000000000, -0.000000000000000000 ) ) ;
#3589 = CARTESIAN_POINT ( 'NONE',  ( -0.2320313087534560115, 1.093499400003509869, -0.8124975621750859522 ) ) ;
#3590 = ORIENTED_EDGE ( 'NONE', *, *, #3362, .T. ) ;
#3591 = EDGE_CURVE ( 'NONE', #2267, #2725, #514, .T. ) ;
#3592 = CARTESIAN_POINT ( 'NONE',  ( -0.7514815655607198774, 1.040384314858747716, -0.3749999999999797939 ) ) ;
#3593 = ORIENTED_EDGE ( 'NONE', *, *, #3142, .T. ) ;
#3594 = EDGE_CURVE ( 'NONE', #4635, #3014, #1266, .T. ) ;
#3595 = LINE ( 'NONE', #1490, #136 ) ;
#3596 = LINE ( 'NONE', #4905, #1996 ) ;
#3597 = EDGE_CURVE ( 'NONE', #118, #1377, #1682, .T. ) ;
#3598 = CARTESIAN_POINT ( 'NONE',  ( -0.3180883206429189758, 0.6871048128362370333, 0.08640811885652020796 ) ) ;
#3599 = ORIENTED_EDGE ( 'NONE', *, *, #3080, .T. ) ;
#3600 = CARTESIAN_POINT ( 'NONE',  ( -3.461306456688404771E-06, 0.6838150122453459101, 0.6902366755583663194 ) ) ;
#3601 = ORIENTED_EDGE ( 'NONE', *, *, #596, .T. ) ;
#3602 = DIRECTION ( 'NONE',  ( -0.000000000000000000, -1.000000000000000000, -0.000000000000000000 ) ) ;
#3603 = VERTEX_POINT ( 'NONE', #1624 ) ;
#3604 = CARTESIAN_POINT ( 'NONE',  ( 0.5514813035337721159, 1.135000000000000009, -0.7469123915761376464 ) ) ;
#3605 = ADVANCED_FACE ( 'NONE', ( #2919 ), #4575, .T. ) ;
#3606 = CARTESIAN_POINT ( 'NONE',  ( -0.4801195889066800504, 1.064136900068310077, -0.7916087905843240957 ) ) ;
#3607 = UNCERTAINTY_MEASURE_WITH_UNIT (LENGTH_MEASURE( 1.000000000000000082E-05 ), #5172, 'distance_accuracy_value', 'NONE');
#3608 = DIRECTION ( 'NONE',  ( 8.673617379907128586E-15, 1.000000000000000000, 0.000000000000000000 ) ) ;
#3609 = DIRECTION ( 'NONE',  ( -8.673617379910850432E-15, -1.000000000000000000, 0.000000000000000000 ) ) ;
#3610 = CARTESIAN_POINT ( 'NONE',  ( -0.01056762986925049996, 0.6850072337659979249, -0.7990696459600241663 ) ) ;
#3611 = CARTESIAN_POINT ( 'NONE',  ( 8.727827488508310694E-14, 0.04999999999999669292, 1.899999999999944844 ) ) ;
#3612 = CARTESIAN_POINT ( 'NONE',  ( -0.3180883206419120590, 0.6871048128362360341, -0.2864081188575030579 ) ) ;
#3613 = EDGE_LOOP ( 'NONE', ( #3729, #4501, #4576, #1174 ) ) ;
#3614 = CARTESIAN_POINT ( 'NONE',  ( 0.6693544923977500227, 1.135672765510920001, 0.4054604989710239860 ) ) ;
#3615 = DIRECTION ( 'NONE',  ( -0.000000000000000000, -0.000000000000000000, -1.000000000000000000 ) ) ;
#3616 = ORIENTED_EDGE ( 'NONE', *, *, #3828, .T. ) ;
#3617 = FACE_OUTER_BOUND ( 'NONE', #2846, .T. ) ;
#3618 = DIRECTION ( 'NONE',  ( 1.000000000000000000, 0.000000000000000000, 0.000000000000000000 ) ) ;
#3619 = ORIENTED_EDGE ( 'NONE', *, *, #4398, .F. ) ;
#3620 = CARTESIAN_POINT ( 'NONE',  ( -0.2749999999875971102, 1.084999999999950671, -0.9042853970640468697 ) ) ;
#3621 = EDGE_CURVE ( 'NONE', #849, #4206, #4136, .T. ) ;
#3622 = CARTESIAN_POINT ( 'NONE',  ( -0.8749999999999109601, 0.6096000000000000307, 1.900000000000019895 ) ) ;
#3623 = DIRECTION ( 'NONE',  ( 0.000000000000000000, 1.000000000000000000, -1.461889427753571332E-15 ) ) ;
#3624 = ORIENTED_EDGE ( 'NONE', *, *, #1469, .F. ) ;
#3625 = VECTOR ( 'NONE', #1289, 1000.000000000000000 ) ;
#3626 = CARTESIAN_POINT ( 'NONE',  ( 0.3174999999840260601, 0.6849983515546669288, -0.09999587888535739488 ) ) ;
#3627 = VERTEX_POINT ( 'NONE', #4110 ) ;
#3628 = CARTESIAN_POINT ( 'NONE',  ( 0.2750000000007009060, 0.8850000000000001199, -0.7977642868473540094 ) ) ;
#3629 = ORIENTED_EDGE ( 'NONE', *, *, #1954, .F. ) ;
#3630 = DIRECTION ( 'NONE',  ( 1.000000000000000000, 1.374056532156510714E-14, 5.367965283382788007E-16 ) ) ;
#3631 = CARTESIAN_POINT ( 'NONE',  ( -0.3999999999999120370, 0.02032000000039159773, 1.874599999999976063 ) ) ;
#3632 = VECTOR ( 'NONE', #4601, 1000.000000000000000 ) ;
#3633 = CARTESIAN_POINT ( 'NONE',  ( 0.001196751274854080272, 0.8346666666666350265, -0.8999991048659591319 ) ) ;
#3634 = CARTESIAN_POINT ( 'NONE',  ( 0.6940342898852797093, 0.6350000000000000089, 0.008664197304500496216 ) ) ;
#3635 = AXIS2_PLACEMENT_3D ( 'NONE', #2454, #5369, #1661 ) ;
#3636 = CARTESIAN_POINT ( 'NONE',  ( 0.2750000000000891176, 1.135000000000130349, 0.7042853971073188557 ) ) ;
#3637 = CARTESIAN_POINT ( 'NONE',  ( -0.6977642868474599469, 1.034999999999999920, 0.1750000000000848377 ) ) ;
#3638 = ADVANCED_FACE ( 'NONE', ( #388 ), #2832, .F. ) ;
#3639 = DIRECTION ( 'NONE',  ( 0.000000000000000000, 0.000000000000000000, -1.000000000000000000 ) ) ;
#3640 = CARTESIAN_POINT ( 'NONE',  ( -0.3175024270974280416, 0.6849983515546649304, -0.2869862614134540135 ) ) ;
#3641 =( GEOMETRIC_REPRESENTATION_CONTEXT ( 3 ) GLOBAL_UNCERTAINTY_ASSIGNED_CONTEXT ( ( #2631 ) ) GLOBAL_UNIT_ASSIGNED_CONTEXT ( ( #271, #784, #4761 ) ) REPRESENTATION_CONTEXT ( 'NONE', 'WORKASPACE' ) );
#3642 = ORIENTED_EDGE ( 'NONE', *, *, #157, .F. ) ;
#3643 = CARTESIAN_POINT ( 'NONE',  ( -0.4565285516143630096, -0.01669986628942519979, -0.09998691822583460898 ) ) ;
#3644 = VECTOR ( 'NONE', #518, 1000.000000000000000 ) ;
#3645 = CARTESIAN_POINT ( 'NONE',  ( -1.349999999999909717, -0.005079999999999989906, 1.112700000000020006 ) ) ;
#3646 = ORIENTED_EDGE ( 'NONE', *, *, #4867, .T. ) ;
#3647 = CARTESIAN_POINT ( 'NONE',  ( -0.2749999999999116485, 1.072840046744546916, 0.6696643875879724206 ) ) ;
#3648 = CARTESIAN_POINT ( 'NONE',  ( 0.2750000000017323032, 1.083940803213254700, -0.8917936426512669268 ) ) ;
#3649 = DIRECTION ( 'NONE',  ( -1.707404996060288836E-14, 1.000000000000000000, 0.000000000000000000 ) ) ;
#3650 = EDGE_LOOP ( 'NONE', ( #563, #3403, #2146, #4290 ) ) ;
#3651 = ADVANCED_FACE ( 'NONE', ( #5099 ), #1881, .F. ) ;
#3652 = DIRECTION ( 'NONE',  ( 0.000000000000000000, 0.000000000000000000, 1.000000000000000000 ) ) ;
#3653 = CARTESIAN_POINT ( 'NONE',  ( -9.606027084885229526E-11, 0.6849983515546409496, -0.6714999999892888871 ) ) ;
#3654 = ORIENTED_EDGE ( 'NONE', *, *, #4651, .T. ) ;
#3655 =( NAMED_UNIT ( * ) SI_UNIT ( $, .STERADIAN. ) SOLID_ANGLE_UNIT ( ) );
#3656 = ORIENTED_EDGE ( 'NONE', *, *, #1434, .F. ) ;
#3657 = CARTESIAN_POINT ( 'NONE',  ( 0.7800808756942924083, 1.134999999999999787, -0.4457903386054394290 ) ) ;
#3658 = EDGE_CURVE ( 'NONE', #3360, #1152, #1792, .T. ) ;
#3659 = CARTESIAN_POINT ( 'NONE',  ( 8.500145032286354763E-14, 1.084999999999999964, -1.349999999999980105 ) ) ;
#3660 = EDGE_CURVE ( 'NONE', #534, #885, #533, .T. ) ;
#3661 = CARTESIAN_POINT ( 'NONE',  ( 9.144921569711055099E-14, 0.1999999999999975409, -0.09999999999998647471 ) ) ;
#3662 = EDGE_CURVE ( 'NONE', #4617, #3568, #1873, .T. ) ;
#3663 = FACE_OUTER_BOUND ( 'NONE', #2142, .T. ) ;
#3664 = LINE ( 'NONE', #379, #2127 ) ;
#3665 = PLANE ( 'NONE',  #328 ) ;
#3666 = VERTEX_POINT ( 'NONE', #3104 ) ;
#3667 = LINE ( 'NONE', #4879, #4242 ) ;
#3668 = CARTESIAN_POINT ( 'NONE',  ( -0.001196751274677779892, 1.036000000000000032, -0.8999991048659591319 ) ) ;
#3669 = DIRECTION ( 'NONE',  ( -0.7071067811865358044, -0.000000000000000000, 0.7071067811865592301 ) ) ;
#3670 = EDGE_LOOP ( 'NONE', ( #712, #3107, #202, #3219, #1599, #4862 ) ) ;
#3671 = EDGE_CURVE ( 'NONE', #3041, #3966, #510, .T. ) ;
#3672 = CARTESIAN_POINT ( 'NONE',  ( -0.6977642868471873872, 1.040200614809547286, -0.3750000000017547075 ) ) ;
#3673 = CARTESIAN_POINT ( 'NONE',  ( -0.2749999999999278577, 0.8849999999999653699, -0.8512489600658232902 ) ) ;
#3674 = ORIENTED_EDGE ( 'NONE', *, *, #4562, .T. ) ;
#3675 = ORIENTED_EDGE ( 'NONE', *, *, #2010, .F. ) ;
#3676 = ORIENTED_EDGE ( 'NONE', *, *, #5373, .T. ) ;
#3677 = CARTESIAN_POINT ( 'NONE',  ( -5.332734254182009887E-11, 0.7597945045706939737, -0.4174990291652490026 ) ) ;
#3678 = ORIENTED_EDGE ( 'NONE', *, *, #4636, .T. ) ;
#3679 = CARTESIAN_POINT ( 'NONE',  ( -1.249999999999910072, 1.084000000000000075, -0.3759999999999800169 ) ) ;
#3680 = ORIENTED_EDGE ( 'NONE', *, *, #3124, .T. ) ;
#3681 = CARTESIAN_POINT ( 'NONE',  ( 0.5287639117252277421, 1.134999999999999787, -0.7656083999688159114 ) ) ;
#3682 = AXIS2_PLACEMENT_3D ( 'NONE', #2084, #331, #2937 ) ;
#3683 = CARTESIAN_POINT ( 'NONE',  ( -0.7512489600658469602, 1.035000000000070086, 0.1750000000000310196 ) ) ;
#3684 = CARTESIAN_POINT ( 'NONE',  ( 0.2750000000000877853, 1.118418147301177390, -0.8443949167450383042 ) ) ;
#3685 = VECTOR ( 'NONE', #2174, 1000.000000000000000 ) ;
#3686 = DIRECTION ( 'NONE',  ( 0.000000000000000000, 0.000000000000000000, 1.000000000000000000 ) ) ;
#3687 = PLANE ( 'NONE',  #2563 ) ;
#3688 = AXIS2_PLACEMENT_3D ( 'NONE', #3105, #562, #1403 ) ;
#3689 = DIRECTION ( 'NONE',  ( -0.000000000000000000, 1.000000000000000000, 0.000000000000000000 ) ) ;
#3690 = FILL_AREA_STYLE ('',( #5383 ) ) ;
#3691 = ORIENTED_EDGE ( 'NONE', *, *, #285, .T. ) ;
#3692 = CARTESIAN_POINT ( 'NONE',  ( -0.3999999999999120370, 0.6350000000000000089, 1.862300000000020272 ) ) ;
#3693 = DIRECTION ( 'NONE',  ( 0.000000000000000000, 0.000000000000000000, 1.000000000000000000 ) ) ;
#3694 = B_SPLINE_CURVE_WITH_KNOTS ( 'NONE', 3,
 ( #1316, #469, #3906, #3878, #5089, #5167, #4655, #103, #130, #3420, #1834, #2137, #910, #1419, #3016, #4627, #4681, #2550, #937, #4272, #5116 ),
 .UNSPECIFIED., .F., .F.,
 ( 4, 1, 2, 2, 1, 1, 2, 2, 1, 1, 2, 2, 4 ),
 ( 0.000000000000000000, 0.1249999999999995004, 0.1874999999999993061, 0.2499999999999991118, 0.3749999999999987232, 0.4374999999999983347, 0.4687499999999982236, 0.4999999999999981126, 0.6249999999999985567, 0.6874999999999990008, 0.7187499999999991118, 0.7499999999999992228, 1.000000000000000000 ),
 .UNSPECIFIED. ) ;
#3695 = DIRECTION ( 'NONE',  ( -0.000000000000000000, -1.000000000000000000, -0.000000000000000000 ) ) ;
#3696 = DIRECTION ( 'NONE',  ( -0.000000000000000000, 1.000000000000000000, -0.000000000000000000 ) ) ;
#3697 = EDGE_LOOP ( 'NONE', ( #4521, #2390, #1595, #1499 ) ) ;
#3698 = CARTESIAN_POINT ( 'NONE',  ( -0.3175024270981500196, 0.6849983515546650414, 0.08698626145766551188 ) ) ;
#3699 = DIRECTION ( 'NONE',  ( 1.000000000000000000, 0.000000000000000000, 0.000000000000000000 ) ) ;
#3700 = DIRECTION ( 'NONE',  ( 0.7952598331400353437, -0.6062687504680437378, 3.726411403857942177E-12 ) ) ;
#3701 = ORIENTED_EDGE ( 'NONE', *, *, #4444, .F. ) ;
#3702 = CARTESIAN_POINT ( 'NONE',  ( -0.1849881299856928896, 0.1769999999999999907, 0.2175000000218832719 ) ) ;
#3703 = CARTESIAN_POINT ( 'NONE',  ( -0.4199999999999120548, 0.000000000000000000, -1.899999999999980149 ) ) ;
#3704 = VERTEX_POINT ( 'NONE', #3053 ) ;
#3705 = CARTESIAN_POINT ( 'NONE',  ( 0.5454979985849039981, 0.1000038686905519864, -0.1000156313241150202 ) ) ;
#3706 = VECTOR ( 'NONE', #2240, 1000.000000000000000 ) ;
#3707 = CARTESIAN_POINT ( 'NONE',  ( 1.800000000000089972, 0.6350000000000083356, 1.850000000000099787 ) ) ;
#3708 = ORIENTED_EDGE ( 'NONE', *, *, #1706, .F. ) ;
#3709 = STYLED_ITEM ( 'NONE', ( #2974 ), #1385 ) ;
#3710 = LINE ( 'NONE', #3276, #3969 ) ;
#3711 = CARTESIAN_POINT ( 'NONE',  ( -0.2749999999999199751, 0.8850000000000000089, -0.8512489600658015299 ) ) ;
#3712 = CARTESIAN_POINT ( 'NONE',  ( -0.6977642868474545068, 1.045639151229396768, 0.1750000000000198341 ) ) ;
#3713 = AXIS2_PLACEMENT_3D ( 'NONE', #2802, #661, #298 ) ;
#3714 = EDGE_CURVE ( 'NONE', #1713, #3920, #4718, .T. ) ;
#3715 = CARTESIAN_POINT ( 'NONE',  ( 0.8961833846989879504, 1.135999999999999899, 1.500000000000019984 ) ) ;
#3716 = CARTESIAN_POINT ( 'NONE',  ( 0.3175024270983319852, 0.6849983515546650414, -0.2869862614576310089 ) ) ;
#3717 = AXIS2_PLACEMENT_3D ( 'NONE', #4277, #2202, #3913 ) ;
#3718 = ORIENTED_EDGE ( 'NONE', *, *, #3924, .T. ) ;
#3719 = VECTOR ( 'NONE', #2863, 1000.000000000000000 ) ;
#3720 = CARTESIAN_POINT ( 'NONE',  ( -0.5999999999998176792, -0.01778000000000000413, 1.112700000000020006 ) ) ;
#3721 = CARTESIAN_POINT ( 'NONE',  ( 0.8750000000000890399, 0.6350000000000000089, 1.874600000000020028 ) ) ;
#3722 = EDGE_CURVE ( 'NONE', #2873, #2894, #971, .T. ) ;
#3723 = MANIFOLD_SOLID_BREP ( 'tc33x-2-104e', #3815 ) ;
#3724 = VERTEX_POINT ( 'NONE', #1953 ) ;
#3725 = CARTESIAN_POINT ( 'NONE',  ( -0.3989999999999120361, 0.01932000000000000037, 1.900000000000019895 ) ) ;
#3726 = ADVANCED_FACE ( 'NONE', ( #4408 ), #4357, .F. ) ;
#3727 =( BOUNDED_CURVE ( )  B_SPLINE_CURVE ( 3, ( #2300, #691, #2776, #1448 ),
 .UNSPECIFIED., .F., .T. ) 
 B_SPLINE_CURVE_WITH_KNOTS ( ( 4, 4 ),
 ( 4.029456008040395367E-18, 0.0002792877797087095688 ),
 .UNSPECIFIED. ) 
 CURVE ( )  GEOMETRIC_REPRESENTATION_ITEM ( )  RATIONAL_B_SPLINE_CURVE ( ( 1.041743049354971085, 1.067842689805911016, 1.106181336070876764, 1.156758988149868328 ) ) 
 REPRESENTATION_ITEM ( '' )  );
#3728 = DIRECTION ( 'NONE',  ( 0.000000000000000000, 0.7071067811876882159, -0.7071067811854069296 ) ) ;
#3729 = ORIENTED_EDGE ( 'NONE', *, *, #769, .F. ) ;
#3730 = CARTESIAN_POINT ( 'NONE',  ( -0.7585785483668120444, 0.6349992136593850534, -0.09999999999998010480 ) ) ;
#3731 = VECTOR ( 'NONE', #3398, 1000.000000000000000 ) ;
#3732 = ORIENTED_EDGE ( 'NONE', *, *, #4529, .T. ) ;
#3733 = DIRECTION ( 'NONE',  ( -1.000000000000000000, -0.000000000000000000, -0.000000000000000000 ) ) ;
#3734 = CARTESIAN_POINT ( 'NONE',  ( 1.250000000000089928, 1.084000000000000075, 0.1760000000000200016 ) ) ;
#3735 = ORIENTED_EDGE ( 'NONE', *, *, #3752, .F. ) ;
#3736 = CARTESIAN_POINT ( 'NONE',  ( 8.489303010561499718E-14, 1.135000000000000009, 1.150000000000019895 ) ) ;
#3737 = CARTESIAN_POINT ( 'NONE',  ( 0.7500000000000879297, 0.6350000000000001199, -1.899999999999979927 ) ) ;
#3738 = ORIENTED_EDGE ( 'NONE', *, *, #4830, .T. ) ;
#3739 = CARTESIAN_POINT ( 'NONE',  ( 0.8042853970786477680, 1.084999999999952447, 0.1749999999901842573 ) ) ;
#3740 = EDGE_CURVE ( 'NONE', #3826, #2585, #5282, .T. ) ;
#3741 = CARTESIAN_POINT ( 'NONE',  ( -0.6336869556745500232, 1.093499357084900092, 0.3785316355732090132 ) ) ;
#3742 = ORIENTED_EDGE ( 'NONE', *, *, #2141, .T. ) ;
#3743 = CARTESIAN_POINT ( 'NONE',  ( 0.001196751274854080272, 0.7339999999999999858, 0.6999991048659989223 ) ) ;
#3744 = CARTESIAN_POINT ( 'NONE',  ( -0.8951833846988119792, 1.134999999999999787, -0.1295090612753300729 ) ) ;
#3745 = CARTESIAN_POINT ( 'NONE',  ( 0.4200000000000880807, 1.099999999999999867, -1.849999999999980105 ) ) ;
#3746 = DIRECTION ( 'NONE',  ( 0.000000000000000000, 0.000000000000000000, -1.000000000000000000 ) ) ;
#3747 = VERTEX_POINT ( 'NONE', #2366 ) ;
#3748 = PLANE ( 'NONE',  #4931 ) ;
#3749 = CARTESIAN_POINT ( 'NONE',  ( 0.4095695390212489850, 1.085000000000000187, 0.6489062943112477999 ) ) ;
#3750 = FACE_OUTER_BOUND ( 'NONE', #87, .T. ) ;
#3751 = DIRECTION ( 'NONE',  ( -1.000000000000000000, 2.333646937971015559E-15, -6.092980583483539501E-17 ) ) ;
#3752 = EDGE_CURVE ( 'NONE', #1688, #1522, #669, .T. ) ;
#3753 = ORIENTED_EDGE ( 'NONE', *, *, #1586, .T. ) ;
#3754 = DIRECTION ( 'NONE',  ( -1.000000000000000000, -0.000000000000000000, -0.000000000000000000 ) ) ;
#3755 = EDGE_CURVE ( 'NONE', #3704, #1402, #1542, .T. ) ;
#3756 = ORIENTED_EDGE ( 'NONE', *, *, #1837, .F. ) ;
#3757 = ORIENTED_EDGE ( 'NONE', *, *, #3187, .T. ) ;
#3758 = DIRECTION ( 'NONE',  ( 0.000000000000000000, 1.000000000000000000, 0.000000000000000000 ) ) ;
#3759 = EDGE_CURVE ( 'NONE', #4572, #4517, #639, .T. ) ;
#3760 = CARTESIAN_POINT ( 'NONE',  ( 0.5715043687577013864, 0.6849999999999984990, -0.4365752706123725568 ) ) ;
#3761 = EDGE_LOOP ( 'NONE', ( #1930, #4426, #2526, #2933 ) ) ;
#3762 = DIRECTION ( 'NONE',  ( -0.000000000000000000, -0.000000000000000000, 1.000000000000000000 ) ) ;
#3763 = CARTESIAN_POINT ( 'NONE',  ( 0.4085243305782237377, 0.6849999999999999423, -0.6721627233401872292 ) ) ;
#3764 = ORIENTED_EDGE ( 'NONE', *, *, #1824, .F. ) ;
#3765 = CARTESIAN_POINT ( 'NONE',  ( 0.7578316718988060696, 1.059087827261219195, 0.1750000000253040255 ) ) ;
#3766 = CARTESIAN_POINT ( 'NONE',  ( 0.7454036035583100350, 1.084944679810410095, 0.4309564532121050173 ) ) ;
#3767 = ORIENTED_EDGE ( 'NONE', *, *, #4505, .T. ) ;
#3768 = CARTESIAN_POINT ( 'NONE',  ( -0.6862706282498823862, 1.135000000000000231, 0.4026872737377829581 ) ) ;
#3769 = CARTESIAN_POINT ( 'NONE',  ( 0.1849881299442208693, 0.1770000000000001017, -0.4175000000218433427 ) ) ;
#3770 = LINE ( 'NONE', #27, #4660 ) ;
#3771 = EDGE_CURVE ( 'NONE', #1298, #3568, #1512, .T. ) ;
#3772 = CARTESIAN_POINT ( 'NONE',  ( 8.998878031629686802E-14, 0.000000000000000000, -1.899999999999980149 ) ) ;
#3773 = DIRECTION ( 'NONE',  ( 1.707404996061914205E-14, 1.000000000000000000, 0.000000000000000000 ) ) ;
#3774 = LINE ( 'NONE', #911, #2580 ) ;
#3775 = AXIS2_PLACEMENT_3D ( 'NONE', #40, #4577, #4167 ) ;
#3776 = DIRECTION ( 'NONE',  ( 0.000000000000000000, 1.000000000000000000, 0.000000000000000000 ) ) ;
#3777 = ORIENTED_EDGE ( 'NONE', *, *, #2130, .T. ) ;
#3778 = PLANE ( 'NONE',  #1358 ) ;
#3779 = LINE ( 'NONE', #1705, #4307 ) ;
#3780 = AXIS2_PLACEMENT_3D ( 'NONE', #1224, #1565, #2909 ) ;
#3781 = CARTESIAN_POINT ( 'NONE',  ( -0.2749999999999119815, 0.8850000000000000089, -0.8483821799949338160 ) ) ;
#3782 = CARTESIAN_POINT ( 'NONE',  ( -0.4925302634159530180, 1.086390280906569972, 0.6114530552464999547 ) ) ;
#3783 = VERTEX_POINT ( 'NONE', #1903 ) ;
#3784 =( NAMED_UNIT ( * ) SI_UNIT ( $, .STERADIAN. ) SOLID_ANGLE_UNIT ( ) );
#3785 = EDGE_CURVE ( 'NONE', #1554, #644, #1745, .T. ) ;
#3786 = DIRECTION ( 'NONE',  ( 0.000000000000000000, 0.000000000000000000, 1.000000000000000000 ) ) ;
#3787 = PLANE ( 'NONE',  #2242 ) ;
#3788 = ORIENTED_EDGE ( 'NONE', *, *, #2659, .T. ) ;
#3789 = CARTESIAN_POINT ( 'NONE',  ( 0.3276785911103023974, 1.084999999999999742, -0.8862736159564814642 ) ) ;
#3790 = CARTESIAN_POINT ( 'NONE',  ( 0.1768704956983427334, 0.6850000000000002753, -0.7832814479665733964 ) ) ;
#3791 = ORIENTED_EDGE ( 'NONE', *, *, #3524, .T. ) ;
#3792 = CARTESIAN_POINT ( 'NONE',  ( 0.7330898929963821642, 0.8849999999999998979, 0.08536746770284460439 ) ) ;
#3793 = VECTOR ( 'NONE', #2280, 1000.000000000000000 ) ;
#3794 = ORIENTED_EDGE ( 'NONE', *, *, #4805, .T. ) ;
#3795 = CARTESIAN_POINT ( 'NONE',  ( -0.3305643050035418362, 1.135000000000000231, 0.6852869371935984555 ) ) ;
#3796 = VECTOR ( 'NONE', #3334, 1000.000000000000000 ) ;
#3797 = CARTESIAN_POINT ( 'NONE',  ( -0.4467520212877759689, 0.6349992136593851644, -0.8585843472164250700 ) ) ;
#3798 = CARTESIAN_POINT ( 'NONE',  ( -0.7306430134140531329, 0.2009999999999990405, 0.3292928019108130044 ) ) ;
#3799 = CARTESIAN_POINT ( 'NONE',  ( 1.350000000000108891, 0.6476999999999999424, 0.8413598162593680652 ) ) ;
#3800 = DIRECTION ( 'NONE',  ( 1.000000000000000000, 0.000000000000000000, 0.000000000000000000 ) ) ;
#3801 = CARTESIAN_POINT ( 'NONE',  ( -0.1110655488788985235, 0.6350000000000001199, 0.5937305858231425315 ) ) ;
#3802 = VERTEX_POINT ( 'NONE', #1927 ) ;
#3803 = VECTOR ( 'NONE', #479, 1000.000000000000000 ) ;
#3804 = CARTESIAN_POINT ( 'NONE',  ( -0.5989999999999120472, -0.01878000000000000155, 1.112700000000020006 ) ) ;
#3805 = DIRECTION ( 'NONE',  ( -0.000000000000000000, -0.000000000000000000, 1.000000000000000000 ) ) ;
#3806 = ADVANCED_FACE ( 'NONE', ( #3999 ), #1495, .T. ) ;
#3807 = ORIENTED_EDGE ( 'NONE', *, *, #2715, .T. ) ;
#3808 = CARTESIAN_POINT ( 'NONE',  ( -0.6438318630180959179, 0.6849999999999999423, -0.3755697246037875137 ) ) ;
#3809 = VECTOR ( 'NONE', #1125, 1000.000000000000000 ) ;
#3810 = ADVANCED_FACE ( 'NONE', ( #4537 ), #381, .T. ) ;
#3811 = CARTESIAN_POINT ( 'NONE',  ( 8.727827488508310694E-14, 0.05000000000000000971, 1.899999999999944400 ) ) ;
#3812 = ORIENTED_EDGE ( 'NONE', *, *, #3660, .T. ) ;
#3813 = VECTOR ( 'NONE', #2531, 1000.000000000000000 ) ;
#3814 = CARTESIAN_POINT ( 'NONE',  ( 0.6999986576459401588, 0.6350000000089770502, -0.5078414765264069874 ) ) ;
#3815 = CLOSED_SHELL ( 'NONE', ( #2930, #5323, #2440, #5201, #5217, #5297, #1492, #1582, #3810, #2529, #4301, #3153, #2884, #53, #4490, #994, #1385, #2606, #1489, #418, #470, #2831, #1501, #821, #3829, #50, #1561, #5112, #2396, #1306, #4345, #1414, #1827, #1264, #2125, #5194, #3564, #4358, #984, #111, #2886, #3726, #2283, #2061, #2347, #2903, #334, #4207, #4591, #5389, #3605, #3521, #484, #3490, #2578, #353, #169, #4961, #3573, #1748, #1379, #2090, #3843, #1734, #3093, #2028, #5359, #85, #973, #2367, #4618, #786, #3638, #1101, #1653, #1732, #3222, #2969, #740, #343, #4236, #4189, #252, #1218, #4291, #1602, #2561, #4155, #2056, #3089, #649, #2837, #4462, #3552, #3308, #3651, #1794, #3806, #4748, #677, #1992, #2520, #4715, #3134, #2297, #1207, #4555, #319, #311, #4391, #800, #2973, #4978, #1660, #2288, #2076, #2022, #5063, #2294, #1416, #1941, #141 ) ) ;
#3816 = CARTESIAN_POINT ( 'NONE',  ( -0.3999999999999119260, 0.5850000000000016298, 1.899999999999982370 ) ) ;
#3817 = CARTESIAN_POINT ( 'NONE',  ( 8.695301423333745561E-14, 0.6350000000000167732, 1.850000000000019851 ) ) ;
#3818 = CARTESIAN_POINT ( 'NONE',  ( 8.814801712553400346E-14, 0.7350000000000002087, 0.6999999999999969580 ) ) ;
#3819 = LINE ( 'NONE', #3413, #3278 ) ;
#3820 = VECTOR ( 'NONE', #5006, 1000.000000000000000 ) ;
#3821 = EDGE_LOOP ( 'NONE', ( #2089, #11, #4138, #4082 ) ) ;
#3822 = EDGE_CURVE ( 'NONE', #760, #1605, #2006, .T. ) ;
#3823 = CARTESIAN_POINT ( 'NONE',  ( 0.7500000000000880407, 0.8849999999999998979, -0.09999999999998010480 ) ) ;
#3824 = CARTESIAN_POINT ( 'NONE',  ( -0.2635512341693310723, 1.134993507399409962, 0.7093078577973509491 ) ) ;
#3825 = AXIS2_PLACEMENT_3D ( 'NONE', #4638, #3751, #4224 ) ;
#3826 = VERTEX_POINT ( 'NONE', #4131 ) ;
#3827 = CARTESIAN_POINT ( 'NONE',  ( -0.5287639117250705345, 1.135000000000000009, 0.5656083999688493735 ) ) ;
#3828 = EDGE_CURVE ( 'NONE', #1298, #3374, #2912, .T. ) ;
#3829 = ADVANCED_FACE ( 'NONE', ( #3280 ), #2888, .T. ) ;
#3830 = CARTESIAN_POINT ( 'NONE',  ( 0.7299991831902660211, 0.2009999999999990128, -0.1010920355382040059 ) ) ;
#3831 = EDGE_CURVE ( 'NONE', #2129, #2545, #406, .T. ) ;
#3832 = CARTESIAN_POINT ( 'NONE',  ( -0.4199999999999120548, 1.099999999999999867, -1.849999999999980105 ) ) ;
#3833 = CARTESIAN_POINT ( 'NONE',  ( -0.7330898929962060828, 0.8850000000000000089, 0.08536746770284464603 ) ) ;
#3834 = LINE ( 'NONE', #3859, #2330 ) ;
#3835 = CARTESIAN_POINT ( 'NONE',  ( 7.487011011164669454E-11, 0.8120000000000000551, 0.3445000000000200124 ) ) ;
#3836 = CARTESIAN_POINT ( 'NONE',  ( -0.4711525084909161110, 0.7350000000000019851, 0.7000000000000411449 ) ) ;
#3837 = EDGE_LOOP ( 'NONE', ( #4756, #4996, #4532, #419 ) ) ;
#3838 = CARTESIAN_POINT ( 'NONE',  ( 0.7500000000001051381, 0.7350000000000035394, -0.5369688917004006301 ) ) ;
#3839 = CARTESIAN_POINT ( 'NONE',  ( -0.3999999999999120370, 0.02031999999978266469, 1.900000000000019673 ) ) ;
#3840 = CARTESIAN_POINT ( 'NONE',  ( 0.001121954320181250096, 0.8346666666666350265, -0.8499991608118390163 ) ) ;
#3841 = ORIENTED_EDGE ( 'NONE', *, *, #2935, .T. ) ;
#3842 = CARTESIAN_POINT ( 'NONE',  ( -0.7299999999993017630, 0.1000000000000000056, 0.3299266639986658811 ) ) ;
#3843 = ADVANCED_FACE ( 'NONE', ( #4568 ), #412, .F. ) ;
#3844 = EDGE_CURVE ( 'NONE', #986, #2232, #3338, .T. ) ;
#3845 = CARTESIAN_POINT ( 'NONE',  ( 0.7585785483669880147, 0.6349992136593850534, -0.09999999999997992439 ) ) ;
#3846 = VERTEX_POINT ( 'NONE', #5308 ) ;
#3847 = DIRECTION ( 'NONE',  ( 0.9396926207860034630, 0.000000000000000000, 0.3420201433254074774 ) ) ;
#3848 = CARTESIAN_POINT ( 'NONE',  ( -0.9738821434237109331, 0.8850000000000001199, -0.3749999999999800160 ) ) ;
#3849 = CARTESIAN_POINT ( 'NONE',  ( 0.6999366173814586256, 0.6850000000000000533, -0.01226336750869488727 ) ) ;
#3850 = CARTESIAN_POINT ( 'NONE',  ( 0.8000000000000880851, 0.8346666666666349155, -0.09999999999998010480 ) ) ;
#3851 = CARTESIAN_POINT ( 'NONE',  ( 0.6977642868476362503, 1.034999999999999920, -0.3750000000000449085 ) ) ;
#3852 = VECTOR ( 'NONE', #525, 1000.000000000000000 ) ;
#3853 = ORIENTED_EDGE ( 'NONE', *, *, #3442, .F. ) ;
#3854 = CARTESIAN_POINT ( 'NONE',  ( 0.4000000000000880074, -0.01878000000000000155, 1.913700000000019941 ) ) ;
#3855 = CARTESIAN_POINT ( 'NONE',  ( 0.7306430134142299915, 0.09900000000000051814, 0.3292928019108130044 ) ) ;
#3856 = DIRECTION ( 'NONE',  ( 0.000000000000000000, -1.000000000000000000, -1.741553095941341751E-12 ) ) ;
#3857 = DIRECTION ( 'NONE',  ( -1.138269997347281277E-14, -1.000000000000000000, 0.000000000000000000 ) ) ;
#3858 =( BOUNDED_CURVE ( )  B_SPLINE_CURVE ( 3, ( #634, #2305, #1452, #1480 ),
 .UNSPECIFIED., .F., .T. ) 
 B_SPLINE_CURVE_WITH_KNOTS ( ( 4, 4 ),
 ( 4.056765098920299434E-20, 0.0002799170765224943112 ),
 .UNSPECIFIED. ) 
 CURVE ( )  GEOMETRIC_REPRESENTATION_ITEM ( )  RATIONAL_B_SPLINE_CURVE ( ( 1.156758988149917178, 1.102818967954420026, 1.062799325529736105, 1.036700060875865637 ) ) 
 REPRESENTATION_ITEM ( '' )  );
#3859 = CARTESIAN_POINT ( 'NONE',  ( 0.2750000000001040501, 0.8849999999999652589, 0.6512489600658635247 ) ) ;
#3860 = CARTESIAN_POINT ( 'NONE',  ( -0.7999999999999447553, 0.7350000000000022071, 0.3661001511471345116 ) ) ;
#3861 = ORIENTED_EDGE ( 'NONE', *, *, #5012, .F. ) ;
#3862 = STYLED_ITEM ( 'NONE', ( #1209 ), #1582 ) ;
#3863 = CARTESIAN_POINT ( 'NONE',  ( -0.2810282655130131868, 0.6850000000000001643, 0.5414850678830824826 ) ) ;
#3864 = DIRECTION ( 'NONE',  ( -1.000000000000000000, 0.000000000000000000, 0.000000000000000000 ) ) ;
#3865 = CARTESIAN_POINT ( 'NONE',  ( -0.2234881854953270075, 1.064140335611859944, 0.6667010593275519703 ) ) ;
#3866 = VERTEX_POINT ( 'NONE', #3368 ) ;
#3867 = CARTESIAN_POINT ( 'NONE',  ( -0.2750000000007341572, 1.079851293506024046, -0.8800760614473465138 ) ) ;
#3868 = CARTESIAN_POINT ( 'NONE',  ( -0.2749999999999124256, 1.061841228341404930, 0.6009812066257235186 ) ) ;
#3869 = VECTOR ( 'NONE', #4848, 1000.000000000000000 ) ;
#3870 = DIRECTION ( 'NONE',  ( -1.000000000000000000, 0.000000000000000000, 0.000000000000000000 ) ) ;
#3871 = CARTESIAN_POINT ( 'NONE',  ( 0.8000000000000880851, 1.036000000000000032, -0.09999999999998010480 ) ) ;
#3872 = EDGE_CURVE ( 'NONE', #1858, #4423, #4584, .T. ) ;
#3873 = DIRECTION ( 'NONE',  ( 1.000000000000000000, 0.000000000000000000, 0.000000000000000000 ) ) ;
#3874 = EDGE_LOOP ( 'NONE', ( #3788, #3508, #1350, #3139 ) ) ;
#3875 = DIRECTION ( 'NONE',  ( -1.000000000000000000, 9.694042953988801314E-15, 0.000000000000000000 ) ) ;
#3876 = CARTESIAN_POINT ( 'NONE',  ( -2.058132317750750229, 1.135999999999979471, -0.9216907394351788740 ) ) ;
#3877 = UNCERTAINTY_MEASURE_WITH_UNIT (LENGTH_MEASURE( 1.000000000000000082E-05 ), #5175, 'distance_accuracy_value', 'NONE');
#3878 = CARTESIAN_POINT ( 'NONE',  ( -0.7453173107219996929, 1.084999999999999742, 0.3089184247443645392 ) ) ;
#3879 = LINE ( 'NONE', #3046, #3364 ) ;
#3880 = VECTOR ( 'NONE', #2666, 1000.000000000000000 ) ;
#3881 = CARTESIAN_POINT ( 'NONE',  ( 0.9722938510205215712, 1.134999999999999787, -1.614808458937344815 ) ) ;
#3882 = EDGE_CURVE ( 'NONE', #700, #4441, #3879, .T. ) ;
#3883 = CARTESIAN_POINT ( 'NONE',  ( 8.722406477645883172E-14, 0.04999999999999672762, 1.899999999999945288 ) ) ;
#3884 = SURFACE_STYLE_FILL_AREA ( #220 ) ;
#3885 = EDGE_LOOP ( 'NONE', ( #5332, #164 ) ) ;
#3886 = CARTESIAN_POINT ( 'NONE',  ( -0.6669192384846247545, 0.6850000000000001643, 0.1138007132188755821 ) ) ;
#3887 = CARTESIAN_POINT ( 'NONE',  ( 0.09012950952826966067, 0.6350000000000001199, 0.5999998275746245557 ) ) ;
#3888 = CARTESIAN_POINT ( 'NONE',  ( -0.7499999999999118483, 1.036000000000000254, -0.5375404864067300226 ) ) ;
#3889 = EDGE_LOOP ( 'NONE', ( #2753, #1135, #1552, #3253 ) ) ;
#3890 = EDGE_CURVE ( 'NONE', #1654, #316, #5117, .T. ) ;
#3891 = DIRECTION ( 'NONE',  ( 1.000000000000000000, 0.000000000000000000, 0.000000000000000000 ) ) ;
#3892 = AXIS2_PLACEMENT_3D ( 'NONE', #489, #4995, #3388 ) ;
#3893 = DIRECTION ( 'NONE',  ( -1.000000000000000000, 1.067688588976011295E-16, 0.000000000000000000 ) ) ;
#3894 = ORIENTED_EDGE ( 'NONE', *, *, #1853, .T. ) ;
#3895 = EDGE_CURVE ( 'NONE', #3802, #1901, #761, .T. ) ;
#3896 = ORIENTED_EDGE ( 'NONE', *, *, #2053, .T. ) ;
#3897 = CARTESIAN_POINT ( 'NONE',  ( -0.2749999999999124256, 1.045419222028865169, 0.5982038609142551477 ) ) ;
#3898 = DIRECTION ( 'NONE',  ( 0.000000000000000000, 0.000000000000000000, 1.000000000000000000 ) ) ;
#3899 = CARTESIAN_POINT ( 'NONE',  ( 0.4704578651077480078, 0.8346666666666350265, 0.7007046722347819445 ) ) ;
#3900 = CARTESIAN_POINT ( 'NONE',  ( 0.7578316719120867795, 1.059087827283925920, -0.3750000000126221256 ) ) ;
#3901 = ORIENTED_EDGE ( 'NONE', *, *, #1281, .F. ) ;
#3902 = FACE_OUTER_BOUND ( 'NONE', #2363, .T. ) ;
#3903 = ORIENTED_EDGE ( 'NONE', *, *, #1913, .T. ) ;
#3904 = VECTOR ( 'NONE', #4400, 1000.000000000000000 ) ;
#3905 = FACE_OUTER_BOUND ( 'NONE', #2042, .T. ) ;
#3906 = CARTESIAN_POINT ( 'NONE',  ( -0.7713752796915962495, 1.084999999999999964, 0.2602387948263152895 ) ) ;
#3907 = LINE ( 'NONE', #158, #1262 ) ;
#3908 = CARTESIAN_POINT ( 'NONE',  ( -0.3522938510193291406, 1.135000000000000009, -1.614808458937980085 ) ) ;
#3909 = PLANE ( 'NONE',  #1801 ) ;
#3910 = LINE ( 'NONE', #3583, #5091 ) ;
#3911 = VERTEX_POINT ( 'NONE', #2579 ) ;
#3912 = CARTESIAN_POINT ( 'NONE',  ( -0.5759909698413551160, 0.6850000000000001643, -0.5030211917952195355 ) ) ;
#3913 = DIRECTION ( 'NONE',  ( 0.000000000000000000, 0.000000000000000000, 1.000000000000000000 ) ) ;
#3914 = SURFACE_STYLE_FILL_AREA ( #5205 ) ;
#3915 = EDGE_LOOP ( 'NONE', ( #3979, #3764, #1982, #3032 ) ) ;
#3916 = CARTESIAN_POINT ( 'NONE',  ( 0.2750000000007006840, 0.8850000000000001199, 0.5977642868473939108 ) ) ;
#3917 = CARTESIAN_POINT ( 'NONE',  ( 0.4925302634026459403, 1.086390280905779937, -0.8114530552511141082 ) ) ;
#3918 = EDGE_LOOP ( 'NONE', ( #1790, #845 ) ) ;
#3919 = LINE ( 'NONE', #2184, #1187 ) ;
#3920 = VERTEX_POINT ( 'NONE', #2994 ) ;
#3921 = EDGE_CURVE ( 'NONE', #3724, #5398, #82, .T. ) ;
#3922 = CARTESIAN_POINT ( 'NONE',  ( 0.2450843479562630212, 1.135673141037540024, -0.8526001130226318336 ) ) ;
#3923 = LINE ( 'NONE', #2234, #54 ) ;
#3924 = EDGE_CURVE ( 'NONE', #4827, #4907, #3774, .T. ) ;
#3925 = CARTESIAN_POINT ( 'NONE',  ( 1.350000000000090239, 0.6096000000002242958, 1.900000000000019895 ) ) ;
#3926 = ORIENTED_EDGE ( 'NONE', *, *, #1611, .T. ) ;
#3927 = CARTESIAN_POINT ( 'NONE',  ( -0.001121954320004949933, 0.9353333333332719546, 0.6499991608118790287 ) ) ;
#3928 = ORIENTED_EDGE ( 'NONE', *, *, #3722, .T. ) ;
#3929 = DIRECTION ( 'NONE',  ( 0.000000000000000000, 0.000000000000000000, -1.000000000000000000 ) ) ;
#3930 = SURFACE_SIDE_STYLE ('',( #4454 ) ) ;
#3931 = FACE_OUTER_BOUND ( 'NONE', #4381, .T. ) ;
#3932 = CARTESIAN_POINT ( 'NONE',  ( 0.1110655488791151557, 0.6349999999999997868, -0.7937305858231019640 ) ) ;
#3933 = CARTESIAN_POINT ( 'NONE',  ( 6.242140138112970051E-11, 0.8120000000000000551, 0.2705057616489510153 ) ) ;
#3934 = CARTESIAN_POINT ( 'NONE',  ( -0.3180883206419120590, 0.3456317290546180310, -0.2864081188575030579 ) ) ;
#3935 = EDGE_CURVE ( 'NONE', #4770, #3286, #4710, .T. ) ;
#3936 = ORIENTED_EDGE ( 'NONE', *, *, #4137, .F. ) ;
#3937 = DIRECTION ( 'NONE',  ( 1.000000000000000000, -1.374056532155380592E-14, 5.367965283551792581E-16 ) ) ;
#3938 = FACE_OUTER_BOUND ( 'NONE', #4661, .T. ) ;
#3939 = ORIENTED_EDGE ( 'NONE', *, *, #3785, .F. ) ;
#3940 = CARTESIAN_POINT ( 'NONE',  ( 0.09265138488078024370, 0.8850000000000003419, 0.6499999999999075406 ) ) ;
#3941 =( NAMED_UNIT ( * ) SI_UNIT ( $, .STERADIAN. ) SOLID_ANGLE_UNIT ( ) );
#3942 = EDGE_LOOP ( 'NONE', ( #4438, #4646, #3352, #264 ) ) ;
#3943 = CARTESIAN_POINT ( 'NONE',  ( 0.2749999999877731360, 1.084999999999952669, 0.7042853970640868821 ) ) ;
#3944 = CARTESIAN_POINT ( 'NONE',  ( -0.2749999999999120925, 1.082832106213753809, 0.6108414964689513615 ) ) ;
#3945 = DIRECTION ( 'NONE',  ( -1.000000000000000000, 2.333646937971015559E-15, -6.092980583483539501E-17 ) ) ;
#3946 = CARTESIAN_POINT ( 'NONE',  ( 0.9684995803670559678, 1.135999999999980137, -1.617237147854340362 ) ) ;
#3947 = EDGE_CURVE ( 'NONE', #4394, #2545, #2524, .T. ) ;
#3948 = B_SPLINE_CURVE_WITH_KNOTS ( 'NONE', 3,
 ( #3637, #3712, #1976, #4874, #5380, #4564, #822, #2490, #409, #2085, #1536, #1124, #4594, #4182, #4211, #5406 ),
 .UNSPECIFIED., .F., .F.,
 ( 4, 3, 3, 3, 3, 4 ),
 ( 0.000000000000000000, 3.191745368818958917E-05, 6.376876461063884518E-05, 9.662558674146765828E-05, 0.0001316477528765037973, 0.0001612517886005439749 ),
 .UNSPECIFIED. ) ;
#3949 = VECTOR ( 'NONE', #5031, 1000.000000000000000 ) ;
#3950 = CARTESIAN_POINT ( 'NONE',  ( 0.2750000000000880074, 1.110000000000000098, -1.349999999999980105 ) ) ;
#3951 = ORIENTED_EDGE ( 'NONE', *, *, #5233, .F. ) ;
#3952 = CARTESIAN_POINT ( 'NONE',  ( 0.7500000000000880407, 0.9353333333332719546, 0.3375404864067649280 ) ) ;
#3953 = ORIENTED_EDGE ( 'NONE', *, *, #5309, .F. ) ;
#3954 = CARTESIAN_POINT ( 'NONE',  ( -0.9684995803668789982, 1.135999999999989907, -1.617237147854340362 ) ) ;
#3955 = CARTESIAN_POINT ( 'NONE',  ( 0.3175000000001069189, 0.1770000000000000462, -0.09999999999872170864 ) ) ;
#3956 = DIRECTION ( 'NONE',  ( 1.000000000000000000, 0.000000000000000000, 0.000000000000000000 ) ) ;
#3957 = CARTESIAN_POINT ( 'NONE',  ( 0.6991495152711530991, 0.6850072337659981470, -0.09999999999998009093 ) ) ;
#3958 = CARTESIAN_POINT ( 'NONE',  ( -0.5715009707865450483, 0.7597945045706789857, -0.1000074180188910006 ) ) ;
#3959 = CARTESIAN_POINT ( 'NONE',  ( 0.3329740726216992019, 0.6849999999999999423, 0.4714999999439645206 ) ) ;
#3960 = LINE ( 'NONE', #968, #4556 ) ;
#3961 =( BOUNDED_SURFACE ( )  B_SPLINE_SURFACE ( 3, 3, ( 
 ( #1607, #3633, #1195, #4125 ),
 ( #297, #3247, #1583, #4917 ),
 ( #4974, #4476, #1121, #2855 ),
 ( #735, #3225, #377, #3307 ),
 ( #5327, #352, #1222, #820 ),
 ( #2382, #5379, #4150, #4455 ),
 ( #3743, #4944, #2002, #405 ) ),
 .UNSPECIFIED., .F., .F., .T. ) 
 B_SPLINE_SURFACE_WITH_KNOTS ( ( 4, 3, 4 ),
 ( 4, 4 ),
 ( 0.04153217745765429986, 1.000000000000000000, 1.958467822542349968 ),
 ( 0.1239999999999999991, 0.4259999999999060094 ),
 .UNSPECIFIED. ) 
 GEOMETRIC_REPRESENTATION_ITEM ( )  RATIONAL_B_SPLINE_SURFACE ( (
 ( 1.157445070597149961, 1.157445070597149961, 1.157445070597149961, 1.157445070597149961),
 ( 0.9380097739191799455, 0.9380097739191799455, 0.9380097739191799455, 0.9380097739191799455),
 ( 0.9479489945514639748, 0.9479489945514639748, 0.9479489945514639748, 0.9479489945514639748),
 ( 1.187262732493999939, 1.187262732493999939, 1.187262732493999939, 1.187262732493999939),
 ( 0.9479489945514639748, 0.9479489945514639748, 0.9479489945514639748, 0.9479489945514639748),
 ( 0.9380097739191799455, 0.9380097739191799455, 0.9380097739191799455, 0.9380097739191799455),
 ( 1.157445070597149961, 1.157445070597149961, 1.157445070597149961, 1.157445070597149961) ) ) 
 REPRESENTATION_ITEM ( '' )  SURFACE ( )  );
#3962 = ORIENTED_EDGE ( 'NONE', *, *, #618, .F. ) ;
#3963 = VECTOR ( 'NONE', #4736, 1000.000000000000000 ) ;
#3964 = DIRECTION ( 'NONE',  ( 0.000000000000000000, -1.000000000000000000, 0.000000000000000000 ) ) ;
#3965 = DIRECTION ( 'NONE',  ( 0.000000000000000000, 1.000000000000000000, 4.308088102592759102E-15 ) ) ;
#3966 = VERTEX_POINT ( 'NONE', #500 ) ;
#3967 = EDGE_CURVE ( 'NONE', #4617, #885, #2139, .T. ) ;
#3968 = CARTESIAN_POINT ( 'NONE',  ( 0.1849881299985070282, 0.1770048647585190649, -0.4175000001150160345 ) ) ;
#3969 = VECTOR ( 'NONE', #2465, 1000.000000000000000 ) ;
#3970 = SURFACE_STYLE_USAGE ( .BOTH. , #255 ) ;
#3971 = EDGE_LOOP ( 'NONE', ( #3023, #804, #3101, #1443 ) ) ;
#3972 = EDGE_CURVE ( 'NONE', #460, #4528, #1393, .T. ) ;
#3973 = LINE ( 'NONE', #3569, #4070 ) ;
#3974 = CARTESIAN_POINT ( 'NONE',  ( -0.7918191288891177626, 1.135000000000177423, -0.3749999999999801825 ) ) ;
#3975 = CARTESIAN_POINT ( 'NONE',  ( -0.4095695390211062659, 1.084999999999999742, -0.8489062943111960191 ) ) ;
#3976 = PLANE ( 'NONE',  #4074 ) ;
#3977 = CIRCLE ( 'NONE', #1890, 0.02539999999967644181 ) ;
#3978 = CARTESIAN_POINT ( 'NONE',  ( -0.5184942383073432026, 0.8120000000000001661, -0.09999327000464089399 ) ) ;
#3979 = ORIENTED_EDGE ( 'NONE', *, *, #4730, .T. ) ;
#3980 = PRESENTATION_LAYER_ASSIGNMENT (  '', '', ( #2158 ) ) ;
#3981 = CARTESIAN_POINT ( 'NONE',  ( 8.500145032286354763E-14, 1.084999999999999964, -1.614808458937980085 ) ) ;
#3982 = ORIENTED_EDGE ( 'NONE', *, *, #4958, .F. ) ;
#3983 = AXIS2_PLACEMENT_3D ( 'NONE', #4053, #1987, #746 ) ;
#3984 = CARTESIAN_POINT ( 'NONE',  ( -1.350999999999910051, 0.6477000000000000535, 1.875600000000019918 ) ) ;
#3985 = UNCERTAINTY_MEASURE_WITH_UNIT (LENGTH_MEASURE( 1.000000000000000082E-05 ), #1284, 'distance_accuracy_value', 'NONE');
#3986 = VECTOR ( 'NONE', #4773, 1000.000000000000000 ) ;
#3987 = DIRECTION ( 'NONE',  ( 1.000000000000000000, -7.035971055112086514E-15, -7.035971055103585749E-15 ) ) ;
#3988 = CARTESIAN_POINT ( 'NONE',  ( 0.2750000000000880074, 1.084999999999999964, -1.349999999999980327 ) ) ;
#3989 = CARTESIAN_POINT ( 'NONE',  ( 8.832363197406904263E-14, 0.6350000000085561647, -0.7999987205234633247 ) ) ;
#3990 = VECTOR ( 'NONE', #380, 1000.000000000000000 ) ;
#3991 = SURFACE_STYLE_FILL_AREA ( #5197 ) ;
#3992 = EDGE_CURVE ( 'NONE', #4605, #2016, #2551, .T. ) ;
#3993 = CARTESIAN_POINT ( 'NONE',  ( 0.3180883206433259835, 0.3456317290546180310, -0.2864081188562799252 ) ) ;
#3994 = SURFACE_SIDE_STYLE ('',( #3884 ) ) ;
#3995 = EDGE_CURVE ( 'NONE', #3116, #4472, #4186, .T. ) ;
#3996 = ORIENTED_EDGE ( 'NONE', *, *, #3443, .T. ) ;
#3997 = CARTESIAN_POINT ( 'NONE',  ( 0.6977642868476879867, 1.009999999999999343, -0.3749999999999800160 ) ) ;
#3998 =( GEOMETRIC_REPRESENTATION_CONTEXT ( 3 ) GLOBAL_UNCERTAINTY_ASSIGNED_CONTEXT ( ( #4708 ) ) GLOBAL_UNIT_ASSIGNED_CONTEXT ( ( #5362, #1300, #3345 ) ) REPRESENTATION_CONTEXT ( 'NONE', 'WORKASPACE' ) );
#3999 = FACE_OUTER_BOUND ( 'NONE', #3942, .T. ) ;
#4000 = VERTEX_POINT ( 'NONE', #1762 ) ;
#4001 = CARTESIAN_POINT ( 'NONE',  ( 1.295183384698765039, 1.084999999999999964, 1.149999999999784972 ) ) ;
#4002 =( BOUNDED_SURFACE ( )  B_SPLINE_SURFACE ( 3, 3, ( 
 ( #4294, #3445, #4787, #3954 ),
 ( #1808, #575, #5225, #3876 ),
 ( #129, #154, #987, #1783 ),
 ( #2658, #2243, #3496, #2743 ) ),
 .UNSPECIFIED., .F., .F., .T. ) 
 B_SPLINE_SURFACE_WITH_KNOTS ( ( 4, 4 ),
 ( 4, 4 ),
 ( 1.258773404921510020, 1.952662636853990108 ),
 ( -0.0009999999998622950692, 0.05099999999986089966 ),
 .UNSPECIFIED. ) 
 GEOMETRIC_REPRESENTATION_ITEM ( )  RATIONAL_B_SPLINE_SURFACE ( (
 ( 1.112733496852589932, 1.112733496852589932, 1.112733496852589932, 1.112733496852589932),
 ( 0.8965479376034549697, 0.8965479376034549697, 0.8965479376034549697, 0.8965479376034549697),
 ( 0.9912916762069640120, 0.9912916762069640120, 0.9912916762069640120, 0.9912916762069640120),
 ( 1.396964712663119945, 1.396964712663119945, 1.396964712663119945, 1.396964712663119945) ) ) 
 REPRESENTATION_ITEM ( '' )  SURFACE ( )  );
#4003 = CARTESIAN_POINT ( 'NONE',  ( -0.2750000000005251022, 0.8850000000000001199, 0.5977642868473945770 ) ) ;
#4004 = ORIENTED_EDGE ( 'NONE', *, *, #4071, .F. ) ;
#4005 = CARTESIAN_POINT ( 'NONE',  ( -0.2750000000000218381, 1.035000000000009246, 0.6512489600658165623 ) ) ;
#4006 = VERTEX_POINT ( 'NONE', #4273 ) ;
#4007 = CARTESIAN_POINT ( 'NONE',  ( -0.7009812066254121898, 1.061841228341114274, -0.3749999999999802380 ) ) ;
#4008 = CARTESIAN_POINT ( 'NONE',  ( -0.3174984271626489774, 0.1748951871637630107, -0.1009993744056089937 ) ) ;
#4009 = CARTESIAN_POINT ( 'NONE',  ( -6.224532000942420238E-11, 0.8120000000000000551, -0.4705057616489109473 ) ) ;
#4010 = ORIENTED_EDGE ( 'NONE', *, *, #2772, .F. ) ;
#4011 = CARTESIAN_POINT ( 'NONE',  ( 0.4410542485385600675, 1.036000000000000032, 0.6506606302200270697 ) ) ;
#4012 = ORIENTED_EDGE ( 'NONE', *, *, #4812, .T. ) ;
#4013 = DIRECTION ( 'NONE',  ( 1.000000000000000000, -0.000000000000000000, -0.000000000000000000 ) ) ;
#4014 = CARTESIAN_POINT ( 'NONE',  ( -0.2749999999999119815, 0.8839999999999990088, -1.350999999999979995 ) ) ;
#4015 = CARTESIAN_POINT ( 'NONE',  ( -1.799999999999910338, 0.5850000000000220579, 1.850000000000205480 ) ) ;
#4016 = PLANE ( 'NONE',  #4407 ) ;
#4017 = FACE_OUTER_BOUND ( 'NONE', #654, .T. ) ;
#4018 = CARTESIAN_POINT ( 'NONE',  ( 0.4000000000000880074, 0.6350000000000000089, 1.862300000000020050 ) ) ;
#4019 = CARTESIAN_POINT ( 'NONE',  ( 0.1854929580210959994, 0.1748951871637640099, -0.4174999999999799427 ) ) ;
#4020 = EDGE_CURVE ( 'NONE', #5202, #1667, #528, .T. ) ;
#4021 = ORIENTED_EDGE ( 'NONE', *, *, #1954, .T. ) ;
#4022 = AXIS2_PLACEMENT_3D ( 'NONE', #4169, #13, #2098 ) ;
#4023 = CARTESIAN_POINT ( 'NONE',  ( 0.2750000000000880074, 1.135000000000000009, -1.073882143423779967 ) ) ;
#4024 = DIRECTION ( 'NONE',  ( -0.000000000000000000, -1.000000000000000000, -0.000000000000000000 ) ) ;
#4025 = ORIENTED_EDGE ( 'NONE', *, *, #3128, .T. ) ;
#4026 = CARTESIAN_POINT ( 'NONE',  ( -0.7744803497845480500, 1.076757051599408044, -0.3749999999999802380 ) ) ;
#4027 = ADVANCED_BREP_SHAPE_REPRESENTATION ( 'tc33x-2-104e', ( #3723, #2291 ), #5086 ) ;
#4028 = VERTEX_POINT ( 'NONE', #2112 ) ;
#4029 = CARTESIAN_POINT ( 'NONE',  ( -0.2750000000267378564, 1.059087827270746685, 0.6578316719039515315 ) ) ;
#4030 = LINE ( 'NONE', #4852, #5388 ) ;
#4031 = DIRECTION ( 'NONE',  ( -0.000000000000000000, -1.000000000000000000, -0.000000000000000000 ) ) ;
#4032 = VERTEX_POINT ( 'NONE', #5248 ) ;
#4033 = CARTESIAN_POINT ( 'NONE',  ( 0.2589798341888370214, 0.8120000000000002771, -0.5445000000435310517 ) ) ;
#4034 = ORIENTED_EDGE ( 'NONE', *, *, #5266, .T. ) ;
#4035 = CARTESIAN_POINT ( 'NONE',  ( -0.001121954320004949933, 0.8346666666666350265, -0.8499991608118390163 ) ) ;
#4036 = ORIENTED_EDGE ( 'NONE', *, *, #696, .T. ) ;
#4037 = FILL_AREA_STYLE_COLOUR ( '', #5096 ) ;
#4038 = EDGE_CURVE ( 'NONE', #4000, #3485, #2660, .T. ) ;
#4039 = VECTOR ( 'NONE', #34, 1000.000000000000000 ) ;
#4040 = DIRECTION ( 'NONE',  ( -0.000000000000000000, -0.000000000000000000, -1.000000000000000000 ) ) ;
#4041 = LINE ( 'NONE', #1562, #3022 ) ;
#4042 = DIRECTION ( 'NONE',  ( 0.000000000000000000, 1.000000000000000000, 0.000000000000000000 ) ) ;
#4043 = CARTESIAN_POINT ( 'NONE',  ( 0.4381850244698926589, 1.135000000000000009, 0.6283589053937344016 ) ) ;
#4044 = LINE ( 'NONE', #5306, #3086 ) ;
#4045 = APPLICATION_PROTOCOL_DEFINITION ( 'draft international standard', 'automotive_design', 1998, #3500 ) ;
#4046 = CARTESIAN_POINT ( 'NONE',  ( -0.3999999999999120370, 0.02031999999956532466, 1.874600000000052669 ) ) ;
#4047 = DIRECTION ( 'NONE',  ( -1.000000000000000000, 0.000000000000000000, 0.000000000000000000 ) ) ;
#4048 = EDGE_CURVE ( 'NONE', #905, #3407, #4789, .T. ) ;
#4049 = ORIENTED_EDGE ( 'NONE', *, *, #3319, .T. ) ;
#4050 = CARTESIAN_POINT ( 'NONE',  ( -0.4565362561601980507, -0.01669986628942530735, -0.3688606275408859991 ) ) ;
#4051 = CARTESIAN_POINT ( 'NONE',  ( 1.800000000000089972, 0.3175000000000000044, 1.900000000000020117 ) ) ;
#4052 = ORIENTED_EDGE ( 'NONE', *, *, #823, .F. ) ;
#4053 = CARTESIAN_POINT ( 'NONE',  ( -0.4199999999999120548, -0.001000000000000000021, -1.900999999999980261 ) ) ;
#4054 = ORIENTED_EDGE ( 'NONE', *, *, #4310, .F. ) ;
#4055 = CARTESIAN_POINT ( 'NONE',  ( -0.7252450083425602267, 1.102868015459304241, -0.3749999999999800160 ) ) ;
#4056 = CARTESIAN_POINT ( 'NONE',  ( 0.3522938510195880446, 1.109999999999999876, -1.614808458937980085 ) ) ;
#4057 = VERTEX_POINT ( 'NONE', #4319 ) ;
#4058 = AXIS2_PLACEMENT_3D ( 'NONE', #3145, #1069, #2746 ) ;
#4059 = EDGE_CURVE ( 'NONE', #1665, #2925, #1047, .T. ) ;
#4060 = CARTESIAN_POINT ( 'NONE',  ( 0.2749999999877731360, 1.084999999999952669, 0.7042853970640868821 ) ) ;
#4061 = CARTESIAN_POINT ( 'NONE',  ( -0.4444999999624980602, 0.8120000000000000551, -0.09999423044131401650 ) ) ;
#4062 = EDGE_LOOP ( 'NONE', ( #2012, #710, #4758, #877 ) ) ;
#4063 = CARTESIAN_POINT ( 'NONE',  ( -0.3999999999999119260, 0.6350000000000085576, 1.850000000000023404 ) ) ;
#4064 = VECTOR ( 'NONE', #529, 1000.000000000000000 ) ;
#4065 = ORIENTED_EDGE ( 'NONE', *, *, #3972, .T. ) ;
#4066 = CARTESIAN_POINT ( 'NONE',  ( -1.249999999999910072, 1.084999999999999964, -0.3749999999999799605 ) ) ;
#4067 = CARTESIAN_POINT ( 'NONE',  ( 0.4000000000000878964, 0.5850000000000026290, 1.899999999999982370 ) ) ;
#4068 = CARTESIAN_POINT ( 'NONE',  ( -1.349999999999909939, 0.03515999999999999681, 1.900000000000019895 ) ) ;
#4069 = CARTESIAN_POINT ( 'NONE',  ( 0.6999352744130319381, 0.6350000000000002309, -0.1877373266161231902 ) ) ;
#4070 = VECTOR ( 'NONE', #257, 1000.000000000000000 ) ;
#4071 = EDGE_CURVE ( 'NONE', #4745, #1055, #1018, .T. ) ;
#4072 = CARTESIAN_POINT ( 'NONE',  ( 0.3999999999999341860, 0.6413500000000001977, 1.099999999999731637 ) ) ;
#4073 = DIRECTION ( 'NONE',  ( -0.7071067811865358044, 0.000000000000000000, -0.7071067811865592301 ) ) ;
#4074 = AXIS2_PLACEMENT_3D ( 'NONE', #2445, #1204, #2034 ) ;
#4075 = DIRECTION ( 'NONE',  ( 1.000000000000000000, 0.000000000000000000, 0.000000000000000000 ) ) ;
#4076 =( LENGTH_UNIT ( ) NAMED_UNIT ( * ) SI_UNIT ( .MILLI., .METRE. ) );
#4077 = VERTEX_POINT ( 'NONE', #4838 ) ;
#4078 = CARTESIAN_POINT ( 'NONE',  ( -0.7512489600658478484, 1.035000000000170006, -0.3749999999999882871 ) ) ;
#4079 = CARTESIAN_POINT ( 'NONE',  ( -0.001196751274677779892, 0.9353333333332719546, -0.8999991048659591319 ) ) ;
#4080 = VECTOR ( 'NONE', #4365, 1000.000000000000000 ) ;
#4081 = DIRECTION ( 'NONE',  ( -0.000000000000000000, -0.000000000000000000, 1.000000000000000000 ) ) ;
#4082 = ORIENTED_EDGE ( 'NONE', *, *, #1764, .F. ) ;
#4083 = FILL_AREA_STYLE_COLOUR ( '', #4945 ) ;
#4084 = CARTESIAN_POINT ( 'NONE',  ( -0.7169912149406104662, 1.093362294460684003, -0.3749999999999796829 ) ) ;
#4085 = LINE ( 'NONE', #1934, #1276 ) ;
#4086 = ORIENTED_EDGE ( 'NONE', *, *, #3268, .T. ) ;
#4087 = EDGE_CURVE ( 'NONE', #1183, #787, #1420, .T. ) ;
#4088 = ORIENTED_EDGE ( 'NONE', *, *, #2707, .T. ) ;
#4089 = ORIENTED_EDGE ( 'NONE', *, *, #108, .F. ) ;
#4090 = CARTESIAN_POINT ( 'NONE',  ( 0.5714999999412320175, 0.6849983515546409496, -0.09999258199365559929 ) ) ;
#4091 = ORIENTED_EDGE ( 'NONE', *, *, #3882, .F. ) ;
#4092 = FACE_OUTER_BOUND ( 'NONE', #3650, .T. ) ;
#4093 = EDGE_CURVE ( 'NONE', #2874, #1077, #3907, .T. ) ;
#4094 = ORIENTED_EDGE ( 'NONE', *, *, #694, .F. ) ;
#4095 = CARTESIAN_POINT ( 'NONE',  ( 0.4095695390577968054, 1.135000000000000009, -0.8489062943781742199 ) ) ;
#4096 = DIRECTION ( 'NONE',  ( 0.000000000000000000, 0.000000000000000000, 1.000000000000000000 ) ) ;
#4097 = EDGE_CURVE ( 'NONE', #1183, #4635, #184, .T. ) ;
#4098 = CARTESIAN_POINT ( 'NONE',  ( 0.2750000000037452486, 1.128748614683614093, -0.8674127680825874931 ) ) ;
#4099 = CARTESIAN_POINT ( 'NONE',  ( -0.3175053581177297302, 0.1770000000000000462, -0.2869833746592974077 ) ) ;
#4100 = FACE_OUTER_BOUND ( 'NONE', #4132, .T. ) ;
#4101 = DIRECTION ( 'NONE',  ( 0.000000000000000000, 0.000000000000000000, 1.000000000000000000 ) ) ;
#4102 =( NAMED_UNIT ( * ) PLANE_ANGLE_UNIT ( ) SI_UNIT ( $, .RADIAN. ) );
#4103 = DIRECTION ( 'NONE',  ( 0.7071067811865592301, 0.000000000000000000, -0.7071067811865358044 ) ) ;
#4104 = ORIENTED_EDGE ( 'NONE', *, *, #3995, .T. ) ;
#4105 = CARTESIAN_POINT ( 'NONE',  ( 1.250000000000089484, 1.084999999999999964, -0.1295090612753300729 ) ) ;
#4106 = CARTESIAN_POINT ( 'NONE',  ( 0.8750000000000890399, 0.02032000000000000126, 1.900000000000019895 ) ) ;
#4107 = EDGE_CURVE ( 'NONE', #2761, #4770, #3727, .T. ) ;
#4108 = ORIENTED_EDGE ( 'NONE', *, *, #3822, .T. ) ;
#4109 = LINE ( 'NONE', #1681, #401 ) ;
#4110 = CARTESIAN_POINT ( 'NONE',  ( 0.4000000000000877853, -0.01778000000000000413, 1.874599999999998490 ) ) ;
#4111 = EDGE_LOOP ( 'NONE', ( #1231, #435, #1227, #4959 ) ) ;
#4112 = CARTESIAN_POINT ( 'NONE',  ( -0.7999999999909349624, 0.7350013423541470470, -0.5661054384229099457 ) ) ;
#4113 = EDGE_LOOP ( 'NONE', ( #3181, #318 ) ) ;
#4114 = EDGE_LOOP ( 'NONE', ( #1710, #3258, #3678, #573, #4665 ) ) ;
#4115 = PLANE ( 'NONE',  #4022 ) ;
#4116 = CARTESIAN_POINT ( 'NONE',  ( 0.01102230744270999742, 0.6844954867105920160, 0.6291474679616240184 ) ) ;
#4117 = ORIENTED_EDGE ( 'NONE', *, *, #4087, .T. ) ;
#4118 = CARTESIAN_POINT ( 'NONE',  ( 2.104500969821600176, 1.084999999999999964, 0.3114282486431743102 ) ) ;
#4119 = CARTESIAN_POINT ( 'NONE',  ( 0.2750000000007009060, 0.8850000000000001199, -0.7977642868473540094 ) ) ;
#4120 = VERTEX_POINT ( 'NONE', #3172 ) ;
#4121 = EDGE_CURVE ( 'NONE', #626, #1424, #4374, .T. ) ;
#4122 = DIRECTION ( 'NONE',  ( -0.000000000000000000, -0.000000000000000000, 1.000000000000000000 ) ) ;
#4123 = CARTESIAN_POINT ( 'NONE',  ( -0.2749999999999119815, 1.076460739496446495, -0.8067766461643516296 ) ) ;
#4124 = ORIENTED_EDGE ( 'NONE', *, *, #1250, .F. ) ;
#4125 = CARTESIAN_POINT ( 'NONE',  ( 0.001196751274854080272, 1.036000000000000032, -0.8999991048659591319 ) ) ;
#4126 = CARTESIAN_POINT ( 'NONE',  ( -0.3174999999999276179, 0.1770000000000000739, -0.1000000000007133377 ) ) ;
#4127 = CARTESIAN_POINT ( 'NONE',  ( 0.4000000000000880074, 0.6477000000000001645, 1.874600000000016253 ) ) ;
#4128 = EDGE_CURVE ( 'NONE', #2920, #3014, #4351, .T. ) ;
#4129 = VECTOR ( 'NONE', #1671, 1000.000000000000000 ) ;
#4130 = PLANE ( 'NONE',  #3212 ) ;
#4131 = CARTESIAN_POINT ( 'NONE',  ( -0.7512489600657498157, 0.8850000000000001199, -0.3749999999999886757 ) ) ;
#4132 = EDGE_LOOP ( 'NONE', ( #3732, #3346, #1995, #4466 ) ) ;
#4133 = CARTESIAN_POINT ( 'NONE',  ( -1.649999999999915090, 0.6350000000000000089, -1.749999999999979794 ) ) ;
#4134 = CARTESIAN_POINT ( 'NONE',  ( 0.3990000000000880065, 0.01932000000000000037, 1.900000000000019895 ) ) ;
#4135 = CARTESIAN_POINT ( 'NONE',  ( -1.799999999999909672, 0.000000000000000000, -1.599999999999980327 ) ) ;
#4136 = LINE ( 'NONE', #1326, #831 ) ;
#4137 = EDGE_CURVE ( 'NONE', #4164, #4239, #1921, .T. ) ;
#4138 = ORIENTED_EDGE ( 'NONE', *, *, #1090, .T. ) ;
#4139 = CARTESIAN_POINT ( 'NONE',  ( -0.8000007863405261821, 0.6764214516330990801, -0.09999999999998010480 ) ) ;
#4140 =( BOUNDED_SURFACE ( )  B_SPLINE_SURFACE ( 3, 3, ( 
 ( #926, #1307, #2597, #4263 ),
 ( #4644, #899, #2185, #1633 ),
 ( #2568, #487, #2156, #4968 ),
 ( #1215, #3922, #2207, #5158 ) ),
 .UNSPECIFIED., .F., .F., .T. ) 
 B_SPLINE_SURFACE_WITH_KNOTS ( ( 4, 4 ),
 ( 4, 4 ),
 ( 0.6035625945658880109, 0.9820186804745290043 ),
 ( 0.03569329353266519761, 0.9643067064661049459 ),
 .UNSPECIFIED. ) 
 GEOMETRIC_REPRESENTATION_ITEM ( )  RATIONAL_B_SPLINE_SURFACE ( (
 ( 1.205804656110039952, 0.9638425357787030467, 0.9638425357783829694, 1.205804656109080053),
 ( 1.275588342555060040, 1.019623117615310104, 1.019623117614969932, 1.275588342554039967),
 ( 1.472879750021180101, 1.177325154587709921, 1.177325154587320011, 1.472879750019999934),
 ( 1.797678878508399913, 1.436948646695920040, 1.436948646695439979, 1.797678878506959954) ) ) 
 REPRESENTATION_ITEM ( '' )  SURFACE ( )  );
#4141 = CARTESIAN_POINT ( 'NONE',  ( -0.9732938510194120152, 1.084000000000000075, -1.614808458937980085 ) ) ;
#4142 = DIRECTION ( 'NONE',  ( 0.000000000000000000, 1.000000000000000000, 0.000000000000000000 ) ) ;
#4143 = ORIENTED_EDGE ( 'NONE', *, *, #351, .F. ) ;
#4144 = CARTESIAN_POINT ( 'NONE',  ( 0.4714078311716310421, 1.084999999999999520, -0.8075620779686473183 ) ) ;
#4145 = CARTESIAN_POINT ( 'NONE',  ( 0.6669192384848166011, 0.6850000000000001643, -0.3138007132187613513 ) ) ;
#4146 = ORIENTED_EDGE ( 'NONE', *, *, #3397, .T. ) ;
#4147 = CARTESIAN_POINT ( 'NONE',  ( 3.760813882536240271E-11, 0.03025567659247449526, 0.2174943788383970067 ) ) ;
#4148 = CARTESIAN_POINT ( 'NONE',  ( 0.5124524118220560309, 1.084944679810410095, 0.6381839878226519547 ) ) ;
#4149 = ORIENTED_EDGE ( 'NONE', *, *, #2679, .T. ) ;
#4150 = CARTESIAN_POINT ( 'NONE',  ( -0.4704578651075709828, 0.9353333333332719546, 0.7007046722347819445 ) ) ;
#4151 = CARTESIAN_POINT ( 'NONE',  ( -0.7299999999999120526, 0.1000000000000000056, -2.049999999999979838 ) ) ;
#4152 = DIRECTION ( 'NONE',  ( 1.000000000000000000, -0.000000000000000000, -0.000000000000000000 ) ) ;
#4153 =( GEOMETRIC_REPRESENTATION_CONTEXT ( 3 ) GLOBAL_UNCERTAINTY_ASSIGNED_CONTEXT ( ( #155 ) ) GLOBAL_UNIT_ASSIGNED_CONTEXT ( ( #4474, #759, #3655 ) ) REPRESENTATION_CONTEXT ( 'NONE', 'WORKASPACE' ) );
#4154 = CARTESIAN_POINT ( 'NONE',  ( 0.4258727401026110582, 0.09900000000000050426, 0.6300000000000199885 ) ) ;
#4155 = ADVANCED_FACE ( 'NONE', ( #1533 ), #4016, .F. ) ;
#4156 = DIRECTION ( 'NONE',  ( -1.000000000000000000, 0.000000000000000000, 0.000000000000000000 ) ) ;
#4157 = AXIS2_PLACEMENT_3D ( 'NONE', #3182, #678, #2397 ) ;
#4158 = CARTESIAN_POINT ( 'NONE',  ( -0.4488440504600039738, 1.033861122575800096, -0.7426048837499872324 ) ) ;
#4159 = EDGE_CURVE ( 'NONE', #4827, #1990, #5226, .T. ) ;
#4160 = VERTEX_POINT ( 'NONE', #1945 ) ;
#4161 = FACE_OUTER_BOUND ( 'NONE', #2179, .T. ) ;
#4162 = FACE_OUTER_BOUND ( 'NONE', #305, .T. ) ;
#4163 = EDGE_CURVE ( 'NONE', #2553, #2316, #3018, .T. ) ;
#4164 = VERTEX_POINT ( 'NONE', #3198 ) ;
#4165 = DIRECTION ( 'NONE',  ( -1.000000000000000000, 0.000000000000000000, 0.000000000000000000 ) ) ;
#4166 = EDGE_LOOP ( 'NONE', ( #2958, #3057, #4932, #5220, #4470, #1999, #4012, #1412 ) ) ;
#4167 = DIRECTION ( 'NONE',  ( -1.000000000000000000, 0.000000000000000000, 0.000000000000000000 ) ) ;
#4168 = AXIS2_PLACEMENT_3D ( 'NONE', #1391, #212, #656 ) ;
#4169 = CARTESIAN_POINT ( 'NONE',  ( -0.3992928932188209989, -0.01878000000000000155, 1.313407106781300016 ) ) ;
#4170 = CARTESIAN_POINT ( 'NONE',  ( -0.7549536877172484672, 1.054166816734373846, 0.1750000000126620825 ) ) ;
#4171 = ORIENTED_EDGE ( 'NONE', *, *, #4048, .T. ) ;
#4172 = CARTESIAN_POINT ( 'NONE',  ( 0.4515701949671099835, 1.085000000000000187, -0.8201264690483041075 ) ) ;
#4173 = DIRECTION ( 'NONE',  ( 0.000000000000000000, 0.000000000000000000, 1.000000000000000000 ) ) ;
#4174 = EDGE_CURVE ( 'NONE', #118, #5340, #3120, .T. ) ;
#4175 = ORIENTED_EDGE ( 'NONE', *, *, #568, .F. ) ;
#4176 = CARTESIAN_POINT ( 'NONE',  ( -0.3174997368666809816, 0.03025567659247430444, 0.08698006424845079743 ) ) ;
#4177 =( BOUNDED_SURFACE ( )  B_SPLINE_SURFACE ( 3, 3, ( 
 ( #4210, #2135, #2547, #57 ),
 ( #467, #3797, #805, #2535 ),
 ( #4545, #2980, #3292, #4112 ),
 ( #2478, #3730, #4139, #3383 ),
 ( #3004, #3408, #1714, #390 ),
 ( #4960, #836, #451, #4196 ),
 ( #12, #5050, #2067, #2504 ) ),
 .UNSPECIFIED., .F., .F., .F. ) 
 B_SPLINE_SURFACE_WITH_KNOTS ( ( 4, 3, 4 ),
 ( 4, 4 ),
 ( 0.04252350326909520167, 1.000000000000000000, 1.957476496730899962 ),
 ( 0.04306566887151429962, 0.9569343311284760345 ),
 .UNSPECIFIED. ) 
 GEOMETRIC_REPRESENTATION_ITEM ( )  RATIONAL_B_SPLINE_SURFACE ( (
 ( 1.355241953936290100, 1.090605925912299989, 1.090605925912299989, 1.355241953936280108),
 ( 1.098977293338029959, 0.8843816744869810176, 0.8843816744869790192, 1.098977293338019967),
 ( 1.110887491141169914, 0.8939661861420250544, 0.8939661861420219457, 1.110887491141159922),
 ( 1.390972547345709964, 1.119359460877429990, 1.119359460877429990, 1.390972547345699972),
 ( 1.110887491141169914, 0.8939661861420250544, 0.8939661861420219457, 1.110887491141159922),
 ( 1.098977293338029959, 0.8843816744869810176, 0.8843816744869790192, 1.098977293338019967),
 ( 1.355241953936290100, 1.090605925912299989, 1.090605925912299989, 1.355241953936280108) ) ) 
 REPRESENTATION_ITEM ( '' )  SURFACE ( )  );
#4178 = DIRECTION ( 'NONE',  ( -1.000000000000000000, -2.333646937974095666E-15, -6.092980583288830140E-17 ) ) ;
#4179 = ORIENTED_EDGE ( 'NONE', *, *, #1139, .T. ) ;
#4180 = CARTESIAN_POINT ( 'NONE',  ( 0.2750000000000880074, 1.050547019364582280, -0.7990710914869352255 ) ) ;
#4181 =( NAMED_UNIT ( * ) PLANE_ANGLE_UNIT ( ) SI_UNIT ( $, .RADIAN. ) );
#4182 = CARTESIAN_POINT ( 'NONE',  ( -0.7843785050539078263, 1.133660481931626496, 0.1749999999994713840 ) ) ;
#4183 = CARTESIAN_POINT ( 'NONE',  ( 0.7347114869806570248, 1.110554996921848669, 0.1750000000000199452 ) ) ;
#4184 = DIRECTION ( 'NONE',  ( 0.000000000000000000, 0.000000000000000000, -1.000000000000000000 ) ) ;
#4185 = SURFACE_SIDE_STYLE ('',( #1288 ) ) ;
#4186 = LINE ( 'NONE', #4682, #3267 ) ;
#4187 = CARTESIAN_POINT ( 'NONE',  ( -0.3180883206429189758, 0.1748951871637630107, 0.08640811885652020796 ) ) ;
#4188 = ORIENTED_EDGE ( 'NONE', *, *, #5103, .T. ) ;
#4189 = ADVANCED_FACE ( 'NONE', ( #3931 ), #1477, .T. ) ;
#4190 = CARTESIAN_POINT ( 'NONE',  ( 8.801011135151082243E-14, 1.099999999999999867, -1.899999999999980149 ) ) ;
#4191 = CARTESIAN_POINT ( 'NONE',  ( 0.8750000000000890399, 0.6096000000000000307, 1.900000000000019895 ) ) ;
#4192 = ORIENTED_EDGE ( 'NONE', *, *, #2464, .F. ) ;
#4193 = LINE ( 'NONE', #420, #1455 ) ;
#4194 = PRESENTATION_STYLE_ASSIGNMENT (( #4957 ) ) ;
#4195 = VERTEX_POINT ( 'NONE', #2332 ) ;
#4196 = CARTESIAN_POINT ( 'NONE',  ( -0.4711464854834209737, 0.7350013423541470470, 0.7000061154811898501 ) ) ;
#4197 = ORIENTED_EDGE ( 'NONE', *, *, #4560, .F. ) ;
#4198 = DIRECTION ( 'NONE',  ( 1.000000000000000000, -0.000000000000000000, 0.000000000000000000 ) ) ;
#4199 = CARTESIAN_POINT ( 'NONE',  ( -0.5714999999450925960, 0.6849984649512627088, -0.1000000000008857554 ) ) ;
#4200 = ORIENTED_EDGE ( 'NONE', *, *, #3542, .T. ) ;
#4201 = LINE ( 'NONE', #1274, #1467 ) ;
#4202 = CARTESIAN_POINT ( 'NONE',  ( 8.817204817975764790E-14, 0.7350000000000003197, -0.8999999999999570566 ) ) ;
#4203 = VERTEX_POINT ( 'NONE', #3988 ) ;
#4204 = DIRECTION ( 'NONE',  ( -1.000000000000000000, -0.000000000000000000, -0.000000000000000000 ) ) ;
#4205 = CARTESIAN_POINT ( 'NONE',  ( 0.7759183221128680419, 1.032648626225250110, 0.09503659342180241498 ) ) ;
#4206 = VERTEX_POINT ( 'NONE', #244 ) ;
#4207 = ADVANCED_FACE ( 'NONE', ( #3580 ), #3961, .T. ) ;
#4208 =( BOUNDED_CURVE ( )  B_SPLINE_CURVE ( 3, ( #2613, #3836, #3860, #1766, #3452, #475, #3050 ),
 .UNSPECIFIED., .F., .F. ) 
 B_SPLINE_CURVE_WITH_KNOTS ( ( 4, 3, 4 ),
 ( 0.000000000000000000, 0.4999999999999987788, 1.000000000000000000 ),
 .UNSPECIFIED. ) 
 CURVE ( )  GEOMETRIC_REPRESENTATION_ITEM ( )  RATIONAL_B_SPLINE_CURVE ( ( 1.355227453723561126, 1.098971398569206448, 1.110883851724771221, 1.390964813190255445, 1.110883851724771221, 1.098971398569206670, 1.355227453723561126 ) ) 
 REPRESENTATION_ITEM ( '' )  );
#4209 = AXIS2_PLACEMENT_3D ( 'NONE', #558, #2220, #5148 ) ;
#4210 = CARTESIAN_POINT ( 'NONE',  ( 9.085895571026009668E-06, 0.6350000000089771612, -0.7999986575868339722 ) ) ;
#4211 = CARTESIAN_POINT ( 'NONE',  ( -0.7943751496714164251, 1.135000000000180753, 0.1750000000000202227 ) ) ;
#4212 = CARTESIAN_POINT ( 'NONE',  ( 0.7306430134142299915, 0.1670000000000320117, 0.3292928019108130044 ) ) ;
#4213 = DIRECTION ( 'NONE',  ( 0.000000000000000000, 0.000000000000000000, 1.000000000000000000 ) ) ;
#4214 = CARTESIAN_POINT ( 'NONE',  ( 0.7500000000000879297, 0.6350000000000000089, -0.9499999999999801936 ) ) ;
#4215 = VECTOR ( 'NONE', #3245, 1000.000000000000000 ) ;
#4216 = AXIS2_PLACEMENT_3D ( 'NONE', #3502, #5171, #4765 ) ;
#4217 = CARTESIAN_POINT ( 'NONE',  ( 0.7300000000000880229, 0.1000000000000000194, -1.074999999999980194 ) ) ;
#4218 = ORIENTED_EDGE ( 'NONE', *, *, #855, .T. ) ;
#4219 = LINE ( 'NONE', #4133, #3027 ) ;
#4220 = LINE ( 'NONE', #86, #5265 ) ;
#4221 = DIRECTION ( 'NONE',  ( 0.000000000000000000, -0.000000000000000000, 1.000000000000000000 ) ) ;
#4222 = EDGE_CURVE ( 'NONE', #399, #2211, #1972, .T. ) ;
#4223 = CARTESIAN_POINT ( 'NONE',  ( 0.3046735693329613581, 0.6350000000000001199, 0.5306985887928599155 ) ) ;
#4224 = DIRECTION ( 'NONE',  ( -2.845674993367979552E-15, -1.000000000000000000, 0.000000000000000000 ) ) ;
#4225 = ORIENTED_EDGE ( 'NONE', *, *, #4760, .F. ) ;
#4226 = VECTOR ( 'NONE', #4303, 1000.000000000000000 ) ;
#4227 = CARTESIAN_POINT ( 'NONE',  ( 0.4210000000000880260, -0.001000000000000000021, -1.899999999999980149 ) ) ;
#4228 = DIRECTION ( 'NONE',  ( 1.000000000000000000, -3.237552041734658537E-15, 0.000000000000000000 ) ) ;
#4229 = CARTESIAN_POINT ( 'NONE',  ( -9.606027084705245364E-11, 0.6850000000000007194, -0.6714999999999872182 ) ) ;
#4230 = EDGE_CURVE ( 'NONE', #4986, #4881, #5113, .T. ) ;
#4231 = CARTESIAN_POINT ( 'NONE',  ( 0.6576256809000837755, 1.085000000000000409, -0.6405202345406146858 ) ) ;
#4232 = DIRECTION ( 'NONE',  ( -1.000000000000000000, 0.000000000000000000, 0.000000000000000000 ) ) ;
#4233 = EDGE_LOOP ( 'NONE', ( #2626, #236, #4569, #838, #2693 ) ) ;
#4234 = EDGE_CURVE ( 'NONE', #3374, #5040, #3710, .T. ) ;
#4235 = CARTESIAN_POINT ( 'NONE',  ( 0.3174997369096140276, 0.03025567659247430097, 0.08698006417479602070 ) ) ;
#4236 = ADVANCED_FACE ( 'NONE', ( #5351 ), #5405, .T. ) ;
#4237 = STYLED_ITEM ( 'NONE', ( #3251 ), #3810 ) ;
#4238 = CARTESIAN_POINT ( 'NONE',  ( 0.7960983485895439804, 1.086427134029789965, 0.1001090907543440017 ) ) ;
#4239 = VERTEX_POINT ( 'NONE', #2408 ) ;
#4240 = DIRECTION ( 'NONE',  ( 0.000000000000000000, 0.000000000000000000, -1.000000000000000000 ) ) ;
#4241 = VECTOR ( 'NONE', #4504, 1000.000000000000000 ) ;
#4242 = VECTOR ( 'NONE', #3566, 1000.000000000000000 ) ;
#4243 = CARTESIAN_POINT ( 'NONE',  ( 8.815170815523740407E-14, 0.2009999999999990128, 0.6300000000000199885 ) ) ;
#4244 = CARTESIAN_POINT ( 'NONE',  ( -0.7999999999999118927, 0.8850000000000002309, -0.007809962941321758542 ) ) ;
#4245 = CARTESIAN_POINT ( 'NONE',  ( 0.6996493175715280399, 1.056424752479772078, -0.3749999999987123633 ) ) ;
#4246 = LINE ( 'NONE', #4274, #4684 ) ;
#4247 = EDGE_CURVE ( 'NONE', #2739, #1757, #4533, .T. ) ;
#4248 = AXIS2_PLACEMENT_3D ( 'NONE', #1702, #1110, #3649 ) ;
#4249 =( LENGTH_UNIT ( ) NAMED_UNIT ( * ) SI_UNIT ( .MILLI., .METRE. ) );
#4250 = CARTESIAN_POINT ( 'NONE',  ( 8.823045889930817149E-14, 0.8850000000000003419, -0.8999999999999684919 ) ) ;
#4251 = ORIENTED_EDGE ( 'NONE', *, *, #3992, .F. ) ;
#4252 = CARTESIAN_POINT ( 'NONE',  ( 0.4417054767104177659, 0.7350000000000035394, 0.6499999999999990230 ) ) ;
#4253 = VECTOR ( 'NONE', #5253, 1000.000000000000000 ) ;
#4254 = SURFACE_STYLE_USAGE ( .BOTH. , #3405 ) ;
#4255 = CARTESIAN_POINT ( 'NONE',  ( 0.4000000000000880074, 0.5973000000000000531, 1.900000000000019673 ) ) ;
#4256 = ORIENTED_EDGE ( 'NONE', *, *, #176, .T. ) ;
#4257 = MECHANICAL_DESIGN_GEOMETRIC_PRESENTATION_REPRESENTATION (  '', ( #758 ), #4339 ) ;
#4258 = CARTESIAN_POINT ( 'NONE',  ( -0.3999999999999119260, 0.3174999999999999489, 1.900000000000019895 ) ) ;
#4259 = CARTESIAN_POINT ( 'NONE',  ( 0.4711469485909610122, 0.6764214516330999682, -0.9000069018367909957 ) ) ;
#4260 = EDGE_LOOP ( 'NONE', ( #3791, #1657, #3414, #2222 ) ) ;
#4261 = DIRECTION ( 'NONE',  ( -0.3420201433254074774, 0.000000000000000000, 0.9396926207860034630 ) ) ;
#4262 = ORIENTED_EDGE ( 'NONE', *, *, #858, .T. ) ;
#4263 = CARTESIAN_POINT ( 'NONE',  ( 0.7143736345214419803, 1.033860492207939963, -0.3284295279598389294 ) ) ;
#4264 = CARTESIAN_POINT ( 'NONE',  ( 0.3499689022349606327, 0.6850000000000001643, 0.5139787109419066136 ) ) ;
#4265 = AXIS2_PLACEMENT_3D ( 'NONE', #4046, #698, #5307 ) ;
#4266 = DIRECTION ( 'NONE',  ( 0.000000000000000000, 0.000000000000000000, -1.000000000000000000 ) ) ;
#4267 = CARTESIAN_POINT ( 'NONE',  ( 0.2750000000000882294, 1.066448576536730419, 0.6032150559476259222 ) ) ;
#4268 = VECTOR ( 'NONE', #5054, 1000.000000000000000 ) ;
#4269 = ORIENTED_EDGE ( 'NONE', *, *, #2772, .T. ) ;
#4270 = LINE ( 'NONE', #1696, #3796 ) ;
#4271 = CARTESIAN_POINT ( 'NONE',  ( 0.4000000000000881184, 0.6350000000000000089, -0.02499999999998000696 ) ) ;
#4272 = CARTESIAN_POINT ( 'NONE',  ( -0.3276785911101253168, 1.085000000000000187, 0.6862736159565224758 ) ) ;
#4273 = CARTESIAN_POINT ( 'NONE',  ( -0.2749999999999120370, 1.135000000000000009, 1.150000000000019895 ) ) ;
#4274 = CARTESIAN_POINT ( 'NONE',  ( 8.500145032286354763E-14, 1.135000000000000009, -1.614808458937980085 ) ) ;
#4275 = CARTESIAN_POINT ( 'NONE',  ( -0.2749999999999130917, 1.135000000000130349, -0.9042853971072788433 ) ) ;
#4276 = CARTESIAN_POINT ( 'NONE',  ( -0.1755535730130341199, 0.6850000000000000533, -0.7780569004561322943 ) ) ;
#4277 = CARTESIAN_POINT ( 'NONE',  ( -0.7299999999999120526, -0.001000000000000170024, -2.050999999999980172 ) ) ;
#4278 = CARTESIAN_POINT ( 'NONE',  ( -0.4410542485383780464, 1.036000000000000032, 0.6506606302200318437 ) ) ;
#4279 = EDGE_LOOP ( 'NONE', ( #3303, #2705, #1163, #3926 ) ) ;
#4280 = EDGE_CURVE ( 'NONE', #68, #4745, #4041, .T. ) ;
#4281 = CARTESIAN_POINT ( 'NONE',  ( 1.350000000000090239, -0.005079999999999956078, 1.377029908129719926 ) ) ;
#4282 = CARTESIAN_POINT ( 'NONE',  ( 0.4122523842460190102, 0.6350000000089769392, 0.6000040086894490310 ) ) ;
#4283 = ORIENTED_EDGE ( 'NONE', *, *, #1730, .F. ) ;
#4284 = FILL_AREA_STYLE_COLOUR ( '', #1279 ) ;
#4285 = CARTESIAN_POINT ( 'NONE',  ( -0.2749999999999124256, 1.050547019364585610, 0.5990710914869755710 ) ) ;
#4286 = CARTESIAN_POINT ( 'NONE',  ( -0.6862706281885923021, 1.084999999999999964, -0.6026872736927849639 ) ) ;
#4287 = CARTESIAN_POINT ( 'NONE',  ( 0.8000000000000879741, 0.8346666666666350265, -0.5667098521671950495 ) ) ;
#4288 = CARTESIAN_POINT ( 'NONE',  ( 0.4200000000000881362, 1.099999999999999867, -1.799999999999980060 ) ) ;
#4289 = AXIS2_PLACEMENT_3D ( 'NONE', #4933, #4548, #427 ) ;
#4290 = ORIENTED_EDGE ( 'NONE', *, *, #2876, .T. ) ;
#4291 = ADVANCED_FACE ( 'NONE', ( #2801 ), #2908, .T. ) ;
#4292 = DIRECTION ( 'NONE',  ( 1.000000000000000000, -0.000000000000000000, 0.000000000000000000 ) ) ;
#4293 =( BOUNDED_SURFACE ( )  B_SPLINE_SURFACE ( 3, 3, ( 
 ( #625, #1441, #3927, #179 ),
 ( #4785, #2293, #208, #4011 ),
 ( #2712, #238, #3952, #3548 ),
 ( #5222, #1472, #1064, #5243 ),
 ( #2741, #1498, #4425, #1805 ),
 ( #1115, #1525, #2878, #1604 ),
 ( #4552, #4035, #1162, #3269 ) ),
 .UNSPECIFIED., .F., .F., .T. ) 
 B_SPLINE_SURFACE_WITH_KNOTS ( ( 4, 3, 4 ),
 ( 4, 4 ),
 ( 0.04153217745765509783, 1.000000000000000000, 1.958467822542339976 ),
 ( 0.1239999999999999991, 0.4259999999999060094 ),
 .UNSPECIFIED. ) 
 GEOMETRIC_REPRESENTATION_ITEM ( )  RATIONAL_B_SPLINE_SURFACE ( (
 ( 1.157445070597149961, 1.157445070597149961, 1.157445070597149961, 1.157445070597149961),
 ( 0.9380097739191799455, 0.9380097739191799455, 0.9380097739191799455, 0.9380097739191799455),
 ( 0.9479489945514639748, 0.9479489945514639748, 0.9479489945514639748, 0.9479489945514639748),
 ( 1.187262732493999939, 1.187262732493999939, 1.187262732493999939, 1.187262732493999939),
 ( 0.9479489945514639748, 0.9479489945514639748, 0.9479489945514639748, 0.9479489945514639748),
 ( 0.9380097739191799455, 0.9380097739191799455, 0.9380097739191799455, 0.9380097739191799455),
 ( 1.157445070597149961, 1.157445070597149961, 1.157445070597149961, 1.157445070597149961) ) ) 
 REPRESENTATION_ITEM ( '' )  SURFACE ( )  );
#4294 = CARTESIAN_POINT ( 'NONE',  ( -0.9684995803668789982, 1.084000000000020059, -1.617237147854340362 ) ) ;
#4295 = B_SPLINE_CURVE_WITH_KNOTS ( 'NONE', 3,
 ( #4337, #2261, #172, #1849, #4363, #201, #3647, #4387, #4467, #4029, #1058, #1129, #5260, #340, #2733, #4005 ),
 .UNSPECIFIED., .F., .F.,
 ( 4, 3, 3, 3, 3, 4 ),
 ( 0.000000000000000000, 1.860882655125140520E-05, 3.724439541438057788E-05, 5.540656873664291578E-05, 7.251608683616683271E-05, 8.048010073795214812E-05 ),
 .UNSPECIFIED. ) ;
#4296 = PLANE ( 'NONE',  #1461 ) ;
#4297 = EDGE_CURVE ( 'NONE', #1615, #460, #1294, .T. ) ;
#4298 = CARTESIAN_POINT ( 'NONE',  ( 0.7186816629234619169, 1.094325790470820126, -0.3750000000025029423 ) ) ;
#4299 = CARTESIAN_POINT ( 'NONE',  ( 0.2750000000000891176, 1.135000000000130349, 0.7042853971073188557 ) ) ;
#4300 = CARTESIAN_POINT ( 'NONE',  ( 0.5715009707867011457, 0.7597945045706790967, -0.1000074180165730076 ) ) ;
#4301 = ADVANCED_FACE ( 'NONE', ( #1759 ), #2192, .T. ) ;
#4302 = LINE ( 'NONE', #2583, #1690 ) ;
#4303 = DIRECTION ( 'NONE',  ( 0.000000000000000000, 1.000000000000000000, 0.000000000000000000 ) ) ;
#4304 = DIRECTION ( 'NONE',  ( 0.000000000000000000, 0.000000000000000000, -1.000000000000000000 ) ) ;
#4305 = CARTESIAN_POINT ( 'NONE',  ( 0.3470533776572900519, 0.6350000000000001199, 0.5085041273672590290 ) ) ;
#4306 = ORIENTED_EDGE ( 'NONE', *, *, #5198, .T. ) ;
#4307 = VECTOR ( 'NONE', #3373, 1000.000000000000000 ) ;
#4308 = ORIENTED_EDGE ( 'NONE', *, *, #5033, .T. ) ;
#4309 = DIRECTION ( 'NONE',  ( 0.9396926207858883329, 0.000000000000000000, 0.3420201433257236689 ) ) ;
#4310 = EDGE_CURVE ( 'NONE', #3014, #3116, #3538, .T. ) ;
#4311 = CARTESIAN_POINT ( 'NONE',  ( 1.292688350141889986, 1.135999999999979915, 1.152580069060040069 ) ) ;
#4312 = CARTESIAN_POINT ( 'NONE',  ( 0.7500000000000880407, 0.8849999999999998979, -0.1924412009395012890 ) ) ;
#4313 = CARTESIAN_POINT ( 'NONE',  ( 0.7514815655623197088, 1.040384314875176575, -0.3749999999999801270 ) ) ;
#4314 = ORIENTED_EDGE ( 'NONE', *, *, #295, .T. ) ;
#4315 = CARTESIAN_POINT ( 'NONE',  ( -0.3999999999999117040, -0.005080000000000181593, 1.874600000000036237 ) ) ;
#4316 = ORIENTED_EDGE ( 'NONE', *, *, #4632, .F. ) ;
#4317 = DIRECTION ( 'NONE',  ( -1.000000000000000000, 9.694042953988801314E-15, -1.785744754682147465E-15 ) ) ;
#4318 = CARTESIAN_POINT ( 'NONE',  ( -0.7842118008288356812, 0.8849999999999998979, 0.08495163693062905697 ) ) ;
#4319 = CARTESIAN_POINT ( 'NONE',  ( -0.8042853971072039254, 1.135000000000131237, 0.1750000000000176137 ) ) ;
#4320 = VECTOR ( 'NONE', #629, 1000.000000000000000 ) ;
#4321 = CARTESIAN_POINT ( 'NONE',  ( 8.500145032286354763E-14, 1.135000000000000009, -1.349999999999980105 ) ) ;
#4322 = CARTESIAN_POINT ( 'NONE',  ( -0.3705085939320709176, 0.8120000000000000551, 0.1182031093446450076 ) ) ;
#4323 = DIRECTION ( 'NONE',  ( 1.000000000000000000, 0.000000000000000000, 0.000000000000000000 ) ) ;
#4324 = CARTESIAN_POINT ( 'NONE',  ( 0.3990000000000880065, -0.01778000000000000413, 1.875600000000019918 ) ) ;
#4325 = EDGE_CURVE ( 'NONE', #1309, #1966, #961, .T. ) ;
#4326 = VERTEX_POINT ( 'NONE', #1283 ) ;
#4327 = CARTESIAN_POINT ( 'NONE',  ( -0.1768704956980885201, 0.6850000000000002753, 0.5832814479666140750 ) ) ;
#4328 = EDGE_CURVE ( 'NONE', #4120, #4057, #4481, .T. ) ;
#4329 = CARTESIAN_POINT ( 'NONE',  ( -0.7489999999999119584, -0.001000000000000000021, -1.899999999999980149 ) ) ;
#4330 = DIRECTION ( 'NONE',  ( -0.9396926207860030189, -0.000000000000000000, -0.3420201433254086987 ) ) ;
#4331 = AXIS2_PLACEMENT_3D ( 'NONE', #1678, #2143, #2444 ) ;
#4332 = ORIENTED_EDGE ( 'NONE', *, *, #3872, .T. ) ;
#4333 = CARTESIAN_POINT ( 'NONE',  ( 0.1855557665798189815, 0.8850000000000003419, 0.6330156814157592571 ) ) ;
#4334 = AXIS2_PLACEMENT_3D ( 'NONE', #2113, #3776, #2817 ) ;
#4335 = CARTESIAN_POINT ( 'NONE',  ( 0.4791799041490039657, 1.064140335611930110, -0.7921686486158749929 ) ) ;
#4336 = ORIENTED_EDGE ( 'NONE', *, *, #2679, .F. ) ;
#4337 = CARTESIAN_POINT ( 'NONE',  ( -0.2749999999970559328, 1.084999999999952447, 0.7042853970906671757 ) ) ;
#4338 = CARTESIAN_POINT ( 'NONE',  ( 0.3178191562775293244, 0.1000000000000000472, 0.4454950493461325989 ) ) ;
#4339 =( GEOMETRIC_REPRESENTATION_CONTEXT ( 3 ) GLOBAL_UNCERTAINTY_ASSIGNED_CONTEXT ( ( #1863 ) ) GLOBAL_UNIT_ASSIGNED_CONTEXT ( ( #3436, #146, #4671 ) ) REPRESENTATION_CONTEXT ( 'NONE', 'WORKASPACE' ) );
#4340 = FACE_OUTER_BOUND ( 'NONE', #1156, .T. ) ;
#4341 = CARTESIAN_POINT ( 'NONE',  ( 0.4250000000000879186, -1.764651973446459168E-18, -1.799999999999979838 ) ) ;
#4342 = VECTOR ( 'NONE', #4204, 1000.000000000000000 ) ;
#4343 = CARTESIAN_POINT ( 'NONE',  ( -0.7299999999999120526, 0.2000000000000000111, -1.049999999999980060 ) ) ;
#4344 = ORIENTED_EDGE ( 'NONE', *, *, #3494, .F. ) ;
#4345 = ADVANCED_FACE ( 'NONE', ( #24 ), #2575, .F. ) ;
#4346 = CARTESIAN_POINT ( 'NONE',  ( 0.3705057616178319968, 0.8120000000000000551, -0.1000048091219759988 ) ) ;
#4347 = ORIENTED_EDGE ( 'NONE', *, *, #708, .T. ) ;
#4348 = EDGE_CURVE ( 'NONE', #5286, #167, #4270, .T. ) ;
#4349 = PRESENTATION_LAYER_ASSIGNMENT (  '', '', ( #1737 ) ) ;
#4350 = SURFACE_STYLE_USAGE ( .BOTH. , #3930 ) ;
#4351 = LINE ( 'NONE', #4401, #1008 ) ;
#4352 = CARTESIAN_POINT ( 'NONE',  ( -0.01102230744253349971, 0.6844954867105920160, -0.8291474679615840060 ) ) ;
#4353 = CARTESIAN_POINT ( 'NONE',  ( -0.3329746381675339206, 0.7597945045706789857, 0.4715009708908259878 ) ) ;
#4354 = LINE ( 'NONE', #5199, #3169 ) ;
#4355 = ORIENTED_EDGE ( 'NONE', *, *, #3995, .F. ) ;
#4356 = CARTESIAN_POINT ( 'NONE',  ( -1.249999999999910072, 1.134999999999999787, -0.1295090612753300729 ) ) ;
#4357 = CYLINDRICAL_SURFACE ( 'NONE', #4583, 0.02539999999967741673 ) ;
#4358 = ADVANCED_FACE ( 'NONE', ( #1249 ), #1313, .T. ) ;
#4359 = EDGE_LOOP ( 'NONE', ( #1428, #2946, #5210, #1269 ) ) ;
#4360 = CARTESIAN_POINT ( 'NONE',  ( 8.832363197406904263E-14, 0.6350000000085561647, -0.7999987205234633247 ) ) ;
#4361 = CARTESIAN_POINT ( 'NONE',  ( 0.2385111944146079965, 1.084947405771260032, -0.9182391611245389607 ) ) ;
#4362 = ORIENTED_EDGE ( 'NONE', *, *, #5266, .F. ) ;
#4363 = CARTESIAN_POINT ( 'NONE',  ( -0.2750000000015567214, 1.079851293517323674, 0.6800760614708546425 ) ) ;
#4364 = EDGE_CURVE ( 'NONE', #1509, #4986, #1857, .T. ) ;
#4365 = DIRECTION ( 'NONE',  ( -0.000000000000000000, -0.000000000000000000, 1.000000000000000000 ) ) ;
#4366 = CARTESIAN_POINT ( 'NONE',  ( -0.5612644712793729562, 1.084999999999999964, -0.7385047667803893434 ) ) ;
#4367 = CARTESIAN_POINT ( 'NONE',  ( 2.106275777884850431, 1.118666666666850107, 0.3129411384691550557 ) ) ;
#4368 = CARTESIAN_POINT ( 'NONE',  ( -1.349999999999909939, 0.6476999999999999424, 1.377029908129719704 ) ) ;
#4369 = ORIENTED_EDGE ( 'NONE', *, *, #4409, .T. ) ;
#4370 = ORIENTED_EDGE ( 'NONE', *, *, #1144, .F. ) ;
#4371 = CARTESIAN_POINT ( 'NONE',  ( 0.01102230744270979966, 0.6844954867105910168, -0.8291474679615840060 ) ) ;
#4372 = DIRECTION ( 'NONE',  ( 8.673617379907128586E-15, 1.000000000000000000, 5.568462357900376208E-12 ) ) ;
#4373 = EDGE_CURVE ( 'NONE', #1292, #2458, #1527, .T. ) ;
#4374 = LINE ( 'NONE', #4431, #1970 ) ;
#4375 = CARTESIAN_POINT ( 'NONE',  ( 0.4350783856453160348, 0.7358504847289409900, -0.8566554053230119870 ) ) ;
#4376 = CARTESIAN_POINT ( 'NONE',  ( -0.3174999999838499232, 0.6849983515546671509, -0.1000041211145499959 ) ) ;
#4377 = FACE_OUTER_BOUND ( 'NONE', #2796, .T. ) ;
#4378 =( NAMED_UNIT ( * ) PLANE_ANGLE_UNIT ( ) SI_UNIT ( $, .RADIAN. ) );
#4379 = ORIENTED_EDGE ( 'NONE', *, *, #4693, .F. ) ;
#4380 = CARTESIAN_POINT ( 'NONE',  ( -1.349999999999909939, -0.01143000000000000266, 1.112700000000020006 ) ) ;
#4381 = EDGE_LOOP ( 'NONE', ( #4188, #5264, #276, #2414 ) ) ;
#4382 = CARTESIAN_POINT ( 'NONE',  ( 0.4565362560988869833, -0.01669986628942530041, -0.3688606276468179845 ) ) ;
#4383 =( BOUNDED_SURFACE ( )  B_SPLINE_SURFACE ( 3, 3, ( 
 ( #4886, #3164, #2376, #4061, #3978, #2738, #2402 ),
 ( #320, #1085, #4858, #344, #4831, #1915, #1965 ),
 ( #2766, #1601, #1496, #3574, #5241, #2794, #2018 ),
 ( #1994, #3677, #4009, #3218, #4422, #4471, #3653 ),
 ( #2349, #682, #1134, #4033, #263, #1578, #1937 ),
 ( #3265, #1112, #731, #5320, #4447, #1160, #3239 ),
 ( #3626, #4910, #2845, #4498, #755, #2429, #4090 ) ),
 .UNSPECIFIED., .F., .F., .T. ) 
 B_SPLINE_SURFACE_WITH_KNOTS ( ( 4, 3, 4 ),
 ( 4, 3, 4 ),
 ( 0.04252350349396590012, 1.000000000000000000, 1.957476496733610016 ),
 ( 0.04252350326299519923, 1.000000000000000000, 1.957476496737140081 ),
 .UNSPECIFIED. ) 
 GEOMETRIC_REPRESENTATION_ITEM ( )  RATIONAL_B_SPLINE_SURFACE ( (
 ( 1.338105109900650014, 1.085080879915429897, 1.096840474939589916, 1.373383894973110086, 1.096840474939549948, 1.085080879915429897, 1.338105109900749934),
 ( 1.085080880014400062, 0.8799013675036370108, 0.8894373237024609802, 1.113688748610869972, 0.8894373237024290058, 0.8799013675036340132, 1.085080880014489990),
 ( 1.096840475103759927, 0.8894373237544710431, 0.8990766261514939739, 1.125758382294830051, 0.8990766261514610003, 0.8894373237544680455, 1.096840475103850077),
 ( 1.373383895168750035, 1.113688748667930106, 1.125758382286679904, 1.409592796025000094, 1.125758382286639936, 1.113688748667930106, 1.373383895168859947),
 ( 1.096840475038030061, 0.8894373237011690136, 0.8990766260976149615, 1.125758382227370014, 0.8990766260975819879, 0.8894373237011670152, 1.096840475038119989),
 ( 1.085080880008810089, 0.8799013674991029710, 0.8894373236978779795, 1.113688748605129897, 0.8894373236978460051, 0.8799013674991009726, 1.085080880008900017),
 ( 1.338105110081069915, 1.085080880061739972, 1.096840475087480060, 1.373383895158289958, 1.096840475087440092, 1.085080880061729980, 1.338105110081180049) ) ) 
 REPRESENTATION_ITEM ( '' )  SURFACE ( )  );
#4384 = PRESENTATION_LAYER_ASSIGNMENT (  '', '', ( #3862 ) ) ;
#4385 = CARTESIAN_POINT ( 'NONE',  ( -0.4000000000000058509, -0.01143000000000000266, 1.312700000000114109 ) ) ;
#4386 = ORIENTED_EDGE ( 'NONE', *, *, #2819, .F. ) ;
#4387 = CARTESIAN_POINT ( 'NONE',  ( -0.2749999999999116485, 1.069024249116915959, 0.6649728597972611732 ) ) ;
#4388 = CARTESIAN_POINT ( 'NONE',  ( 1.350000000000090239, 0.6350000000000000089, 1.862300000000020272 ) ) ;
#4389 = DIRECTION ( 'NONE',  ( 1.000000000000000000, 5.478770378918870038E-13, -4.704590051123615284E-13 ) ) ;
#4390 = CARTESIAN_POINT ( 'NONE',  ( 0.8000000000000879741, 0.9353333333332719546, 0.3667098521672350064 ) ) ;
#4391 = ADVANCED_FACE ( 'NONE', ( #3902 ), #2351, .F. ) ;
#4392 = VECTOR ( 'NONE', #512, 1000.000000000000000 ) ;
#4393 = LINE ( 'NONE', #2982, #4727 ) ;
#4394 = VERTEX_POINT ( 'NONE', #152 ) ;
#4395 = CARTESIAN_POINT ( 'NONE',  ( -0.6158329235393017465, 1.034999999999999476, -0.5828864701424744110 ) ) ;
#4396 = EDGE_CURVE ( 'NONE', #3240, #4195, #2325, .T. ) ;
#4397 = ORIENTED_EDGE ( 'NONE', *, *, #5029, .T. ) ;
#4398 = EDGE_CURVE ( 'NONE', #3966, #2725, #3576, .T. ) ;
#4399 = CARTESIAN_POINT ( 'NONE',  ( 0.01134385955869770049, 0.7057692263101760233, -0.8504187772957489955 ) ) ;
#4400 = DIRECTION ( 'NONE',  ( 0.000000000000000000, 0.000000000000000000, -1.000000000000000000 ) ) ;
#4401 = CARTESIAN_POINT ( 'NONE',  ( -0.7987387276679128734, 0.6413499999999999757, 0.6407171218268202795 ) ) ;
#4402 = LINE ( 'NONE', #3499, #4936 ) ;
#4403 = LINE ( 'NONE', #3582, #3275 ) ;
#4404 = CARTESIAN_POINT ( 'NONE',  ( 8.815170815523740407E-14, 0.1748951871637640099, -0.4174999999999799982 ) ) ;
#4405 = CARTESIAN_POINT ( 'NONE',  ( 8.825426187425228263E-14, 0.8849999999999651479, -0.8999999999999686029 ) ) ;
#4406 = ORIENTED_EDGE ( 'NONE', *, *, #3142, .F. ) ;
#4407 = AXIS2_PLACEMENT_3D ( 'NONE', #577, #659, #3555 ) ;
#4408 = FACE_OUTER_BOUND ( 'NONE', #3889, .T. ) ;
#4409 = EDGE_CURVE ( 'NONE', #4716, #4842, #2656, .T. ) ;
#4410 = ORIENTED_EDGE ( 'NONE', *, *, #3662, .T. ) ;
#4411 = CARTESIAN_POINT ( 'NONE',  ( -0.7608846197445600090, 1.064308004843622424, -0.3750000000252643462 ) ) ;
#4412 = PRESENTATION_LAYER_ASSIGNMENT (  '', '', ( #1171 ) ) ;
#4413 = CARTESIAN_POINT ( 'NONE',  ( 0.7512489600659255640, 0.8849999999999651479, -0.3749999999999935607 ) ) ;
#4414 = ORIENTED_EDGE ( 'NONE', *, *, #1885, .F. ) ;
#4415 = COLOUR_RGB ( '',1.000000000000000000, 1.000000000000000000, 1.000000000000000000 ) ;
#4416 = SURFACE_STYLE_FILL_AREA ( #1153 ) ;
#4417 = ORIENTED_EDGE ( 'NONE', *, *, #1434, .T. ) ;
#4418 = DIRECTION ( 'NONE',  ( -1.000000000000000000, 0.000000000000000000, 0.000000000000000000 ) ) ;
#4419 = DIRECTION ( 'NONE',  ( -0.000000000000000000, -1.000000000000000000, -0.000000000000000000 ) ) ;
#4420 =( BOUNDED_SURFACE ( )  B_SPLINE_SURFACE ( 3, 3, ( 
 ( #1765, #5068, #3451, #2218, #3049, #4300, #106 ),
 ( #3020, #3423, #4685, #4764, #3501, #1788, #2612 ),
 ( #5094, #913, #5120, #161, #2275, #1369, #2173 ),
 ( #5170, #1021, #3933, #3835, #134, #4712, #4658 ),
 ( #556, #1812, #2691, #3475, #5146, #4353, #1395 ),
 ( #3072, #993, #4322, #580, #2249, #5276, #5305 ),
 ( #4376, #1948, #4873, #693, #1479, #3958, #274 ) ),
 .UNSPECIFIED., .F., .F., .F. ) 
 B_SPLINE_SURFACE_WITH_KNOTS ( ( 4, 3, 4 ),
 ( 4, 3, 4 ),
 ( 0.04252350349400010193, 1.000000000000000000, 1.957476496733590032 ),
 ( 0.04252350326299619843, 1.000000000000000000, 1.957476496737140081 ),
 .UNSPECIFIED. ) 
 GEOMETRIC_REPRESENTATION_ITEM ( )  RATIONAL_B_SPLINE_SURFACE ( (
 ( 1.338105109900620038, 1.085080879915409913, 1.096840474939559940, 1.373383894973080110, 1.096840474939519972, 1.085080879915399921, 1.338105109900729950),
 ( 1.085080880014400062, 0.8799013675036370108, 0.8894373237024619794, 1.113688748610869972, 0.8894373237024300050, 0.8799013675036350124, 1.085080880014489990),
 ( 1.096840475103769919, 0.8894373237544790367, 0.8990766261515019675, 1.125758382294840043, 0.8990766261514699931, 0.8894373237544760391, 1.096840475103860069),
 ( 1.373383895168740043, 1.113688748667930106, 1.125758382286679904, 1.409592796025000094, 1.125758382286639936, 1.113688748667930106, 1.373383895168859947),
 ( 1.096840475038040053, 0.8894373237011750088, 0.8990766260976199575, 1.125758382227370014, 0.8990766260975879831, 0.8894373237011720112, 1.096840475038129981),
 ( 1.085080880008810089, 0.8799013674991039702, 0.8894373236978789787, 1.113688748605129897, 0.8894373236978470043, 0.8799013674991009726, 1.085080880008890025),
 ( 1.338105110081049931, 1.085080880061719988, 1.096840475087460076, 1.373383895158269974, 1.096840475087420108, 1.085080880061719988, 1.338105110081160065) ) ) 
 REPRESENTATION_ITEM ( '' )  SURFACE ( )  );
#4421 = VECTOR ( 'NONE', #2559, 1000.000000000000000 ) ;
#4422 = CARTESIAN_POINT ( 'NONE',  ( -8.714251542585318786E-11, 0.8119999999999999440, -0.6184942383510629860 ) ) ;
#4423 = VERTEX_POINT ( 'NONE', #3493 ) ;
#4424 = AXIS2_PLACEMENT_3D ( 'NONE', #4329, #2665, #3864 ) ;
#4425 = CARTESIAN_POINT ( 'NONE',  ( 0.7500000000000880407, 0.9353333333332719546, -0.5375404864067260258 ) ) ;
#4426 = ORIENTED_EDGE ( 'NONE', *, *, #1485, .T. ) ;
#4427 = DIRECTION ( 'NONE',  ( -0.000000000000000000, -1.000000000000000000, -0.000000000000000000 ) ) ;
#4428 = EDGE_CURVE ( 'NONE', #1309, #2874, #4833, .T. ) ;
#4429 = CARTESIAN_POINT ( 'NONE',  ( -0.2241601318418730282, 1.064136900068310077, -0.8664664751677100263 ) ) ;
#4430 = LINE ( 'NONE', #1891, #2254 ) ;
#4431 = CARTESIAN_POINT ( 'NONE',  ( -0.9738821434237104890, 1.084999999999999964, 0.1750000000000200007 ) ) ;
#4432 = CARTESIAN_POINT ( 'NONE',  ( 0.7499927662340899470, 0.7358504847289409900, 0.3427699274386989958 ) ) ;
#4433 = AXIS2_PLACEMENT_3D ( 'NONE', #2299, #1944, #2745 ) ;
#4434 = CARTESIAN_POINT ( 'NONE',  ( 0.4200000000000880807, 1.099999999999999867, -1.899999999999980371 ) ) ;
#4435 = CARTESIAN_POINT ( 'NONE',  ( -0.3329740725283371616, 0.6849999999999987210, 0.4715000000560132798 ) ) ;
#4436 = ORIENTED_EDGE ( 'NONE', *, *, #2164, .F. ) ;
#4437 = CARTESIAN_POINT ( 'NONE',  ( -1.800999999999910006, 0.04900000000000000189, 1.900000000000019895 ) ) ;
#4438 = ORIENTED_EDGE ( 'NONE', *, *, #4373, .T. ) ;
#4439 = CARTESIAN_POINT ( 'NONE',  ( -1.349999999999909939, 0.6350000000000083356, 1.850000000000021183 ) ) ;
#4440 = CARTESIAN_POINT ( 'NONE',  ( 0.4800456546556259863, 1.032707259998560057, -0.7934192130759259998 ) ) ;
#4441 = VERTEX_POINT ( 'NONE', #4315 ) ;
#4442 = CARTESIAN_POINT ( 'NONE',  ( 0.7310000000000880238, 0.000000000000000000, -2.050999999999980172 ) ) ;
#4443 = FACE_OUTER_BOUND ( 'NONE', #4233, .T. ) ;
#4444 = EDGE_CURVE ( 'NONE', #1990, #4716, #1707, .T. ) ;
#4445 = LINE ( 'NONE', #857, #310 ) ;
#4446 = ORIENTED_EDGE ( 'NONE', *, *, #180, .T. ) ;
#4447 = CARTESIAN_POINT ( 'NONE',  ( 0.5184982019131750830, 0.8120000000000001661, -0.4053584227191079914 ) ) ;
#4448 = ORIENTED_EDGE ( 'NONE', *, *, #3844, .T. ) ;
#4449 = DIRECTION ( 'NONE',  ( 0.000000000000000000, 1.000000000000000000, 0.000000000000000000 ) ) ;
#4450 = ORIENTED_EDGE ( 'NONE', *, *, #3062, .F. ) ;
#4451 = CARTESIAN_POINT ( 'NONE',  ( -0.1851291097556470588, 0.8850000000000001199, 0.6841468356449634802 ) ) ;
#4452 = CARTESIAN_POINT ( 'NONE',  ( -0.8266366476163369281, 1.084944679810409873, -0.3077852670261549961 ) ) ;
#4453 = EDGE_CURVE ( 'NONE', #2129, #77, #3090, .T. ) ;
#4454 = SURFACE_STYLE_FILL_AREA ( #213 ) ;
#4455 = CARTESIAN_POINT ( 'NONE',  ( -0.4704578651075709828, 1.036000000000000032, 0.7007046722347819445 ) ) ;
#4456 = CARTESIAN_POINT ( 'NONE',  ( 0.4230341438798190246, 0.6844954867105910168, -0.8357089714491170440 ) ) ;
#4457 = CARTESIAN_POINT ( 'NONE',  ( 0.5160148121923842091, 1.134999999999999787, 0.5767350095166738910 ) ) ;
#4458 = CARTESIAN_POINT ( 'NONE',  ( 1.250000000000089928, 1.109999999999999876, 0.1750000000000200007 ) ) ;
#4459 = CARTESIAN_POINT ( 'NONE',  ( 0.000000000000000000, 0.000000000000000000, 0.000000000000000000 ) ) ;
#4460 = EDGE_CURVE ( 'NONE', #3317, #2545, #590, .T. ) ;
#4461 = LINE ( 'NONE', #2279, #4772 ) ;
#4462 = ADVANCED_FACE ( 'NONE', ( #653 ), #4293, .F. ) ;
#4463 = ORIENTED_EDGE ( 'NONE', *, *, #2804, .F. ) ;
#4464 = CARTESIAN_POINT ( 'NONE',  ( 0.4000000000000881184, 0.3174999999999999489, 1.900000000000019895 ) ) ;
#4465 = CARTESIAN_POINT ( 'NONE',  ( -0.7499999999999119593, 2.420256932540624924E-15, -9.916849988216534795E-15 ) ) ;
#4466 = ORIENTED_EDGE ( 'NONE', *, *, #526, .T. ) ;
#4467 = CARTESIAN_POINT ( 'NONE',  ( -0.2750000000267378564, 1.064308004852769773, 0.6608846197512282528 ) ) ;
#4468 = LINE ( 'NONE', #3622, #2171 ) ;
#4469 = CARTESIAN_POINT ( 'NONE',  ( -0.1854929580207190509, 0.5163682709453820685, 0.2175000000000200384 ) ) ;
#4470 = ORIENTED_EDGE ( 'NONE', *, *, #1024, .T. ) ;
#4471 = CARTESIAN_POINT ( 'NONE',  ( -9.606027084885229526E-11, 0.7597945045706779865, -0.6715009708347270401 ) ) ;
#4472 = VERTEX_POINT ( 'NONE', #4063 ) ;
#4473 = MECHANICAL_DESIGN_GEOMETRIC_PRESENTATION_REPRESENTATION (  '', ( #3862 ), #2828 ) ;
#4474 =( LENGTH_UNIT ( ) NAMED_UNIT ( * ) SI_UNIT ( .MILLI., .METRE. ) );
#4475 = ORIENTED_EDGE ( 'NONE', *, *, #1340, .F. ) ;
#4476 = CARTESIAN_POINT ( 'NONE',  ( -0.7999999999999120037, 0.8346666666666350265, -0.5667098521671939393 ) ) ;
#4477 = CARTESIAN_POINT ( 'NONE',  ( 0.6331899130074793991, 0.6349999999999998979, -0.3994443245690671440 ) ) ;
#4478 = DIRECTION ( 'NONE',  ( -0.000000000000000000, -0.000000000000000000, 1.000000000000000000 ) ) ;
#4479 = CARTESIAN_POINT ( 'NONE',  ( 8.510987054011209807E-14, 1.135000000000000009, 1.500000000000019984 ) ) ;
#4480 = B_SPLINE_CURVE_WITH_KNOTS ( 'NONE', 3,
 ( #809, #2481, #5053, #4580, #3351, #870, #2041, #394, #4992, #3386, #4170, #5020, #1238, #428, #840, #2924 ),
 .UNSPECIFIED., .F., .F.,
 ( 4, 3, 3, 3, 3, 4 ),
 ( 3.252606517456513302E-19, 1.860882655169655150E-05, 3.724439541524016047E-05, 5.540656873774985232E-05, 7.251608683854606017E-05, 8.048010075426940437E-05 ),
 .UNSPECIFIED. ) ;
#4481 = B_SPLINE_CURVE_WITH_KNOTS ( 'NONE', 3,
 ( #3444, #3795, #55, #2966, #3827, #5060, #547, #1781, #127, #4622, #3768, #878, #1363, #4705 ),
 .UNSPECIFIED., .F., .F.,
 ( 4, 1, 1, 2, 2, 2, 2, 4 ),
 ( 0.000000000000000000, 0.2500000000000000555, 0.3750000000000002220, 0.4374999999999999445, 0.4999999999999996669, 0.6249999999999996669, 0.7499999999999996669, 1.000000000000000000 ),
 .UNSPECIFIED. ) ;
#4482 = DIRECTION ( 'NONE',  ( 0.000000000000000000, 0.000000000000000000, 1.000000000000000000 ) ) ;
#4483 = ORIENTED_EDGE ( 'NONE', *, *, #2752, .F. ) ;
#4484 = EDGE_CURVE ( 'NONE', #2252, #2498, #813, .T. ) ;
#4485 = CARTESIAN_POINT ( 'NONE',  ( -0.7529138651227582635, 1.048649204829493309, -0.3749999999999797939 ) ) ;
#4486 = LINE ( 'NONE', #1914, #1030 ) ;
#4487 = VECTOR ( 'NONE', #587, 1000.000000000000000 ) ;
#4488 = CARTESIAN_POINT ( 'NONE',  ( 0.4000000000000880074, 0.3149599999999999622, 1.912700000000020051 ) ) ;
#4489 = ORIENTED_EDGE ( 'NONE', *, *, #4396, .T. ) ;
#4490 = ADVANCED_FACE ( 'NONE', ( #4092 ), #292, .F. ) ;
#4491 =( LENGTH_UNIT ( ) NAMED_UNIT ( * ) SI_UNIT ( .MILLI., .METRE. ) );
#4492 = CARTESIAN_POINT ( 'NONE',  ( 0.3990000000000880065, 0.6477000000000000535, 1.875600000000019918 ) ) ;
#4493 = LINE ( 'NONE', #728, #1181 ) ;
#4494 = ORIENTED_EDGE ( 'NONE', *, *, #537, .F. ) ;
#4495 = VECTOR ( 'NONE', #4449, 1000.000000000000000 ) ;
#4496 =( GEOMETRIC_REPRESENTATION_CONTEXT ( 3 ) GLOBAL_UNCERTAINTY_ASSIGNED_CONTEXT ( ( #3985 ) ) GLOBAL_UNIT_ASSIGNED_CONTEXT ( ( #1284, #407, #4507 ) ) REPRESENTATION_CONTEXT ( 'NONE', 'WORKASPACE' ) );
#4497 = ORIENTED_EDGE ( 'NONE', *, *, #2632, .T. ) ;
#4498 = CARTESIAN_POINT ( 'NONE',  ( 0.4444999999626779164, 0.8120000000000001661, -0.09999423043950189660 ) ) ;
#4499 = EDGE_LOOP ( 'NONE', ( #1267, #679, #4124, #896 ) ) ;
#4500 = AXIS2_PLACEMENT_3D ( 'NONE', #999, #1742, #2977 ) ;
#4501 = ORIENTED_EDGE ( 'NONE', *, *, #4398, .T. ) ;
#4502 = CARTESIAN_POINT ( 'NONE',  ( 0.2750000000000674683, 1.135000000000130349, -0.9042853971072157826 ) ) ;
#4503 = CARTESIAN_POINT ( 'NONE',  ( -0.4810108730222960038, 1.032648626225330046, -0.7928926788975749762 ) ) ;
#4504 = DIRECTION ( 'NONE',  ( -0.000000000000000000, -0.000000000000000000, 1.000000000000000000 ) ) ;
#4505 = EDGE_CURVE ( 'NONE', #3802, #5044, #785, .T. ) ;
#4506 = VECTOR ( 'NONE', #3318, 1000.000000000000000 ) ;
#4507 =( NAMED_UNIT ( * ) SI_UNIT ( $, .STERADIAN. ) SOLID_ANGLE_UNIT ( ) );
#4508 = PLANE ( 'NONE',  #3780 ) ;
#4509 = AXIS2_PLACEMENT_3D ( 'NONE', #5285, #2760, #3618 ) ;
#4510 = CARTESIAN_POINT ( 'NONE',  ( -0.3989999999999120361, -0.005080000000000000314, 1.111700000000019894 ) ) ;
#4511 = CARTESIAN_POINT ( 'NONE',  ( -0.7143744130745279808, 1.033861122575800096, -0.3284270695759449743 ) ) ;
#4512 = PRESENTATION_LAYER_ASSIGNMENT (  '', '', ( #2167 ) ) ;
#4513 = ORIENTED_EDGE ( 'NONE', *, *, #1897, .T. ) ;
#4514 = CARTESIAN_POINT ( 'NONE',  ( 1.800000000000084865, 0.3175000000000000044, -1.599999999999975220 ) ) ;
#4515 = DIRECTION ( 'NONE',  ( 0.000000000000000000, 0.000000000000000000, -1.000000000000000000 ) ) ;
#4516 = VECTOR ( 'NONE', #4582, 1000.000000000000000 ) ;
#4517 = VERTEX_POINT ( 'NONE', #3190 ) ;
#4518 = DIRECTION ( 'NONE',  ( 1.000000000000000000, 0.000000000000000000, 0.000000000000000000 ) ) ;
#4519 = EDGE_CURVE ( 'NONE', #666, #4602, #1556, .T. ) ;
#4520 = CARTESIAN_POINT ( 'NONE',  ( -0.8042853971072658759, 1.135000000000130349, -0.3749999999999989453 ) ) ;
#4521 = ORIENTED_EDGE ( 'NONE', *, *, #3037, .T. ) ;
#4522 = EDGE_LOOP ( 'NONE', ( #2241, #5181, #1372, #3165, #4362, #4900, #2955, #4200 ) ) ;
#4523 =( BOUNDED_CURVE ( )  B_SPLINE_CURVE ( 3, ( #711, #2378, #1967, #3628 ),
 .UNSPECIFIED., .F., .T. ) 
 B_SPLINE_CURVE_WITH_KNOTS ( ( 4, 4 ),
 ( 6.691781261238251509E-20, 0.0002799170765224937691 ),
 .UNSPECIFIED. ) 
 CURVE ( )  GEOMETRIC_REPRESENTATION_ITEM ( )  RATIONAL_B_SPLINE_CURVE ( ( 1.156758988149917178, 1.102818967954420692, 1.062799325529737215, 1.036700060875866747 ) ) 
 REPRESENTATION_ITEM ( '' )  );
#4524 = DIRECTION ( 'NONE',  ( 1.000000000000000000, 0.000000000000000000, 0.000000000000000000 ) ) ;
#4525 = CARTESIAN_POINT ( 'NONE',  ( -0.4055837017684060797, 0.6850072337659980359, 0.6053604830287460103 ) ) ;
#4526 = VERTEX_POINT ( 'NONE', #1997 ) ;
#4527 = SURFACE_STYLE_FILL_AREA ( #2484 ) ;
#4528 = VERTEX_POINT ( 'NONE', #4119 ) ;
#4529 = EDGE_CURVE ( 'NONE', #1832, #2313, #1634, .T. ) ;
#4530 = SURFACE_STYLE_USAGE ( .BOTH. , #2880 ) ;
#4531 = LINE ( 'NONE', #2852, #632 ) ;
#4532 = ORIENTED_EDGE ( 'NONE', *, *, #4812, .F. ) ;
#4533 = LINE ( 'NONE', #1140, #4241 ) ;
#4534 = DIRECTION ( 'NONE',  ( -0.000000000000000000, -1.000000000000000000, -0.000000000000000000 ) ) ;
#4535 = EDGE_CURVE ( 'NONE', #4528, #1651, #371, .T. ) ;
#4536 = DIRECTION ( 'NONE',  ( 0.000000000000000000, 1.000000000000000000, 0.000000000000000000 ) ) ;
#4537 = FACE_OUTER_BOUND ( 'NONE', #1579, .T. ) ;
#4538 = ORIENTED_EDGE ( 'NONE', *, *, #2628, .T. ) ;
#4539 = CARTESIAN_POINT ( 'NONE',  ( -0.6977642868474601689, 1.034999999999999920, -0.3750000000000447975 ) ) ;
#4540 = CARTESIAN_POINT ( 'NONE',  ( 0.7475516182365650186, 1.085000000000000187, 0.3115609493287908593 ) ) ;
#4541 = VECTOR ( 'NONE', #468, 1000.000000000000000 ) ;
#4542 = VERTEX_POINT ( 'NONE', #3220 ) ;
#4543 = CARTESIAN_POINT ( 'NONE',  ( 0.8750000000002015055, -0.005080000000000406239, 1.874600000000019584 ) ) ;
#4544 = VERTEX_POINT ( 'NONE', #3703 ) ;
#4545 = CARTESIAN_POINT ( 'NONE',  ( -0.6999986576457638554, 0.6350000000089770502, -0.5078414765264069874 ) ) ;
#4546 = ORIENTED_EDGE ( 'NONE', *, *, #5067, .T. ) ;
#4547 = ORIENTED_EDGE ( 'NONE', *, *, #756, .F. ) ;
#4548 = DIRECTION ( 'NONE',  ( -0.000000000000000000, -0.000000000000000000, -1.000000000000000000 ) ) ;
#4549 = CARTESIAN_POINT ( 'NONE',  ( 0.8951833846989878385, 1.109999999999999876, 1.150000000000019895 ) ) ;
#4550 = EDGE_LOOP ( 'NONE', ( #1463, #3656, #703, #3175 ) ) ;
#4551 = LINE ( 'NONE', #73, #4268 ) ;
#4552 = CARTESIAN_POINT ( 'NONE',  ( -0.001121954320004949933, 0.7339999999999999858, -0.8499991608118390163 ) ) ;
#4553 = ORIENTED_EDGE ( 'NONE', *, *, #421, .F. ) ;
#4554 = CARTESIAN_POINT ( 'NONE',  ( 0.7859371315489006582, 1.081896843920821860, 0.1750000000016647406 ) ) ;
#4555 = ADVANCED_FACE ( 'NONE', ( #3302 ), #2901, .F. ) ;
#4556 = VECTOR ( 'NONE', #3477, 1000.000000000000000 ) ;
#4557 = AXIS2_PLACEMENT_3D ( 'NONE', #3631, #689, #269 ) ;
#4558 = CARTESIAN_POINT ( 'NONE',  ( -0.3851959930551731026, 0.02032000000039163243, 1.874599999999976063 ) ) ;
#4559 = VERTEX_POINT ( 'NONE', #1216 ) ;
#4560 = EDGE_CURVE ( 'NONE', #671, #4528, #4523, .T. ) ;
#4561 = CARTESIAN_POINT ( 'NONE',  ( 0.2750000000000877853, 1.102868015459512074, -0.8252450083429336836 ) ) ;
#4562 = EDGE_CURVE ( 'NONE', #960, #2252, #4861, .T. ) ;
#4563 = DIRECTION ( 'NONE',  ( -0.000000000000000000, 1.000000000000000000, 0.000000000000000000 ) ) ;
#4564 = CARTESIAN_POINT ( 'NONE',  ( -0.7120989480620876222, 1.085983356948939882, 0.1750000000025425106 ) ) ;
#4565 = CARTESIAN_POINT ( 'NONE',  ( 0.4258727401026110582, 0.1329999999999910143, 0.6300000000000199885 ) ) ;
#4566 = VECTOR ( 'NONE', #2369, 1000.000000000000000 ) ;
#4567 = CARTESIAN_POINT ( 'NONE',  ( -0.5454950494458062904, 0.1000000000000000056, -0.4212642010235104761 ) ) ;
#4568 = FACE_OUTER_BOUND ( 'NONE', #4649, .T. ) ;
#4569 = ORIENTED_EDGE ( 'NONE', *, *, #3256, .F. ) ;
#4570 = CARTESIAN_POINT ( 'NONE',  ( -0.2749999999999119815, 1.109999999999999876, -1.349999999999980105 ) ) ;
#4571 = FACE_BOUND ( 'NONE', #4113, .T. ) ;
#4572 = VERTEX_POINT ( 'NONE', #4673 ) ;
#4573 = EDGE_CURVE ( 'NONE', #289, #3286, #2265, .T. ) ;
#4574 = CARTESIAN_POINT ( 'NONE',  ( 1.350000000000090017, 0.02031999999955437508, 1.874600000000042455 ) ) ;
#4575 = PLANE ( 'NONE',  #766 ) ;
#4576 = ORIENTED_EDGE ( 'NONE', *, *, #3591, .F. ) ;
#4577 = DIRECTION ( 'NONE',  ( 0.000000000000000000, 0.000000000000000000, -1.000000000000000000 ) ) ;
#4578 = ORIENTED_EDGE ( 'NONE', *, *, #182, .F. ) ;
#4579 = FACE_OUTER_BOUND ( 'NONE', #4937, .T. ) ;
#4580 = CARTESIAN_POINT ( 'NONE',  ( -0.7859371315753180820, 1.081896843930106433, 0.1750000000008424261 ) ) ;
#4581 = ORIENTED_EDGE ( 'NONE', *, *, #1314, .F. ) ;
#4582 = DIRECTION ( 'NONE',  ( 1.000000000000000000, 0.000000000000000000, 0.000000000000000000 ) ) ;
#4583 = AXIS2_PLACEMENT_3D ( 'NONE', #279, #5254, #699 ) ;
#4584 = B_SPLINE_CURVE_WITH_KNOTS ( 'NONE', 3,
 ( #883, #442, #4245, #30, #131, #3421, #4298, #2634, #4628, #60, #2170, #2216, #553, #1317, #3399, #471 ),
 .UNSPECIFIED., .F., .F.,
 ( 4, 3, 3, 3, 3, 4 ),
 ( 2.168404344971008868E-19, 3.191745368818557762E-05, 6.376876461063107958E-05, 9.662558674145949966E-05, 0.0001316477528764986203, 0.0001612517886005418065 ),
 .UNSPECIFIED. ) ;
#4585 = CARTESIAN_POINT ( 'NONE',  ( 0.6438318630182823243, 0.6849999999999998312, 0.1755697246037769277 ) ) ;
#4586 = ORIENTED_EDGE ( 'NONE', *, *, #4867, .F. ) ;
#4587 = CARTESIAN_POINT ( 'NONE',  ( 0.7649728597892981874, 1.069024249108530888, 0.1750000000000199452 ) ) ;
#4588 = CARTESIAN_POINT ( 'NONE',  ( -0.2750000000000119016, 1.035000000000089404, -0.8512489600657821009 ) ) ;
#4589 = ORIENTED_EDGE ( 'NONE', *, *, #4830, .F. ) ;
#4590 = STYLED_ITEM ( 'NONE', ( #1169 ), #1492 ) ;
#4591 = ADVANCED_FACE ( 'NONE', ( #2541 ), #2128, .T. ) ;
#4592 = CARTESIAN_POINT ( 'NONE',  ( 0.2750000000000880074, 1.061841228341402710, -0.8009812066256832841 ) ) ;
#4593 =( BOUNDED_CURVE ( )  B_SPLINE_CURVE ( 3, ( #2779, #1423, #4435, #218, #3959, #3174, #4841 ),
 .UNSPECIFIED., .F., .F. ) 
 B_SPLINE_CURVE_WITH_KNOTS ( ( 4, 3, 4 ),
 ( 6.776263578034402713E-20, 0.0008932017550472038389, 0.001786403509882095305 ),
 .UNSPECIFIED. ) 
 CURVE ( )  GEOMETRIC_REPRESENTATION_ITEM ( )  RATIONAL_B_SPLINE_CURVE ( ( 1.338098233377780444, 1.085075303631295451, 1.096834838226384168, 1.373376837163025499, 1.096834838292113590, 1.085075303636895194, 1.338098233197350995 ) ) 
 REPRESENTATION_ITEM ( '' )  );
#4594 = CARTESIAN_POINT ( 'NONE',  ( -0.7748181862298735290, 1.131050250481858477, 0.1749999999994713840 ) ) ;
#4595 = CIRCLE ( 'NONE', #2774, 0.03810000000043238522 ) ;
#4596 = DIRECTION ( 'NONE',  ( 0.000000000000000000, -1.000000000000000000, 0.000000000000000000 ) ) ;
#4597 = LINE ( 'NONE', #4880, #3289 ) ;
#4598 =( LENGTH_UNIT ( ) NAMED_UNIT ( * ) SI_UNIT ( .MILLI., .METRE. ) );
#4599 = VECTOR ( 'NONE', #43, 1000.000000000000000 ) ;
#4600 = CARTESIAN_POINT ( 'NONE',  ( 1.499292893218900025, -0.001000000000000080035, -1.900707106781170053 ) ) ;
#4601 = DIRECTION ( 'NONE',  ( -0.000000000000000000, -1.000000000000000000, -1.077022025648188592E-15 ) ) ;
#4602 = VERTEX_POINT ( 'NONE', #1664 ) ;
#4603 = CARTESIAN_POINT ( 'NONE',  ( 1.350000000000089795, -0.005079999999999989906, 1.012700000000019918 ) ) ;
#4604 = CARTESIAN_POINT ( 'NONE',  ( -0.7268379807914729929, 1.135000000000000009, -0.5409392925884510817 ) ) ;
#4605 = VERTEX_POINT ( 'NONE', #3737 ) ;
#4606 = CARTESIAN_POINT ( 'NONE',  ( 0.7300000000000591571, 0.1999999999999999833, -0.09999999999988348764 ) ) ;
#4607 = CARTESIAN_POINT ( 'NONE',  ( -0.7755027161017630233, 1.032707259997299953, 0.09667153035227660229 ) ) ;
#4608 = ORIENTED_EDGE ( 'NONE', *, *, #2132, .T. ) ;
#4609 =( LENGTH_UNIT ( ) NAMED_UNIT ( * ) SI_UNIT ( .MILLI., .METRE. ) );
#4610 = AXIS2_PLACEMENT_3D ( 'NONE', #1447, #3987, #3608 ) ;
#4611 = EDGE_LOOP ( 'NONE', ( #2814, #2702, #4547, #4379 ) ) ;
#4612 = PLANE ( 'NONE',  #713 ) ;
#4613 = PLANE ( 'NONE',  #3635 ) ;
#4614 = EDGE_LOOP ( 'NONE', ( #1327, #3193, #3125, #4336 ) ) ;
#4615 = CARTESIAN_POINT ( 'NONE',  ( 0.6881594842379497035, 1.085000000000000187, -0.6002224063015557665 ) ) ;
#4616 = CARTESIAN_POINT ( 'NONE',  ( 0.6605662008442729771, 0.6850000000000000533, -0.3328137180519329941 ) ) ;
#4617 = VERTEX_POINT ( 'NONE', #928 ) ;
#4618 = ADVANCED_FACE ( 'NONE', ( #4645 ), #459, .T. ) ;
#4619 = CARTESIAN_POINT ( 'NONE',  ( 0.2749999999972320142, 1.084999999999953557, -0.9042853970906269412 ) ) ;
#4620 = CARTESIAN_POINT ( 'NONE',  ( 0.7178662832527340498, 1.086427134029789965, 0.4113414180142980214 ) ) ;
#4621 = VERTEX_POINT ( 'NONE', #1242 ) ;
#4622 = CARTESIAN_POINT ( 'NONE',  ( -0.6662647483725264719, 1.135000000000000231, 0.4288600966718348895 ) ) ;
#4623 = FACE_OUTER_BOUND ( 'NONE', #4550, .T. ) ;
#4624 = CARTESIAN_POINT ( 'NONE',  ( 8.738669510233165738E-14, 0.05000000000000000278, 1.899999999999945066 ) ) ;
#4625 = EDGE_CURVE ( 'NONE', #1440, #200, #56, .T. ) ;
#4626 = CARTESIAN_POINT ( 'NONE',  ( -0.4258727401024339221, 0.09900000000000050426, 0.6300000000000199885 ) ) ;
#4627 = CARTESIAN_POINT ( 'NONE',  ( -0.4515701949669274629, 1.084999999999999964, 0.6201264690483482278 ) ) ;
#4628 = CARTESIAN_POINT ( 'NONE',  ( 0.7337739742829639811, 1.110512254489339101, -0.3750000000012801982 ) ) ;
#4629 = CARTESIAN_POINT ( 'NONE',  ( -0.2377458540490468841, 0.6350000000000001199, 0.5588121499819866944 ) ) ;
#4630 = EDGE_LOOP ( 'NONE', ( #5363, #3675, #3157, #2069, #4546, #321, #3549, #561, #4951, #3585, #4885, #4878, #969, #128, #1247, #2163 ) ) ;
#4631 = DIRECTION ( 'NONE',  ( 0.000000000000000000, 0.000000000000000000, 1.000000000000000000 ) ) ;
#4632 = EDGE_CURVE ( 'NONE', #4239, #4544, #5024, .T. ) ;
#4633 = ORIENTED_EDGE ( 'NONE', *, *, #4107, .T. ) ;
#4634 = DIRECTION ( 'NONE',  ( -0.000000000000000000, -1.000000000000000000, -0.000000000000000000 ) ) ;
#4635 = VERTEX_POINT ( 'NONE', #47 ) ;
#4636 = EDGE_CURVE ( 'NONE', #3627, #2134, #3819, .T. ) ;
#4637 = CARTESIAN_POINT ( 'NONE',  ( 0.1768622536545856050, 0.6350000000000000089, 0.5832822506917357819 ) ) ;
#4638 = CARTESIAN_POINT ( 'NONE',  ( -0.3851959930551741018, 0.6095999999995735941, 1.874600000000010480 ) ) ;
#4639 = EDGE_LOOP ( 'NONE', ( #1339, #3674, #1026, #1955, #5322, #3735, #4450, #3982, #5360, #1744 ) ) ;
#4640 = EDGE_CURVE ( 'NONE', #3360, #4907, #1167, .T. ) ;
#4641 = PLANE ( 'NONE',  #4509 ) ;
#4642 = DIRECTION ( 'NONE',  ( 0.000000000000000000, 1.000000000000000000, 0.000000000000000000 ) ) ;
#4643 = DIRECTION ( 'NONE',  ( -0.000000000000000000, 1.000000000000000000, 0.000000000000000000 ) ) ;
#4644 = CARTESIAN_POINT ( 'NONE',  ( 0.7197873626128107327, 1.134993507399409962, -0.6435507561122779663 ) ) ;
#4645 = FACE_OUTER_BOUND ( 'NONE', #2811, .T. ) ;
#4646 = ORIENTED_EDGE ( 'NONE', *, *, #1798, .T. ) ;
#4647 = CARTESIAN_POINT ( 'NONE',  ( 0.7514815655608954037, 1.040384314858738390, 0.1750000000000200562 ) ) ;
#4648 = CARTESIAN_POINT ( 'NONE',  ( -0.2750000000003163803, 1.116582787734560434, -0.8429058708315853021 ) ) ;
#4649 = EDGE_LOOP ( 'NONE', ( #65, #790, #1727, #2451, #454, #3547, #2342, #2032 ) ) ;
#4650 = EDGE_CURVE ( 'NONE', #2211, #5202, #1334, .T. ) ;
#4651 = EDGE_CURVE ( 'NONE', #4602, #1440, #5206, .T. ) ;
#4652 =( NAMED_UNIT ( * ) PLANE_ANGLE_UNIT ( ) SI_UNIT ( $, .RADIAN. ) );
#4653 = COLOUR_RGB ( '',1.000000000000000000, 1.000000000000000000, 1.000000000000000000 ) ;
#4654 = CARTESIAN_POINT ( 'NONE',  ( 0.4258727401026110582, 0.2009999999999989850, 0.6300000000000199885 ) ) ;
#4655 = CARTESIAN_POINT ( 'NONE',  ( -0.6881594842377604104, 1.084999999999999742, 0.4002224063016101008 ) ) ;
#4656 = CARTESIAN_POINT ( 'NONE',  ( -0.7499999999999118483, 0.8849999999999998979, -0.007558799060458960481 ) ) ;
#4657 = CARTESIAN_POINT ( 'NONE',  ( -0.2181521267285069510, 0.6350000000000000089, 0.5655191650495920985 ) ) ;
#4658 = CARTESIAN_POINT ( 'NONE',  ( 9.623635222055781924E-11, 0.6849983515546409496, 0.4714999999893289551 ) ) ;
#4659 = CARTESIAN_POINT ( 'NONE',  ( -0.7924501708822043744, 1.134999999999999787, -0.4096141804521904461 ) ) ;
#4660 = VECTOR ( 'NONE', #4122, 1000.000000000000000 ) ;
#4661 = EDGE_LOOP ( 'NONE', ( #1097, #4025, #2430, #2655, #4809, #780 ) ) ;
#4662 = CARTESIAN_POINT ( 'NONE',  ( 8.892619477656341881E-14, 0.7350000000000025402, 0.6500000000000267786 ) ) ;
#4663 = FILL_AREA_STYLE ('',( #3378 ) ) ;
#4664 = CARTESIAN_POINT ( 'NONE',  ( -0.6974496234662741490, 1.064140335611859944, 0.3985759759881229991 ) ) ;
#4665 = ORIENTED_EDGE ( 'NONE', *, *, #1340, .T. ) ;
#4666 = CARTESIAN_POINT ( 'NONE',  ( 0.1849855959072269629, 0.6849983515546650414, 0.2174999999795869943 ) ) ;
#4667 = EDGE_CURVE ( 'NONE', #644, #1651, #2439, .T. ) ;
#4668 = CARTESIAN_POINT ( 'NONE',  ( 0.4711464854835970550, 0.7350013423541470470, 0.7000061154811898501 ) ) ;
#4669 = VERTEX_POINT ( 'NONE', #1800 ) ;
#4670 = CARTESIAN_POINT ( 'NONE',  ( -0.7299991831900899397, 0.1670000000000320117, -0.1010920355382040059 ) ) ;
#4671 =( NAMED_UNIT ( * ) SI_UNIT ( $, .STERADIAN. ) SOLID_ANGLE_UNIT ( ) );
#4672 = FACE_OUTER_BOUND ( 'NONE', #5256, .T. ) ;
#4673 = CARTESIAN_POINT ( 'NONE',  ( -0.7299999999998932898, 0.1999999999999999833, -0.09999999999997008504 ) ) ;
#4674 = CARTESIAN_POINT ( 'NONE',  ( -0.3174999999627379776, 0.1770048647585189816, -0.1000090979358359694 ) ) ;
#4675 = VECTOR ( 'NONE', #1835, 1000.000000000000000 ) ;
#4676 = CARTESIAN_POINT ( 'NONE',  ( -0.2749999999999119815, 1.056424752480134677, -0.7996493175713538237 ) ) ;
#4677 = ORIENTED_EDGE ( 'NONE', *, *, #1321, .F. ) ;
#4678 = VECTOR ( 'NONE', #1917, 1000.000000000000000 ) ;
#4679 = PRESENTATION_LAYER_ASSIGNMENT (  '', '', ( #3709 ) ) ;
#4680 = CARTESIAN_POINT ( 'NONE',  ( 0.7791811067315808081, 1.132861283978516376, 0.1750000000036770198 ) ) ;
#4681 = CARTESIAN_POINT ( 'NONE',  ( -0.4381850244696429142, 1.085000000000000187, 0.6283589053935452196 ) ) ;
#4682 = CARTESIAN_POINT ( 'NONE',  ( -0.3999999999999120370, 0.6350000000000001199, -0.02499999999998022554 ) ) ;
#4683 = LINE ( 'NONE', #4321, #3371 ) ;
#4684 = VECTOR ( 'NONE', #2172, 1000.000000000000000 ) ;
#4685 = CARTESIAN_POINT ( 'NONE',  ( 0.3705085939313790266, 0.8120000000000001661, 0.1182031092931619953 ) ) ;
#4686 = LINE ( 'NONE', #4191, #3685 ) ;
#4687 = EDGE_LOOP ( 'NONE', ( #3962, #314, #4887, #4904, #624, #866, #1848, #5244 ) ) ;
#4688 = DIRECTION ( 'NONE',  ( -0.000000000000000000, 1.000000000000000000, 0.000000000000000000 ) ) ;
#4689 = VECTOR ( 'NONE', #1400, 1000.000000000000000 ) ;
#4690 = CARTESIAN_POINT ( 'NONE',  ( 0.4085184756187034139, 0.6350000000000001199, 0.4721653119486052819 ) ) ;
#4691 = CARTESIAN_POINT ( 'NONE',  ( 0.8750000000000890399, 0.02032000000000007758, 1.912700000000020051 ) ) ;
#4692 = ORIENTED_EDGE ( 'NONE', *, *, #2464, .T. ) ;
#4693 = EDGE_CURVE ( 'NONE', #3495, #3295, #566, .T. ) ;
#4694 = CARTESIAN_POINT ( 'NONE',  ( 0.4122523842460190102, 0.6350000000089769392, -0.8000040086894080194 ) ) ;
#4695 = ORIENTED_EDGE ( 'NONE', *, *, #1281, .T. ) ;
#4696 = FACE_OUTER_BOUND ( 'NONE', #5013, .T. ) ;
#4697 = CARTESIAN_POINT ( 'NONE',  ( 1.500000000000089706, 0.6350000000000001199, -1.899999999999980149 ) ) ;
#4698 = CARTESIAN_POINT ( 'NONE',  ( 0.5759909698414916734, 0.6850000000000001643, 0.3030211917952752576 ) ) ;
#4699 = MECHANICAL_DESIGN_GEOMETRIC_PRESENTATION_REPRESENTATION (  '', ( #2167 ), #764 ) ;
#4700 = CARTESIAN_POINT ( 'NONE',  ( 0.4704578651077480078, 0.7339999999999999858, 0.7007046722347819445 ) ) ;
#4701 = EDGE_CURVE ( 'NONE', #2505, #1236, #5214, .T. ) ;
#4702 = CARTESIAN_POINT ( 'NONE',  ( 0.2750000000004922951, 1.123048592273641955, 0.6526323735570924711 ) ) ;
#4703 = AXIS2_PLACEMENT_3D ( 'NONE', #3290, #2560, #2065 ) ;
#4704 = ORIENTED_EDGE ( 'NONE', *, *, #3325, .T. ) ;
#4705 = CARTESIAN_POINT ( 'NONE',  ( -0.8042853971072039254, 1.135000000000131237, 0.1750000000000176137 ) ) ;
#4706 = EDGE_CURVE ( 'NONE', #2725, #2066, #3060, .T. ) ;
#4707 = CARTESIAN_POINT ( 'NONE',  ( 0.7512489600660243738, 1.035000000000170006, 0.1750000000000285771 ) ) ;
#4708 = UNCERTAINTY_MEASURE_WITH_UNIT (LENGTH_MEASURE( 1.000000000000000082E-05 ), #5362, 'distance_accuracy_value', 'NONE');
#4709 = CARTESIAN_POINT ( 'NONE',  ( 8.695301423333745561E-14, 0.6350000000000167732, 1.850000000000019851 ) ) ;
#4710 = LINE ( 'NONE', #5038, #3449 ) ;
#4711 = PLANE ( 'NONE',  #2412 ) ;
#4712 = CARTESIAN_POINT ( 'NONE',  ( 9.623657426516270549E-11, 0.7597945045706789857, 0.4715009708347659978 ) ) ;
#4713 = CARTESIAN_POINT ( 'NONE',  ( -0.5513679328558926951, 1.135000000000000231, -0.7477229692438664976 ) ) ;
#4714 =( NAMED_UNIT ( * ) SI_UNIT ( $, .STERADIAN. ) SOLID_ANGLE_UNIT ( ) );
#4715 = ADVANCED_FACE ( 'NONE', ( #4340 ), #599, .F. ) ;
#4716 = VERTEX_POINT ( 'NONE', #1851 ) ;
#4717 = DIRECTION ( 'NONE',  ( 1.000000000000000000, 0.000000000000000000, 0.000000000000000000 ) ) ;
#4718 = LINE ( 'NONE', #4255, #4487 ) ;
#4719 = ORIENTED_EDGE ( 'NONE', *, *, #2221, .F. ) ;
#4720 = CARTESIAN_POINT ( 'NONE',  ( -0.2750000000007341572, 1.083940803207374515, -0.8917936426255422822 ) ) ;
#4721 = CARTESIAN_POINT ( 'NONE',  ( -0.7499999999999293898, 0.7350000000000073141, 0.3369688917004408091 ) ) ;
#4722 = CARTESIAN_POINT ( 'NONE',  ( -0.2749999999999117595, 1.102868015459512074, 0.6252450083429704764 ) ) ;
#4723 = CARTESIAN_POINT ( 'NONE',  ( 0.3174984271628270016, 0.5163682709453819575, -0.1009993744051579934 ) ) ;
#4724 = CARTESIAN_POINT ( 'NONE',  ( 0.8000000000000879741, 0.8346666666666350265, 0.3667098521672350064 ) ) ;
#4725 = CARTESIAN_POINT ( 'NONE',  ( 0.6977642868476879867, 0.8849999999999998979, -0.3749999999999800160 ) ) ;
#4726 = CARTESIAN_POINT ( 'NONE',  ( 0.8042853971073901098, 1.084999999999953335, -0.3749999999999731326 ) ) ;
#4727 = VECTOR ( 'NONE', #1185, 1000.000000000000000 ) ;
#4728 = ORIENTED_EDGE ( 'NONE', *, *, #5082, .F. ) ;
#4729 = DIRECTION ( 'NONE',  ( 1.000000000000000000, -0.000000000000000000, -0.000000000000000000 ) ) ;
#4730 = EDGE_CURVE ( 'NONE', #776, #760, #4595, .T. ) ;
#4731 = ORIENTED_EDGE ( 'NONE', *, *, #5012, .T. ) ;
#4732 = EDGE_CURVE ( 'NONE', #392, #284, #1878, .T. ) ;
#4733 = LINE ( 'NONE', #1833, #3468 ) ;
#4734 = EDGE_CURVE ( 'NONE', #3747, #3003, #3923, .T. ) ;
#4735 = CARTESIAN_POINT ( 'NONE',  ( -0.5002996974935935981, 1.035000000000000364, 0.5687764108788114781 ) ) ;
#4736 = DIRECTION ( 'NONE',  ( 0.000000000000000000, 0.000000000000000000, 1.000000000000000000 ) ) ;
#4737 = CARTESIAN_POINT ( 'NONE',  ( -0.6605641894174004713, 0.6350000000000001199, -0.3328154084533177515 ) ) ;
#4738 = DIRECTION ( 'NONE',  ( 0.000000000000000000, 0.000000000000000000, 1.000000000000000000 ) ) ;
#4739 = CARTESIAN_POINT ( 'NONE',  ( 8.814362748034273218E-14, 0.8850000000000003419, 0.6500000000000125677 ) ) ;
#4740 = DIRECTION ( 'NONE',  ( 0.000000000000000000, 0.000000000000000000, -1.000000000000000000 ) ) ;
#4741 =( BOUNDED_CURVE ( )  B_SPLINE_CURVE ( 3, ( #2963, #402, #2080, #4588 ),
 .UNSPECIFIED., .F., .T. ) 
 B_SPLINE_CURVE_WITH_KNOTS ( ( 4, 4 ),
 ( 0.000000000000000000, 1.000000000000000000 ),
 .UNSPECIFIED. ) 
 CURVE ( )  GEOMETRIC_REPRESENTATION_ITEM ( )  RATIONAL_B_SPLINE_CURVE ( ( 1.056292693602703281, 0.9864475434760220374, 0.9815976620601105651, 1.041743049354969308 ) ) 
 REPRESENTATION_ITEM ( '' )  );
#4742 = ORIENTED_EDGE ( 'NONE', *, *, #231, .F. ) ;
#4743 = CARTESIAN_POINT ( 'NONE',  ( -0.5715009707865450483, 0.7597945045706789857, -0.1000074180188910006 ) ) ;
#4744 = CARTESIAN_POINT ( 'NONE',  ( 0.001121954320181250096, 1.036000000000000032, 0.6499991608118790287 ) ) ;
#4745 = VERTEX_POINT ( 'NONE', #1466 ) ;
#4746 = LINE ( 'NONE', #4281, #1341 ) ;
#4747 = AXIS2_PLACEMENT_3D ( 'NONE', #5229, #3073, #4323 ) ;
#4748 = ADVANCED_FACE ( 'NONE', ( #174 ), #2296, .F. ) ;
#4749 = FACE_OUTER_BOUND ( 'NONE', #4963, .T. ) ;
#4750 = ORIENTED_EDGE ( 'NONE', *, *, #4222, .F. ) ;
#4751 = CARTESIAN_POINT ( 'NONE',  ( 0.2750000000135008893, 1.064308004832914323, 0.6608846197361548658 ) ) ;
#4752 = CARTESIAN_POINT ( 'NONE',  ( -0.2749999999999119815, 1.135000000000000009, -1.349999999999980327 ) ) ;
#4753 = DIRECTION ( 'NONE',  ( 0.000000000000000000, 1.000000000000000000, 0.000000000000000000 ) ) ;
#4754 = CARTESIAN_POINT ( 'NONE',  ( 2.058132317750930085, 1.135999999999979471, -0.9216907394351788740 ) ) ;
#4755 = CARTESIAN_POINT ( 'NONE',  ( 0.7512489600659215672, 1.037687278629888299, -0.3750000000005526690 ) ) ;
#4756 = ORIENTED_EDGE ( 'NONE', *, *, #3443, .F. ) ;
#4757 = CARTESIAN_POINT ( 'NONE',  ( 0.5714999999452690105, 0.6849984649512630419, -0.09999999999904254921 ) ) ;
#4758 = ORIENTED_EDGE ( 'NONE', *, *, #4348, .F. ) ;
#4759 = CARTESIAN_POINT ( 'NONE',  ( -0.6991495152709790162, 0.6850072337659980359, -0.5127538212131861339 ) ) ;
#4760 = EDGE_CURVE ( 'NONE', #4842, #1116, #5061, .T. ) ;
#4761 =( NAMED_UNIT ( * ) SI_UNIT ( $, .STERADIAN. ) SOLID_ANGLE_UNIT ( ) );
#4762 = DIRECTION ( 'NONE',  ( 0.000000000000000000, 1.000000000000000000, 0.000000000000000000 ) ) ;
#4763 = CARTESIAN_POINT ( 'NONE',  ( 0.7292307736899209525, 0.6844954867105910168, 0.3305127613083759797 ) ) ;
#4764 = CARTESIAN_POINT ( 'NONE',  ( 0.4445033979216570508, 0.8120000000000001661, 0.1617807659701419876 ) ) ;
#4765 = DIRECTION ( 'NONE',  ( 0.000000000000000000, -1.677525408590485809E-11, 1.000000000000000000 ) ) ;
#4766 = VERTEX_POINT ( 'NONE', #31 ) ;
#4767 = CARTESIAN_POINT ( 'NONE',  ( -0.04488546306169078487, 0.6850000000000002753, -0.7999999999999866107 ) ) ;
#4768 = FACE_OUTER_BOUND ( 'NONE', #2403, .T. ) ;
#4769 = AXIS2_PLACEMENT_3D ( 'NONE', #472, #1811, #2140 ) ;
#4770 = VERTEX_POINT ( 'NONE', #2842 ) ;
#4771 = CARTESIAN_POINT ( 'NONE',  ( -0.2750000000000119016, 1.035000000000089404, -0.8512489600657821009 ) ) ;
#4772 = VECTOR ( 'NONE', #2696, 1000.000000000000000 ) ;
#4773 = DIRECTION ( 'NONE',  ( 1.000000000000000000, -0.000000000000000000, -0.000000000000000000 ) ) ;
#4774 = ORIENTED_EDGE ( 'NONE', *, *, #3191, .F. ) ;
#4775 = CARTESIAN_POINT ( 'NONE',  ( 0.2750000000006936896, 1.037687278617631881, 0.6512489600657080935 ) ) ;
#4776 = LINE ( 'NONE', #2262, #2610 ) ;
#4777 = VECTOR ( 'NONE', #3695, 1000.000000000000000 ) ;
#4778 = CARTESIAN_POINT ( 'NONE',  ( 0.7987387276680877335, 0.6350000000000000089, 0.6407171218268199464 ) ) ;
#4779 = DIRECTION ( 'NONE',  ( 1.000000000000000000, 0.000000000000000000, 0.000000000000000000 ) ) ;
#4780 = VECTOR ( 'NONE', #725, 1000.000000000000000 ) ;
#4781 = EDGE_CURVE ( 'NONE', #2211, #700, #934, .T. ) ;
#4782 = CARTESIAN_POINT ( 'NONE',  ( 0.2750000000021207702, 1.085983356948649003, 0.6120989480622663903 ) ) ;
#4783 = ORIENTED_EDGE ( 'NONE', *, *, #1656, .T. ) ;
#4784 = MECHANICAL_DESIGN_GEOMETRIC_PRESENTATION_REPRESENTATION (  '', ( #5221 ), #1907 ) ;
#4785 = CARTESIAN_POINT ( 'NONE',  ( 0.4410542485385600675, 0.7340000000000000968, 0.6506606302200270697 ) ) ;
#4786 = ORIENTED_EDGE ( 'NONE', *, *, #3831, .T. ) ;
#4787 = CARTESIAN_POINT ( 'NONE',  ( -0.9684995803668789982, 1.118666666666850107, -1.617237147854340362 ) ) ;
#4788 = CARTESIAN_POINT ( 'NONE',  ( -0.3999999999999120370, 0.6349999999999969003, 1.099999999999948352 ) ) ;
#4789 = LINE ( 'NONE', #2358, #2847 ) ;
#4790 = CARTESIAN_POINT ( 'NONE',  ( 0.4353752552856389735, 0.7057692263101751351, 0.6571716985369140396 ) ) ;
#4791 = EDGE_CURVE ( 'NONE', #2066, #3041, #4493, .T. ) ;
#4792 = LINE ( 'NONE', #3611, #5114 ) ;
#4793 = VERTEX_POINT ( 'NONE', #3261 ) ;
#4794 = CARTESIAN_POINT ( 'NONE',  ( 0.6158329235394780499, 1.034999999999999476, 0.3828864701425142014 ) ) ;
#4795 = CARTESIAN_POINT ( 'NONE',  ( 0.8951833846989873944, 1.084999999999999964, -0.1295090612753300729 ) ) ;
#4796 = CARTESIAN_POINT ( 'NONE',  ( -0.09238598621510486775, 0.8849999999999998979, -0.8999999999998816724 ) ) ;
#4797 = ORIENTED_EDGE ( 'NONE', *, *, #1974, .F. ) ;
#4798 = EDGE_CURVE ( 'NONE', #2134, #5040, #2374, .T. ) ;
#4799 = CARTESIAN_POINT ( 'NONE',  ( 1.250000000000089928, 1.109999999999999876, -0.3749999999999800160 ) ) ;
#4800 = LINE ( 'NONE', #1056, #3986 ) ;
#4801 = ORIENTED_EDGE ( 'NONE', *, *, #2199, .T. ) ;
#4802 = EDGE_CURVE ( 'NONE', #4881, #2986, #2792, .T. ) ;
#4803 = FACE_OUTER_BOUND ( 'NONE', #1874, .T. ) ;
#4804 = LINE ( 'NONE', #2734, #330 ) ;
#4805 = EDGE_CURVE ( 'NONE', #464, #1554, #5339, .T. ) ;
#4806 = CARTESIAN_POINT ( 'NONE',  ( 2.056340630042932549, 1.134999999999998899, -0.9190029851453862531 ) ) ;
#4807 = FACE_OUTER_BOUND ( 'NONE', #1035, .T. ) ;
#4808 = CARTESIAN_POINT ( 'NONE',  ( 0.7549536877174174432, 1.054166816734353862, -0.3750000000126221256 ) ) ;
#4809 = ORIENTED_EDGE ( 'NONE', *, *, #690, .T. ) ;
#4810 = CARTESIAN_POINT ( 'NONE',  ( 0.3174999999863578615, 0.6849985898234416393, -0.09999999999953100571 ) ) ;
#4811 = VERTEX_POINT ( 'NONE', #5290 ) ;
#4812 = EDGE_CURVE ( 'NONE', #3846, #2877, #1551, .T. ) ;
#4813 = CARTESIAN_POINT ( 'NONE',  ( -0.6991495152709790162, 0.6850072337659980359, 0.3127538212132259798 ) ) ;
#4814 = UNCERTAINTY_MEASURE_WITH_UNIT (LENGTH_MEASURE( 1.000000000000000082E-05 ), #2778, 'distance_accuracy_value', 'NONE');
#4815 = CARTESIAN_POINT ( 'NONE',  ( 0.8042853971073901098, 1.084999999999953335, -0.3749999999999731326 ) ) ;
#4816 = DIRECTION ( 'NONE',  ( 0.000000000000000000, 1.000000000000000000, 0.000000000000000000 ) ) ;
#4817 = CARTESIAN_POINT ( 'NONE',  ( 0.3775318359207391339, 1.135000000000000009, 0.6636370186466342691 ) ) ;
#4818 = CARTESIAN_POINT ( 'NONE',  ( -0.1854929580198459993, 0.5163682709453819575, -0.4174999999999799982 ) ) ;
#4819 = DIRECTION ( 'NONE',  ( -1.000000000000000000, -3.300942198249946742E-15, -3.300942198264226702E-15 ) ) ;
#4820 = ORIENTED_EDGE ( 'NONE', *, *, #3235, .T. ) ;
#4821 =( NAMED_UNIT ( * ) SI_UNIT ( $, .STERADIAN. ) SOLID_ANGLE_UNIT ( ) );
#4822 = CARTESIAN_POINT ( 'NONE',  ( -0.1851291097556750920, 0.8849999999999998979, -0.8841468356449133648 ) ) ;
#4823 = ORIENTED_EDGE ( 'NONE', *, *, #1672, .F. ) ;
#4824 = CARTESIAN_POINT ( 'NONE',  ( -5.386224799508449283E-11, -0.01669986628942519633, -0.5565285518018729949 ) ) ;
#4825 = VECTOR ( 'NONE', #3754, 1000.000000000000000 ) ;
#4826 = CARTESIAN_POINT ( 'NONE',  ( 0.7004207023447910352, 0.6850000000000000533, 0.6004207023447230007 ) ) ;
#4827 = VERTEX_POINT ( 'NONE', #2424 ) ;
#4828 = CARTESIAN_POINT ( 'NONE',  ( -0.7674127680824168740, 1.128748614683571461, -0.3750000000036372572 ) ) ;
#4829 = CARTESIAN_POINT ( 'NONE',  ( -0.5514813034843639716, 1.085000000000000187, -0.7469123915182839246 ) ) ;
#4830 = EDGE_CURVE ( 'NONE', #741, #3295, #4085, .T. ) ;
#4831 = CARTESIAN_POINT ( 'NONE',  ( -0.5184982019117011509, 0.8120000000000001661, -0.4053584226470751117 ) ) ;
#4832 = ORIENTED_EDGE ( 'NONE', *, *, #3882, .T. ) ;
#4833 = LINE ( 'NONE', #5164, #4930 ) ;
#4834 = ORIENTED_EDGE ( 'NONE', *, *, #4965, .F. ) ;
#4835 = CARTESIAN_POINT ( 'NONE',  ( 0.4200000000000880807, 0.1000000000000000194, -1.799999999999980060 ) ) ;
#4836 = DIRECTION ( 'NONE',  ( 2.435264686897857978E-10, 2.209059175496647094E-13, 1.000000000000000000 ) ) ;
#4837 = CARTESIAN_POINT ( 'NONE',  ( 1.350000000000090239, 0.02031999999977718990, 1.900000000000019895 ) ) ;
#4838 = CARTESIAN_POINT ( 'NONE',  ( 1.250000000000089706, 1.084999999999999964, 0.1750000000000199729 ) ) ;
#4839 = CARTESIAN_POINT ( 'NONE',  ( 0.7505045132895009630, 0.7057692263101761343, -0.09999999999998013256 ) ) ;
#4840 = CARTESIAN_POINT ( 'NONE',  ( 0.8042853971074427344, 1.135000000000130571, 0.1750000000000391243 ) ) ;
#4841 = CARTESIAN_POINT ( 'NONE',  ( 0.5714999999452690105, 0.6849984649512630419, -0.09999999999904256309 ) ) ;
#4842 = VERTEX_POINT ( 'NONE', #5008 ) ;
#4843 = VECTOR ( 'NONE', #4330, 1000.000000000000114 ) ;
#4844 = SURFACE_STYLE_FILL_AREA ( #2309 ) ;
#4845 = CARTESIAN_POINT ( 'NONE',  ( -0.7499999999999119593, 0.6360000000000000098, 0.001000000000020100045 ) ) ;
#4846 = CARTESIAN_POINT ( 'NONE',  ( 8.823045889930817149E-14, 0.8850000000000002309, -0.8999999999999684919 ) ) ;
#4847 = ORIENTED_EDGE ( 'NONE', *, *, #551, .F. ) ;
#4848 = DIRECTION ( 'NONE',  ( -0.7071067811858818830, 0.000000000000000000, -0.7071067811872131514 ) ) ;
#4849 = LINE ( 'NONE', #4413, #1282 ) ;
#4850 = ORIENTED_EDGE ( 'NONE', *, *, #3658, .T. ) ;
#4851 = VECTOR ( 'NONE', #474, 1000.000000000000000 ) ;
#4852 = CARTESIAN_POINT ( 'NONE',  ( 8.689880412471318039E-14, 0.5849999999999998535, 1.899999999999944622 ) ) ;
#4853 = CARTESIAN_POINT ( 'NONE',  ( -0.9722938510203285034, 1.084999999999999742, -1.614808458937331270 ) ) ;
#4854 = ORIENTED_EDGE ( 'NONE', *, *, #1131, .F. ) ;
#4855 = AXIS2_PLACEMENT_3D ( 'NONE', #647, #4389, #1493 ) ;
#4856 = EDGE_CURVE ( 'NONE', #142, #4881, #4445, .T. ) ;
#4857 = B_SPLINE_CURVE_WITH_KNOTS ( 'NONE', 3,
 ( #1244, #3304, #1724, #5026, #1310, #875 ),
 .UNSPECIFIED., .F., .F.,
 ( 4, 2, 4 ),
 ( 0.000000000000000000, 0.5000000000000000000, 1.000000000000000000 ),
 .UNSPECIFIED. ) ;
#4858 = CARTESIAN_POINT ( 'NONE',  ( -0.3705085939312140475, 0.8120000000000001661, -0.3182031092931110194 ) ) ;
#4859 = ORIENTED_EDGE ( 'NONE', *, *, #4535, .T. ) ;
#4860 = VECTOR ( 'NONE', #4634, 1000.000000000000000 ) ;
#4861 = LINE ( 'NONE', #1721, #133 ) ;
#4862 = ORIENTED_EDGE ( 'NONE', *, *, #4856, .F. ) ;
#4863 = CARTESIAN_POINT ( 'NONE',  ( 0.7500000000000881517, 0.000000000000000000, -1.899999999999979927 ) ) ;
#4864 = EDGE_CURVE ( 'NONE', #1928, #4970, #1102, .T. ) ;
#4865 = CARTESIAN_POINT ( 'NONE',  ( -0.4935209683203600206, 1.086427134029740005, -0.8109133805709011211 ) ) ;
#4866 = UNCERTAINTY_MEASURE_WITH_UNIT (LENGTH_MEASURE( 1.000000000000000082E-05 ), #2617, 'distance_accuracy_value', 'NONE');
#4867 = EDGE_CURVE ( 'NONE', #1928, #1990, #2400, .T. ) ;
#4868 = CARTESIAN_POINT ( 'NONE',  ( -0.3175053581231205846, 0.1769999999999999352, 0.08698337468553901664 ) ) ;
#4869 = DIRECTION ( 'NONE',  ( 1.000000000000000000, -0.000000000000000000, 0.000000000000000000 ) ) ;
#4870 = CARTESIAN_POINT ( 'NONE',  ( 0.4350783856453160348, 0.7358504847289409900, 0.6566554053230518884 ) ) ;
#4871 = CIRCLE ( 'NONE', #1546, 0.05000000000004282963 ) ;
#4872 = VECTOR ( 'NONE', #1979, 1000.000000000000000 ) ;
#4873 = CARTESIAN_POINT ( 'NONE',  ( -0.3705057616176199997, 0.8120000000000001661, -0.1000048091235069964 ) ) ;
#4874 = CARTESIAN_POINT ( 'NONE',  ( -0.7032150559474725782, 1.066448576536243475, 0.1749999999987522370 ) ) ;
#4875 = CARTESIAN_POINT ( 'NONE',  ( 0.7197892601231550280, 1.134993514580980190, 0.4435461219846459913 ) ) ;
#4876 = CARTESIAN_POINT ( 'NONE',  ( 0.4250000000000879741, 0.1000000000000000056, -1.599999999999980327 ) ) ;
#4877 = CARTESIAN_POINT ( 'NONE',  ( -1.349999999999909939, 0.3149600000000000177, 1.912700000000020273 ) ) ;
#4878 = ORIENTED_EDGE ( 'NONE', *, *, #4701, .T. ) ;
#4879 = CARTESIAN_POINT ( 'NONE',  ( -0.2749999999999119815, 1.009999999999999343, -0.7977642868475800508 ) ) ;
#4880 = CARTESIAN_POINT ( 'NONE',  ( 0.4000000000000880074, -0.005079999999999956078, 1.506350000000020062 ) ) ;
#4881 = VERTEX_POINT ( 'NONE', #3369 ) ;
#4882 = DIRECTION ( 'NONE',  ( 1.000000000000000000, -0.000000000000000000, 0.000000000000000000 ) ) ;
#4883 = CARTESIAN_POINT ( 'NONE',  ( 0.2750000000000880074, 1.076757051605893967, -0.8744803497947054582 ) ) ;
#4884 = DIRECTION ( 'NONE',  ( -1.000000000000000000, 0.000000000000000000, 0.000000000000000000 ) ) ;
#4885 = ORIENTED_EDGE ( 'NONE', *, *, #1029, .T. ) ;
#4886 = CARTESIAN_POINT ( 'NONE',  ( -0.3174999999838649667, 0.6849983515546670398, -0.09999587888664641933 ) ) ;
#4887 = ORIENTED_EDGE ( 'NONE', *, *, #1196, .F. ) ;
#4888 = DIRECTION ( 'NONE',  ( -1.000000000000000000, 0.000000000000000000, 0.000000000000000000 ) ) ;
#4889 = ORIENTED_EDGE ( 'NONE', *, *, #5262, .T. ) ;
#4890 = DIRECTION ( 'NONE',  ( -0.7952598331398431641, -0.6062687504682959805, 1.935381979623687282E-10 ) ) ;
#4891 = EDGE_CURVE ( 'NONE', #1042, #167, #1083, .T. ) ;
#4892 = DIRECTION ( 'NONE',  ( -1.000000000000000000, 9.334587751896322712E-15, 2.437192233315970367E-16 ) ) ;
#4893 = CARTESIAN_POINT ( 'NONE',  ( 0.6605641894175842133, 0.6350000000000001199, 0.1328154084533489376 ) ) ;
#4894 = CARTESIAN_POINT ( 'NONE',  ( 0.7842118008290118736, 0.8850000000000001199, 0.08495163693062900145 ) ) ;
#4895 = FACE_OUTER_BOUND ( 'NONE', #2377, .T. ) ;
#4896 = EDGE_CURVE ( 'NONE', #5340, #517, #2348, .T. ) ;
#4897 = DIRECTION ( 'NONE',  ( 1.000000000000000000, 0.000000000000000000, 0.000000000000000000 ) ) ;
#4898 = FILL_AREA_STYLE_COLOUR ( '', #1731 ) ;
#4899 = CARTESIAN_POINT ( 'NONE',  ( -0.4484375503234930838, 1.093499400003510091, -0.7420229021626709720 ) ) ;
#4900 = ORIENTED_EDGE ( 'NONE', *, *, #1900, .T. ) ;
#4901 = CARTESIAN_POINT ( 'NONE',  ( -0.7519404295596046062, 1.043032127203897597, -0.3749999999999797939 ) ) ;
#4902 = CARTESIAN_POINT ( 'NONE',  ( 0.3305643049741803785, 1.084999999999999742, 0.6852869371233970552 ) ) ;
#4903 = CARTESIAN_POINT ( 'NONE',  ( 1.800000000000087308, 0.000000000000000000, -1.599999999999972777 ) ) ;
#4904 = ORIENTED_EDGE ( 'NONE', *, *, #2714, .F. ) ;
#4905 = CARTESIAN_POINT ( 'NONE',  ( -0.8749999999999108491, 0.6350000000000000089, 1.874600000000020028 ) ) ;
#4906 = CARTESIAN_POINT ( 'NONE',  ( 8.815170815523740407E-14, 0.3456317290546179755, 0.2175000000000200107 ) ) ;
#4907 = VERTEX_POINT ( 'NONE', #3881 ) ;
#4908 = VECTOR ( 'NONE', #2798, 1000.000000000000000 ) ;
#4909 = ORIENTED_EDGE ( 'NONE', *, *, #4989, .T. ) ;
#4910 = CARTESIAN_POINT ( 'NONE',  ( 0.3174990291385609842, 0.7597945045706929745, -0.09999587889795739926 ) ) ;
#4911 = ORIENTED_EDGE ( 'NONE', *, *, #3597, .F. ) ;
#4912 = VECTOR ( 'NONE', #602, 999.9999999999998863 ) ;
#4913 = AXIS2_PLACEMENT_3D ( 'NONE', #738, #768, #1585 ) ;
#4914 = DIRECTION ( 'NONE',  ( 3.872150616019647198E-15, 1.000000000000000000, 0.000000000000000000 ) ) ;
#4915 = ORIENTED_EDGE ( 'NONE', *, *, #1559, .T. ) ;
#4916 = CARTESIAN_POINT ( 'NONE',  ( -0.5124524118205989742, 1.084944679810410095, -0.8381839878231510665 ) ) ;
#4917 = CARTESIAN_POINT ( 'NONE',  ( -0.4704578651075709828, 1.036000000000000032, -0.9007046722347420431 ) ) ;
#4918 = CARTESIAN_POINT ( 'NONE',  ( -0.4009999999999119824, 0.04900000000000000189, 1.900000000000019895 ) ) ;
#4919 = LINE ( 'NONE', #1170, #374 ) ;
#4920 = CARTESIAN_POINT ( 'NONE',  ( -6.437571149501724272E-11, 0.1000000000000000056, -0.6454950493836021375 ) ) ;
#4921 = CARTESIAN_POINT ( 'NONE',  ( -0.3999999999999119815, 0.6477000000000001645, 1.506350000000020062 ) ) ;
#4922 = EDGE_LOOP ( 'NONE', ( #2950, #3812, #3901, #2463 ) ) ;
#4923 = DIRECTION ( 'NONE',  ( 0.000000000000000000, -0.000000000000000000, 1.000000000000000000 ) ) ;
#4924 = CARTESIAN_POINT ( 'NONE',  ( 0.5984391845198774318, 1.085000000000000187, 0.5046835084669905047 ) ) ;
#4925 =( GEOMETRIC_REPRESENTATION_CONTEXT ( 3 ) GLOBAL_UNCERTAINTY_ASSIGNED_CONTEXT ( ( #657 ) ) GLOBAL_UNIT_ASSIGNED_CONTEXT ( ( #4076, #3313, #1567 ) ) REPRESENTATION_CONTEXT ( 'NONE', 'WORKASPACE' ) );
#4926 = ORIENTED_EDGE ( 'NONE', *, *, #2775, .F. ) ;
#4927 = DIRECTION ( 'NONE',  ( 0.000000000000000000, -0.7071067811854068186, -0.7071067811876883269 ) ) ;
#4928 = CARTESIAN_POINT ( 'NONE',  ( 0.2750000000000880074, 1.084999999998077280, -0.8980824549069532647 ) ) ;
#4929 = ORIENTED_EDGE ( 'NONE', *, *, #505, .T. ) ;
#4930 = VECTOR ( 'NONE', #5190, 1000.000000000000000 ) ;
#4931 = AXIS2_PLACEMENT_3D ( 'NONE', #3804, #4923, #5 ) ;
#4932 = ORIENTED_EDGE ( 'NONE', *, *, #886, .T. ) ;
#4933 = CARTESIAN_POINT ( 'NONE',  ( -0.3989999999999120361, 0.6106000000000001426, 1.912700000000020051 ) ) ;
#4934 = EDGE_LOOP ( 'NONE', ( #4719, #3456, #4054, #2062 ) ) ;
#4935 = CARTESIAN_POINT ( 'NONE',  ( -0.4199999999999120548, 0.5500000000000000444, -1.799999999999980060 ) ) ;
#4936 = VECTOR ( 'NONE', #1122, 1000.000000000000000 ) ;
#4937 = EDGE_LOOP ( 'NONE', ( #3263, #4943, #807, #4448 ) ) ;
#4938 = PLANE ( 'NONE',  #2477 ) ;
#4939 = EDGE_CURVE ( 'NONE', #3324, #2482, #4683, .T. ) ;
#4940 =( BOUNDED_CURVE ( )  B_SPLINE_CURVE ( 3, ( #651, #2323, #3322, #5019 ),
 .UNSPECIFIED., .F., .T. ) 
 B_SPLINE_CURVE_WITH_KNOTS ( ( 4, 4 ),
 ( 2.258083075794524573E-15, 0.003197238608942090578 ),
 .UNSPECIFIED. ) 
 CURVE ( )  GEOMETRIC_REPRESENTATION_ITEM ( )  RATIONAL_B_SPLINE_CURVE ( ( 1.111800765286454995, 0.8971319284219225754, 0.9916025867296929253, 1.395212740209769375 ) ) 
 REPRESENTATION_ITEM ( '' )  );
#4941 = DIRECTION ( 'NONE',  ( 0.000000000000000000, 0.000000000000000000, -1.000000000000000000 ) ) ;
#4942 =( GEOMETRIC_REPRESENTATION_CONTEXT ( 3 ) GLOBAL_UNCERTAINTY_ASSIGNED_CONTEXT ( ( #3877 ) ) GLOBAL_UNIT_ASSIGNED_CONTEXT ( ( #5175, #250, #4821 ) ) REPRESENTATION_CONTEXT ( 'NONE', 'WORKASPACE' ) );
#4943 = ORIENTED_EDGE ( 'NONE', *, *, #3921, .T. ) ;
#4944 = CARTESIAN_POINT ( 'NONE',  ( 0.001196751274854080272, 0.8346666666666350265, 0.6999991048659989223 ) ) ;
#4945 = COLOUR_RGB ( '',1.000000000000000000, 1.000000000000000000, 1.000000000000000000 ) ;
#4946 = CARTESIAN_POINT ( 'NONE',  ( -1.349999999999909939, 0.6476999999999999424, 1.874600000000015365 ) ) ;
#4947 = STYLED_ITEM ( 'NONE', ( #1957 ), #53 ) ;
#4948 = CARTESIAN_POINT ( 'NONE',  ( -0.4249999999999119482, 0.000000000000000000, -2.049999999999979838 ) ) ;
#4949 = CARTESIAN_POINT ( 'NONE',  ( -0.1849855959070590139, 0.6849983515546649304, -0.4174999999795470651 ) ) ;
#4950 = AXIS2_PLACEMENT_3D ( 'NONE', #3229, #3937, #3773 ) ;
#4951 = ORIENTED_EDGE ( 'NONE', *, *, #281, .T. ) ;
#4952 = CARTESIAN_POINT ( 'NONE',  ( 8.668980248502740918E-14, 0.7350000000000030953, -0.8499999999999865441 ) ) ;
#4953 = CARTESIAN_POINT ( 'NONE',  ( -0.3989999999999120361, 0.5839999999999999636, 1.900000000000019895 ) ) ;
#4954 = VECTOR ( 'NONE', #1233, 1000.000000000000114 ) ;
#4955 = ORIENTED_EDGE ( 'NONE', *, *, #2362, .F. ) ;
#4956 = CARTESIAN_POINT ( 'NONE',  ( 0.4200000000000880807, 1.231623274408365279E-18, -1.899999999999979927 ) ) ;
#4957 = SURFACE_STYLE_USAGE ( .BOTH. , #834 ) ;
#4958 = EDGE_CURVE ( 'NONE', #517, #1548, #2552, .T. ) ;
#4959 = ORIENTED_EDGE ( 'NONE', *, *, #2356, .T. ) ;
#4960 = CARTESIAN_POINT ( 'NONE',  ( -0.4122523842458429844, 0.6350000000089769392, 0.6000040086894490310 ) ) ;
#4961 = ADVANCED_FACE ( 'NONE', ( #5118 ), #3422, .T. ) ;
#4962 = LINE ( 'NONE', #953, #1904 ) ;
#4963 = EDGE_LOOP ( 'NONE', ( #3903, #3178, #221, #3291 ) ) ;
#4964 = DIRECTION ( 'NONE',  ( 0.000000000000000000, 0.000000000000000000, 1.000000000000000000 ) ) ;
#4965 = EDGE_CURVE ( 'NONE', #425, #3783, #3977, .T. ) ;
#4966 = CARTESIAN_POINT ( 'NONE',  ( 0.01134385955869789998, 0.7057692263101760233, 0.6504187772957890079 ) ) ;
#4967 = EDGE_LOOP ( 'NONE', ( #2449, #3168, #4370, #1635, #4728, #603, #3441, #1194, #125, #3642, #4094, #617, #382, #2446, #4417 ) ) ;
#4968 = CARTESIAN_POINT ( 'NONE',  ( 0.4488397645860229823, 1.033860492207939963, -0.7426082213849171110 ) ) ;
#4969 = DIRECTION ( 'NONE',  ( 0.000000000000000000, 0.000000000000000000, -1.000000000000000000 ) ) ;
#4970 = VERTEX_POINT ( 'NONE', #3908 ) ;
#4971 = CARTESIAN_POINT ( 'NONE',  ( -0.3175053582162949972, 0.1770048647585190371, 0.08698337474041069328 ) ) ;
#4972 = CARTESIAN_POINT ( 'NONE',  ( -0.2750000000003163803, 1.123048592273641955, -0.8526323735570530138 ) ) ;
#4973 = ORIENTED_EDGE ( 'NONE', *, *, #4864, .F. ) ;
#4974 = CARTESIAN_POINT ( 'NONE',  ( -0.7999999999999120037, 0.7339999999999999858, -0.5667098521671950495 ) ) ;
#4975 =( BOUNDED_CURVE ( )  B_SPLINE_CURVE ( 3, ( #851, #1609, #3769, #879, #354, #4099, #4126 ),
 .UNSPECIFIED., .F., .F. ) 
 B_SPLINE_CURVE_WITH_KNOTS ( ( 4, 3, 4 ),
 ( 0.000000000000000000, 0.5000000000013216095, 1.000000000000000000 ),
 .UNSPECIFIED. ) 
 CURVE ( )  GEOMETRIC_REPRESENTATION_ITEM ( )  RATIONAL_B_SPLINE_CURVE ( ( 1.752722997160236496, 1.421288913407246834, 1.436688550308296675, 1.798921907863375358, 1.436688550310206702, 1.421288913407416921, 1.752722997154986695 ) ) 
 REPRESENTATION_ITEM ( '' )  );
#4976 = CARTESIAN_POINT ( 'NONE',  ( 0.7500000000000881517, 0.000000000000000000, -0.02499999999998000696 ) ) ;
#4977 = CARTESIAN_POINT ( 'NONE',  ( 0.3990000000000880065, 0.5839999999999999636, 1.900000000000019895 ) ) ;
#4978 = ADVANCED_FACE ( 'NONE', ( #2971 ), #4711, .F. ) ;
#4979 = CARTESIAN_POINT ( 'NONE',  ( 0.4000000000000880074, 0.02032000000040137463, 1.874599999999976951 ) ) ;
#4980 = CARTESIAN_POINT ( 'NONE',  ( -0.7499999999999118483, 0.2000000000000000666, -1.599999999999980105 ) ) ;
#4981 = CARTESIAN_POINT ( 'NONE',  ( -0.8107021043493950474, 1.134993514580979967, -0.3592286378210490239 ) ) ;
#4982 = VERTEX_POINT ( 'NONE', #4299 ) ;
#4983 = LINE ( 'NONE', #4190, #1442 ) ;
#4984 = CARTESIAN_POINT ( 'NONE',  ( 0.7800808756246213616, 1.084999999999999964, 0.2457903385745524583 ) ) ;
#4985 = CIRCLE ( 'NONE', #2196, 0.7566372975210734486 ) ;
#4986 = VERTEX_POINT ( 'NONE', #2637 ) ;
#4987 = LINE ( 'NONE', #1232, #3550 ) ;
#4988 = ORIENTED_EDGE ( 'NONE', *, *, #4230, .F. ) ;
#4989 = EDGE_CURVE ( 'NONE', #1909, #1089, #2807, .T. ) ;
#4990 = ORIENTED_EDGE ( 'NONE', *, *, #2628, .F. ) ;
#4991 = FACE_OUTER_BOUND ( 'NONE', #253, .T. ) ;
#4992 = CARTESIAN_POINT ( 'NONE',  ( -0.7608846197608533091, 1.064308004865083923, 0.1750000000126620825 ) ) ;
#4993 = ORIENTED_EDGE ( 'NONE', *, *, #1045, .T. ) ;
#4994 = CARTESIAN_POINT ( 'NONE',  ( 1.350000000000090017, 0.6476999999999999424, 1.377029908129719482 ) ) ;
#4995 = DIRECTION ( 'NONE',  ( -0.000000000000000000, 1.000000000000000000, 0.000000000000000000 ) ) ;
#4996 = ORIENTED_EDGE ( 'NONE', *, *, #2593, .T. ) ;
#4997 = CARTESIAN_POINT ( 'NONE',  ( 0.7512489600659273403, 1.037687278621763909, 0.1750000000011655565 ) ) ;
#4998 = AXIS2_PLACEMENT_3D ( 'NONE', #4014, #1165, #4096 ) ;
#4999 = LINE ( 'NONE', #3013, #2740 ) ;
#5000 = ORIENTED_EDGE ( 'NONE', *, *, #3755, .T. ) ;
#5001 =( LENGTH_UNIT ( ) NAMED_UNIT ( * ) SI_UNIT ( .MILLI., .METRE. ) );
#5002 = CARTESIAN_POINT ( 'NONE',  ( -0.6977642868475120164, 1.010000000000000009, -0.3749999999999800160 ) ) ;
#5003 = CARTESIAN_POINT ( 'NONE',  ( -1.349999999999929257, 0.6476999999999999424, 0.8413598162593672880 ) ) ;
#5004 = DIRECTION ( 'NONE',  ( -1.000000000000000000, -0.000000000000000000, -0.000000000000000000 ) ) ;
#5005 = LINE ( 'NONE', #4488, #4780 ) ;
#5006 = DIRECTION ( 'NONE',  ( 0.000000000000000000, 1.000000000000000000, 0.000000000000000000 ) ) ;
#5007 = CARTESIAN_POINT ( 'NONE',  ( 0.7488989134856079977, 0.8849999999999998979, -0.3749999999999800160 ) ) ;
#5008 = CARTESIAN_POINT ( 'NONE',  ( -0.9722938510203287255, 1.084999999999999742, -1.614808458937331270 ) ) ;
#5009 = ORIENTED_EDGE ( 'NONE', *, *, #524, .F. ) ;
#5010 = LINE ( 'NONE', #4570, #2235 ) ;
#5011 = CARTESIAN_POINT ( 'NONE',  ( 0.6662647483131948212, 1.085000000000000187, 0.4288600966245421087 ) ) ;
#5012 = EDGE_CURVE ( 'NONE', #4716, #4970, #5039, .T. ) ;
#5013 = EDGE_LOOP ( 'NONE', ( #5375, #1484, #5080, #1628 ) ) ;
#5014 = LINE ( 'NONE', #864, #1807 ) ;
#5015 = CARTESIAN_POINT ( 'NONE',  ( -0.7741041160660191434, 1.064140335611860166, 0.09631683809446331401 ) ) ;
#5016 = ORIENTED_EDGE ( 'NONE', *, *, #2996, .F. ) ;
#5017 = ORIENTED_EDGE ( 'NONE', *, *, #3161, .F. ) ;
#5018 = PRODUCT_DEFINITION ( 'UNKNOWN', '', #3426, #2744 ) ;
#5019 = CARTESIAN_POINT ( 'NONE',  ( -1.295183384698747719, 1.135000000000000009, 1.149999999999863576 ) ) ;
#5020 = CARTESIAN_POINT ( 'NONE',  ( -0.7529138651299995821, 1.048649204853828953, 0.1750000000000199729 ) ) ;
#5021 = ORIENTED_EDGE ( 'NONE', *, *, #2916, .F. ) ;
#5022 = LINE ( 'NONE', #4994, #5224 ) ;
#5023 = AXIS2_PLACEMENT_3D ( 'NONE', #2469, #4047, #1146 ) ;
#5024 = LINE ( 'NONE', #1275, #1543 ) ;
#5025 = ORIENTED_EDGE ( 'NONE', *, *, #5067, .F. ) ;
#5026 = CARTESIAN_POINT ( 'NONE',  ( -3.461306456674849702E-06, 0.6838150122453455770, -0.8902366755583257518 ) ) ;
#5027 = CARTESIAN_POINT ( 'NONE',  ( -0.2750000000019447444, 1.085983356948649226, -0.8120989480622267109 ) ) ;
#5028 = ORIENTED_EDGE ( 'NONE', *, *, #3671, .F. ) ;
#5029 = EDGE_CURVE ( 'NONE', #4970, #5291, #4246, .T. ) ;
#5030 = CARTESIAN_POINT ( 'NONE',  ( 0.7300000000000879119, 0.1000000000000462880, -1.150000000000026112 ) ) ;
#5031 = DIRECTION ( 'NONE',  ( -1.000000000000000000, 0.000000000000000000, 0.000000000000000000 ) ) ;
#5032 = AXIS2_PLACEMENT_3D ( 'NONE', #2510, #18, #4173 ) ;
#5033 = EDGE_CURVE ( 'NONE', #3203, #2761, #3834, .T. ) ;
#5034 = DIRECTION ( 'NONE',  ( -9.647784822044258760E-15, -1.000000000000000000, 8.375982706032198841E-15 ) ) ;
#5035 = AXIS2_PLACEMENT_3D ( 'NONE', #4134, #4515, #1570 ) ;
#5036 = CARTESIAN_POINT ( 'NONE',  ( 0.4200000000000880807, 0.5500000000000000444, -1.899999999999980149 ) ) ;
#5037 = AXIS2_PLACEMENT_3D ( 'NONE', #5211, #3033, #924 ) ;
#5038 = CARTESIAN_POINT ( 'NONE',  ( 8.815490515067552744E-14, 0.8849999999999651479, 0.7000000000000085043 ) ) ;
#5039 = LINE ( 'NONE', #2995, #1622 ) ;
#5040 = VERTEX_POINT ( 'NONE', #1786 ) ;
#5041 = VECTOR ( 'NONE', #1847, 1000.000000000000000 ) ;
#5042 = SURFACE_SIDE_STYLE ('',( #3372 ) ) ;
#5043 = LINE ( 'NONE', #1295, #1241 ) ;
#5044 = VERTEX_POINT ( 'NONE', #1894 ) ;
#5045 = CARTESIAN_POINT ( 'NONE',  ( -0.8951833846988120902, 1.084999999999999964, 1.500000000000019762 ) ) ;
#5046 = VECTOR ( 'NONE', #1842, 1000.000000000000000 ) ;
#5047 = CARTESIAN_POINT ( 'NONE',  ( 8.500145032286354763E-14, 1.135000000000000009, -1.614808458937980751 ) ) ;
#5048 = FACE_OUTER_BOUND ( 'NONE', #3915, .T. ) ;
#5049 = VERTEX_POINT ( 'NONE', #2359 ) ;
#5050 = CARTESIAN_POINT ( 'NONE',  ( 9.846255275114399990E-06, 0.6349992136593850534, 0.6585785483030112131 ) ) ;
#5051 = VECTOR ( 'NONE', #3541, 1000.000000000000000 ) ;
#5052 = CARTESIAN_POINT ( 'NONE',  ( 0.2750000000001978084, 1.035000000000008580, -0.8512489600657763278 ) ) ;
#5053 = CARTESIAN_POINT ( 'NONE',  ( -0.7917936426672452788, 1.083940803216877580, 0.1750000000008424261 ) ) ;
#5054 = DIRECTION ( 'NONE',  ( -0.000000000000000000, -0.000000000000000000, -1.000000000000000000 ) ) ;
#5055 = CARTESIAN_POINT ( 'NONE',  ( 0.09013825851497046793, 0.6850000000000000533, -0.7999999999999857225 ) ) ;
#5056 = ORIENTED_EDGE ( 'NONE', *, *, #192, .T. ) ;
#5057 = CARTESIAN_POINT ( 'NONE',  ( 0.7917936426396040561, 1.083940803210522219, 0.1750000000016647406 ) ) ;
#5058 = FACE_OUTER_BOUND ( 'NONE', #2913, .T. ) ;
#5059 = ORIENTED_EDGE ( 'NONE', *, *, #160, .F. ) ;
#5060 = CARTESIAN_POINT ( 'NONE',  ( -0.5514813035336069147, 1.134999999999999787, 0.5469123915761735510 ) ) ;
#5061 =( BOUNDED_CURVE ( )  B_SPLINE_CURVE ( 3, ( #4853, #1598, #1132, #5317 ),
 .UNSPECIFIED., .F., .T. ) 
 B_SPLINE_CURVE_WITH_KNOTS ( ( 4, 4 ),
 ( 1.135882515135856610E-15, 0.003197238608942105324 ),
 .UNSPECIFIED. ) 
 CURVE ( )  GEOMETRIC_REPRESENTATION_ITEM ( )  RATIONAL_B_SPLINE_CURVE ( ( 1.111800765286454329, 0.8971319284219225754, 0.9916025867296925922, 1.395212740209769375 ) ) 
 REPRESENTATION_ITEM ( '' )  );
#5062 = CARTESIAN_POINT ( 'NONE',  ( 0.7252450083427378624, 1.102868015459305573, 0.1750000000000199452 ) ) ;
#5063 = ADVANCED_FACE ( 'NONE', ( #4017 ), #3006, .F. ) ;
#5064 = DIRECTION ( 'NONE',  ( 0.000000000000000000, 0.000000000000000000, 1.000000000000000000 ) ) ;
#5065 = CARTESIAN_POINT ( 'NONE',  ( -0.7499999999999119593, 0.8850000000000000089, -0.09999999999998010480 ) ) ;
#5066 = CARTESIAN_POINT ( 'NONE',  ( -0.5759875549091060254, 0.6350000000000000089, 0.3030238270203234330 ) ) ;
#5067 = EDGE_CURVE ( 'NONE', #5404, #4077, #4402, .T. ) ;
#5068 = CARTESIAN_POINT ( 'NONE',  ( 0.3174990291385679786, 0.7597945045706938627, -0.1000041211007089981 ) ) ;
#5069 = CARTESIAN_POINT ( 'NONE',  ( -1.249999999999910072, 1.084999999999999964, 0.1750000000000199729 ) ) ;
#5070 = CARTESIAN_POINT ( 'NONE',  ( -0.4444999999625020015, 0.8119999999999999440, -0.1000057695604260055 ) ) ;
#5071 = PLANE ( 'NONE',  #4424 ) ;
#5072 = DIRECTION ( 'NONE',  ( 1.000000000000000000, 0.000000000000000000, 0.000000000000000000 ) ) ;
#5073 = EDGE_CURVE ( 'NONE', #3240, #2542, #5169, .T. ) ;
#5074 = ORIENTED_EDGE ( 'NONE', *, *, #2872, .T. ) ;
#5075 = EDGE_LOOP ( 'NONE', ( #1263, #1647, #1572, #1280 ) ) ;
#5076 = FACE_OUTER_BOUND ( 'NONE', #3874, .T. ) ;
#5077 = DIRECTION ( 'NONE',  ( -5.095839300555077999E-12, 7.675679333417964145E-15, 1.000000000000000000 ) ) ;
#5078 = LINE ( 'NONE', #842, #3644 ) ;
#5079 = CARTESIAN_POINT ( 'NONE',  ( 0.3470599635901941982, 0.6850000000000000533, -0.7085019051788178368 ) ) ;
#5080 = ORIENTED_EDGE ( 'NONE', *, *, #1324, .T. ) ;
#5081 = CARTESIAN_POINT ( 'NONE',  ( -0.5454979985847709933, 0.1000038686905520002, -0.1000156311992940056 ) ) ;
#5082 = EDGE_CURVE ( 'NONE', #1620, #1665, #2857, .T. ) ;
#5083 = CARTESIAN_POINT ( 'NONE',  ( -0.2749999999999120370, 1.045639151229554420, -0.7977642868476266802 ) ) ;
#5084 = VERTEX_POINT ( 'NONE', #216 ) ;
#5085 = SURFACE_SIDE_STYLE ('',( #523 ) ) ;
#5086 =( GEOMETRIC_REPRESENTATION_CONTEXT ( 3 ) GLOBAL_UNCERTAINTY_ASSIGNED_CONTEXT ( ( #3607 ) ) GLOBAL_UNIT_ASSIGNED_CONTEXT ( ( #5172, #3099, #1023 ) ) REPRESENTATION_CONTEXT ( 'NONE', 'WORKASPACE' ) );
#5087 = VECTOR ( 'NONE', #1726, 1000.000000000000000 ) ;
#5088 = CARTESIAN_POINT ( 'NONE',  ( -0.8951833846988119792, 1.109999999999999876, 1.500000000000019984 ) ) ;
#5089 = CARTESIAN_POINT ( 'NONE',  ( -0.7268379807913518675, 1.084999999999999742, 0.3409392925883730774 ) ) ;
#5090 = CARTESIAN_POINT ( 'NONE',  ( 0.4225000000000879719, -5.293955920339377119E-18, -1.799999999999980060 ) ) ;
#5091 = VECTOR ( 'NONE', #162, 1000.000000000000000 ) ;
#5092 = DIRECTION ( 'NONE',  ( 1.280553747046435654E-14, 1.000000000000000000, 0.000000000000000000 ) ) ;
#5093 = EDGE_CURVE ( 'NONE', #1651, #2100, #2334, .T. ) ;
#5094 = CARTESIAN_POINT ( 'NONE',  ( 0.1849855959072269906, 0.6849983515546650414, 0.2174999999795869943 ) ) ;
#5095 = CARTESIAN_POINT ( 'NONE',  ( -0.6881594842378758736, 1.135000000000000009, -0.6002224063017057576 ) ) ;
#5096 = COLOUR_RGB ( '',1.000000000000000000, 1.000000000000000000, 1.000000000000000000 ) ;
#5097 = ORIENTED_EDGE ( 'NONE', *, *, #2328, .T. ) ;
#5098 = CARTESIAN_POINT ( 'NONE',  ( -0.2377536638788507461, 0.6850000000000000533, -0.7588107521392153387 ) ) ;
#5099 = FACE_OUTER_BOUND ( 'NONE', #2574, .T. ) ;
#5100 = ORIENTED_EDGE ( 'NONE', *, *, #3194, .T. ) ;
#5101 = DIRECTION ( 'NONE',  ( -1.000000000000000000, 0.000000000000000000, 0.000000000000000000 ) ) ;
#5102 = CARTESIAN_POINT ( 'NONE',  ( 0.7999999999911109327, 0.7350013423541451596, -0.09999999999998010480 ) ) ;
#5103 = EDGE_CURVE ( 'NONE', #1161, #4206, #670, .T. ) ;
#5104 = CARTESIAN_POINT ( 'NONE',  ( 0.2750000000009103496, 1.081896843916234641, 0.6859371315355218268 ) ) ;
#5105 = CARTESIAN_POINT ( 'NONE',  ( 1.295183384698927576, 1.135000000000000009, 1.149999999999863132 ) ) ;
#5106 = CARTESIAN_POINT ( 'NONE',  ( 0.7000316913094222215, 0.6850000000000003864, -0.1438683162456227682 ) ) ;
#5107 = CARTESIAN_POINT ( 'NONE',  ( -0.4249999999999120037, 0.04999999999999998890, -1.799999999999980060 ) ) ;
#5108 = VECTOR ( 'NONE', #3615, 1000.000000000000000 ) ;
#5109 = LINE ( 'NONE', #1439, #724 ) ;
#5110 = VERTEX_POINT ( 'NONE', #3146 ) ;
#5111 = DIRECTION ( 'NONE',  ( 0.000000000000000000, 1.000000000000000000, 0.000000000000000000 ) ) ;
#5112 = ADVANCED_FACE ( 'NONE', ( #2748 ), #3199, .T. ) ;
#5113 = CIRCLE ( 'NONE', #927, 0.7566372975210734486 ) ;
#5114 = VECTOR ( 'NONE', #2360, 1000.000000000000000 ) ;
#5115 = CARTESIAN_POINT ( 'NONE',  ( -0.7292307736897439829, 0.6844954867105920160, -0.09999999999997989664 ) ) ;
#5116 = CARTESIAN_POINT ( 'NONE',  ( -0.2749999999970559328, 1.084999999999952447, 0.7042853970906671757 ) ) ;
#5117 = LINE ( 'NONE', #5090, #569 ) ;
#5118 = FACE_OUTER_BOUND ( 'NONE', #3432, .T. ) ;
#5119 = AXIS2_PLACEMENT_3D ( 'NONE', #3679, #4888, #5345 ) ;
#5120 = CARTESIAN_POINT ( 'NONE',  ( 0.2158684381208300362, 0.8120000000000001661, 0.2705057616126619879 ) ) ;
#5121 = CARTESIAN_POINT ( 'NONE',  ( -0.3999999999999120370, 0.02032000000019581337, 1.912700000000020051 ) ) ;
#5122 =( BOUNDED_CURVE ( )  B_SPLINE_CURVE ( 3, ( #1652, #478, #5361, #833, #2947, #2893, #4606 ),
 .UNSPECIFIED., .F., .F. ) 
 B_SPLINE_CURVE_WITH_KNOTS ( ( 4, 3, 4 ),
 ( 1.937450554512799313E-16, 0.001145063828413690928, 0.002290127656827200143 ),
 .UNSPECIFIED. ) 
 CURVE ( )  GEOMETRIC_REPRESENTATION_ITEM ( )  RATIONAL_B_SPLINE_CURVE ( ( 1.156758988149789724, 0.9380307634136079153, 0.9481986781950111354, 1.187262732493999939, 0.9481986781950088039, 0.9380307634136078043, 1.156758988149795941 ) ) 
 REPRESENTATION_ITEM ( '' )  );
#5123 = PLANE ( 'NONE',  #1033 ) ;
#5124 = MECHANICAL_DESIGN_GEOMETRIC_PRESENTATION_REPRESENTATION (  '', ( #2158 ), #3376 ) ;
#5125 = PLANE ( 'NONE',  #3717 ) ;
#5126 = CARTESIAN_POINT ( 'NONE',  ( -0.4410542485383780464, 0.7339999999999989866, 0.6506606302200318437 ) ) ;
#5127 = ORIENTED_EDGE ( 'NONE', *, *, #1151, .F. ) ;
#5128 = CARTESIAN_POINT ( 'NONE',  ( -0.2750000000133248079, 1.059087827249737934, -0.8578316718916249028 ) ) ;
#5129 = EDGE_LOOP ( 'NONE', ( #5140, #4146, #5269, #3593 ) ) ;
#5130 = CARTESIAN_POINT ( 'NONE',  ( 0.2750000000000880074, 1.043032127191783065, 0.6519404295575041974 ) ) ;
#5131 = EDGE_CURVE ( 'NONE', #1089, #1909, #1931, .T. ) ;
#5132 = LINE ( 'NONE', #2318, #1039 ) ;
#5133 = CARTESIAN_POINT ( 'NONE',  ( -0.2749999999875971102, 1.084999999999950671, -0.9042853970640468697 ) ) ;
#5134 = CIRCLE ( 'NONE', #2513, 0.8499999999999332534 ) ;
#5135 = COLOUR_RGB ( '',1.000000000000000000, 1.000000000000000000, 1.000000000000000000 ) ;
#5136 = EDGE_CURVE ( 'NONE', #4907, #1928, #1768, .T. ) ;
#5137 = CARTESIAN_POINT ( 'NONE',  ( 2.106275777884850431, 1.135999999999980137, 0.3129411384691550557 ) ) ;
#5138 = EDGE_CURVE ( 'NONE', #2016, #5342, #3077, .T. ) ;
#5139 = CARTESIAN_POINT ( 'NONE',  ( -0.2749999999978472442, 1.131050250481905772, -0.8748181862303373579 ) ) ;
#5140 = ORIENTED_EDGE ( 'NONE', *, *, #2312, .T. ) ;
#5141 = CARTESIAN_POINT ( 'NONE',  ( 0.7500000000000880407, 0.2000000000000000111, -0.9499999999999801936 ) ) ;
#5142 = VERTEX_POINT ( 'NONE', #1299 ) ;
#5143 = LINE ( 'NONE', #989, #3557 ) ;
#5144 = CARTESIAN_POINT ( 'NONE',  ( 0.3175000000001111933, 0.4310000000000000497, -0.09999999999846999332 ) ) ;
#5145 = CARTESIAN_POINT ( 'NONE',  ( -0.1755453845557984338, 0.6350000000000001199, 0.5780576390167162515 ) ) ;
#5146 = CARTESIAN_POINT ( 'NONE',  ( -0.3020912303171019442, 0.8120000000000000551, 0.4184942384019119666 ) ) ;
#5147 = CARTESIAN_POINT ( 'NONE',  ( -0.4381850244697176322, 1.135000000000000009, -0.8283589053936926128 ) ) ;
#5148 = DIRECTION ( 'NONE',  ( -1.000000000000000000, 0.000000000000000000, 0.000000000000000000 ) ) ;
#5149 = ORIENTED_EDGE ( 'NONE', *, *, #4159, .T. ) ;
#5150 = CARTESIAN_POINT ( 'NONE',  ( -0.4085243305779727718, 0.6849999999999999423, 0.4721627233402871382 ) ) ;
#5151 =( NAMED_UNIT ( * ) PLANE_ANGLE_UNIT ( ) SI_UNIT ( $, .RADIAN. ) );
#5152 = CARTESIAN_POINT ( 'NONE',  ( -0.7499999999999118483, 1.036000000000000254, 0.3375404864067699795 ) ) ;
#5153 = ORIENTED_EDGE ( 'NONE', *, *, #4328, .F. ) ;
#5154 = CARTESIAN_POINT ( 'NONE',  ( -0.2750000000000218381, 1.035000000000009246, 0.6512489600658165623 ) ) ;
#5155 = CARTESIAN_POINT ( 'NONE',  ( 0.4711464854835970550, 0.7350013423541470470, -0.9000061154811499486 ) ) ;
#5156 = ORIENTED_EDGE ( 'NONE', *, *, #211, .F. ) ;
#5157 = CARTESIAN_POINT ( 'NONE',  ( -0.2750000000009207302, 1.034999999999999920, -0.7977642868471949145 ) ) ;
#5158 = CARTESIAN_POINT ( 'NONE',  ( 0.2322358848945809684, 1.033860492207940185, -0.8131453096743890274 ) ) ;
#5159 = CARTESIAN_POINT ( 'NONE',  ( 0.3180883206428299914, 0.3456317290546179755, 0.08640811885678270632 ) ) ;
#5160 = CARTESIAN_POINT ( 'NONE',  ( 2.058132317750930085, 1.101333333333150089, -0.9216907394351788740 ) ) ;
#5161 = EDGE_CURVE ( 'NONE', #3911, #960, #2642, .T. ) ;
#5162 = CARTESIAN_POINT ( 'NONE',  ( 0.2749999999980234366, 1.133660481931633157, 0.6843785050542868786 ) ) ;
#5163 = ORIENTED_EDGE ( 'NONE', *, *, #2690, .T. ) ;
#5164 = CARTESIAN_POINT ( 'NONE',  ( -0.8749999999999109601, -0.01778000000000000413, 1.112700000000020006 ) ) ;
#5165 = ORIENTED_EDGE ( 'NONE', *, *, #3268, .F. ) ;
#5166 = CARTESIAN_POINT ( 'NONE',  ( 0.01056762986942679991, 0.6850072337659979249, -0.7990696459600241663 ) ) ;
#5167 = CARTESIAN_POINT ( 'NONE',  ( -0.7159666952826140296, 1.084999999999999742, 0.3583565452697132780 ) ) ;
#5168 = CARTESIAN_POINT ( 'NONE',  ( 8.500145032286354763E-14, 1.084999999999999964, -1.614808458937980751 ) ) ;
#5169 = LINE ( 'NONE', #5275, #5374 ) ;
#5170 = CARTESIAN_POINT ( 'NONE',  ( 5.350386800273549876E-11, 0.6849983515546669288, 0.2175000000107109588 ) ) ;
#5171 = DIRECTION ( 'NONE',  ( 1.000000000000000000, -0.000000000000000000, 0.000000000000000000 ) ) ;
#5172 =( LENGTH_UNIT ( ) NAMED_UNIT ( * ) SI_UNIT ( .MILLI., .METRE. ) );
#5173 = ORIENTED_EDGE ( 'NONE', *, *, #4453, .F. ) ;
#5174 = CARTESIAN_POINT ( 'NONE',  ( 8.983338015250835002E-14, 0.6849999999999913936, 0.6000000000000190736 ) ) ;
#5175 =( LENGTH_UNIT ( ) NAMED_UNIT ( * ) SI_UNIT ( .MILLI., .METRE. ) );
#5176 = CARTESIAN_POINT ( 'NONE',  ( 0.001121954320181250096, 0.7339999999999999858, -0.8499991608118390163 ) ) ;
#5177 = ORIENTED_EDGE ( 'NONE', *, *, #753, .T. ) ;
#5178 = DIRECTION ( 'NONE',  ( 0.000000000000000000, 0.000000000000000000, 1.000000000000000000 ) ) ;
#5179 = VECTOR ( 'NONE', #2805, 1000.000000000000000 ) ;
#5180 = CARTESIAN_POINT ( 'NONE',  ( -0.3174999999999276734, 0.1770000000000000739, -0.1000000000007133238 ) ) ;
#5181 = ORIENTED_EDGE ( 'NONE', *, *, #4535, .F. ) ;
#5182 = CARTESIAN_POINT ( 'NONE',  ( 0.2750000000000880629, 1.076757051592003078, 0.6744803497728809605 ) ) ;
#5183 = LINE ( 'NONE', #1382, #1642 ) ;
#5184 = CARTESIAN_POINT ( 'NONE',  ( 0.1854929580206650108, 0.3456317290546179755, 0.2175000000000200662 ) ) ;
#5185 = LINE ( 'NONE', #2209, #2686 ) ;
#5186 = ORIENTED_EDGE ( 'NONE', *, *, #160, .T. ) ;
#5187 = CARTESIAN_POINT ( 'NONE',  ( 0.2750000000021207702, 1.094325790470328075, 0.6186816629232060327 ) ) ;
#5188 = ORIENTED_EDGE ( 'NONE', *, *, #1519, .F. ) ;
#5189 = EDGE_CURVE ( 'NONE', #810, #1402, #1445, .T. ) ;
#5190 = DIRECTION ( 'NONE',  ( -1.000000000000000000, 0.000000000000000000, 0.000000000000000000 ) ) ;
#5191 = ORIENTED_EDGE ( 'NONE', *, *, #3252, .F. ) ;
#5192 = VECTOR ( 'NONE', #1201, 1000.000000000000000 ) ;
#5193 = CARTESIAN_POINT ( 'NONE',  ( -0.7292307736897450932, 0.6844954867105910168, -0.5305127613083360227 ) ) ;
#5194 = ADVANCED_FACE ( 'NONE', ( #1325 ), #5125, .T. ) ;
#5195 = CARTESIAN_POINT ( 'NONE',  ( 0.2750000000000880074, 1.109999999999999876, 1.150000000000019895 ) ) ;
#5196 = CARTESIAN_POINT ( 'NONE',  ( 0.7292307736899209525, 0.6844954867105920160, -0.09999999999998009093 ) ) ;
#5197 = FILL_AREA_STYLE ('',( #2336 ) ) ;
#5198 = EDGE_CURVE ( 'NONE', #3028, #4766, #948, .T. ) ;
#5199 = CARTESIAN_POINT ( 'NONE',  ( 1.499292893218900025, 0.000000000000000000, -1.900707106781170053 ) ) ;
#5200 = CARTESIAN_POINT ( 'NONE',  ( 0.8750000000000890399, -0.01778000000000000413, 1.874600000000020028 ) ) ;
#5201 = ADVANCED_FACE ( 'NONE', ( #3454 ), #5071, .T. ) ;
#5202 = VERTEX_POINT ( 'NONE', #3839 ) ;
#5203 = CARTESIAN_POINT ( 'NONE',  ( -1.349999999999909717, -0.01778000000000000067, 1.112700000000020006 ) ) ;
#5204 = SURFACE_STYLE_USAGE ( .BOTH. , #2310 ) ;
#5205 = FILL_AREA_STYLE ('',( #2255 ) ) ;
#5206 = CIRCLE ( 'NONE', #4855, 0.05000000000004318351 ) ;
#5207 = ORIENTED_EDGE ( 'NONE', *, *, #3246, .T. ) ;
#5208 = CARTESIAN_POINT ( 'NONE',  ( 0.4253163879213017751, 0.1000000000000000194, 0.6300000000000198774 ) ) ;
#5209 = FACE_OUTER_BOUND ( 'NONE', #3971, .T. ) ;
#5210 = ORIENTED_EDGE ( 'NONE', *, *, #4364, .T. ) ;
#5211 = CARTESIAN_POINT ( 'NONE',  ( -1.800707106781100242, -0.001000000000000080035, -1.599292893218789979 ) ) ;
#5212 = CARTESIAN_POINT ( 'NONE',  ( -0.4199999999999121103, 0.5500000000000000444, -1.899999999999980149 ) ) ;
#5213 = VECTOR ( 'NONE', #3375, 1000.000000000000000 ) ;
#5214 = B_SPLINE_CURVE_WITH_KNOTS ( 'NONE', 3,
 ( #5133, #3136, #3975, #2208, #1383, #4829, #4366, #5239, #2319, #2286, #4286, #1007, #620, #543 ),
 .UNSPECIFIED., .F., .F.,
 ( 4, 1, 1, 2, 2, 2, 2, 4 ),
 ( 0.000000000000000000, 0.2500000000000000000, 0.3749999999999998890, 0.4374999999999997224, 0.4999999999999995559, 0.6249999999999997780, 0.7500000000000000000, 1.000000000000000000 ),
 .UNSPECIFIED. ) ;
#5215 = CARTESIAN_POINT ( 'NONE',  ( -0.8749999999999109601, 0.02032000000000000126, 1.900000000000019895 ) ) ;
#5216 = EDGE_CURVE ( 'NONE', #2877, #2925, #918, .T. ) ;
#5217 = ADVANCED_FACE ( 'NONE', ( #139 ), #1711, .F. ) ;
#5218 = CARTESIAN_POINT ( 'NONE',  ( -0.001196751274677779892, 0.8346666666666350265, 0.6999991048659989223 ) ) ;
#5219 = DIRECTION ( 'NONE',  ( -0.000000000000000000, -1.000000000000000000, -0.000000000000000000 ) ) ;
#5220 = ORIENTED_EDGE ( 'NONE', *, *, #4163, .F. ) ;
#5221 = STYLED_ITEM ( 'NONE', ( #3562 ), #2884 ) ;
#5222 = CARTESIAN_POINT ( 'NONE',  ( 0.7500000000000881517, 0.7339999999999999858, -0.09999999999998010480 ) ) ;
#5223 = ORIENTED_EDGE ( 'NONE', *, *, #4640, .T. ) ;
#5224 = VECTOR ( 'NONE', #3762, 1000.000000000000000 ) ;
#5225 = CARTESIAN_POINT ( 'NONE',  ( -2.058132317750750229, 1.118666666666850107, -0.9216907394351788740 ) ) ;
#5226 = LINE ( 'NONE', #5168, #1091 ) ;
#5227 = CARTESIAN_POINT ( 'NONE',  ( 0.4230341438798190246, 0.6844954867105910168, 0.6357089714491579446 ) ) ;
#5228 = CARTESIAN_POINT ( 'NONE',  ( 0.8000000000000880851, 0.8850000000000002309, -0.09999999999998010480 ) ) ;
#5229 = CARTESIAN_POINT ( 'NONE',  ( -1.818939583681099981, 1.135000000000000009, 1.501000000000020096 ) ) ;
#5230 = CARTESIAN_POINT ( 'NONE',  ( 0.7300000000000879119, 1.157611694580877079E-17, -2.049999999999979838 ) ) ;
#5231 = ORIENTED_EDGE ( 'NONE', *, *, #4428, .F. ) ;
#5232 = CARTESIAN_POINT ( 'NONE',  ( 0.6977642868476361393, 1.034999999999999476, 0.1750000000000848932 ) ) ;
#5233 = EDGE_CURVE ( 'NONE', #1116, #741, #4461, .T. ) ;
#5234 = EDGE_LOOP ( 'NONE', ( #415, #1658, #3217, #4820 ) ) ;
#5235 = DIRECTION ( 'NONE',  ( -1.000000000000000000, 0.000000000000000000, 0.000000000000000000 ) ) ;
#5236 =( NAMED_UNIT ( * ) PLANE_ANGLE_UNIT ( ) SI_UNIT ( $, .RADIAN. ) );
#5237 = EDGE_LOOP ( 'NONE', ( #5321, #3861, #4369, #2922 ) ) ;
#5238 = CARTESIAN_POINT ( 'NONE',  ( 0.2750000000000880074, 1.135000000000000009, 1.150000000000019895 ) ) ;
#5239 = CARTESIAN_POINT ( 'NONE',  ( -0.5984391845197132298, 1.085000000000000187, -0.7046835084669332838 ) ) ;
#5240 = PLANE ( 'NONE',  #404 ) ;
#5241 = CARTESIAN_POINT ( 'NONE',  ( -0.3020912304017019379, 0.8120000000000000551, -0.6184942383002509647 ) ) ;
#5242 = ORIENTED_EDGE ( 'NONE', *, *, #5131, .T. ) ;
#5243 = CARTESIAN_POINT ( 'NONE',  ( 0.7500000000000881517, 1.036000000000000032, -0.09999999999998010480 ) ) ;
#5244 = ORIENTED_EDGE ( 'NONE', *, *, #1226, .T. ) ;
#5245 = VECTOR ( 'NONE', #5004, 1000.000000000000000 ) ;
#5246 = LINE ( 'NONE', #1137, #2384 ) ;
#5247 = CARTESIAN_POINT ( 'NONE',  ( 0.1849881300597059075, 0.1769999999999999907, 0.2174999999781662974 ) ) ;
#5248 = CARTESIAN_POINT ( 'NONE',  ( 0.7512489600660230415, 1.035000000000069420, -0.3749999999999910072 ) ) ;
#5249 = CARTESIAN_POINT ( 'NONE',  ( 0.4301106738371748839, 0.6350000000000000089, -0.6604560122794771448 ) ) ;
#5250 = SURFACE_STYLE_USAGE ( .BOTH. , #246 ) ;
#5251 = CARTESIAN_POINT ( 'NONE',  ( -0.3174984271626539734, 0.3456317290546179755, -0.09900062559610049717 ) ) ;
#5252 = ORIENTED_EDGE ( 'NONE', *, *, #4484, .T. ) ;
#5253 = DIRECTION ( 'NONE',  ( 0.000000000000000000, 0.000000000000000000, -1.000000000000000000 ) ) ;
#5254 = DIRECTION ( 'NONE',  ( 1.000000000000000000, 3.300942198249946742E-15, 3.300942198264226702E-15 ) ) ;
#5255 = EDGE_CURVE ( 'NONE', #4621, #4793, #2727, .T. ) ;
#5256 = EDGE_LOOP ( 'NONE', ( #1749, #4332, #5344, #676 ) ) ;
#5257 = CARTESIAN_POINT ( 'NONE',  ( 0.3175053581683000004, 0.1770048647585190094, -0.2869833747877900132 ) ) ;
#5258 = CARTESIAN_POINT ( 'NONE',  ( 0.6974496234480730417, 1.064140335611930110, -0.5985759760062719925 ) ) ;
#5259 = ORIENTED_EDGE ( 'NONE', *, *, #858, .F. ) ;
#5260 = CARTESIAN_POINT ( 'NONE',  ( -0.2749999999999120925, 1.043032127214278404, 0.6519404295614026346 ) ) ;
#5261 = DIRECTION ( 'NONE',  ( 1.000000000000000000, 0.000000000000000000, 0.000000000000000000 ) ) ;
#5262 = EDGE_CURVE ( 'NONE', #207, #2874, #1458, .T. ) ;
#5263 = DIRECTION ( 'NONE',  ( 1.000000000000000000, 0.000000000000000000, 0.000000000000000000 ) ) ;
#5264 = ORIENTED_EDGE ( 'NONE', *, *, #3621, .F. ) ;
#5265 = VECTOR ( 'NONE', #135, 1000.000000000000000 ) ;
#5266 = EDGE_CURVE ( 'NONE', #2482, #1615, #2365, .T. ) ;
#5267 = VECTOR ( 'NONE', #4013, 1000.000000000000000 ) ;
#5268 = CARTESIAN_POINT ( 'NONE',  ( -6.542427726780715585E-06, 0.6447625194759786238, 0.6511835685964919573 ) ) ;
#5269 = ORIENTED_EDGE ( 'NONE', *, *, #1706, .T. ) ;
#5270 = EDGE_LOOP ( 'NONE', ( #2904, #3377, #3262, #4344, #637, #4149, #772, #4179 ) ) ;
#5271 = FACE_OUTER_BOUND ( 'NONE', #2641, .T. ) ;
#5272 = DIRECTION ( 'NONE',  ( -1.000000000000000000, 0.000000000000000000, 0.000000000000000000 ) ) ;
#5273 = LINE ( 'NONE', #3554, #5304 ) ;
#5274 = CARTESIAN_POINT ( 'NONE',  ( -1.349999999999909939, 0.6350000000000000089, 1.862300000000020272 ) ) ;
#5275 = CARTESIAN_POINT ( 'NONE',  ( -0.7299999999999120526, -5.929230630780102373E-18, -1.149999999999979705 ) ) ;
#5276 = CARTESIAN_POINT ( 'NONE',  ( -0.5715053395997401475, 0.7597945045706790967, 0.2365758423691509960 ) ) ;
#5277 = CARTESIAN_POINT ( 'NONE',  ( 0.1854929580210959994, 0.3456317290546179755, -0.4174999999999799427 ) ) ;
#5278 = ORIENTED_EDGE ( 'NONE', *, *, #1892, .T. ) ;
#5279 = AXIS2_PLACEMENT_3D ( 'NONE', #2088, #827, #3746 ) ;
#5280 = CARTESIAN_POINT ( 'NONE',  ( 0.7538971829768491562, 1.135672765510920224, 0.1410647989528940049 ) ) ;
#5281 = CYLINDRICAL_SURFACE ( 'NONE', #2599, 0.7566372975210734486 ) ;
#5282 = LINE ( 'NONE', #3177, #2229 ) ;
#5283 = EDGE_LOOP ( 'NONE', ( #4783, #1793, #2953, #1557 ) ) ;
#5284 = CARTESIAN_POINT ( 'NONE',  ( -0.7859371315487272414, 1.081896843920822082, -0.3750000000016247559 ) ) ;
#5285 = CARTESIAN_POINT ( 'NONE',  ( -1.800999999999910006, 0.6350000000000000089, 1.851000000000019963 ) ) ;
#5286 = VERTEX_POINT ( 'NONE', #1511 ) ;
#5287 = PRESENTATION_LAYER_ASSIGNMENT (  '', '', ( #4590 ) ) ;
#5288 = DIRECTION ( 'NONE',  ( -1.000000000000000000, 0.000000000000000000, 0.000000000000000000 ) ) ;
#5289 = CARTESIAN_POINT ( 'NONE',  ( 0.2750000000017323032, 1.079851293517325228, -0.8800760614708170726 ) ) ;
#5290 = CARTESIAN_POINT ( 'NONE',  ( 1.350000000000090017, 0.6350000000000083356, 1.850000000000020073 ) ) ;
#5291 = VERTEX_POINT ( 'NONE', #3534 ) ;
#5292 = VECTOR ( 'NONE', #3184, 1000.000000000000000 ) ;
#5293 = EDGE_CURVE ( 'NONE', #4006, #4120, #1952, .T. ) ;
#5294 = CARTESIAN_POINT ( 'NONE',  ( 8.818262947011198453E-14, 0.6350000000085561647, 0.5999987205235034482 ) ) ;
#5295 = ORIENTED_EDGE ( 'NONE', *, *, #2736, .F. ) ;
#5296 = DIRECTION ( 'NONE',  ( -1.000000000000000000, 0.000000000000000000, 0.000000000000000000 ) ) ;
#5297 = ADVANCED_FACE ( 'NONE', ( #4768 ), #5281, .F. ) ;
#5298 = EDGE_LOOP ( 'NONE', ( #726, #1580, #3953, #4911 ) ) ;
#5299 = VECTOR ( 'NONE', #4266, 1000.000000000000000 ) ;
#5300 = CARTESIAN_POINT ( 'NONE',  ( 0.5984391845733066928, 1.135000000000000009, -0.7046835085210456651 ) ) ;
#5301 = CARTESIAN_POINT ( 'NONE',  ( 0.2750000000000982769, 0.8850000000000000089, -0.8512489600658239564 ) ) ;
#5302 = DIRECTION ( 'NONE',  ( -1.138269997347281277E-14, -1.000000000000000000, 0.000000000000000000 ) ) ;
#5303 = CARTESIAN_POINT ( 'NONE',  ( 0.6115177764300578911, 0.6350000000000001199, -0.4416933345397619504 ) ) ;
#5304 = VECTOR ( 'NONE', #1476, 1000.000000000000000 ) ;
#5305 = CARTESIAN_POINT ( 'NONE',  ( -0.5715043687468149836, 0.6849983515546389512, 0.2365752706061229615 ) ) ;
#5306 = CARTESIAN_POINT ( 'NONE',  ( 1.125000000000089040, 0.6350000000000001199, -1.899999999999980371 ) ) ;
#5307 = DIRECTION ( 'NONE',  ( -1.280553747045216706E-14, 1.000000000000000000, 0.000000000000000000 ) ) ;
#5308 = CARTESIAN_POINT ( 'NONE',  ( 1.800000000000089972, 0.04999999999998860911, 1.899999999999982370 ) ) ;
#5309 = EDGE_CURVE ( 'NONE', #1377, #3911, #2782, .T. ) ;
#5310 = ORIENTED_EDGE ( 'NONE', *, *, #2053, .F. ) ;
#5311 = CARTESIAN_POINT ( 'NONE',  ( -6.437606003828480281E-11, 0.1000038686905520002, -0.6454979988087610199 ) ) ;
#5312 = EDGE_CURVE ( 'NONE', #1603, #68, #2810, .T. ) ;
#5313 = FACE_OUTER_BOUND ( 'NONE', #4639, .T. ) ;
#5314 = ORIENTED_EDGE ( 'NONE', *, *, #4989, .F. ) ;
#5315 = FACE_OUTER_BOUND ( 'NONE', #3242, .T. ) ;
#5316 = CARTESIAN_POINT ( 'NONE',  ( 0.2750000000000880074, 1.072840046744549358, -0.8696643875879361829 ) ) ;
#5317 = CARTESIAN_POINT ( 'NONE',  ( -1.295183384698910034, 1.084999999999999964, 1.150000000000019895 ) ) ;
#5318 = ORIENTED_EDGE ( 'NONE', *, *, #2752, .T. ) ;
#5319 = ORIENTED_EDGE ( 'NONE', *, *, #3270, .T. ) ;
#5320 = CARTESIAN_POINT ( 'NONE',  ( 0.4445033979227039911, 0.8120000000000000551, -0.3617807660318049789 ) ) ;
#5321 = ORIENTED_EDGE ( 'NONE', *, *, #5029, .F. ) ;
#5322 = ORIENTED_EDGE ( 'NONE', *, *, #3361, .F. ) ;
#5323 = ADVANCED_FACE ( 'NONE', ( #3938 ), #2277, .T. ) ;
#5324 = CARTESIAN_POINT ( 'NONE',  ( 8.803721640582296004E-14, 0.000000000000000000, -1.899999999999980149 ) ) ;
#5325 =( BOUNDED_CURVE ( )  B_SPLINE_CURVE ( 3, ( #4725, #2653, #4312, #3823, #2104, #3792, #2905 ),
 .UNSPECIFIED., .F., .F. ) 
 B_SPLINE_CURVE_WITH_KNOTS ( ( 4, 3, 4 ),
 ( 1.036823847024744955E-16, 0.0002799779480176540635, 0.0005599558960352062119 ),
 .UNSPECIFIED. ) 
 CURVE ( )  GEOMETRIC_REPRESENTATION_ITEM ( )  RATIONAL_B_SPLINE_CURVE ( ( 1.050332717039258013, 1.081500716503739801, 1.127144054988653776, 1.187262732493999939, 1.127144054988653776, 1.081500716503739801, 1.050332717039257791 ) ) 
 REPRESENTATION_ITEM ( '' )  );
#5326 = CARTESIAN_POINT ( 'NONE',  ( -0.2245762580934360098, 1.032648626225330046, -0.8678893277447450316 ) ) ;
#5327 = CARTESIAN_POINT ( 'NONE',  ( -0.7999999999999120037, 0.7339999999999999858, 0.3667098521672350064 ) ) ;
#5328 = EDGE_CURVE ( 'NONE', #4617, #3627, #3584, .T. ) ;
#5329 = LINE ( 'NONE', #4479, #25 ) ;
#5330 = CARTESIAN_POINT ( 'NONE',  ( 0.8042853971073901098, 1.084999999999953335, -0.3749999999999731326 ) ) ;
#5331 = CARTESIAN_POINT ( 'NONE',  ( -0.6342638405364180443, 1.033861122575800096, -0.5789619266935271957 ) ) ;
#5332 = ORIENTED_EDGE ( 'NONE', *, *, #658, .F. ) ;
#5333 = CARTESIAN_POINT ( 'NONE',  ( 0.2659916946897190049, -0.01669986628942529694, -0.5565285518332749870 ) ) ;
#5334 = FACE_OUTER_BOUND ( 'NONE', #2596, .T. ) ;
#5335 = CARTESIAN_POINT ( 'NONE',  ( 8.695301423333745561E-14, 0.5850000000000034062, 1.899999999999944622 ) ) ;
#5336 = CARTESIAN_POINT ( 'NONE',  ( 0.7300000000000880229, 0.1499999999999875877, -1.099999999999969891 ) ) ;
#5337 = CARTESIAN_POINT ( 'NONE',  ( 0.2750000000012995938, 1.037687278625159637, -0.8512489600656627520 ) ) ;
#5338 = EDGE_CURVE ( 'NONE', #289, #644, #2306, .T. ) ;
#5339 = LINE ( 'NONE', #3673, #3632 ) ;
#5340 = VERTEX_POINT ( 'NONE', #5230 ) ;
#5341 = AXIS2_PLACEMENT_3D ( 'NONE', #734, #2462, #5272 ) ;
#5342 = VERTEX_POINT ( 'NONE', #2724 ) ;
#5343 = CARTESIAN_POINT ( 'NONE',  ( 8.818262947011198453E-14, 0.6350000000085561647, 0.5999987205235034482 ) ) ;
#5344 = ORIENTED_EDGE ( 'NONE', *, *, #942, .F. ) ;
#5345 = DIRECTION ( 'NONE',  ( 0.000000000000000000, 0.000000000000000000, 1.000000000000000000 ) ) ;
#5346 = ORIENTED_EDGE ( 'NONE', *, *, #1637, .T. ) ;
#5347 = CARTESIAN_POINT ( 'NONE',  ( 0.8042853971073794517, 1.135000000000130571, -0.3749999999999776290 ) ) ;
#5348 = VECTOR ( 'NONE', #5178, 1000.000000000000000 ) ;
#5349 = CARTESIAN_POINT ( 'NONE',  ( 0.4250000000000879741, 0.000000000000000000, -1.599999999999980327 ) ) ;
#5350 = EDGE_CURVE ( 'NONE', #4006, #3866, #1371, .T. ) ;
#5351 = FACE_OUTER_BOUND ( 'NONE', #1685, .T. ) ;
#5352 = DIRECTION ( 'NONE',  ( -1.000000000000000000, 0.000000000000000000, 0.000000000000000000 ) ) ;
#5353 = EDGE_CURVE ( 'NONE', #2920, #871, #1814, .T. ) ;
#5354 = LINE ( 'NONE', #1613, #3820 ) ;
#5355 = EDGE_CURVE ( 'NONE', #4542, #915, #3960, .T. ) ;
#5356 = ORIENTED_EDGE ( 'NONE', *, *, #2703, .T. ) ;
#5357 = DIRECTION ( 'NONE',  ( 0.000000000000000000, 0.000000000000000000, -1.000000000000000000 ) ) ;
#5358 = CARTESIAN_POINT ( 'NONE',  ( 0.2750000000007006840, 0.8850000000000001199, 0.5977642868473939108 ) ) ;
#5359 = ADVANCED_FACE ( 'NONE', ( #3530 ), #1481, .F. ) ;
#5360 = ORIENTED_EDGE ( 'NONE', *, *, #1179, .T. ) ;
#5361 = CARTESIAN_POINT ( 'NONE',  ( -0.4253163879211196985, 0.2000000000000000111, 0.6300000000000199885 ) ) ;
#5362 =( LENGTH_UNIT ( ) NAMED_UNIT ( * ) SI_UNIT ( .MILLI., .METRE. ) );
#5363 = ORIENTED_EDGE ( 'NONE', *, *, #9, .T. ) ;
#5364 =( GEOMETRIC_REPRESENTATION_CONTEXT ( 3 ) GLOBAL_UNCERTAINTY_ASSIGNED_CONTEXT ( ( #2853 ) ) GLOBAL_UNIT_ASSIGNED_CONTEXT ( ( #5001, #4652, #2991 ) ) REPRESENTATION_CONTEXT ( 'NONE', 'WORKASPACE' ) );
#5365 = CARTESIAN_POINT ( 'NONE',  ( -0.3174999999861811695, 0.6849985898234433046, -0.1000000000007290196 ) ) ;
#5366 = AXIS2_PLACEMENT_3D ( 'NONE', #2115, #33, #2862 ) ;
#5367 = EDGE_LOOP ( 'NONE', ( #4990, #426, #4553, #1398 ) ) ;
#5368 = LINE ( 'NONE', #3297, #975 ) ;
#5369 = DIRECTION ( 'NONE',  ( 0.000000000000000000, 1.000000000000000000, 0.000000000000000000 ) ) ;
#5370 = ORIENTED_EDGE ( 'NONE', *, *, #1179, .F. ) ;
#5371 = CARTESIAN_POINT ( 'NONE',  ( 3.760880494810533946E-11, 0.1770000000000000184, 0.2175000000000252565 ) ) ;
#5372 = SURFACE_STYLE_USAGE ( .BOTH. , #2020 ) ;
#5373 = EDGE_CURVE ( 'NONE', #1832, #683, #631, .T. ) ;
#5374 = VECTOR ( 'NONE', #2302, 1000.000000000000000 ) ;
#5375 = ORIENTED_EDGE ( 'NONE', *, *, #182, .T. ) ;
#5376 = CARTESIAN_POINT ( 'NONE',  ( 0.7744803497847199125, 1.076757051599404935, 0.1750000000000199452 ) ) ;
#5377 = DIRECTION ( 'NONE',  ( -0.7071067811865474617, 0.000000000000000000, 0.7071067811865474617 ) ) ;
#5378 = ORIENTED_EDGE ( 'NONE', *, *, #1084, .T. ) ;
#5379 = CARTESIAN_POINT ( 'NONE',  ( -0.4704578651075709828, 0.8346666666666352485, 0.7007046722347819445 ) ) ;
#5380 = CARTESIAN_POINT ( 'NONE',  ( -0.7067766461642881470, 1.076460739496287289, 0.1749999999987522370 ) ) ;
#5381 = B_SPLINE_CURVE_WITH_KNOTS ( 'NONE', 3,
 ( #4502, #2406, #4095, #1118, #3681, #3604, #348, #5300, #2000, #2459, #1500, #762, #3657, #5347 ),
 .UNSPECIFIED., .F., .F.,
 ( 4, 1, 1, 2, 2, 2, 2, 4 ),
 ( 0.000000000000000000, 0.2499999999999991118, 0.3749999999999986677, 0.4374999999999985567, 0.4999999999999984457, 0.6249999999999987788, 0.7499999999999991118, 1.000000000000000000 ),
 .UNSPECIFIED. ) ;
#5382 = DIRECTION ( 'NONE',  ( 0.000000000000000000, 0.000000000000000000, 1.000000000000000000 ) ) ;
#5383 = FILL_AREA_STYLE_COLOUR ( '', #41 ) ;
#5384 = VECTOR ( 'NONE', #4536, 1000.000000000000000 ) ;
#5385 = ORIENTED_EDGE ( 'NONE', *, *, #1417, .F. ) ;
#5386 = DIRECTION ( 'NONE',  ( 0.7071067811865358044, 0.000000000000000000, -0.7071067811865592301 ) ) ;
#5387 = LINE ( 'NONE', #3232, #2070 ) ;
#5388 = VECTOR ( 'NONE', #2399, 1000.000000000000000 ) ;
#5389 = ADVANCED_FACE ( 'NONE', ( #3149 ), #2662, .T. ) ;
#5390 = CARTESIAN_POINT ( 'NONE',  ( -0.9738821434237109331, 1.084999999999999964, -0.3749999999999799605 ) ) ;
#5391 = CARTESIAN_POINT ( 'NONE',  ( 0.4250000000000879186, 0.04999999999999998890, -2.049999999999979838 ) ) ;
#5392 = ORIENTED_EDGE ( 'NONE', *, *, #3759, .F. ) ;
#5393 = FILL_AREA_STYLE_COLOUR ( '', #2292 ) ;
#5394 = ORIENTED_EDGE ( 'NONE', *, *, #3755, .F. ) ;
#5395 = ORIENTED_EDGE ( 'NONE', *, *, #4667, .F. ) ;
#5396 = FACE_OUTER_BOUND ( 'NONE', #5298, .T. ) ;
#5397 = CARTESIAN_POINT ( 'NONE',  ( -1.799999999999909672, 0.05000000000000127259, 1.899999999999982370 ) ) ;
#5398 = VERTEX_POINT ( 'NONE', #1453 ) ;
#5399 = CARTESIAN_POINT ( 'NONE',  ( 0.6172313738264346705, 1.084999999999999964, -0.6847903100987550173 ) ) ;
#5400 = CARTESIAN_POINT ( 'NONE',  ( 8.816599983943861394E-14, 0.6849999999999910605, -0.7999999999999830580 ) ) ;
#5401 = ORIENTED_EDGE ( 'NONE', *, *, #4650, .F. ) ;
#5402 = CARTESIAN_POINT ( 'NONE',  ( 0.1849881301139919831, 0.1770048647585190094, 0.2175000000713389614 ) ) ;
#5403 = CARTESIAN_POINT ( 'NONE',  ( -0.2750000000019447444, 1.102934162625837100, -0.8254742204148519669 ) ) ;
#5404 = VERTEX_POINT ( 'NONE', #163 ) ;
#5405 = CYLINDRICAL_SURFACE ( 'NONE', #1612, 0.03810000000042938761 ) ;
#5406 = CARTESIAN_POINT ( 'NONE',  ( -0.8042853971072039254, 1.135000000000131237, 0.1750000000000176137 ) ) ;
ENDSEC;
END-ISO-10303-21;
